#
# A fatal error has been detected by the Java Runtime Environment:
#
#  EXCEPTION_ACCESS_VIOLATION (0xc0000005) at pc=0x00007ffa1a4fe771, pid=26084, tid=26156
#
# JRE version: Java(TM) SE Runtime Environment (25.0.1+8) (build 25.0.1+8-LTS-27)
# Java VM: Java HotSpot(TM) 64-Bit Server VM (25.0.1+8-LTS-27, mixed mode, sharing, tiered, compressed oops, compressed class ptrs, g1 gc, windows-amd64)
# Problematic frame:
# C  [imgui-java64.dll+0x1ae771]
#
# No core dump will be written. Minidumps are not enabled by default on client versions of Windows
#
# If you would like to submit a bug report, please visit:
#   https://bugreport.java.com/bugreport/crash.jsp
# The crash happened outside the Java Virtual Machine in native code.
# See problematic frame for where to report the bug.
#

---------------  S U M M A R Y ------------

Command Line: --enable-native-access=ALL-UNNAMED --add-opens=java.base/sun.misc=ALL-UNNAMED --add-opens=java.base/java.nio=ALL-UNNAMED --enable-preview --enable-preview -Dfile.encoding=UTF-8 -Duser.country=IE -Duser.language=en -Duser.variant -ea Main java.library.path=libs

Host: AMD Ryzen 5 5600X 6-Core Processor             , 12 cores, 15G,  Windows 10 , 64 bit Build 19041 (10.0.19041.5915)
Time: Sun Feb 15 00:46:43 2026 GMT Standard Time elapsed time: 3.189744 seconds (0d 0h 0m 3s)

---------------  T H R E A D  ---------------

Current thread (0x00000212161c1b50):  JavaThread "main"             [_thread_in_native, id=26156, stack(0x00000037d3300000,0x00000037d3400000) (1024K)]

Stack: [0x00000037d3300000,0x00000037d3400000],  sp=0x00000037d33ff420,  free space=1021k
Native frames: (J=compiled Java code, j=interpreted, Vv=VM code, C=native code)
C  [imgui-java64.dll+0x1ae771]  (no source info available)
C  0x000002122878197f  (no source info available)

The last pc belongs to native nmethod (printed below).
Java frames: (J=compiled Java code, j=interpreted, Vv=VM code)
J 1671  imgui.ImGui.nEndMenu()V (0 bytes) @ 0x0000021228781946 [0x0000021228781900+0x0000000000000046]
J 1636 c1 Rendering.ImGui.ImGuiMenubar.render()V (185 bytes) @ 0x0000021220e5e944 [0x0000021220e5e100+0x0000000000000844]
J 1635 c1 Rendering.ImGui.ImGuiEditor.render()V (89 bytes) @ 0x0000021220e5b6bc [0x0000021220e5b620+0x000000000000009c]
J 1605 c1 Rendering.ImGui.ImGuiWindow.render()V (29 bytes) @ 0x0000021220e4ab04 [0x0000021220e4a880+0x0000000000000284]
j  Jade.Window.loop()V+58
j  Jade.Window.run()V+16
j  Main.main([Ljava/lang/String;)V+5
v  ~StubRoutines::call_stub 0x00000212281912ed

siginfo: EXCEPTION_ACCESS_VIOLATION (0xc0000005), reading address 0x0000000000004180


Registers:
RAX=0x00007ffa1a93c788, RBX=0x00000037d33ff4d0, RCX=0x00000212161c1f98, RDX=0x00000037d33ff4b0
RSP=0x00000037d33ff420, RBP=0x00000037d33ff4c0, RSI=0x0000000000000000, RDI=0x00000000000000fe
R8 =0x00000000000000c0, R9 =0x00000000000000c0, R10=0x0000021228781946, R11=0x00007ffab316037b
R12=0x0000000000000000, R13=0x0000021220e5e8ec, R14=0x00000037d33ff4b0, R15=0x00000212161c1b50
RIP=0x00007ffa1a4fe771, EFLAGS=0x0000000000010202

XMM[0]=0x0000000000000000 0x0000000000000000
XMM[1]=0x0000000000000000 0x0000000000000000
XMM[2]=0x0000000000000000 0x0000000000000000
XMM[3]=0x0000000000000000 0x0000000000000000
XMM[4]=0x0000000000000000 0x0000000000000000
XMM[5]=0x0000000000000000 0x0000000000000000
XMM[6]=0x0000000000000000 0x0000000000000000
XMM[7]=0x0000000000000000 0x0000000000000000
XMM[8]=0x0000000000000000 0x0000000000000000
XMM[9]=0x0000000000000000 0x0000000042480000
XMM[10]=0x0000000000000000 0x0000000000000000
XMM[11]=0x0000000000000000 0x0000000000000000
XMM[12]=0x0000000000000000 0x0000000000000000
XMM[13]=0x0000000000000000 0x0000000000000000
XMM[14]=0x0000000000000000 0x0000000000000000
XMM[15]=0x0000000000000000 0x0000000000000000
  MXCSR=0x00001fa0


Register to memory mapping:

RAX=0x00007ffa1a93c788 imgui-java64.dll
RBX=0x00000037d33ff4d0 is pointing into the stack for thread: 0x00000212161c1b50
RCX=0x00000212161c1f98 points into unknown readable memory: 0x000002123f0f3800 | 00 38 0f 3f 12 02 00 00
RDX=0x00000037d33ff4b0 is pointing into the stack for thread: 0x00000212161c1b50
RSP=0x00000037d33ff420 is pointing into the stack for thread: 0x00000212161c1b50
RBP=0x00000037d33ff4c0 is pointing into the stack for thread: 0x00000212161c1b50
RSI=0x0 is null
RDI=0x00000000000000fe is an unknown value
R8 =0x00000000000000c0 is an unknown value
R9 =0x00000000000000c0 is an unknown value
R10=0x0000021228781946 is at entry_point+70 in (nmethod*)0x0000021228781808
Compiled method (n/a) 3249 1671     n 0       imgui.ImGui::nEndMenu (native)
 total in heap  [0x0000021228781808,0x0000021228781a70] = 616
 main code      [0x0000021228781900,0x0000021228781a62] = 354
 stub code      [0x0000021228781a62,0x0000021228781a68] = 6
 oops           [0x0000021228781a68,0x0000021228781a70] = 8
 mutable data [0x000002123f2ef160,0x000002123f2ef180] = 32
 relocation     [0x000002123f2ef160,0x000002123f2ef180] = 32
R11=0x00007ffab316037b glfw.dll
R12=0x0 is null
R13=0x0000021220e5e8ec is at entry_point+2010 in (nmethod*)0x0000021220e5e008
Compiled method (c1) 3249 1636       3       Rendering.ImGui.ImGuiMenubar::render (185 bytes)
 total in heap  [0x0000021220e5e008,0x0000021220e5f348] = 4928
 main code      [0x0000021220e5e100,0x0000021220e5f1b8] = 4280
 stub code      [0x0000021220e5f1b8,0x0000021220e5f278] = 192
 oops           [0x0000021220e5f278,0x0000021220e5f348] = 208
 mutable data [0x000002123f37acc0,0x000002123f37afa0] = 736
 relocation     [0x000002123f37acc0,0x000002123f37af50] = 656
 metadata       [0x000002123f37af50,0x000002123f37afa0] = 80
 immutable data [0x000002123f4a6cc0,0x000002123f4a72c8] = 1544
 dependencies   [0x000002123f4a6cc0,0x000002123f4a6cd8] = 24
 nul chk table  [0x000002123f4a6cd8,0x000002123f4a6ce8] = 16
 scopes pcs     [0x000002123f4a6ce8,0x000002123f4a7048] = 864
 scopes data    [0x000002123f4a7048,0x000002123f4a72c8] = 640
R14=0x00000037d33ff4b0 is pointing into the stack for thread: 0x00000212161c1b50
R15=0x00000212161c1b50 is a thread

Top of Stack: (sp=0x00000037d33ff420)
0x00000037d33ff420:   0000000000000000 0000000710529790   ..........R.....
0x00000037d33ff430:   00000212384bdb60 0000000000000000   `.K8............
0x00000037d33ff440:   00000037d33ff4d0 0000021238973cd0   ..?.7....<.8....
0x00000037d33ff450:   00000000000000fe 000002122878197f   ..........x(....
0x00000037d33ff460:   0000000000000000 fffffffffffffff7   ................
0x00000037d33ff470:   0000021238401c63 0000000000000002   c.@8............
0x00000037d33ff480:   00000212384028a8 0000021238973f70   .(@8....p?.8....
0x00000037d33ff490:   0000000710a690a8 0000021238401c80   ..........@8....
0x00000037d33ff4a0:   0000000000000000 00000037d33ff4d0   ..........?.7...
0x00000037d33ff4b0:   00000007103cc3c8 0000021220e5e8ec   ..<........ ....
0x00000037d33ff4c0:   00000037d33ff790 0000021220e5e944   ..?.7...D.. ....
0x00000037d33ff4d0:   0000000042480000 0000000000000000   ..HB............
0x00000037d33ff4e0:   0000000000000000 0000000000000000   ................
0x00000037d33ff4f0:   0000000000000000 0000000000000000   ................
0x00000037d33ff500:   0000000000000000 0000000000000000   ................
0x00000037d33ff510:   0000000000000000 0000000000000000   ................
0x00000037d33ff520:   0000000000000000 0000000000000000   ................
0x00000037d33ff530:   00000037d33ff790 0000021220e5b6bc   ..?.7...... ....
0x00000037d33ff540:   000000007f7fffff 000002123cc22aa0   .........*.<....
0x00000037d33ff550:   000002123cc22aa0 0000000000000000   .*.<............
0x00000037d33ff560:   0000000000000000 0000000000000000   ................
0x00000037d33ff570:   0000000000000000 0000000000000000   ................
0x00000037d33ff580:   000002123cc22aa0 00007ffa1a3b62ae   .*.<.....b;.....
0x00000037d33ff590:   00007ffa1a87f19b 0000000000000000   ................
0x00000037d33ff5a0:   00000037d33ff650 00007ffa1a3f725c   P.?.7...\r?.....
0x00000037d33ff5b0:   0000000700000804 00007ffab31345eb   .........E......
0x00000037d33ff5c0:   0000000700000000 00000037d33ff5e0   ..........?.7...
0x00000037d33ff5d0:   00000037d33ff790 41b8000000000000   ..?.7..........A
0x00000037d33ff5e0:   43c8000043c80000 0000021238970890   ...C...C...8....
0x00000037d33ff5f0:   000000071007dc90 0000021228778780   ..........w(....
0x00000037d33ff600:   0000000000000000 0000000000000000   ................
0x00000037d33ff610:   0000000000000000 0000000000000000   ................

Instructions: (pc=0x00007ffa1a4fe771)
  0x00007ffa1a4fe671:   84 9b fc ff ff c6 44 24 44 00 e9 c0 fd ff ff f3
  0x00007ffa1a4fe681:   44 0f 10 15 07 18 3a 00 f3 0f 10 0d ef 17 3a 00
  0x00007ffa1a4fe691:   44 0f 10 c0 f3 0f 10 3d 83 17 3a 00 e9 ed fe ff
  0x00007ffa1a4fe6a1:   ff 8b 93 ec 41 00 00 85 d2 74 0a 44 22 6c 24 44
  0x00007ffa1a4fe6b1:   e9 75 f9 ff ff 44 0f b6 6c 24 30 44 22 6c 24 44
  0x00007ffa1a4fe6c1:   41 39 c7 0f 84 2a fd ff ff 44 88 6c 24 44 e9 7c
  0x00007ffa1a4fe6d1:   f9 ff ff 0f b6 44 24 43 c6 44 24 48 00 41 bd 01
  0x00007ffa1a4fe6e1:   00 00 00 83 f0 01 88 44 24 44 e9 60 f9 ff ff 0f
  0x00007ffa1a4fe6f1:   b6 44 24 43 34 01 74 48 80 7c 24 30 00 0f 85 9b
  0x00007ffa1a4fe701:   fb ff ff 45 84 ed 74 38 80 7c 24 44 00 0f 84 8b
  0x00007ffa1a4fe711:   fb ff ff f3 0f 10 83 e0 41 00 00 0f 2f 05 05 18
  0x00007ffa1a4fe721:   3a 00 0f 82 17 fd ff ff f3 0f 10 83 04 51 00 00
  0x00007ffa1a4fe731:   0f 2f 05 f0 17 3a 00 41 0f 93 c5 e9 ea f8 ff ff
  0x00007ffa1a4fe741:   88 44 24 44 e9 f6 fc ff ff 66 0f 1f 44 00 00 44
  0x00007ffa1a4fe751:   0f b6 c2 31 d2 e9 d5 f1 ff ff 0f 1f 44 00 00 57
  0x00007ffa1a4fe761:   56 53 48 83 ec 20 48 8b 05 42 df 3c 00 48 8b 30
=>0x00007ffa1a4fe771:   48 8b 9e 80 41 00 00 f6 43 17 04 74 7a 48 8b bb
  0x00007ffa1a4fe781:   b8 03 00 00 0f b7 83 10 01 00 00 66 39 83 0e 01
  0x00007ffa1a4fe791:   00 00 74 13 48 83 c4 20 5b 5e 5f e9 df df e8 ff
  0x00007ffa1a4fe7a1:   0f 1f 80 00 00 00 00 8b 86 f0 4d 00 00 85 c0 75
  0x00007ffa1a4fe7b1:   e3 e8 e9 9b e8 ff 84 c0 74 da 48 8b 86 48 4d 00
  0x00007ffa1a4fe7c1:   00 48 85 c0 74 ce 48 39 98 e8 03 00 00 75 c5 83
  0x00007ffa1a4fe7d1:   bf fc 01 00 00 01 75 bc 8b 8e a8 4c 00 00 ba 01
  0x00007ffa1a4fe7e1:   00 00 00 83 e9 01 e8 e4 8a e9 ff e8 6f 9f e8 ff
  0x00007ffa1a4fe7f1:   eb a2 0f 1f 44 00 00 e8 d3 91 05 00 84 c0 75 27
  0x00007ffa1a4fe801:   f6 43 17 04 0f 85 73 ff ff ff 41 b8 40 1e 00 00
  0x00007ffa1a4fe811:   48 8d 15 e8 f7 39 00 48 8d 0d 89 09 3a 00 ff 15
  0x00007ffa1a4fe821:   5b 1e 65 00 0f 1f 00 4c 8d 05 d1 f7 39 00 ba 40
  0x00007ffa1a4fe831:   1e 00 00 48 8d 0d 6d 09 3a 00 e8 d0 90 05 00 e9
  0x00007ffa1a4fe841:   39 ff ff ff 66 66 2e 0f 1f 84 00 00 00 00 00 41
  0x00007ffa1a4fe851:   57 41 56 41 55 41 54 55 57 56 53 48 81 ec b8 00
  0x00007ffa1a4fe861:   00 00 0f 11 74 24 40 0f 11 7c 24 50 44 0f 11 44


Stack slot to memory mapping:

stack at sp + 0 slots: 0x0 is null
stack at sp + 1 slots: 0x0000000710529790 is an oop: java.lang.Class 
{0x0000000710529790} - klass: 'java/lang/Class' - flags: 

 - ---- fields (total size 184 words):
 - private volatile transient 'classRedefinedCount' 'I' @12  0 (0x00000000)
 - injected 'klass' 'J' @16  2198169056 (0x00000000830565e0)
 - injected 'array_klass' 'J' @24  0 (0x0000000000000000)
 - injected 'oop_size' 'I' @32  184 (0x000000b8)
 - injected 'static_oop_field_count' 'I' @36  1 (0x00000001)
 - private final transient 'modifiers' 'C' @40    1 (0x0001)
 - private final transient 'primitive' 'Z' @42  false (0x00)
 - private volatile transient 'cachedConstructor' 'Ljava/lang/reflect/Constructor;' @44  null (0x00000000)
 - private transient 'name' 'Ljava/lang/String;' @48  "org.lwjgl.glfw.GLFW"{0x0000000710529d60} (0xe20a53ac)
 - private transient 'module' 'Ljava/lang/Module;' @52  a 'java/lang/Module'{0x0000000710a242b0} (0xe2144856)
 - private final 'classLoader' 'Ljava/lang/ClassLoader;' @56  a 'jdk/internal/loader/ClassLoaders$AppClassLoader'{0x0000000710a24138} (0xe2144827)
 - private transient 'classData' 'Ljava/lang/Object;' @60  null (0x00000000)
 - private transient 'signers' '[Ljava/lang/Object;' @64  null (0x00000000)
 - private transient 'packageName' 'Ljava/lang/String;' @68  "org.lwjgl.glfw"{0x0000000710aadb40} (0xe2155b68)
 - private final transient 'componentType' 'Ljava/lang/Class;' @72  null (0x00000000)
 - private final transient 'protectionDomain' 'Ljava/security/ProtectionDomain;' @76  a 'java/security/ProtectionDomain'{0x0000000710ab18e8} (0xe215631d)
 - private volatile transient 'reflectionData' 'Ljava/lang/ref/SoftReference;' @80  a 'java/lang/ref/SoftReference'{0x0000000710529ef0} (0xe20a53de)
 - private volatile transient 'genericInfo' 'Lsun/reflect/generics/repository/ClassRepository;' @84  null (0x00000000)
 - private volatile transient 'enumConstants' '[Ljava/lang/Object;' @88  null (0x00000000)
 - private volatile transient 'enumConstantDirectory' 'Ljava/util/Map;' @92  null (0x00000000)
 - private volatile transient 'annotationData' 'Ljava/lang/Class$AnnotationData;' @96  null (0x00000000)
 - private volatile transient 'annotationType' 'Lsun/reflect/annotation/AnnotationType;' @100  null (0x00000000)
 - transient 'classValueMap' 'Ljava/lang/ClassValue$ClassValueMap;' @104  null (0x00000000)
 - injected 'source_file' 'Ljava/lang/Object;' @108  null (0x00000000)
 - injected '<init_lock>' 'Ljava/lang/Object;' @112  null (0x00000000)
 - signature: Lorg/lwjgl/glfw/GLFW;
 - ---- static fields (1):
 - private static final 'GLFW' 'Lorg/lwjgl/system/SharedLibrary;' @120  a 'org/lwjgl/system/windows/WindowsLibrary'{0x000000071055ade8} (0xe20ab5bd)
 - public static final 'GLFW_VERSION_MAJOR' 'I' @124  3 (0x00000003)
 - public static final 'GLFW_VERSION_MINOR' 'I' @128  4 (0x00000004)
 - public static final 'GLFW_VERSION_REVISION' 'I' @132  0 (0x00000000)
 - public static final 'GLFW_TRUE' 'I' @136  1 (0x00000001)
 - public static final 'GLFW_FALSE' 'I' @140  0 (0x00000000)
 - public static final 'GLFW_RELEASE' 'I' @144  0 (0x00000000)
 - public static final 'GLFW_PRESS' 'I' @148  1 (0x00000001)
 - public static final 'GLFW_REPEAT' 'I' @152  2 (0x00000002)
 - public static final 'GLFW_HAT_CENTERED' 'I' @156  0 (0x00000000)
 - public static final 'GLFW_HAT_UP' 'I' @160  1 (0x00000001)
 - public static final 'GLFW_HAT_RIGHT' 'I' @164  2 (0x00000002)
 - public static final 'GLFW_HAT_DOWN' 'I' @168  4 (0x00000004)
 - public static final 'GLFW_HAT_LEFT' 'I' @172  8 (0x00000008)
 - public static final 'GLFW_HAT_RIGHT_UP' 'I' @176  3 (0x00000003)
 - public static final 'GLFW_HAT_RIGHT_DOWN' 'I' @180  6 (0x00000006)
 - public static final 'GLFW_HAT_LEFT_UP' 'I' @184  9 (0x00000009)
 - public static final 'GLFW_HAT_LEFT_DOWN' 'I' @188  12 (0x0000000c)
 - public static final 'GLFW_KEY_UNKNOWN' 'I' @192  -1 (0xffffffff)
 - public static final 'GLFW_KEY_SPACE' 'I' @196  32 (0x00000020)
 - public static final 'GLFW_KEY_APOSTROPHE' 'I' @200  39 (0x00000027)
 - public static final 'GLFW_KEY_COMMA' 'I' @204  44 (0x0000002c)
 - public static final 'GLFW_KEY_MINUS' 'I' @208  45 (0x0000002d)
 - public static final 'GLFW_KEY_PERIOD' 'I' @212  46 (0x0000002e)
 - public static final 'GLFW_KEY_SLASH' 'I' @216  47 (0x0000002f)
 - public static final 'GLFW_KEY_0' 'I' @220  48 (0x00000030)
 - public static final 'GLFW_KEY_1' 'I' @224  49 (0x00000031)
 - public static final 'GLFW_KEY_2' 'I' @228  50 (0x00000032)
 - public static final 'GLFW_KEY_3' 'I' @232  51 (0x00000033)
 - public static final 'GLFW_KEY_4' 'I' @236  52 (0x00000034)
 - public static final 'GLFW_KEY_5' 'I' @240  53 (0x00000035)
 - public static final 'GLFW_KEY_6' 'I' @244  54 (0x00000036)
 - public static final 'GLFW_KEY_7' 'I' @248  55 (0x00000037)
 - public static final 'GLFW_KEY_8' 'I' @252  56 (0x00000038)
 - public static final 'GLFW_KEY_9' 'I' @256  57 (0x00000039)
 - public static final 'GLFW_KEY_SEMICOLON' 'I' @260  59 (0x0000003b)
 - public static final 'GLFW_KEY_EQUAL' 'I' @264  61 (0x0000003d)
 - public static final 'GLFW_KEY_A' 'I' @268  65 (0x00000041)
 - public static final 'GLFW_KEY_B' 'I' @272  66 (0x00000042)
 - public static final 'GLFW_KEY_C' 'I' @276  67 (0x00000043)
 - public static final 'GLFW_KEY_D' 'I' @280  68 (0x00000044)
 - public static final 'GLFW_KEY_E' 'I' @284  69 (0x00000045)
 - public static final 'GLFW_KEY_F' 'I' @288  70 (0x00000046)
 - public static final 'GLFW_KEY_G' 'I' @292  71 (0x00000047)
 - public static final 'GLFW_KEY_H' 'I' @296  72 (0x00000048)
 - public static final 'GLFW_KEY_I' 'I' @300  73 (0x00000049)
 - public static final 'GLFW_KEY_J' 'I' @304  74 (0x0000004a)
 - public static final 'GLFW_KEY_K' 'I' @308  75 (0x0000004b)
 - public static final 'GLFW_KEY_L' 'I' @312  76 (0x0000004c)
 - public static final 'GLFW_KEY_M' 'I' @316  77 (0x0000004d)
 - public static final 'GLFW_KEY_N' 'I' @320  78 (0x0000004e)
 - public static final 'GLFW_KEY_O' 'I' @324  79 (0x0000004f)
 - public static final 'GLFW_KEY_P' 'I' @328  80 (0x00000050)
 - public static final 'GLFW_KEY_Q' 'I' @332  81 (0x00000051)
 - public static final 'GLFW_KEY_R' 'I' @336  82 (0x00000052)
 - public static final 'GLFW_KEY_S' 'I' @340  83 (0x00000053)
 - public static final 'GLFW_KEY_T' 'I' @344  84 (0x00000054)
 - public static final 'GLFW_KEY_U' 'I' @348  85 (0x00000055)
 - public static final 'GLFW_KEY_V' 'I' @352  86 (0x00000056)
 - public static final 'GLFW_KEY_W' 'I' @356  87 (0x00000057)
 - public static final 'GLFW_KEY_X' 'I' @360  88 (0x00000058)
 - public static final 'GLFW_KEY_Y' 'I' @364  89 (0x00000059)
 - public static final 'GLFW_KEY_Z' 'I' @368  90 (0x0000005a)
 - public static final 'GLFW_KEY_LEFT_BRACKET' 'I' @372  91 (0x0000005b)
 - public static final 'GLFW_KEY_BACKSLASH' 'I' @376  92 (0x0000005c)
 - public static final 'GLFW_KEY_RIGHT_BRACKET' 'I' @380  93 (0x0000005d)
 - public static final 'GLFW_KEY_GRAVE_ACCENT' 'I' @384  96 (0x00000060)
 - public static final 'GLFW_KEY_WORLD_1' 'I' @388  161 (0x000000a1)
 - public static final 'GLFW_KEY_WORLD_2' 'I' @392  162 (0x000000a2)
 - public static final 'GLFW_KEY_ESCAPE' 'I' @396  256 (0x00000100)
 - public static final 'GLFW_KEY_ENTER' 'I' @400  257 (0x00000101)
 - public static final 'GLFW_KEY_TAB' 'I' @404  258 (0x00000102)
 - public static final 'GLFW_KEY_BACKSPACE' 'I' @408  259 (0x00000103)
 - public static final 'GLFW_KEY_INSERT' 'I' @412  260 (0x00000104)
 - public static final 'GLFW_KEY_DELETE' 'I' @416  261 (0x00000105)
 - public static final 'GLFW_KEY_RIGHT' 'I' @420  262 (0x00000106)
 - public static final 'GLFW_KEY_LEFT' 'I' @424  263 (0x00000107)
 - public static final 'GLFW_KEY_DOWN' 'I' @428  264 (0x00000108)
 - public static final 'GLFW_KEY_UP' 'I' @432  265 (0x00000109)
 - public static final 'GLFW_KEY_PAGE_UP' 'I' @436  266 (0x0000010a)
 - public static final 'GLFW_KEY_PAGE_DOWN' 'I' @440  267 (0x0000010b)
 - public static final 'GLFW_KEY_HOME' 'I' @444  268 (0x0000010c)
 - public static final 'GLFW_KEY_END' 'I' @448  269 (0x0000010d)
 - public static final 'GLFW_KEY_CAPS_LOCK' 'I' @452  280 (0x00000118)
 - public static final 'GLFW_KEY_SCROLL_LOCK' 'I' @456  281 (0x00000119)
 - public static final 'GLFW_KEY_NUM_LOCK' 'I' @460  282 (0x0000011a)
 - public static final 'GLFW_KEY_PRINT_SCREEN' 'I' @464  283 (0x0000011b)
 - public static final 'GLFW_KEY_PAUSE' 'I' @468  284 (0x0000011c)
 - public static final 'GLFW_KEY_F1' 'I' @472  290 (0x00000122)
 - public static final 'GLFW_KEY_F2' 'I' @476  291 (0x00000123)
 - public static final 'GLFW_KEY_F3' 'I' @480  292 (0x00000124)
 - public static final 'GLFW_KEY_F4' 'I' @484  293 (0x00000125)
 - public static final 'GLFW_KEY_F5' 'I' @488  294 (0x00000126)
 - public static final 'GLFW_KEY_F6' 'I' @492  295 (0x00000127)
 - public static final 'GLFW_KEY_F7' 'I' @496  296 (0x00000128)
 - public static final 'GLFW_KEY_F8' 'I' @500  297 (0x00000129)
 - public static final 'GLFW_KEY_F9' 'I' @504  298 (0x0000012a)
 - public static final 'GLFW_KEY_F10' 'I' @508  299 (0x0000012b)
 - public static final 'GLFW_KEY_F11' 'I' @512  300 (0x0000012c)
 - public static final 'GLFW_KEY_F12' 'I' @516  301 (0x0000012d)
 - public static final 'GLFW_KEY_F13' 'I' @520  302 (0x0000012e)
 - public static final 'GLFW_KEY_F14' 'I' @524  303 (0x0000012f)
 - public static final 'GLFW_KEY_F15' 'I' @528  304 (0x00000130)
 - public static final 'GLFW_KEY_F16' 'I' @532  305 (0x00000131)
 - public static final 'GLFW_KEY_F17' 'I' @536  306 (0x00000132)
 - public static final 'GLFW_KEY_F18' 'I' @540  307 (0x00000133)
 - public static final 'GLFW_KEY_F19' 'I' @544  308 (0x00000134)
 - public static final 'GLFW_KEY_F20' 'I' @548  309 (0x00000135)
 - public static final 'GLFW_KEY_F21' 'I' @552  310 (0x00000136)
 - public static final 'GLFW_KEY_F22' 'I' @556  311 (0x00000137)
 - public static final 'GLFW_KEY_F23' 'I' @560  312 (0x00000138)
 - public static final 'GLFW_KEY_F24' 'I' @564  313 (0x00000139)
 - public static final 'GLFW_KEY_F25' 'I' @568  314 (0x0000013a)
 - public static final 'GLFW_KEY_KP_0' 'I' @572  320 (0x00000140)
 - public static final 'GLFW_KEY_KP_1' 'I' @576  321 (0x00000141)
 - public static final 'GLFW_KEY_KP_2' 'I' @580  322 (0x00000142)
 - public static final 'GLFW_KEY_KP_3' 'I' @584  323 (0x00000143)
 - public static final 'GLFW_KEY_KP_4' 'I' @588  324 (0x00000144)
 - public static final 'GLFW_KEY_KP_5' 'I' @592  325 (0x00000145)
 - public static final 'GLFW_KEY_KP_6' 'I' @596  326 (0x00000146)
 - public static final 'GLFW_KEY_KP_7' 'I' @600  327 (0x00000147)
 - public static final 'GLFW_KEY_KP_8' 'I' @604  328 (0x00000148)
 - public static final 'GLFW_KEY_KP_9' 'I' @608  329 (0x00000149)
 - public static final 'GLFW_KEY_KP_DECIMAL' 'I' @612  330 (0x0000014a)
 - public static final 'GLFW_KEY_KP_DIVIDE' 'I' @616  331 (0x0000014b)
 - public static final 'GLFW_KEY_KP_MULTIPLY' 'I' @620  332 (0x0000014c)
 - public static final 'GLFW_KEY_KP_SUBTRACT' 'I' @624  333 (0x0000014d)
 - public static final 'GLFW_KEY_KP_ADD' 'I' @628  334 (0x0000014e)
 - public static final 'GLFW_KEY_KP_ENTER' 'I' @632  335 (0x0000014f)
 - public static final 'GLFW_KEY_KP_EQUAL' 'I' @636  336 (0x00000150)
 - public static final 'GLFW_KEY_LEFT_SHIFT' 'I' @640  340 (0x00000154)
 - public static final 'GLFW_KEY_LEFT_CONTROL' 'I' @644  341 (0x00000155)
 - public static final 'GLFW_KEY_LEFT_ALT' 'I' @648  342 (0x00000156)
 - public static final 'GLFW_KEY_LEFT_SUPER' 'I' @652  343 (0x00000157)
 - public static final 'GLFW_KEY_RIGHT_SHIFT' 'I' @656  344 (0x00000158)
 - public static final 'GLFW_KEY_RIGHT_CONTROL' 'I' @660  345 (0x00000159)
 - public static final 'GLFW_KEY_RIGHT_ALT' 'I' @664  346 (0x0000015a)
 - public static final 'GLFW_KEY_RIGHT_SUPER' 'I' @668  347 (0x0000015b)
 - public static final 'GLFW_KEY_MENU' 'I' @672  348 (0x0000015c)
 - public static final 'GLFW_KEY_LAST' 'I' @676  348 (0x0000015c)
 - public static final 'GLFW_MOD_SHIFT' 'I' @680  1 (0x00000001)
 - public static final 'GLFW_MOD_CONTROL' 'I' @684  2 (0x00000002)
 - public static final 'GLFW_MOD_ALT' 'I' @688  4 (0x00000004)
 - public static final 'GLFW_MOD_SUPER' 'I' @692  8 (0x00000008)
 - public static final 'GLFW_MOD_CAPS_LOCK' 'I' @696  16 (0x00000010)
 - public static final 'GLFW_MOD_NUM_LOCK' 'I' @700  32 (0x00000020)
 - public static final 'GLFW_MOUSE_BUTTON_1' 'I' @704  0 (0x00000000)
 - public static final 'GLFW_MOUSE_BUTTON_2' 'I' @708  1 (0x00000001)
 - public static final 'GLFW_MOUSE_BUTTON_3' 'I' @712  2 (0x00000002)
 - public static final 'GLFW_MOUSE_BUTTON_4' 'I' @716  3 (0x00000003)
 - public static final 'GLFW_MOUSE_BUTTON_5' 'I' @720  4 (0x00000004)
 - public static final 'GLFW_MOUSE_BUTTON_6' 'I' @724  5 (0x00000005)
 - public static final 'GLFW_MOUSE_BUTTON_7' 'I' @728  6 (0x00000006)
 - public static final 'GLFW_MOUSE_BUTTON_8' 'I' @732  7 (0x00000007)
 - public static final 'GLFW_MOUSE_BUTTON_LAST' 'I' @736  7 (0x00000007)
 - public static final 'GLFW_MOUSE_BUTTON_LEFT' 'I' @740  0 (0x00000000)
 - public static final 'GLFW_MOUSE_BUTTON_RIGHT' 'I' @744  1 (0x00000001)
 - public static final 'GLFW_MOUSE_BUTTON_MIDDLE' 'I' @748  2 (0x00000002)
 - public static final 'GLFW_JOYSTICK_1' 'I' @752  0 (0x00000000)
 - public static final 'GLFW_JOYSTICK_2' 'I' @756  1 (0x00000001)
 - public static final 'GLFW_JOYSTICK_3' 'I' @760  2 (0x00000002)
 - public static final 'GLFW_JOYSTICK_4' 'I' @764  3 (0x00000003)
 - public static final 'GLFW_JOYSTICK_5' 'I' @768  4 (0x00000004)
 - public static final 'GLFW_JOYSTICK_6' 'I' @772  5 (0x00000005)
 - public static final 'GLFW_JOYSTICK_7' 'I' @776  6 (0x00000006)
 - public static final 'GLFW_JOYSTICK_8' 'I' @780  7 (0x00000007)
 - public static final 'GLFW_JOYSTICK_9' 'I' @784  8 (0x00000008)
 - public static final 'GLFW_JOYSTICK_10' 'I' @788  9 (0x00000009)
 - public static final 'GLFW_JOYSTICK_11' 'I' @792  10 (0x0000000a)
 - public static final 'GLFW_JOYSTICK_12' 'I' @796  11 (0x0000000b)
 - public static final 'GLFW_JOYSTICK_13' 'I' @800  12 (0x0000000c)
 - public static final 'GLFW_JOYSTICK_14' 'I' @804  13 (0x0000000d)
 - public static final 'GLFW_JOYSTICK_15' 'I' @808  14 (0x0000000e)
 - public static final 'GLFW_JOYSTICK_16' 'I' @812  15 (0x0000000f)
 - public static final 'GLFW_JOYSTICK_LAST' 'I' @816  15 (0x0000000f)
 - public static final 'GLFW_GAMEPAD_BUTTON_A' 'I' @820  0 (0x00000000)
 - public static final 'GLFW_GAMEPAD_BUTTON_B' 'I' @824  1 (0x00000001)
 - public static final 'GLFW_GAMEPAD_BUTTON_X' 'I' @828  2 (0x00000002)
 - public static final 'GLFW_GAMEPAD_BUTTON_Y' 'I' @832  3 (0x00000003)
 - public static final 'GLFW_GAMEPAD_BUTTON_LEFT_BUMPER' 'I' @836  4 (0x00000004)
 - public static final 'GLFW_GAMEPAD_BUTTON_RIGHT_BUMPER' 'I' @840  5 (0x00000005)
 - public static final 'GLFW_GAMEPAD_BUTTON_BACK' 'I' @844  6 (0x00000006)
 - public static final 'GLFW_GAMEPAD_BUTTON_START' 'I' @848  7 (0x00000007)
 - public static final 'GLFW_GAMEPAD_BUTTON_GUIDE' 'I' @852  8 (0x00000008)
 - public static final 'GLFW_GAMEPAD_BUTTON_LEFT_THUMB' 'I' @856  9 (0x00000009)
 - public static final 'GLFW_GAMEPAD_BUTTON_RIGHT_THUMB' 'I' @860  10 (0x0000000a)
 - public static final 'GLFW_GAMEPAD_BUTTON_DPAD_UP' 'I' @864  11 (0x0000000b)
 - public static final 'GLFW_GAMEPAD_BUTTON_DPAD_RIGHT' 'I' @868  12 (0x0000000c)
 - public static final 'GLFW_GAMEPAD_BUTTON_DPAD_DOWN' 'I' @872  13 (0x0000000d)
 - public static final 'GLFW_GAMEPAD_BUTTON_DPAD_LEFT' 'I' @876  14 (0x0000000e)
 - public static final 'GLFW_GAMEPAD_BUTTON_LAST' 'I' @880  14 (0x0000000e)
 - public static final 'GLFW_GAMEPAD_BUTTON_CROSS' 'I' @884  0 (0x00000000)
 - public static final 'GLFW_GAMEPAD_BUTTON_CIRCLE' 'I' @888  1 (0x00000001)
 - public static final 'GLFW_GAMEPAD_BUTTON_SQUARE' 'I' @892  2 (0x00000002)
 - public static final 'GLFW_GAMEPAD_BUTTON_TRIANGLE' 'I' @896  3 (0x00000003)
 - public static final 'GLFW_GAMEPAD_AXIS_LEFT_X' 'I' @900  0 (0x00000000)
 - public static final 'GLFW_GAMEPAD_AXIS_LEFT_Y' 'I' @904  1 (0x00000001)
 - public static final 'GLFW_GAMEPAD_AXIS_RIGHT_X' 'I' @908  2 (0x00000002)
 - public static final 'GLFW_GAMEPAD_AXIS_RIGHT_Y' 'I' @912  3 (0x00000003)
 - public static final 'GLFW_GAMEPAD_AXIS_LEFT_TRIGGER' 'I' @916  4 (0x00000004)
 - public static final 'GLFW_GAMEPAD_AXIS_RIGHT_TRIGGER' 'I' @920  5 (0x00000005)
 - public static final 'GLFW_GAMEPAD_AXIS_LAST' 'I' @924  5 (0x00000005)
 - public static final 'GLFW_NO_ERROR' 'I' @928  0 (0x00000000)
 - public static final 'GLFW_NOT_INITIALIZED' 'I' @932  65537 (0x00010001)
 - public static final 'GLFW_NO_CURRENT_CONTEXT' 'I' @936  65538 (0x00010002)
 - public static final 'GLFW_INVALID_ENUM' 'I' @940  65539 (0x00010003)
 - public static final 'GLFW_INVALID_VALUE' 'I' @944  65540 (0x00010004)
 - public static final 'GLFW_OUT_OF_MEMORY' 'I' @948  65541 (0x00010005)
 - public static final 'GLFW_API_UNAVAILABLE' 'I' @952  65542 (0x00010006)
 - public static final 'GLFW_VERSION_UNAVAILABLE' 'I' @956  65543 (0x00010007)
 - public static final 'GLFW_PLATFORM_ERROR' 'I' @960  65544 (0x00010008)
 - public static final 'GLFW_FORMAT_UNAVAILABLE' 'I' @964  65545 (0x00010009)
 - public static final 'GLFW_NO_WINDOW_CONTEXT' 'I' @968  65546 (0x0001000a)
 - public static final 'GLFW_CURSOR_UNAVAILABLE' 'I' @972  65547 (0x0001000b)
 - public static final 'GLFW_FEATURE_UNAVAILABLE' 'I' @976  65548 (0x0001000c)
 - public static final 'GLFW_FEATURE_UNIMPLEMENTED' 'I' @980  65549 (0x0001000d)
 - public static final 'GLFW_PLATFORM_UNAVAILABLE' 'I' @984  65550 (0x0001000e)
 - public static final 'GLFW_FOCUSED' 'I' @988  131073 (0x00020001)
 - public static final 'GLFW_ICONIFIED' 'I' @992  131074 (0x00020002)
 - public static final 'GLFW_RESIZABLE' 'I' @996  131075 (0x00020003)
 - public static final 'GLFW_VISIBLE' 'I' @1000  131076 (0x00020004)
 - public static final 'GLFW_DECORATED' 'I' @1004  131077 (0x00020005)
 - public static final 'GLFW_AUTO_ICONIFY' 'I' @1008  131078 (0x00020006)
 - public static final 'GLFW_FLOATING' 'I' @1012  131079 (0x00020007)
 - public static final 'GLFW_MAXIMIZED' 'I' @1016  131080 (0x00020008)
 - public static final 'GLFW_CENTER_CURSOR' 'I' @1020  131081 (0x00020009)
 - public static final 'GLFW_TRANSPARENT_FRAMEBUFFER' 'I' @1024  131082 (0x0002000a)
 - public static final 'GLFW_HOVERED' 'I' @1028  131083 (0x0002000b)
 - public static final 'GLFW_FOCUS_ON_SHOW' 'I' @1032  131084 (0x0002000c)
 - public static final 'GLFW_MOUSE_PASSTHROUGH' 'I' @1036  131085 (0x0002000d)
 - public static final 'GLFW_POSITION_X' 'I' @1040  131086 (0x0002000e)
 - public static final 'GLFW_POSITION_Y' 'I' @1044  131087 (0x0002000f)
 - public static final 'GLFW_SOFT_FULLSCREEN' 'I' @1048  131088 (0x00020010)
 - public static final 'GLFW_CURSOR' 'I' @1052  208897 (0x00033001)
 - public static final 'GLFW_STICKY_KEYS' 'I' @1056  208898 (0x00033002)
 - public static final 'GLFW_STICKY_MOUSE_BUTTONS' 'I' @1060  208899 (0x00033003)
 - public static final 'GLFW_LOCK_KEY_MODS' 'I' @1064  208900 (0x00033004)
 - public static final 'GLFW_RAW_MOUSE_MOTION' 'I' @1068  208901 (0x00033005)
 - public static final 'GLFW_UNLIMITED_MOUSE_BUTTONS' 'I' @1072  208902 (0x00033006)
 - public static final 'GLFW_IME' 'I' @1076  208903 (0x00033007)
 - public static final 'GLFW_CURSOR_NORMAL' 'I' @1080  212993 (0x00034001)
 - public static final 'GLFW_CURSOR_HIDDEN' 'I' @1084  212994 (0x00034002)
 - public static final 'GLFW_CURSOR_DISABLED' 'I' @1088  212995 (0x00034003)
 - public static final 'GLFW_CURSOR_CAPTURED' 'I' @1092  212996 (0x00034004)
 - public static final 'GLFW_ARROW_CURSOR' 'I' @1096  221185 (0x00036001)
 - public static final 'GLFW_IBEAM_CURSOR' 'I' @1100  221186 (0x00036002)
 - public static final 'GLFW_CROSSHAIR_CURSOR' 'I' @1104  221187 (0x00036003)
 - public static final 'GLFW_POINTING_HAND_CURSOR' 'I' @1108  221188 (0x00036004)
 - public static final 'GLFW_RESIZE_EW_CURSOR' 'I' @1112  221189 (0x00036005)
 - public static final 'GLFW_RESIZE_NS_CURSOR' 'I' @1116  221190 (0x00036006)
 - public static final 'GLFW_RESIZE_NWSE_CURSOR' 'I' @1120  221191 (0x00036007)
 - public static final 'GLFW_RESIZE_NESW_CURSOR' 'I' @1124  221192 (0x00036008)
 - public static final 'GLFW_RESIZE_ALL_CURSOR' 'I' @1128  221193 (0x00036009)
 - public static final 'GLFW_NOT_ALLOWED_CURSOR' 'I' @1132  221194 (0x0003600a)
 - public static final 'GLFW_HRESIZE_CURSOR' 'I' @1136  221189 (0x00036005)
 - public static final 'GLFW_VRESIZE_CURSOR' 'I' @1140  221190 (0x00036006)
 - public static final 'GLFW_HAND_CURSOR' 'I' @1144  221188 (0x00036004)
 - public static final 'GLFW_CONNECTED' 'I' @1148  262145 (0x00040001)
 - public static final 'GLFW_DISCONNECTED' 'I' @1152  262146 (0x00040002)
 - public static final 'GLFW_JOYSTICK_HAT_BUTTONS' 'I' @1156  327681 (0x00050001)
 - public static final 'GLFW_ANGLE_PLATFORM_TYPE' 'I' @1160  327682 (0x00050002)
 - public static final 'GLFW_ANY_POSITION' 'I' @1164  -2147483648 (0x80000000)
 - public static final 'GLFW_PLATFORM' 'I' @1168  327683 (0x00050003)
 - public static final 'GLFW_MANAGE_PREEDIT_CANDIDATE' 'I' @1172  327684 (0x00050004)
 - public static final 'GLFW_COCOA_CHDIR_RESOURCES' 'I' @1176  331777 (0x00051001)
 - public static final 'GLFW_COCOA_MENUBAR' 'I' @1180  331778 (0x00051002)
 - public static final 'GLFW_X11_XCB_VULKAN_SURFACE' 'I' @1184  335873 (0x00052001)
 - public static final 'GLFW_X11_ONTHESPOT' 'I' @1188  335874 (0x00052002)
 - public static final 'GLFW_WAYLAND_LIBDECOR' 'I' @1192  339969 (0x00053001)
 - public static final 'GLFW_ANY_PLATFORM' 'I' @1196  393216 (0x00060000)
 - public static final 'GLFW_PLATFORM_WIN32' 'I' @1200  393217 (0x00060001)
 - public static final 'GLFW_PLATFORM_COCOA' 'I' @1204  393218 (0x00060002)
 - public static final 'GLFW_PLATFORM_WAYLAND' 'I' @1208  393219 (0x00060003)
 - public static final 'GLFW_PLATFORM_X11' 'I' @1212  393220 (0x00060004)
 - public static final 'GLFW_PLATFORM_NULL' 'I' @1216  393221 (0x00060005)
 - public static final 'GLFW_DONT_CARE' 'I' @1220  -1 (0xffffffff)
 - public static final 'GLFW_RED_BITS' 'I' @1224  135169 (0x00021001)
 - public static final 'GLFW_GREEN_BITS' 'I' @1228  135170 (0x00021002)
 - public static final 'GLFW_BLUE_BITS' 'I' @1232  135171 (0x00021003)
 - public static final 'GLFW_ALPHA_BITS' 'I' @1236  135172 (0x00021004)
 - public static final 'GLFW_DEPTH_BITS' 'I' @1240  135173 (0x00021005)
 - public static final 'GLFW_STENCIL_BITS' 'I' @1244  135174 (0x00021006)
 - public static final 'GLFW_ACCUM_RED_BITS' 'I' @1248  135175 (0x00021007)
 - public static final 'GLFW_ACCUM_GREEN_BITS' 'I' @1252  135176 (0x00021008)
 - public static final 'GLFW_ACCUM_BLUE_BITS' 'I' @1256  135177 (0x00021009)
 - public static final 'GLFW_ACCUM_ALPHA_BITS' 'I' @1260  135178 (0x0002100a)
 - public static final 'GLFW_AUX_BUFFERS' 'I' @1264  135179 (0x0002100b)
 - public static final 'GLFW_STEREO' 'I' @1268  135180 (0x0002100c)
 - public static final 'GLFW_SAMPLES' 'I' @1272  135181 (0x0002100d)
 - public static final 'GLFW_SRGB_CAPABLE' 'I' @1276  135182 (0x0002100e)
 - public static final 'GLFW_REFRESH_RATE' 'I' @1280  135183 (0x0002100f)
 - public static final 'GLFW_DOUBLEBUFFER' 'I' @1284  135184 (0x00021010)
 - public static final 'GLFW_CLIENT_API' 'I' @1288  139265 (0x00022001)
 - public static final 'GLFW_CONTEXT_VERSION_MAJOR' 'I' @1292  139266 (0x00022002)
 - public static final 'GLFW_CONTEXT_VERSION_MINOR' 'I' @1296  139267 (0x00022003)
 - public static final 'GLFW_CONTEXT_REVISION' 'I' @1300  139268 (0x00022004)
 - public static final 'GLFW_CONTEXT_ROBUSTNESS' 'I' @1304  139269 (0x00022005)
 - public static final 'GLFW_OPENGL_FORWARD_COMPAT' 'I' @1308  139270 (0x00022006)
 - public static final 'GLFW_CONTEXT_DEBUG' 'I' @1312  139271 (0x00022007)
 - public static final 'GLFW_OPENGL_DEBUG_CONTEXT' 'I' @1316  139271 (0x00022007)
 - public static final 'GLFW_OPENGL_PROFILE' 'I' @1320  139272 (0x00022008)
 - public static final 'GLFW_CONTEXT_RELEASE_BEHAVIOR' 'I' @1324  139273 (0x00022009)
 - public static final 'GLFW_CONTEXT_NO_ERROR' 'I' @1328  139274 (0x0002200a)
 - public static final 'GLFW_CONTEXT_CREATION_API' 'I' @1332  139275 (0x0002200b)
 - public static final 'GLFW_SCALE_TO_MONITOR' 'I' @1336  139276 (0x0002200c)
 - public static final 'GLFW_SCALE_FRAMEBUFFER' 'I' @1340  139277 (0x0002200d)
 - public static final 'GLFW_COCOA_RETINA_FRAMEBUFFER' 'I' @1344  143361 (0x00023001)
 - public static final 'GLFW_COCOA_FRAME_NAME' 'I' @1348  143362 (0x00023002)
 - public static final 'GLFW_COCOA_GRAPHICS_SWITCHING' 'I' @1352  143363 (0x00023003)
 - public static final 'GLFW_X11_CLASS_NAME' 'I' @1356  147457 (0x00024001)
 - public static final 'GLFW_X11_INSTANCE_NAME' 'I' @1360  147458 (0x00024002)
 - public static final 'GLFW_WIN32_KEYBOARD_MENU' 'I' @1364  151553 (0x00025001)
 - public static final 'GLFW_WIN32_SHOWDEFAULT' 'I' @1368  151554 (0x00025002)
 - public static final 'GLFW_WAYLAND_APP_ID' 'I' @1372  155649 (0x00026001)
 - public static final 'GLFW_NO_API' 'I' @1376  0 (0x00000000)
 - public static final 'GLFW_OPENGL_API' 'I' @1380  196609 (0x00030001)
 - public static final 'GLFW_OPENGL_ES_API' 'I' @1384  196610 (0x00030002)
 - public static final 'GLFW_NO_ROBUSTNESS' 'I' @1388  0 (0x00000000)
 - public static final 'GLFW_NO_RESET_NOTIFICATION' 'I' @1392  200705 (0x00031001)
 - public static final 'GLFW_LOSE_CONTEXT_ON_RESET' 'I' @1396  200706 (0x00031002)
 - public static final 'GLFW_OPENGL_ANY_PROFILE' 'I' @1400  0 (0x00000000)
 - public static final 'GLFW_OPENGL_CORE_PROFILE' 'I' @1404  204801 (0x00032001)
 - public static final 'GLFW_OPENGL_COMPAT_PROFILE' 'I' @1408  204802 (0x00032002)
 - public static final 'GLFW_ANY_RELEASE_BEHAVIOR' 'I' @1412  0 (0x00000000)
 - public static final 'GLFW_RELEASE_BEHAVIOR_FLUSH' 'I' @1416  217089 (0x00035001)
 - public static final 'GLFW_RELEASE_BEHAVIOR_NONE' 'I' @1420  217090 (0x00035002)
 - public static final 'GLFW_NATIVE_CONTEXT_API' 'I' @1424  221185 (0x00036001)
 - public static final 'GLFW_EGL_CONTEXT_API' 'I' @1428  221186 (0x00036002)
 - public static final 'GLFW_OSMESA_CONTEXT_API' 'I' @1432  221187 (0x00036003)
 - public static final 'GLFW_ANGLE_PLATFORM_TYPE_NONE' 'I' @1436  225281 (0x00037001)
 - public static final 'GLFW_ANGLE_PLATFORM_TYPE_OPENGL' 'I' @1440  225282 (0x00037002)
 - public static final 'GLFW_ANGLE_PLATFORM_TYPE_OPENGLES' 'I' @1444  225283 (0x00037003)
 - public static final 'GLFW_ANGLE_PLATFORM_TYPE_D3D9' 'I' @1448  225284 (0x00037004)
 - public static final 'GLFW_ANGLE_PLATFORM_TYPE_D3D11' 'I' @1452  225285 (0x00037005)
 - public static final 'GLFW_ANGLE_PLATFORM_TYPE_VULKAN' 'I' @1456  225287 (0x00037007)
 - public static final 'GLFW_ANGLE_PLATFORM_TYPE_METAL' 'I' @1460  225288 (0x00037008)
 - public static final 'GLFW_WAYLAND_PREFER_LIBDECOR' 'I' @1464  229377 (0x00038001)
 - public static final 'GLFW_WAYLAND_DISABLE_LIBDECOR' 'I' @1468  229378 (0x00038002)
stack at sp + 2 slots: {method} {0x00000212384bdb68} 'glfwTerminate' '()V' in 'org/lwjgl/glfw/GLFW'
stack at sp + 3 slots: 0x0 is null
stack at sp + 4 slots: 0x00000037d33ff4d0 is pointing into the stack for thread: 0x00000212161c1b50
stack at sp + 5 slots: 0x0000021238973cd0 is pointing into metadata
stack at sp + 6 slots: 0x00000000000000fe is an unknown value
stack at sp + 7 slots: 0x000002122878197f is at entry_point+127 in (nmethod*)0x0000021228781808
Compiled method (n/a) 3268 1671     n 0       imgui.ImGui::nEndMenu (native)
 total in heap  [0x0000021228781808,0x0000021228781a70] = 616
 main code      [0x0000021228781900,0x0000021228781a62] = 354
 stub code      [0x0000021228781a62,0x0000021228781a68] = 6
 oops           [0x0000021228781a68,0x0000021228781a70] = 8
 mutable data [0x000002123f2ef160,0x000002123f2ef180] = 32
 relocation     [0x000002123f2ef160,0x000002123f2ef180] = 32

Lock stack of current Java thread (top to bottom):


Compiled method (n/a) 3268 1671     n 0       imgui.ImGui::nEndMenu (native)
 total in heap  [0x0000021228781808,0x0000021228781a70] = 616
 main code      [0x0000021228781900,0x0000021228781a62] = 354
 stub code      [0x0000021228781a62,0x0000021228781a68] = 6
 oops           [0x0000021228781a68,0x0000021228781a70] = 8
 mutable data [0x000002123f2ef160,0x000002123f2ef180] = 32
 relocation     [0x000002123f2ef160,0x000002123f2ef180] = 32

[Constant Pool (empty)]

[MachCode]
[Entry Point]
  # {method} {0x0000021238639420} 'nEndMenu' '()V' in 'imgui/ImGui'
  #           [sp+0x70]  (sp of caller)
  0x0000021228781900: 6690 448b | 5208 443b 

  0x0000021228781908: ;   {runtime_call Shared Runtime ic_miss_blob}
  0x0000021228781908: 5008 0f85 | d0d1 a5ff 
[Verified Entry Point]
  0x0000021228781910: 8984 2400 | 80ff ff55 | 488b ec48 | 83ec 6090 | 4181 7f20 | 0100 0000 

  0x0000021228781928: ;   {runtime_call Stub::method_entry_barrier}
  0x0000021228781928: 7405 e811 

  0x000002122878192c: ;   {oop(a 'java/lang/Class'{0x00000007103cc3c8} = 'imgui/ImGui')}
  0x000002122878192c: 29a4 ff49 | bec8 c33c | 1007 0000 | 004c 8974 | 2450 4c8d | 7424 5049 | 8bd6 c5f8 

  0x0000021228781948: ;   {internal_word}
  0x0000021228781948: 7749 ba46 | 1978 2812 | 0200 004d | 8997 3004 | 0000 4989 | a728 0400 | 0049 8d8f | 4804 0000 
  0x0000021228781968: 41c7 87d4 | 0400 0004 

  0x0000021228781970: ;   {runtime_call}
  0x0000021228781970: 0000 0048 | b8d0 2b3f | 1afa 7f00 | 00ff d0c5 | f877 41c7 | 87d4 0400 | 0005 0000 | 00f0 8344 
  0x0000021228781990: 24c0 0049 | 3b6f 280f | 870e 0000 | 0041 83bf | d004 0000 | 000f 8423 | 0000 00c5 | f877 498b 
  0x00000212287819b0: cf4c 8be4 | 4883 ec20 | 4883 e4f0 

  0x00000212287819bc: ;   {runtime_call}
  0x00000212287819bc: 48b8 a0ac | a216 fa7f | 0000 ffd0 | 498b e44d | 33e4 41c7 | 87d4 0400 | 0008 0000 | 0041 83bf 
  0x00000212287819dc: 5005 0000 | 020f 8459 | 0000 0049 | c787 2804 | 0000 0000 | 0000 49c7 | 8730 0400 | 0000 0000 
  0x00000212287819fc: 00c5 f877 | 498b 8fb8 | 0400 00c7 | 8100 0100 | 0000 0000 

  0x0000021228781a10: ;   {poll_return}
  0x0000021228781a10: 00c9 41f6 | 4728 0174 

  0x0000021228781a18: ;   {internal_word}
  0x0000021228781a18: 1649 ba12 | 1a78 2812 | 0200 004d | 8997 e004 

  0x0000021228781a28: ;   {runtime_call SafepointBlob}
  0x0000021228781a28: 0000 e931 | f5a5 ff49 | 837f 0800 | 0f85 0100 

  0x0000021228781a38: ;   {runtime_call Stub::forward_exception}
  0x0000021228781a38: 0000 c3e9 | a0f7 a0ff | c5f8 774c | 8be4 4883 | ec20 4883 

  0x0000021228781a4c: ;   {runtime_call}
  0x0000021228781a4c: e4f0 48b8 | 10f7 db16 | fa7f 0000 | ffd0 498b | e44d 33e4 | eb85 f4f4 | f4f4 f4f4 
[/MachCode]


Compiled method (c1) 3271 1636       3       Rendering.ImGui.ImGuiMenubar::render (185 bytes)
 total in heap  [0x0000021220e5e008,0x0000021220e5f348] = 4928
 main code      [0x0000021220e5e100,0x0000021220e5f1b8] = 4280
 stub code      [0x0000021220e5f1b8,0x0000021220e5f278] = 192
 oops           [0x0000021220e5f278,0x0000021220e5f348] = 208
 mutable data [0x000002123f37acc0,0x000002123f37afa0] = 736
 relocation     [0x000002123f37acc0,0x000002123f37af50] = 656
 metadata       [0x000002123f37af50,0x000002123f37afa0] = 80
 immutable data [0x000002123f4a6cc0,0x000002123f4a72c8] = 1544
 dependencies   [0x000002123f4a6cc0,0x000002123f4a6cd8] = 24
 nul chk table  [0x000002123f4a6cd8,0x000002123f4a6ce8] = 16
 scopes pcs     [0x000002123f4a6ce8,0x000002123f4a7048] = 864
 scopes data    [0x000002123f4a7048,0x000002123f4a72c8] = 640

[Constant Pool (empty)]

[MachCode]
[Instructions begin]
  0x0000021220e5e100: 660f 1f84 | 0000 0000 | 0066 0f1f | 8400 0000 | 0000 448b | 5208 443b 

  0x0000021220e5e118: ;   {runtime_call Shared Runtime ic_miss_blob}
  0x0000021220e5e118: 5008 0f85 | c009 3807 
[Verified Entry Point]
  0x0000021220e5e120: 8984 2400 | 80ff ff55 | 4883 ec60 | 4181 7f20 | 0100 0000 

  0x0000021220e5e134: ;   {runtime_call Stub::method_entry_barrier}
  0x0000021220e5e134: 7405 e805 

  0x0000021220e5e138: ;   {metadata(method data for {method} {0x000002123843aea0} 'render' '()V' in 'Rendering/ImGui/ImGuiMenubar')}
  0x0000021220e5e138: 6136 0748 | be50 3297 | 3812 0200 | 008b be90 | 0000 0083 | c702 89be | 9000 0000 | 81e7 fe07 
  0x0000021220e5e158: 0000 85ff | 0f84 920c 

  0x0000021220e5e160: ;   {metadata(method data for {method} {0x000002123843aea0} 'render' '()V' in 'Rendering/ImGui/ImGuiMenubar')}
  0x0000021220e5e160: 0000 48be | 5032 9738 | 1202 0000 | 4883 86d8 | 0000 0001 

  0x0000021220e5e174: ;   {metadata(method data for {method} {0x0000021238638e68} 'beginMainMenuBar' '()Z' in 'imgui/ImGui')}
  0x0000021220e5e174: 48be 803a | 9738 1202 | 0000 8bbe | 9000 0000 | 83c7 0289 | be90 0000 | 0081 e7fe | ff1f 0085 
  0x0000021220e5e194: ff0f 847a 

  0x0000021220e5e198: ;   {metadata(method data for {method} {0x0000021238638e68} 'beginMainMenuBar' '()Z' in 'imgui/ImGui')}
  0x0000021220e5e198: 0c00 0048 | be80 3a97 | 3812 0200 | 0048 8386 | d800 0000 

  0x0000021220e5e1ac: ;   {static_call}
  0x0000021220e5e1ac: 0166 90e8 

  0x0000021220e5e1b0: ; ImmutableOopMap {}
                      ;*invokestatic nBeginMainMenuBar {reexecute=0 rethrow=0 return_oop=0}
                      ; - imgui.ImGui::beginMainMenuBar@0 (line 10091)
                      ; - Rendering.ImGui.ImGuiMenubar::render@0 (line 15)
  0x0000021220e5e1b0: 5cc6 9107 

  0x0000021220e5e1b4: ;   {post_call_nop}
  0x0000021220e5e1b4: 0f1f 8400 | ac01 0000 | 83e0 0185 

  0x0000021220e5e1c0: ;   {metadata(method data for {method} {0x000002123843aea0} 'render' '()V' in 'Rendering/ImGui/ImGuiMenubar')}
  0x0000021220e5e1c0: c048 ba50 | 3297 3812 | 0200 00be | e800 0000 | 7405 bef8 | 0000 0048 | 8b3c 3248 | 8d7f 0148 
  0x0000021220e5e1e0: 893c 320f | 84fb 0b00 

  0x0000021220e5e1e8: ;   {metadata(method data for {method} {0x000002123843aea0} 'render' '()V' in 'Rendering/ImGui/ImGuiMenubar')}
  0x0000021220e5e1e8: 0048 ba50 | 3297 3812 | 0200 0048 | 8382 0801 

  0x0000021220e5e1f8: ;   {metadata(method data for {method} {0x00000212386390f8} 'beginMenu' '(Ljava/lang/String;)Z' in 'imgui/ImGui')}
  0x0000021220e5e1f8: 0000 0148 | ba70 3d96 | 3812 0200 | 008b b290 | 0000 0083 | c602 89b2 | 9000 0000 | 81e6 feff 
  0x0000021220e5e218: 1f00 85f6 | 0f84 140c 

  0x0000021220e5e220: ;   {metadata(method data for {method} {0x00000212386390f8} 'beginMenu' '(Ljava/lang/String;)Z' in 'imgui/ImGui')}
  0x0000021220e5e220: 0000 48ba | 703d 9638 | 1202 0000 | 4883 82d8 | 0000 0001 

  0x0000021220e5e234: ;   {oop("File"{0x000000070fdd4b00})}
  0x0000021220e5e234: 48ba 004b | dd0f 0700 

  0x0000021220e5e23c: ;   {static_call}
  0x0000021220e5e23c: 0000 90e8 

  0x0000021220e5e240: ; ImmutableOopMap {}
                      ;*invokestatic nBeginMenu {reexecute=0 rethrow=0 return_oop=0}
                      ; - imgui.ImGui::beginMenu@1 (line 10113)
                      ; - Rendering.ImGui.ImGuiMenubar::render@8 (line 17)
  0x0000021220e5e240: 4c02 9107 

  0x0000021220e5e244: ;   {post_call_nop}
  0x0000021220e5e244: 0f1f 8400 | 3c02 0001 | 83e0 0185 

  0x0000021220e5e250: ;   {metadata(method data for {method} {0x000002123843aea0} 'render' '()V' in 'Rendering/ImGui/ImGuiMenubar')}
  0x0000021220e5e250: c048 ba50 | 3297 3812 | 0200 0041 | b818 0100 | 0074 0641 | b828 0100 | 004e 8b0c | 024d 8d49 
  0x0000021220e5e270: 014e 890c | 020f 84d1 

  0x0000021220e5e278: ;   {metadata(method data for {method} {0x000002123843aea0} 'render' '()V' in 'Rendering/ImGui/ImGuiMenubar')}
  0x0000021220e5e278: 0600 0048 | ba50 3297 | 3812 0200 | 0048 8382 | 3801 0000 

  0x0000021220e5e28c: ;   {metadata(method data for {method} {0x0000021238639a90} 'menuItem' '(Ljava/lang/String;Ljava/lang/String;ZZ)Z' in 'imgui/ImGui')}
  0x0000021220e5e28c: 0148 ba48 | 5896 3812 | 0200 0044 | 8b82 9000 | 0000 4183 | c002 4489 | 8290 0000 | 0041 81e0 
  0x0000021220e5e2ac: feff 1f00 | 4585 c00f | 849e 0b00 

  0x0000021220e5e2b8: ;   {metadata(method data for {method} {0x0000021238639a90} 'menuItem' '(Ljava/lang/String;Ljava/lang/String;ZZ)Z' in 'imgui/ImGui')}
  0x0000021220e5e2b8: 0048 ba48 | 5896 3812 | 0200 0048 | 8382 d800 

  0x0000021220e5e2c8: ;   {oop("New"{0x000000070fa377a0})}
  0x0000021220e5e2c8: 0000 0148 | baa0 77a3 | 0f07 0000 

  0x0000021220e5e2d4: ;   {oop("Ctrl+N"{0x000000070fa377d0})}
  0x0000021220e5e2d4: 0049 b8d0 | 77a3 0f07 | 0000 0041 | b900 0000 | 00bf 0100 | 0000 0f1f 

  0x0000021220e5e2ec: ;   {static_call}
  0x0000021220e5e2ec: 4400 00e8 

  0x0000021220e5e2f0: ; ImmutableOopMap {}
                      ;*invokestatic nMenuItem {reexecute=0 rethrow=0 return_oop=0}
                      ; - imgui.ImGui::menuItem@4 (line 10208)
                      ; - Rendering.ImGui.ImGuiMenubar::render@20 (line 18)
  0x0000021220e5e2f0: 1c27 9207 

  0x0000021220e5e2f4: ;   {post_call_nop}
  0x0000021220e5e2f4: 0f1f 8400 | ec02 0002 

  0x0000021220e5e2fc: ;   {metadata(method data for {method} {0x000002123843aea0} 'render' '()V' in 'Rendering/ImGui/ImGuiMenubar')}
  0x0000021220e5e2fc: 48ba 5032 | 9738 1202 | 0000 4883 | 8248 0100 

  0x0000021220e5e30c: ;   {metadata(method data for {method} {0x0000021238639a90} 'menuItem' '(Ljava/lang/String;Ljava/lang/String;ZZ)Z' in 'imgui/ImGui')}
  0x0000021220e5e30c: 0001 48ba | 4858 9638 | 1202 0000 | 448b 8290 | 0000 0041 | 83c0 0244 | 8982 9000 | 0000 4181 
  0x0000021220e5e32c: e0fe ff1f | 0045 85c0 | 0f84 3e0b 

  0x0000021220e5e338: ;   {metadata(method data for {method} {0x0000021238639a90} 'menuItem' '(Ljava/lang/String;Ljava/lang/String;ZZ)Z' in 'imgui/ImGui')}
  0x0000021220e5e338: 0000 48ba | 4858 9638 | 1202 0000 | 4883 82d8 | 0000 0001 

  0x0000021220e5e34c: ;   {oop("Open"{0x000000070fa37998})}
  0x0000021220e5e34c: 48ba 9879 | a30f 0700 

  0x0000021220e5e354: ;   {oop("Ctrl+O"{0x000000070fa379c8})}
  0x0000021220e5e354: 0000 49b8 | c879 a30f | 0700 0000 | 41b9 0000 | 0000 bf01 | 0000 000f 

  0x0000021220e5e36c: ;   {static_call}
  0x0000021220e5e36c: 1f40 00e8 

  0x0000021220e5e370: ; ImmutableOopMap {}
                      ;*invokestatic nMenuItem {reexecute=0 rethrow=0 return_oop=0}
                      ; - imgui.ImGui::menuItem@4 (line 10208)
                      ; - Rendering.ImGui.ImGuiMenubar::render@30 (line 19)
  0x0000021220e5e370: 9c26 9207 

  0x0000021220e5e374: ;   {post_call_nop}
  0x0000021220e5e374: 0f1f 8400 | 6c03 0003 

  0x0000021220e5e37c: ;   {metadata(method data for {method} {0x000002123843aea0} 'render' '()V' in 'Rendering/ImGui/ImGuiMenubar')}
  0x0000021220e5e37c: 48ba 5032 | 9738 1202 | 0000 4883 | 8258 0100 

  0x0000021220e5e38c: ;   {metadata(method data for {method} {0x00000212386391b0} 'beginMenu' '(Ljava/lang/String;Z)Z' in 'imgui/ImGui')}
  0x0000021220e5e38c: 0001 48ba | a03b 9738 | 1202 0000 | 448b 8290 | 0000 0041 | 83c0 0244 | 8982 9000 | 0000 4181 
  0x0000021220e5e3ac: e0fe ff1f | 0045 85c0 | 0f84 df0a 

  0x0000021220e5e3b8: ;   {metadata(method data for {method} {0x00000212386391b0} 'beginMenu' '(Ljava/lang/String;Z)Z' in 'imgui/ImGui')}
  0x0000021220e5e3b8: 0000 48ba | a03b 9738 | 1202 0000 | 4883 82d8 | 0000 0001 

  0x0000021220e5e3cc: ;   {oop("Open Recent"{0x000000070fa379f8})}
  0x0000021220e5e3cc: 48ba f879 | a30f 0700 | 0000 41b8 | 0000 0000 

  0x0000021220e5e3dc: ;   {static_call}
  0x0000021220e5e3dc: 6666 90e8 

  0x0000021220e5e3e0: ; ImmutableOopMap {}
                      ;*invokestatic nBeginMenu {reexecute=0 rethrow=0 return_oop=0}
                      ; - imgui.ImGui::beginMenu@2 (line 10120)
                      ; - Rendering.ImGui.ImGuiMenubar::render@37 (line 21)
  0x0000021220e5e3e0: 2c32 9207 

  0x0000021220e5e3e4: ;   {post_call_nop}
  0x0000021220e5e3e4: 0f1f 8400 | dc03 0004 | 83e0 0185 

  0x0000021220e5e3f0: ;   {metadata(method data for {method} {0x000002123843aea0} 'render' '()V' in 'Rendering/ImGui/ImGuiMenubar')}
  0x0000021220e5e3f0: c048 ba50 | 3297 3812 | 0200 0041 | b868 0100 | 0074 0641 | b878 0100 | 004e 8b0c | 024d 8d49 
  0x0000021220e5e410: 014e 890c | 020f 8459 

  0x0000021220e5e418: ;   {metadata(method data for {method} {0x000002123843aea0} 'render' '()V' in 'Rendering/ImGui/ImGuiMenubar')}
  0x0000021220e5e418: 0100 0048 | ba50 3297 | 3812 0200 | 0048 8382 | 8801 0000 

  0x0000021220e5e42c: ;   {metadata(method data for {method} {0x0000021238639a90} 'menuItem' '(Ljava/lang/String;Ljava/lang/String;ZZ)Z' in 'imgui/ImGui')}
  0x0000021220e5e42c: 0148 ba48 | 5896 3812 | 0200 0044 | 8b82 9000 | 0000 4183 | c002 4489 | 8290 0000 | 0041 81e0 
  0x0000021220e5e44c: feff 1f00 | 4585 c00f | 8461 0a00 

  0x0000021220e5e458: ;   {metadata(method data for {method} {0x0000021238639a90} 'menuItem' '(Ljava/lang/String;Ljava/lang/String;ZZ)Z' in 'imgui/ImGui')}
  0x0000021220e5e458: 0048 ba48 | 5896 3812 | 0200 0048 | 8382 d800 

  0x0000021220e5e468: ;   {oop("File 1"{0x0000000710800408})}
  0x0000021220e5e468: 0000 0148 | ba08 0480 | 1007 0000 

  0x0000021220e5e474: ;   {oop(nullptr)}
  0x0000021220e5e474: 0049 b800 | 0000 0000 | 0000 0041 | b900 0000 | 00bf 0100 | 0000 0f1f 

  0x0000021220e5e48c: ;   {static_call}
  0x0000021220e5e48c: 4400 00e8 

  0x0000021220e5e490: ; ImmutableOopMap {}
                      ;*invokestatic nMenuItem {reexecute=0 rethrow=0 return_oop=0}
                      ; - imgui.ImGui::menuItem@4 (line 10208)
                      ; - Rendering.ImGui.ImGuiMenubar::render@48 (line 22)
  0x0000021220e5e490: 4c0f 3807 

  0x0000021220e5e494: ;   {post_call_nop}
  0x0000021220e5e494: 0f1f 8400 | 8c04 0005 

  0x0000021220e5e49c: ;   {metadata(method data for {method} {0x000002123843aea0} 'render' '()V' in 'Rendering/ImGui/ImGuiMenubar')}
  0x0000021220e5e49c: 48ba 5032 | 9738 1202 | 0000 4883 | 8298 0100 

  0x0000021220e5e4ac: ;   {metadata(method data for {method} {0x0000021238639a90} 'menuItem' '(Ljava/lang/String;Ljava/lang/String;ZZ)Z' in 'imgui/ImGui')}
  0x0000021220e5e4ac: 0001 48ba | 4858 9638 | 1202 0000 | 448b 8290 | 0000 0041 | 83c0 0244 | 8982 9000 | 0000 4181 
  0x0000021220e5e4cc: e0fe ff1f | 0045 85c0 | 0f84 010a 

  0x0000021220e5e4d8: ;   {metadata(method data for {method} {0x0000021238639a90} 'menuItem' '(Ljava/lang/String;Ljava/lang/String;ZZ)Z' in 'imgui/ImGui')}
  0x0000021220e5e4d8: 0000 48ba | 4858 9638 | 1202 0000 | 4883 82d8 | 0000 0001 

  0x0000021220e5e4ec: ;   {oop("File 2"{0x0000000710800438})}
  0x0000021220e5e4ec: 48ba 3804 | 8010 0700 

  0x0000021220e5e4f4: ;   {oop(nullptr)}
  0x0000021220e5e4f4: 0000 49b8 | 0000 0000 | 0000 0000 | 41b9 0000 | 0000 bf01 | 0000 000f 

  0x0000021220e5e50c: ;   {static_call}
  0x0000021220e5e50c: 1f40 00e8 

  0x0000021220e5e510: ; ImmutableOopMap {}
                      ;*invokestatic nMenuItem {reexecute=0 rethrow=0 return_oop=0}
                      ; - imgui.ImGui::menuItem@4 (line 10208)
                      ; - Rendering.ImGui.ImGuiMenubar::render@57 (line 23)
  0x0000021220e5e510: cc0e 3807 

  0x0000021220e5e514: ;   {post_call_nop}
  0x0000021220e5e514: 0f1f 8400 | 0c05 0006 

  0x0000021220e5e51c: ;   {metadata(method data for {method} {0x000002123843aea0} 'render' '()V' in 'Rendering/ImGui/ImGuiMenubar')}
  0x0000021220e5e51c: 48be 5032 | 9738 1202 | 0000 4883 | 86a8 0100 

  0x0000021220e5e52c: ;   {metadata(method data for {method} {0x0000021238639390} 'endMenu' '()V' in 'imgui/ImGui')}
  0x0000021220e5e52c: 0001 48be | d03c 9738 | 1202 0000 | 8bbe 9000 | 0000 83c7 | 0289 be90 | 0000 0081 | e7fe ff1f 
  0x0000021220e5e54c: 0085 ff0f | 84a7 0900 

  0x0000021220e5e554: ;   {metadata(method data for {method} {0x0000021238639390} 'endMenu' '()V' in 'imgui/ImGui')}
  0x0000021220e5e554: 0048 bed0 | 3c97 3812 | 0200 0048 | 8386 d800 

  0x0000021220e5e564: ;   {static_call}
  0x0000021220e5e564: 0000 01e8 

  0x0000021220e5e568: ; ImmutableOopMap {}
                      ;*invokestatic nEndMenu {reexecute=0 rethrow=0 return_oop=0}
                      ; - imgui.ImGui::endMenu@0 (line 10141)
                      ; - Rendering.ImGui.ImGuiMenubar::render@61 (line 24)
  0x0000021220e5e568: 740e 3807 

  0x0000021220e5e56c: ;   {post_call_nop}
  0x0000021220e5e56c: 0f1f 8400 | 6405 0007 

  0x0000021220e5e574: ;   {metadata(method data for {method} {0x000002123843aea0} 'render' '()V' in 'Rendering/ImGui/ImGuiMenubar')}
  0x0000021220e5e574: 48ba 5032 | 9738 1202 | 0000 4883 | 82b8 0100 

  0x0000021220e5e584: ;   {metadata(method data for {method} {0x0000021238639a90} 'menuItem' '(Ljava/lang/String;Ljava/lang/String;ZZ)Z' in 'imgui/ImGui')}
  0x0000021220e5e584: 0001 48ba | 4858 9638 | 1202 0000 | 448b 8290 | 0000 0041 | 83c0 0244 | 8982 9000 | 0000 4181 
  0x0000021220e5e5a4: e0fe ff1f | 0045 85c0 | 0f84 6b09 

  0x0000021220e5e5b0: ;   {metadata(method data for {method} {0x0000021238639a90} 'menuItem' '(Ljava/lang/String;Ljava/lang/String;ZZ)Z' in 'imgui/ImGui')}
  0x0000021220e5e5b0: 0000 48ba | 4858 9638 | 1202 0000 | 4883 82d8 | 0000 0001 

  0x0000021220e5e5c4: ;   {oop("Save"{0x000000070fa37bb8})}
  0x0000021220e5e5c4: 48ba b87b | a30f 0700 

  0x0000021220e5e5cc: ;   {oop("Ctrl+S"{0x000000070fa37be8})}
  0x0000021220e5e5cc: 0000 49b8 | e87b a30f | 0700 0000 | 41b9 0000 | 0000 bf01 | 0000 000f 

  0x0000021220e5e5e4: ;   {static_call}
  0x0000021220e5e5e4: 1f40 00e8 

  0x0000021220e5e5e8: ; ImmutableOopMap {}
                      ;*invokestatic nMenuItem {reexecute=0 rethrow=0 return_oop=0}
                      ; - imgui.ImGui::menuItem@4 (line 10208)
                      ; - Rendering.ImGui.ImGuiMenubar::render@70 (line 26)
  0x0000021220e5e5e8: 2424 9207 

  0x0000021220e5e5ec: ;   {post_call_nop}
  0x0000021220e5e5ec: 0f1f 8400 | e405 0008 

  0x0000021220e5e5f4: ;   {metadata(method data for {method} {0x000002123843aea0} 'render' '()V' in 'Rendering/ImGui/ImGuiMenubar')}
  0x0000021220e5e5f4: 48ba 5032 | 9738 1202 | 0000 4883 | 82c8 0100 

  0x0000021220e5e604: ;   {metadata(method data for {method} {0x0000021238639a90} 'menuItem' '(Ljava/lang/String;Ljava/lang/String;ZZ)Z' in 'imgui/ImGui')}
  0x0000021220e5e604: 0001 48ba | 4858 9638 | 1202 0000 | 448b 8290 | 0000 0041 | 83c0 0244 | 8982 9000 | 0000 4181 
  0x0000021220e5e624: e0fe ff1f | 0045 85c0 | 0f84 0c09 

  0x0000021220e5e630: ;   {metadata(method data for {method} {0x0000021238639a90} 'menuItem' '(Ljava/lang/String;Ljava/lang/String;ZZ)Z' in 'imgui/ImGui')}
  0x0000021220e5e630: 0000 48ba | 4858 9638 | 1202 0000 | 4883 82d8 | 0000 0001 

  0x0000021220e5e644: ;   {oop("Save As..."{0x000000070fa37c18})}
  0x0000021220e5e644: 48ba 187c | a30f 0700 

  0x0000021220e5e64c: ;   {oop(nullptr)}
  0x0000021220e5e64c: 0000 49b8 | 0000 0000 | 0000 0000 | 41b9 0000 | 0000 bf01 | 0000 000f 

  0x0000021220e5e664: ;   {static_call}
  0x0000021220e5e664: 1f40 00e8 

  0x0000021220e5e668: ; ImmutableOopMap {}
                      ;*invokestatic nMenuItem {reexecute=0 rethrow=0 return_oop=0}
                      ; - imgui.ImGui::menuItem@4 (line 10208)
                      ; - Rendering.ImGui.ImGuiMenubar::render@79 (line 27)
  0x0000021220e5e668: a423 9207 

  0x0000021220e5e66c: ;   {post_call_nop}
  0x0000021220e5e66c: 0f1f 8400 | 6406 0009 

  0x0000021220e5e674: ;   {metadata(method data for {method} {0x000002123843aea0} 'render' '()V' in 'Rendering/ImGui/ImGuiMenubar')}
  0x0000021220e5e674: 48be 5032 | 9738 1202 | 0000 4883 | 86d8 0100 

  0x0000021220e5e684: ;   {metadata(method data for {method} {0x0000021238604fa8} 'separator' '()V' in 'imgui/ImGui')}
  0x0000021220e5e684: 0001 48be | 2857 9638 | 1202 0000 | 8bbe 9000 | 0000 83c7 | 0289 be90 | 0000 0081 | e7fe ff1f 
  0x0000021220e5e6a4: 0085 ff0f | 84b2 0800 

  0x0000021220e5e6ac: ;   {metadata(method data for {method} {0x0000021238604fa8} 'separator' '()V' in 'imgui/ImGui')}
  0x0000021220e5e6ac: 0048 be28 | 5796 3812 | 0200 0048 | 8386 d800 

  0x0000021220e5e6bc: ;   {static_call}
  0x0000021220e5e6bc: 0000 01e8 

  0x0000021220e5e6c0: ; ImmutableOopMap {}
                      ;*invokestatic nSeparator {reexecute=0 rethrow=0 return_oop=0}
                      ; - imgui.ImGui::separator@0 (line 2550)
                      ; - Rendering.ImGui.ImGuiMenubar::render@83 (line 28)
  0x0000021220e5e6c0: 4cd3 9107 

  0x0000021220e5e6c4: ;   {post_call_nop}
  0x0000021220e5e6c4: 0f1f 8400 | bc06 000a 

  0x0000021220e5e6cc: ;   {metadata(method data for {method} {0x000002123843aea0} 'render' '()V' in 'Rendering/ImGui/ImGuiMenubar')}
  0x0000021220e5e6cc: 48ba 5032 | 9738 1202 | 0000 4883 | 82e8 0100 

  0x0000021220e5e6dc: ;   {metadata(method data for {method} {0x0000021238639a90} 'menuItem' '(Ljava/lang/String;Ljava/lang/String;ZZ)Z' in 'imgui/ImGui')}
  0x0000021220e5e6dc: 0001 48ba | 4858 9638 | 1202 0000 | 448b 8290 | 0000 0041 | 83c0 0244 | 8982 9000 | 0000 4181 
  0x0000021220e5e6fc: e0fe ff1f | 0045 85c0 | 0f84 7608 

  0x0000021220e5e708: ;   {metadata(method data for {method} {0x0000021238639a90} 'menuItem' '(Ljava/lang/String;Ljava/lang/String;ZZ)Z' in 'imgui/ImGui')}
  0x0000021220e5e708: 0000 48ba | 4858 9638 | 1202 0000 | 4883 82d8 | 0000 0001 

  0x0000021220e5e71c: ;   {oop("Quit"{0x000000070fa37c50})}
  0x0000021220e5e71c: 48ba 507c | a30f 0700 

  0x0000021220e5e724: ;   {oop("Alt+F4"{0x000000070fa37c80})}
  0x0000021220e5e724: 0000 49b8 | 807c a30f | 0700 0000 | 41b9 0000 | 0000 bf01 | 0000 000f 

  0x0000021220e5e73c: ;   {static_call}
  0x0000021220e5e73c: 1f40 00e8 

  0x0000021220e5e740: ; ImmutableOopMap {}
                      ;*invokestatic nMenuItem {reexecute=0 rethrow=0 return_oop=0}
                      ; - imgui.ImGui::menuItem@4 (line 10208)
                      ; - Rendering.ImGui.ImGuiMenubar::render@92 (line 30)
  0x0000021220e5e740: cc22 9207 

  0x0000021220e5e744: ;   {post_call_nop}
  0x0000021220e5e744: 0f1f 8400 | 3c07 000b | 83e0 0185 

  0x0000021220e5e750: ;   {metadata(method data for {method} {0x000002123843aea0} 'render' '()V' in 'Rendering/ImGui/ImGuiMenubar')}
  0x0000021220e5e750: c048 ba50 | 3297 3812 | 0200 00be | f801 0000 | 7405 be08 | 0200 0048 | 8b3c 3248 | 8d7f 0148 
  0x0000021220e5e770: 893c 320f | 847b 0100 

  0x0000021220e5e778: ;   {metadata(method data for {method} {0x000002123843aea0} 'render' '()V' in 'Rendering/ImGui/ImGuiMenubar')}
  0x0000021220e5e778: 0048 ba50 | 3297 3812 | 0200 0048 | 8382 1802 

  0x0000021220e5e788: ;   {metadata(method data for {method} {0x00000212384016d8} 'get' '()LJade/Window;' in 'Jade/Window')}
  0x0000021220e5e788: 0000 0148 | baa0 0596 | 3812 0200 | 008b b290 | 0000 0083 | c602 89b2 | 9000 0000 | 81e6 feff 
  0x0000021220e5e7a8: 1f00 85f6 | 0f84 ef07 

  0x0000021220e5e7b0: ;   {oop(a 'java/lang/Class'{0x0000000710a690a8} = 'Jade/Window')}
  0x0000021220e5e7b0: 0000 48ba | a890 a610 | 0700 0000 | 8b52 7848 | c1e2 0348 

  0x0000021220e5e7c4: ;   {metadata(method data for {method} {0x00000212384016d8} 'get' '()LJade/Window;' in 'Jade/Window')}
  0x0000021220e5e7c4: 85d2 48ba | a005 9638 | 1202 0000 | bed8 0000 | 0075 05be | e800 0000 | 488b 3c32 | 488d 7f01 
  0x0000021220e5e7e4: 4889 3c32 | 0f85 b900 

  0x0000021220e5e7ec: ;   {metadata('Jade/Window')}
  0x0000021220e5e7ec: 0000 48ba | 1002 0483 | 0000 0000 | 498b 87c8 | 0100 0048 | 8d78 2849 | 3bbf d801 | 0000 0f87 
  0x0000021220e5e80c: b207 0000 | 4989 bfc8 | 0100 0048 | c700 0100 | 0000 488b | ca41 ba00 | 0000 8249 | 2bca 8948 
  0x0000021220e5e82c: 0848 33c9 | 8948 0c48 | 33c9 4889 | 4810 4889 | 4818 4889 | 4820 488b 

  0x0000021220e5e844: ;   {metadata(method data for {method} {0x00000212384016d8} 'get' '()LJade/Window;' in 'Jade/Window')}
  0x0000021220e5e844: d048 bea0 | 0596 3812 | 0200 0048 | 8386 f800 | 0000 0148 | 8bd0 4889 

  0x0000021220e5e85c: ;   {optimized virtual_call}
  0x0000021220e5e85c: 4424 50e8 

  0x0000021220e5e860: ; ImmutableOopMap {[80]=Oop }
                      ;*invokespecial <init> {reexecute=0 rethrow=0 return_oop=0}
                      ; - Jade.Window::get@10 (line 71)
                      ; - Rendering.ImGui.ImGuiMenubar::render@98 (line 30)
  0x0000021220e5e860: 7c05 3807 

  0x0000021220e5e864: ;   {post_call_nop}
  0x0000021220e5e864: 0f1f 8400 | 5c08 000c 

  0x0000021220e5e86c: ;   {oop(a 'java/lang/Class'{0x0000000710a690a8} = 'Jade/Window')}
  0x0000021220e5e86c: 48ba a890 | a610 0700 | 0000 410f | be77 4885 | f60f 854c | 0700 0048 | 8b44 2450 | 4c8b d049 
  0x0000021220e5e88c: c1ea 0344 | 8952 7848 | 8bf2 4833 | f048 c1ee | 1548 83fe | 000f 8547 

  0x0000021220e5e8a4: ;   {oop(a 'java/lang/Class'{0x0000000710a690a8} = 'Jade/Window')}
  0x0000021220e5e8a4: 0700 0048 | baa8 90a6 | 1007 0000 | 008b 5278 | 48c1 e203 

  0x0000021220e5e8b8: ; implicit exception: dispatches to 0x0000021220e5f006
  0x0000021220e5e8b8: 483b 0248 

  0x0000021220e5e8bc: ;   {metadata(method data for {method} {0x000002123843aea0} 'render' '()V' in 'Rendering/ImGui/ImGuiMenubar')}
  0x0000021220e5e8bc: 8bf2 48bf | 5032 9738 | 1202 0000 

  0x0000021220e5e8c8: ;   {metadata('Jade/Window')}
  0x0000021220e5e8c8: 49ba 1002 | 0483 0000 | 0000 4c89 | 9730 0200 | 0048 8387 | 3802 0000 | 0166 0f1f 

  0x0000021220e5e8e4: ;   {optimized virtual_call}
  0x0000021220e5e8e4: 4400 00e8 

  0x0000021220e5e8e8: ; ImmutableOopMap {}
                      ;*invokevirtual destroy {reexecute=0 rethrow=0 return_oop=0}
                      ; - Rendering.ImGui.ImGuiMenubar::render@101 (line 30)
  0x0000021220e5e8e8: d108 0000 

  0x0000021220e5e8ec: ;   {post_call_nop}
  0x0000021220e5e8ec: 0f1f 8400 | e408 000d 

  0x0000021220e5e8f4: ;   {metadata(method data for {method} {0x000002123843aea0} 'render' '()V' in 'Rendering/ImGui/ImGuiMenubar')}
  0x0000021220e5e8f4: 48be 5032 | 9738 1202 | 0000 4883 | 8658 0200 

  0x0000021220e5e904: ;   {metadata(method data for {method} {0x0000021238639390} 'endMenu' '()V' in 'imgui/ImGui')}
  0x0000021220e5e904: 0001 48be | d03c 9738 | 1202 0000 | 8bbe 9000 | 0000 83c7 | 0289 be90 | 0000 0081 | e7fe ff1f 
  0x0000021220e5e924: 0085 ff0f | 84de 0600 

  0x0000021220e5e92c: ;   {metadata(method data for {method} {0x0000021238639390} 'endMenu' '()V' in 'imgui/ImGui')}
  0x0000021220e5e92c: 0048 bed0 | 3c97 3812 | 0200 0048 | 8386 d800 

  0x0000021220e5e93c: ;   {static_call}
  0x0000021220e5e93c: 0000 01e8 

  0x0000021220e5e940: ; ImmutableOopMap {}
                      ;*invokestatic nEndMenu {reexecute=0 rethrow=0 return_oop=0}
                      ; - imgui.ImGui::endMenu@0 (line 10141)
                      ; - Rendering.ImGui.ImGuiMenubar::render@104 (line 31)
  0x0000021220e5e940: cc2f 9207 

  0x0000021220e5e944: ;   {post_call_nop}
  0x0000021220e5e944: 0f1f 8400 | 3c09 000e 

  0x0000021220e5e94c: ;   {metadata(method data for {method} {0x000002123843aea0} 'render' '()V' in 'Rendering/ImGui/ImGuiMenubar')}
  0x0000021220e5e94c: 48ba 5032 | 9738 1202 | 0000 4883 | 8268 0200 

  0x0000021220e5e95c: ;   {metadata(method data for {method} {0x00000212386390f8} 'beginMenu' '(Ljava/lang/String;)Z' in 'imgui/ImGui')}
  0x0000021220e5e95c: 0001 48ba | 703d 9638 | 1202 0000 | 8bb2 9000 | 0000 83c6 | 0289 b290 | 0000 0081 | e6fe ff1f 
  0x0000021220e5e97c: 0085 f60f | 84a7 0600 

  0x0000021220e5e984: ;   {metadata(method data for {method} {0x00000212386390f8} 'beginMenu' '(Ljava/lang/String;)Z' in 'imgui/ImGui')}
  0x0000021220e5e984: 0048 ba70 | 3d96 3812 | 0200 0048 | 8382 d800 

  0x0000021220e5e994: ;   {oop("Edit"{0x000000070fdd4cb0})}
  0x0000021220e5e994: 0000 0148 | bab0 4cdd | 0f07 0000 | 0066 0f1f 

  0x0000021220e5e9a4: ;   {static_call}
  0x0000021220e5e9a4: 4400 00e8 

  0x0000021220e5e9a8: ; ImmutableOopMap {}
                      ;*invokestatic nBeginMenu {reexecute=0 rethrow=0 return_oop=0}
                      ; - imgui.ImGui::beginMenu@1 (line 10113)
                      ; - Rendering.ImGui.ImGuiMenubar::render@109 (line 34)
  0x0000021220e5e9a8: e4fa 9007 

  0x0000021220e5e9ac: ;   {post_call_nop}
  0x0000021220e5e9ac: 0f1f 8400 | a409 000f | 83e0 0185 

  0x0000021220e5e9b8: ;   {metadata(method data for {method} {0x000002123843aea0} 'render' '()V' in 'Rendering/ImGui/ImGuiMenubar')}
  0x0000021220e5e9b8: c048 ba50 | 3297 3812 | 0200 0041 | b878 0200 | 0074 0641 | b888 0200 | 004e 8b0c | 024d 8d49 
  0x0000021220e5e9d8: 014e 890c | 020f 84a9 

  0x0000021220e5e9e0: ;   {metadata(method data for {method} {0x000002123843aea0} 'render' '()V' in 'Rendering/ImGui/ImGuiMenubar')}
  0x0000021220e5e9e0: 0300 0048 | ba50 3297 | 3812 0200 | 0048 8382 | 9802 0000 

  0x0000021220e5e9f4: ;   {metadata(method data for {method} {0x0000021238639a90} 'menuItem' '(Ljava/lang/String;Ljava/lang/String;ZZ)Z' in 'imgui/ImGui')}
  0x0000021220e5e9f4: 0148 ba48 | 5896 3812 | 0200 0044 | 8b82 9000 | 0000 4183 | c002 4489 | 8290 0000 | 0041 81e0 
  0x0000021220e5ea14: feff 1f00 | 4585 c00f | 842c 0600 

  0x0000021220e5ea20: ;   {metadata(method data for {method} {0x0000021238639a90} 'menuItem' '(Ljava/lang/String;Ljava/lang/String;ZZ)Z' in 'imgui/ImGui')}
  0x0000021220e5ea20: 0048 ba48 | 5896 3812 | 0200 0048 | 8382 d800 

  0x0000021220e5ea30: ;   {oop("Copy"{0x0000000710800468})}
  0x0000021220e5ea30: 0000 0148 | ba68 0480 | 1007 0000 

  0x0000021220e5ea3c: ;   {oop("Ctrl+C"{0x0000000710800498})}
  0x0000021220e5ea3c: 0049 b898 | 0480 1007 | 0000 0041 | b900 0000 | 00bf 0000 | 0000 0f1f 

  0x0000021220e5ea54: ;   {static_call}
  0x0000021220e5ea54: 4400 00e8 

  0x0000021220e5ea58: ; ImmutableOopMap {}
                      ;*invokestatic nMenuItem {reexecute=0 rethrow=0 return_oop=0}
                      ; - imgui.ImGui::menuItem@4 (line 10208)
                      ; - Rendering.ImGui.ImGuiMenubar::render@121 (line 35)
  0x0000021220e5ea58: 8409 3807 

  0x0000021220e5ea5c: ;   {post_call_nop}
  0x0000021220e5ea5c: 0f1f 8400 | 540a 0010 

  0x0000021220e5ea64: ;   {metadata(method data for {method} {0x000002123843aea0} 'render' '()V' in 'Rendering/ImGui/ImGuiMenubar')}
  0x0000021220e5ea64: 48ba 5032 | 9738 1202 | 0000 4883 | 82a8 0200 

  0x0000021220e5ea74: ;   {metadata(method data for {method} {0x0000021238639a90} 'menuItem' '(Ljava/lang/String;Ljava/lang/String;ZZ)Z' in 'imgui/ImGui')}
  0x0000021220e5ea74: 0001 48ba | 4858 9638 | 1202 0000 | 448b 8290 | 0000 0041 | 83c0 0244 | 8982 9000 | 0000 4181 
  0x0000021220e5ea94: e0fe ff1f | 0045 85c0 | 0f84 cc05 

  0x0000021220e5eaa0: ;   {metadata(method data for {method} {0x0000021238639a90} 'menuItem' '(Ljava/lang/String;Ljava/lang/String;ZZ)Z' in 'imgui/ImGui')}
  0x0000021220e5eaa0: 0000 48ba | 4858 9638 | 1202 0000 | 4883 82d8 | 0000 0001 

  0x0000021220e5eab4: ;   {oop("Paste"{0x00000007108004c8})}
  0x0000021220e5eab4: 48ba c804 | 8010 0700 

  0x0000021220e5eabc: ;   {oop("Ctrl+V"{0x00000007108004f8})}
  0x0000021220e5eabc: 0000 49b8 | f804 8010 | 0700 0000 | 41b9 0000 | 0000 bf00 | 0000 000f 

  0x0000021220e5ead4: ;   {static_call}
  0x0000021220e5ead4: 1f40 00e8 

  0x0000021220e5ead8: ; ImmutableOopMap {}
                      ;*invokestatic nMenuItem {reexecute=0 rethrow=0 return_oop=0}
                      ; - imgui.ImGui::menuItem@4 (line 10208)
                      ; - Rendering.ImGui.ImGuiMenubar::render@131 (line 36)
  0x0000021220e5ead8: 0409 3807 

  0x0000021220e5eadc: ;   {post_call_nop}
  0x0000021220e5eadc: 0f1f 8400 | d40a 0011 

  0x0000021220e5eae4: ;   {metadata(method data for {method} {0x000002123843aea0} 'render' '()V' in 'Rendering/ImGui/ImGuiMenubar')}
  0x0000021220e5eae4: 48ba 5032 | 9738 1202 | 0000 4883 | 82b8 0200 

  0x0000021220e5eaf4: ;   {metadata(method data for {method} {0x0000021238639a90} 'menuItem' '(Ljava/lang/String;Ljava/lang/String;ZZ)Z' in 'imgui/ImGui')}
  0x0000021220e5eaf4: 0001 48ba | 4858 9638 | 1202 0000 | 448b 8290 | 0000 0041 | 83c0 0244 | 8982 9000 | 0000 4181 
  0x0000021220e5eb14: e0fe ff1f | 0045 85c0 | 0f84 6d05 

  0x0000021220e5eb20: ;   {metadata(method data for {method} {0x0000021238639a90} 'menuItem' '(Ljava/lang/String;Ljava/lang/String;ZZ)Z' in 'imgui/ImGui')}
  0x0000021220e5eb20: 0000 48ba | 4858 9638 | 1202 0000 | 4883 82d8 | 0000 0001 

  0x0000021220e5eb34: ;   {oop("Cut"{0x0000000710800528})}
  0x0000021220e5eb34: 48ba 2805 | 8010 0700 

  0x0000021220e5eb3c: ;   {oop("Ctrl+X"{0x0000000710800558})}
  0x0000021220e5eb3c: 0000 49b8 | 5805 8010 | 0700 0000 | 41b9 0000 | 0000 bf00 | 0000 000f 

  0x0000021220e5eb54: ;   {static_call}
  0x0000021220e5eb54: 1f40 00e8 

  0x0000021220e5eb58: ; ImmutableOopMap {}
                      ;*invokestatic nMenuItem {reexecute=0 rethrow=0 return_oop=0}
                      ; - imgui.ImGui::menuItem@4 (line 10208)
                      ; - Rendering.ImGui.ImGuiMenubar::render@141 (line 37)
  0x0000021220e5eb58: 8408 3807 

  0x0000021220e5eb5c: ;   {post_call_nop}
  0x0000021220e5eb5c: 0f1f 8400 | 540b 0012 

  0x0000021220e5eb64: ;   {metadata(method data for {method} {0x000002123843aea0} 'render' '()V' in 'Rendering/ImGui/ImGuiMenubar')}
  0x0000021220e5eb64: 48ba 5032 | 9738 1202 | 0000 4883 | 82c8 0200 

  0x0000021220e5eb74: ;   {metadata(method data for {method} {0x0000021238639a90} 'menuItem' '(Ljava/lang/String;Ljava/lang/String;ZZ)Z' in 'imgui/ImGui')}
  0x0000021220e5eb74: 0001 48ba | 4858 9638 | 1202 0000 | 448b 8290 | 0000 0041 | 83c0 0244 | 8982 9000 | 0000 4181 
  0x0000021220e5eb94: e0fe ff1f | 0045 85c0 | 0f84 0e05 

  0x0000021220e5eba0: ;   {metadata(method data for {method} {0x0000021238639a90} 'menuItem' '(Ljava/lang/String;Ljava/lang/String;ZZ)Z' in 'imgui/ImGui')}
  0x0000021220e5eba0: 0000 48ba | 4858 9638 | 1202 0000 | 4883 82d8 | 0000 0001 

  0x0000021220e5ebb4: ;   {oop("Delete"{0x0000000710800588})}
  0x0000021220e5ebb4: 49b8 8805 | 8010 0700 | 0000 498b | d041 b900 | 0000 00bf | 0000 0000 

  0x0000021220e5ebcc: ;   {static_call}
  0x0000021220e5ebcc: 6666 90e8 

  0x0000021220e5ebd0: ; ImmutableOopMap {}
                      ;*invokestatic nMenuItem {reexecute=0 rethrow=0 return_oop=0}
                      ; - imgui.ImGui::menuItem@4 (line 10208)
                      ; - Rendering.ImGui.ImGuiMenubar::render@151 (line 38)
  0x0000021220e5ebd0: 0c08 3807 

  0x0000021220e5ebd4: ;   {post_call_nop}
  0x0000021220e5ebd4: 0f1f 8400 | cc0b 0013 

  0x0000021220e5ebdc: ;   {metadata(method data for {method} {0x000002123843aea0} 'render' '()V' in 'Rendering/ImGui/ImGuiMenubar')}
  0x0000021220e5ebdc: 48be 5032 | 9738 1202 | 0000 4883 | 86d8 0200 

  0x0000021220e5ebec: ;   {metadata(method data for {method} {0x0000021238604fa8} 'separator' '()V' in 'imgui/ImGui')}
  0x0000021220e5ebec: 0001 48be | 2857 9638 | 1202 0000 | 8bbe 9000 | 0000 83c7 | 0289 be90 | 0000 0081 | e7fe ff1f 
  0x0000021220e5ec0c: 0085 ff0f | 84bc 0400 

  0x0000021220e5ec14: ;   {metadata(method data for {method} {0x0000021238604fa8} 'separator' '()V' in 'imgui/ImGui')}
  0x0000021220e5ec14: 0048 be28 | 5796 3812 | 0200 0048 | 8386 d800 

  0x0000021220e5ec24: ;   {static_call}
  0x0000021220e5ec24: 0000 01e8 

  0x0000021220e5ec28: ; ImmutableOopMap {}
                      ;*invokestatic nSeparator {reexecute=0 rethrow=0 return_oop=0}
                      ; - imgui.ImGui::separator@0 (line 2550)
                      ; - Rendering.ImGui.ImGuiMenubar::render@155 (line 39)
  0x0000021220e5ec28: b407 3807 

  0x0000021220e5ec2c: ;   {post_call_nop}
  0x0000021220e5ec2c: 0f1f 8400 | 240c 0014 

  0x0000021220e5ec34: ;   {metadata(method data for {method} {0x000002123843aea0} 'render' '()V' in 'Rendering/ImGui/ImGuiMenubar')}
  0x0000021220e5ec34: 48ba 5032 | 9738 1202 | 0000 4883 | 82e8 0200 

  0x0000021220e5ec44: ;   {metadata(method data for {method} {0x0000021238639a90} 'menuItem' '(Ljava/lang/String;Ljava/lang/String;ZZ)Z' in 'imgui/ImGui')}
  0x0000021220e5ec44: 0001 48ba | 4858 9638 | 1202 0000 | 448b 8290 | 0000 0041 | 83c0 0244 | 8982 9000 | 0000 4181 
  0x0000021220e5ec64: e0fe ff1f | 0045 85c0 | 0f84 8004 

  0x0000021220e5ec70: ;   {metadata(method data for {method} {0x0000021238639a90} 'menuItem' '(Ljava/lang/String;Ljava/lang/String;ZZ)Z' in 'imgui/ImGui')}
  0x0000021220e5ec70: 0000 48ba | 4858 9638 | 1202 0000 | 4883 82d8 | 0000 0001 

  0x0000021220e5ec84: ;   {oop("Undo"{0x00000007108005b8})}
  0x0000021220e5ec84: 48ba b805 | 8010 0700 

  0x0000021220e5ec8c: ;   {oop("Ctrl+Z"{0x00000007108005e8})}
  0x0000021220e5ec8c: 0000 49b8 | e805 8010 | 0700 0000 | 41b9 0000 | 0000 bf00 | 0000 000f 

  0x0000021220e5eca4: ;   {static_call}
  0x0000021220e5eca4: 1f40 00e8 

  0x0000021220e5eca8: ; ImmutableOopMap {}
                      ;*invokestatic nMenuItem {reexecute=0 rethrow=0 return_oop=0}
                      ; - imgui.ImGui::menuItem@4 (line 10208)
                      ; - Rendering.ImGui.ImGuiMenubar::render@164 (line 40)
  0x0000021220e5eca8: 3407 3807 

  0x0000021220e5ecac: ;   {post_call_nop}
  0x0000021220e5ecac: 0f1f 8400 | a40c 0015 

  0x0000021220e5ecb4: ;   {metadata(method data for {method} {0x000002123843aea0} 'render' '()V' in 'Rendering/ImGui/ImGuiMenubar')}
  0x0000021220e5ecb4: 48ba 5032 | 9738 1202 | 0000 4883 | 82f8 0200 

  0x0000021220e5ecc4: ;   {metadata(method data for {method} {0x0000021238639a90} 'menuItem' '(Ljava/lang/String;Ljava/lang/String;ZZ)Z' in 'imgui/ImGui')}
  0x0000021220e5ecc4: 0001 48ba | 4858 9638 | 1202 0000 | 448b 8290 | 0000 0041 | 83c0 0244 | 8982 9000 | 0000 4181 
  0x0000021220e5ece4: e0fe ff1f | 0045 85c0 | 0f84 2104 

  0x0000021220e5ecf0: ;   {metadata(method data for {method} {0x0000021238639a90} 'menuItem' '(Ljava/lang/String;Ljava/lang/String;ZZ)Z' in 'imgui/ImGui')}
  0x0000021220e5ecf0: 0000 48ba | 4858 9638 | 1202 0000 | 4883 82d8 | 0000 0001 

  0x0000021220e5ed04: ;   {oop("Redo"{0x0000000710800618})}
  0x0000021220e5ed04: 48ba 1806 | 8010 0700 

  0x0000021220e5ed0c: ;   {oop("Ctrl+Y"{0x0000000710800648})}
  0x0000021220e5ed0c: 0000 49b8 | 4806 8010 | 0700 0000 | 41b9 0000 | 0000 bf00 | 0000 000f 

  0x0000021220e5ed24: ;   {static_call}
  0x0000021220e5ed24: 1f40 00e8 

  0x0000021220e5ed28: ; ImmutableOopMap {}
                      ;*invokestatic nMenuItem {reexecute=0 rethrow=0 return_oop=0}
                      ; - imgui.ImGui::menuItem@4 (line 10208)
                      ; - Rendering.ImGui.ImGuiMenubar::render@174 (line 41)
  0x0000021220e5ed28: b406 3807 

  0x0000021220e5ed2c: ;   {post_call_nop}
  0x0000021220e5ed2c: 0f1f 8400 | 240d 0016 

  0x0000021220e5ed34: ;   {metadata(method data for {method} {0x000002123843aea0} 'render' '()V' in 'Rendering/ImGui/ImGuiMenubar')}
  0x0000021220e5ed34: 48be 5032 | 9738 1202 | 0000 4883 | 8608 0300 

  0x0000021220e5ed44: ;   {metadata(method data for {method} {0x0000021238639390} 'endMenu' '()V' in 'imgui/ImGui')}
  0x0000021220e5ed44: 0001 48be | d03c 9738 | 1202 0000 | 8bbe 9000 | 0000 83c7 | 0289 be90 | 0000 0081 | e7fe ff1f 
  0x0000021220e5ed64: 0085 ff0f | 84c7 0300 

  0x0000021220e5ed6c: ;   {metadata(method data for {method} {0x0000021238639390} 'endMenu' '()V' in 'imgui/ImGui')}
  0x0000021220e5ed6c: 0048 bed0 | 3c97 3812 | 0200 0048 | 8386 d800 

  0x0000021220e5ed7c: ;   {static_call}
  0x0000021220e5ed7c: 0000 01e8 

  0x0000021220e5ed80: ; ImmutableOopMap {}
                      ;*invokestatic nEndMenu {reexecute=0 rethrow=0 return_oop=0}
                      ; - imgui.ImGui::endMenu@0 (line 10141)
                      ; - Rendering.ImGui.ImGuiMenubar::render@178 (line 42)
  0x0000021220e5ed80: 5c06 3807 

  0x0000021220e5ed84: ;   {post_call_nop}
  0x0000021220e5ed84: 0f1f 8400 | 7c0d 0017 

  0x0000021220e5ed8c: ;   {metadata(method data for {method} {0x000002123843aea0} 'render' '()V' in 'Rendering/ImGui/ImGuiMenubar')}
  0x0000021220e5ed8c: 48be 5032 | 9738 1202 | 0000 4883 | 8618 0300 

  0x0000021220e5ed9c: ;   {metadata(method data for {method} {0x0000021238638fa8} 'endMainMenuBar' '()V' in 'imgui/ImGui')}
  0x0000021220e5ed9c: 0001 48be | b83f 9738 | 1202 0000 | 8bbe 9000 | 0000 83c7 | 0289 be90 | 0000 0081 | e7fe ff1f 
  0x0000021220e5edbc: 0085 ff0f | 8490 0300 

  0x0000021220e5edc4: ;   {metadata(method data for {method} {0x0000021238638fa8} 'endMainMenuBar' '()V' in 'imgui/ImGui')}
  0x0000021220e5edc4: 0048 beb8 | 3f97 3812 | 0200 0048 | 8386 d800 

  0x0000021220e5edd4: ;   {static_call}
  0x0000021220e5edd4: 0000 01e8 

  0x0000021220e5edd8: ; ImmutableOopMap {}
                      ;*invokestatic nEndMainMenuBar {reexecute=0 rethrow=0 return_oop=0}
                      ; - imgui.ImGui::endMainMenuBar@0 (line 10102)
                      ; - Rendering.ImGui.ImGuiMenubar::render@181 (line 45)
  0x0000021220e5edd8: 34bd 9107 

  0x0000021220e5eddc: ;   {post_call_nop}
  0x0000021220e5eddc: 0f1f 8400 | d40d 0018 | 4883 c460 

  0x0000021220e5ede8: ;   {poll_return}
  0x0000021220e5ede8: 5d49 3b67 | 280f 8783 | 0300 00c3 

  0x0000021220e5edf4: ;   {metadata({method} {0x000002123843aea0} 'render' '()V' in 'Rendering/ImGui/ImGuiMenubar')}
  0x0000021220e5edf4: 49ba 98ae | 4338 1202 | 0000 4c89 | 5424 0848 | c704 24ff 

  0x0000021220e5ee08: ;   {runtime_call C1 Runtime counter_overflow_blob}
  0x0000021220e5ee08: ffff ffe8 

  0x0000021220e5ee0c: ; ImmutableOopMap {rdx=Oop }
                      ;*synchronization entry
                      ; - Rendering.ImGui.ImGuiMenubar::render@-1 (line 15)
  0x0000021220e5ee0c: 50ec 4407 | e94d f3ff 

  0x0000021220e5ee14: ;   {metadata({method} {0x0000021238638e68} 'beginMainMenuBar' '()Z' in 'imgui/ImGui')}
  0x0000021220e5ee14: ff49 ba60 | 8e63 3812 | 0200 004c | 8954 2408 | 48c7 0424 | ffff ffff 

  0x0000021220e5ee2c: ;   {runtime_call C1 Runtime counter_overflow_blob}
  0x0000021220e5ee2c: e82f ec44 

  0x0000021220e5ee30: ; ImmutableOopMap {}
                      ;*synchronization entry
                      ; - imgui.ImGui::beginMainMenuBar@-1 (line 10091)
                      ; - Rendering.ImGui.ImGuiMenubar::render@0 (line 15)
  0x0000021220e5ee30: 07e9 65f3 

  0x0000021220e5ee34: ;   {metadata({method} {0x00000212386390f8} 'beginMenu' '(Ljava/lang/String;)Z' in 'imgui/ImGui')}
  0x0000021220e5ee34: ffff 49ba | f090 6338 | 1202 0000 | 4c89 5424 | 0848 c704 | 24ff ffff 

  0x0000021220e5ee4c: ;   {runtime_call C1 Runtime counter_overflow_blob}
  0x0000021220e5ee4c: ffe8 0eec 

  0x0000021220e5ee50: ; ImmutableOopMap {}
                      ;*synchronization entry
                      ; - imgui.ImGui::beginMenu@-1 (line 10113)
                      ; - Rendering.ImGui.ImGuiMenubar::render@8 (line 17)
  0x0000021220e5ee50: 4407 e9cb 

  0x0000021220e5ee54: ;   {metadata({method} {0x0000021238639a90} 'menuItem' '(Ljava/lang/String;Ljava/lang/String;ZZ)Z' in 'imgui/ImGui')}
  0x0000021220e5ee54: f3ff ff49 | ba88 9a63 | 3812 0200 | 004c 8954 | 2408 48c7 | 0424 ffff 

  0x0000021220e5ee6c: ;   {runtime_call C1 Runtime counter_overflow_blob}
  0x0000021220e5ee6c: ffff e8ed 

  0x0000021220e5ee70: ; ImmutableOopMap {}
                      ;*synchronization entry
                      ; - imgui.ImGui::menuItem@-1 (line 10208)
                      ; - Rendering.ImGui.ImGuiMenubar::render@20 (line 18)
  0x0000021220e5ee70: eb44 07e9 | 41f4 ffff 

  0x0000021220e5ee78: ;   {metadata({method} {0x0000021238639a90} 'menuItem' '(Ljava/lang/String;Ljava/lang/String;ZZ)Z' in 'imgui/ImGui')}
  0x0000021220e5ee78: 49ba 889a | 6338 1202 | 0000 4c89 | 5424 0848 | c704 24ff 

  0x0000021220e5ee8c: ;   {runtime_call C1 Runtime counter_overflow_blob}
  0x0000021220e5ee8c: ffff ffe8 

  0x0000021220e5ee90: ; ImmutableOopMap {}
                      ;*synchronization entry
                      ; - imgui.ImGui::menuItem@-1 (line 10208)
                      ; - Rendering.ImGui.ImGuiMenubar::render@30 (line 19)
  0x0000021220e5ee90: cceb 4407 | e9a1 f4ff 

  0x0000021220e5ee98: ;   {metadata({method} {0x00000212386391b0} 'beginMenu' '(Ljava/lang/String;Z)Z' in 'imgui/ImGui')}
  0x0000021220e5ee98: ff49 baa8 | 9163 3812 | 0200 004c | 8954 2408 | 48c7 0424 | ffff ffff 

  0x0000021220e5eeb0: ;   {runtime_call C1 Runtime counter_overflow_blob}
  0x0000021220e5eeb0: e8ab eb44 

  0x0000021220e5eeb4: ; ImmutableOopMap {}
                      ;*synchronization entry
                      ; - imgui.ImGui::beginMenu@-1 (line 10120)
                      ; - Rendering.ImGui.ImGuiMenubar::render@37 (line 21)
  0x0000021220e5eeb4: 07e9 00f5 

  0x0000021220e5eeb8: ;   {metadata({method} {0x0000021238639a90} 'menuItem' '(Ljava/lang/String;Ljava/lang/String;ZZ)Z' in 'imgui/ImGui')}
  0x0000021220e5eeb8: ffff 49ba | 889a 6338 | 1202 0000 | 4c89 5424 | 0848 c704 | 24ff ffff 

  0x0000021220e5eed0: ;   {runtime_call C1 Runtime counter_overflow_blob}
  0x0000021220e5eed0: ffe8 8aeb 

  0x0000021220e5eed4: ; ImmutableOopMap {}
                      ;*synchronization entry
                      ; - imgui.ImGui::menuItem@-1 (line 10208)
                      ; - Rendering.ImGui.ImGuiMenubar::render@48 (line 22)
  0x0000021220e5eed4: 4407 e97e 

  0x0000021220e5eed8: ;   {metadata({method} {0x0000021238639a90} 'menuItem' '(Ljava/lang/String;Ljava/lang/String;ZZ)Z' in 'imgui/ImGui')}
  0x0000021220e5eed8: f5ff ff49 | ba88 9a63 | 3812 0200 | 004c 8954 | 2408 48c7 | 0424 ffff 

  0x0000021220e5eef0: ;   {runtime_call C1 Runtime counter_overflow_blob}
  0x0000021220e5eef0: ffff e869 

  0x0000021220e5eef4: ; ImmutableOopMap {}
                      ;*synchronization entry
                      ; - imgui.ImGui::menuItem@-1 (line 10208)
                      ; - Rendering.ImGui.ImGuiMenubar::render@57 (line 23)
  0x0000021220e5eef4: eb44 07e9 | def5 ffff 

  0x0000021220e5eefc: ;   {metadata({method} {0x0000021238639390} 'endMenu' '()V' in 'imgui/ImGui')}
  0x0000021220e5eefc: 49ba 8893 | 6338 1202 | 0000 4c89 | 5424 0848 | c704 24ff 

  0x0000021220e5ef10: ;   {runtime_call C1 Runtime counter_overflow_blob}
  0x0000021220e5ef10: ffff ffe8 

  0x0000021220e5ef14: ; ImmutableOopMap {}
                      ;*synchronization entry
                      ; - imgui.ImGui::endMenu@-1 (line 10141)
                      ; - Rendering.ImGui.ImGuiMenubar::render@61 (line 24)
  0x0000021220e5ef14: 48eb 4407 | e938 f6ff 

  0x0000021220e5ef1c: ;   {metadata({method} {0x0000021238639a90} 'menuItem' '(Ljava/lang/String;Ljava/lang/String;ZZ)Z' in 'imgui/ImGui')}
  0x0000021220e5ef1c: ff49 ba88 | 9a63 3812 | 0200 004c | 8954 2408 | 48c7 0424 | ffff ffff 

  0x0000021220e5ef34: ;   {runtime_call C1 Runtime counter_overflow_blob}
  0x0000021220e5ef34: e827 eb44 

  0x0000021220e5ef38: ; ImmutableOopMap {}
                      ;*synchronization entry
                      ; - imgui.ImGui::menuItem@-1 (line 10208)
                      ; - Rendering.ImGui.ImGuiMenubar::render@70 (line 26)
  0x0000021220e5ef38: 07e9 74f6 

  0x0000021220e5ef3c: ;   {metadata({method} {0x0000021238639a90} 'menuItem' '(Ljava/lang/String;Ljava/lang/String;ZZ)Z' in 'imgui/ImGui')}
  0x0000021220e5ef3c: ffff 49ba | 889a 6338 | 1202 0000 | 4c89 5424 | 0848 c704 | 24ff ffff 

  0x0000021220e5ef54: ;   {runtime_call C1 Runtime counter_overflow_blob}
  0x0000021220e5ef54: ffe8 06eb 

  0x0000021220e5ef58: ; ImmutableOopMap {}
                      ;*synchronization entry
                      ; - imgui.ImGui::menuItem@-1 (line 10208)
                      ; - Rendering.ImGui.ImGuiMenubar::render@79 (line 27)
  0x0000021220e5ef58: 4407 e9d3 

  0x0000021220e5ef5c: ;   {metadata({method} {0x0000021238604fa8} 'separator' '()V' in 'imgui/ImGui')}
  0x0000021220e5ef5c: f6ff ff49 | baa0 4f60 | 3812 0200 | 004c 8954 | 2408 48c7 | 0424 ffff 

  0x0000021220e5ef74: ;   {runtime_call C1 Runtime counter_overflow_blob}
  0x0000021220e5ef74: ffff e8e5 

  0x0000021220e5ef78: ; ImmutableOopMap {}
                      ;*synchronization entry
                      ; - imgui.ImGui::separator@-1 (line 2550)
                      ; - Rendering.ImGui.ImGuiMenubar::render@83 (line 28)
  0x0000021220e5ef78: ea44 07e9 | 2df7 ffff 

  0x0000021220e5ef80: ;   {metadata({method} {0x0000021238639a90} 'menuItem' '(Ljava/lang/String;Ljava/lang/String;ZZ)Z' in 'imgui/ImGui')}
  0x0000021220e5ef80: 49ba 889a | 6338 1202 | 0000 4c89 | 5424 0848 | c704 24ff 

  0x0000021220e5ef94: ;   {runtime_call C1 Runtime counter_overflow_blob}
  0x0000021220e5ef94: ffff ffe8 

  0x0000021220e5ef98: ; ImmutableOopMap {}
                      ;*synchronization entry
                      ; - imgui.ImGui::menuItem@-1 (line 10208)
                      ; - Rendering.ImGui.ImGuiMenubar::render@92 (line 30)
  0x0000021220e5ef98: c4ea 4407 | e969 f7ff 

  0x0000021220e5efa0: ;   {metadata({method} {0x00000212384016d8} 'get' '()LJade/Window;' in 'Jade/Window')}
  0x0000021220e5efa0: ff49 bad0 | 1640 3812 | 0200 004c | 8954 2408 | 48c7 0424 | ffff ffff 

  0x0000021220e5efb8: ;   {runtime_call C1 Runtime counter_overflow_blob}
  0x0000021220e5efb8: e8a3 ea44 

  0x0000021220e5efbc: ; ImmutableOopMap {}
                      ;*synchronization entry
                      ; - Jade.Window::get@-1 (line 70)
                      ; - Rendering.ImGui.ImGuiMenubar::render@98 (line 30)
  0x0000021220e5efbc: 07e9 f0f7 | ffff 488b 

  0x0000021220e5efc4: ;   {runtime_call C1 Runtime fast_new_instance_blob}
  0x0000021220e5efc4: d2e8 9698 

  0x0000021220e5efc8: ; ImmutableOopMap {}
                      ;*new {reexecute=0 rethrow=0 return_oop=0}
                      ; - Jade.Window::get@6 (line 71)
                      ; - Rendering.ImGui.ImGuiMenubar::render@98 (line 30)
  0x0000021220e5efc8: 4407 e973 | f8ff ff8b | 7278 48c1 | e603 4883 | fe00 0f84 | a3f8 ffff | 4889 3424 

  0x0000021220e5efe4: ;   {runtime_call g1_pre_barrier_slow}
  0x0000021220e5efe4: e8f7 f444 | 07e9 95f8 | ffff 4883 | f800 0f84 | aff8 ffff | 4889 1424 

  0x0000021220e5effc: ;   {runtime_call g1_post_barrier_slow}
  0x0000021220e5effc: e8df f744 | 07e9 a1f8 

  0x0000021220e5f004: ;   {runtime_call C1 Runtime throw_null_pointer_exception_blob}
  0x0000021220e5f004: ffff e8d5 

  0x0000021220e5f008: ; ImmutableOopMap {rdx=Oop }
                      ;*invokevirtual destroy {reexecute=0 rethrow=0 return_oop=0}
                      ; - Rendering.ImGui.ImGuiMenubar::render@101 (line 30)
                      ;   {metadata({method} {0x0000021238639390} 'endMenu' '()V' in 'imgui/ImGui')}
  0x0000021220e5f008: 8b44 0749 | ba88 9363 | 3812 0200 | 004c 8954 | 2408 48c7 | 0424 ffff 

  0x0000021220e5f020: ;   {runtime_call C1 Runtime counter_overflow_blob}
  0x0000021220e5f020: ffff e839 

  0x0000021220e5f024: ; ImmutableOopMap {}
                      ;*synchronization entry
                      ; - imgui.ImGui::endMenu@-1 (line 10141)
                      ; - Rendering.ImGui.ImGuiMenubar::render@104 (line 31)
  0x0000021220e5f024: ea44 07e9 | 01f9 ffff 

  0x0000021220e5f02c: ;   {metadata({method} {0x00000212386390f8} 'beginMenu' '(Ljava/lang/String;)Z' in 'imgui/ImGui')}
  0x0000021220e5f02c: 49ba f090 | 6338 1202 | 0000 4c89 | 5424 0848 | c704 24ff 

  0x0000021220e5f040: ;   {runtime_call C1 Runtime counter_overflow_blob}
  0x0000021220e5f040: ffff ffe8 

  0x0000021220e5f044: ; ImmutableOopMap {}
                      ;*synchronization entry
                      ; - imgui.ImGui::beginMenu@-1 (line 10113)
                      ; - Rendering.ImGui.ImGuiMenubar::render@109 (line 34)
  0x0000021220e5f044: 18ea 4407 | e938 f9ff 

  0x0000021220e5f04c: ;   {metadata({method} {0x0000021238639a90} 'menuItem' '(Ljava/lang/String;Ljava/lang/String;ZZ)Z' in 'imgui/ImGui')}
  0x0000021220e5f04c: ff49 ba88 | 9a63 3812 | 0200 004c | 8954 2408 | 48c7 0424 | ffff ffff 

  0x0000021220e5f064: ;   {runtime_call C1 Runtime counter_overflow_blob}
  0x0000021220e5f064: e8f7 e944 

  0x0000021220e5f068: ; ImmutableOopMap {}
                      ;*synchronization entry
                      ; - imgui.ImGui::menuItem@-1 (line 10208)
                      ; - Rendering.ImGui.ImGuiMenubar::render@121 (line 35)
  0x0000021220e5f068: 07e9 b3f9 

  0x0000021220e5f06c: ;   {metadata({method} {0x0000021238639a90} 'menuItem' '(Ljava/lang/String;Ljava/lang/String;ZZ)Z' in 'imgui/ImGui')}
  0x0000021220e5f06c: ffff 49ba | 889a 6338 | 1202 0000 | 4c89 5424 | 0848 c704 | 24ff ffff 

  0x0000021220e5f084: ;   {runtime_call C1 Runtime counter_overflow_blob}
  0x0000021220e5f084: ffe8 d6e9 

  0x0000021220e5f088: ; ImmutableOopMap {}
                      ;*synchronization entry
                      ; - imgui.ImGui::menuItem@-1 (line 10208)
                      ; - Rendering.ImGui.ImGuiMenubar::render@131 (line 36)
  0x0000021220e5f088: 4407 e913 

  0x0000021220e5f08c: ;   {metadata({method} {0x0000021238639a90} 'menuItem' '(Ljava/lang/String;Ljava/lang/String;ZZ)Z' in 'imgui/ImGui')}
  0x0000021220e5f08c: faff ff49 | ba88 9a63 | 3812 0200 | 004c 8954 | 2408 48c7 | 0424 ffff 

  0x0000021220e5f0a4: ;   {runtime_call C1 Runtime counter_overflow_blob}
  0x0000021220e5f0a4: ffff e8b5 

  0x0000021220e5f0a8: ; ImmutableOopMap {}
                      ;*synchronization entry
                      ; - imgui.ImGui::menuItem@-1 (line 10208)
                      ; - Rendering.ImGui.ImGuiMenubar::render@141 (line 37)
  0x0000021220e5f0a8: e944 07e9 | 72fa ffff 

  0x0000021220e5f0b0: ;   {metadata({method} {0x0000021238639a90} 'menuItem' '(Ljava/lang/String;Ljava/lang/String;ZZ)Z' in 'imgui/ImGui')}
  0x0000021220e5f0b0: 49ba 889a | 6338 1202 | 0000 4c89 | 5424 0848 | c704 24ff 

  0x0000021220e5f0c4: ;   {runtime_call C1 Runtime counter_overflow_blob}
  0x0000021220e5f0c4: ffff ffe8 

  0x0000021220e5f0c8: ; ImmutableOopMap {}
                      ;*synchronization entry
                      ; - imgui.ImGui::menuItem@-1 (line 10208)
                      ; - Rendering.ImGui.ImGuiMenubar::render@151 (line 38)
  0x0000021220e5f0c8: 94e9 4407 | e9d1 faff 

  0x0000021220e5f0d0: ;   {metadata({method} {0x0000021238604fa8} 'separator' '()V' in 'imgui/ImGui')}
  0x0000021220e5f0d0: ff49 baa0 | 4f60 3812 | 0200 004c | 8954 2408 | 48c7 0424 | ffff ffff 

  0x0000021220e5f0e8: ;   {runtime_call C1 Runtime counter_overflow_blob}
  0x0000021220e5f0e8: e873 e944 

  0x0000021220e5f0ec: ; ImmutableOopMap {}
                      ;*synchronization entry
                      ; - imgui.ImGui::separator@-1 (line 2550)
                      ; - Rendering.ImGui.ImGuiMenubar::render@155 (line 39)
  0x0000021220e5f0ec: 07e9 23fb 

  0x0000021220e5f0f0: ;   {metadata({method} {0x0000021238639a90} 'menuItem' '(Ljava/lang/String;Ljava/lang/String;ZZ)Z' in 'imgui/ImGui')}
  0x0000021220e5f0f0: ffff 49ba | 889a 6338 | 1202 0000 | 4c89 5424 | 0848 c704 | 24ff ffff 

  0x0000021220e5f108: ;   {runtime_call C1 Runtime counter_overflow_blob}
  0x0000021220e5f108: ffe8 52e9 

  0x0000021220e5f10c: ; ImmutableOopMap {}
                      ;*synchronization entry
                      ; - imgui.ImGui::menuItem@-1 (line 10208)
                      ; - Rendering.ImGui.ImGuiMenubar::render@164 (line 40)
  0x0000021220e5f10c: 4407 e95f 

  0x0000021220e5f110: ;   {metadata({method} {0x0000021238639a90} 'menuItem' '(Ljava/lang/String;Ljava/lang/String;ZZ)Z' in 'imgui/ImGui')}
  0x0000021220e5f110: fbff ff49 | ba88 9a63 | 3812 0200 | 004c 8954 | 2408 48c7 | 0424 ffff 

  0x0000021220e5f128: ;   {runtime_call C1 Runtime counter_overflow_blob}
  0x0000021220e5f128: ffff e831 

  0x0000021220e5f12c: ; ImmutableOopMap {}
                      ;*synchronization entry
                      ; - imgui.ImGui::menuItem@-1 (line 10208)
                      ; - Rendering.ImGui.ImGuiMenubar::render@174 (line 41)
  0x0000021220e5f12c: e944 07e9 | befb ffff 

  0x0000021220e5f134: ;   {metadata({method} {0x0000021238639390} 'endMenu' '()V' in 'imgui/ImGui')}
  0x0000021220e5f134: 49ba 8893 | 6338 1202 | 0000 4c89 | 5424 0848 | c704 24ff 

  0x0000021220e5f148: ;   {runtime_call C1 Runtime counter_overflow_blob}
  0x0000021220e5f148: ffff ffe8 

  0x0000021220e5f14c: ; ImmutableOopMap {}
                      ;*synchronization entry
                      ; - imgui.ImGui::endMenu@-1 (line 10141)
                      ; - Rendering.ImGui.ImGuiMenubar::render@178 (line 42)
  0x0000021220e5f14c: 10e9 4407 | e918 fcff 

  0x0000021220e5f154: ;   {metadata({method} {0x0000021238638fa8} 'endMainMenuBar' '()V' in 'imgui/ImGui')}
  0x0000021220e5f154: ff49 baa0 | 8f63 3812 | 0200 004c | 8954 2408 | 48c7 0424 | ffff ffff 

  0x0000021220e5f16c: ;   {runtime_call C1 Runtime counter_overflow_blob}
  0x0000021220e5f16c: e8ef e844 

  0x0000021220e5f170: ; ImmutableOopMap {}
                      ;*synchronization entry
                      ; - imgui.ImGui::endMainMenuBar@-1 (line 10102)
                      ; - Rendering.ImGui.ImGuiMenubar::render@181 (line 45)
  0x0000021220e5f170: 07e9 4ffc 

  0x0000021220e5f174: ;   {internal_word}
  0x0000021220e5f174: ffff 49ba | e9ed e520 | 1202 0000 | 4d89 97e0 

  0x0000021220e5f184: ;   {runtime_call SafepointBlob}
  0x0000021220e5f184: 0400 00e9 | d41d 3807 | 498b 8788 | 0500 0049 | c787 8805 | 0000 0000 | 0000 49c7 | 8790 0500 
  0x0000021220e5f1a4: 0000 0000 | 0048 83c4 

  0x0000021220e5f1ac: ;   {runtime_call C1 Runtime unwind_exception_blob}
  0x0000021220e5f1ac: 605d e9ad | 7744 07f4 | f4f4 f4f4 
[Stub Code]
  0x0000021220e5f1b8: ;   {other}
  0x0000021220e5f1b8: 0f1f 4400 

  0x0000021220e5f1bc: ;   {static_stub}
  0x0000021220e5f1bc: 0048 bb80 | 1c40 3812 

  0x0000021220e5f1c4: ;   {runtime_call I2C/C2I adapters}
  0x0000021220e5f1c4: 0200 00e9 | 6612 3807 

  0x0000021220e5f1cc: ;   {static_stub}
  0x0000021220e5f1cc: 48bb 1894 | 6338 1202 

  0x0000021220e5f1d4: ;   {runtime_call I2C/C2I adapters}
  0x0000021220e5f1d4: 0000 e9d3 

  0x0000021220e5f1d8: ;   {static_stub}
  0x0000021220e5f1d8: 1538 0748 | bb00 0000 | 0000 0000 

  0x0000021220e5f1e4: ;   {runtime_call nmethod}
  0x0000021220e5f1e4: 00e9 fbff 

  0x0000021220e5f1e8: ;   {static_stub}
  0x0000021220e5f1e8: ffff 48bb | 0000 0000 | 0000 0000 

  0x0000021220e5f1f4: ;   {runtime_call nmethod}
  0x0000021220e5f1f4: e9fb ffff 

  0x0000021220e5f1f8: ;   {static_stub}
  0x0000021220e5f1f8: ff48 bb00 | 0000 0000 

  0x0000021220e5f200: ;   {runtime_call nmethod}
  0x0000021220e5f200: 0000 00e9 | fbff ffff 

  0x0000021220e5f208: ;   {static_stub}
  0x0000021220e5f208: 48bb 0000 | 0000 0000 

  0x0000021220e5f210: ;   {runtime_call nmethod}
  0x0000021220e5f210: 0000 e9fb 

  0x0000021220e5f214: ;   {static_stub}
  0x0000021220e5f214: ffff ff48 | bb00 0000 | 0000 0000 

  0x0000021220e5f220: ;   {runtime_call nmethod}
  0x0000021220e5f220: 00e9 fbff 

  0x0000021220e5f224: ;   {static_stub}
  0x0000021220e5f224: ffff 48bb | 0000 0000 | 0000 0000 

  0x0000021220e5f230: ;   {runtime_call nmethod}
  0x0000021220e5f230: e9fb ffff 

  0x0000021220e5f234: ;   {static_stub}
  0x0000021220e5f234: ff48 bbd8 | 9263 3812 

  0x0000021220e5f23c: ;   {runtime_call I2C/C2I adapters}
  0x0000021220e5f23c: 0200 00e9 | 7266 3807 
[Exception Handler]
  0x0000021220e5f244: ;   {runtime_call C1 Runtime handle_exception_from_callee_blob}
  0x0000021220e5f244: e897 ae44 

  0x0000021220e5f248: ;   {external_word}
  0x0000021220e5f248: 0748 b948 | 0805 17fa | 7f00 0048 

  0x0000021220e5f254: ;   {runtime_call}
  0x0000021220e5f254: 83e4 f048 | b800 8dc8 | 16fa 7f00 | 00ff d0f4 
[Deopt Handler Code]
  0x0000021220e5f264: ;   {section_word}
  0x0000021220e5f264: 49ba 64f2 | e520 1202 | 0000 4152 

  0x0000021220e5f270: ;   {runtime_call DeoptimizationBlob}
  0x0000021220e5f270: e9eb 1f38 | 07f4 f4f4 
[/MachCode]


Compiled method (c1) 3299 1635       3       Rendering.ImGui.ImGuiEditor::render (89 bytes)
 total in heap  [0x0000021220e5b508,0x0000021220e5dff8] = 10992
 constants      [0x0000021220e5b600,0x0000021220e5b620] = 32
 main code      [0x0000021220e5b620,0x0000021220e5de20] = 10240
 stub code      [0x0000021220e5de20,0x0000021220e5df78] = 344
 oops           [0x0000021220e5df78,0x0000021220e5dff8] = 128
 mutable data [0x000002123f4a6100,0x000002123f4a6618] = 1304
 relocation     [0x000002123f4a6100,0x000002123f4a64e0] = 992
 metadata       [0x000002123f4a64e0,0x000002123f4a6618] = 312
 immutable data [0x000002123f4a53e0,0x000002123f4a60f8] = 3352
 dependencies   [0x000002123f4a53e0,0x000002123f4a5430] = 80
 nul chk table  [0x000002123f4a5430,0x000002123f4a5490] = 96
 scopes pcs     [0x000002123f4a5490,0x000002123f4a5a80] = 1520
 scopes data    [0x000002123f4a5a80,0x000002123f4a60f8] = 1656


[Constant Pool]
             Address          hex4                    hex8      
  0x0000021220e5b600:   0x3f800000      0xf4f4f4f43f800000      
  0x0000021220e5b604:   0xf4f4f4f4                              
  0x0000021220e5b608:   0xf4f4f4f4      0xf4f4f4f4f4f4f4f4      
  0x0000021220e5b60c:   0xf4f4f4f4                              
  0x0000021220e5b610:   0xf4f4f4f4      0xf4f4f4f4f4f4f4f4      
  0x0000021220e5b614:   0xf4f4f4f4                              
  0x0000021220e5b618:   0xf4f4f4f4      0xf4f4f4f4f4f4f4f4      
  0x0000021220e5b61c:   0xf4f4f4f4                              

[MachCode]
[Instructions begin]
  0x0000021220e5b620: ;   {other}
  0x0000021220e5b620: 660f 1f84 | 0000 0000 | 0066 0f1f | 8400 0000 | 0000 448b | 5208 443b 

  0x0000021220e5b638: ;   {runtime_call Shared Runtime ic_miss_blob}
  0x0000021220e5b638: 5008 0f85 | a034 3807 
[Verified Entry Point]
  0x0000021220e5b640: 8984 2400 | 80ff ff55 | 4881 eca0 | 0100 0090 | 4181 7f20 | 0100 0000 

  0x0000021220e5b658: ;   {runtime_call Stub::method_entry_barrier}
  0x0000021220e5b658: 7405 e8e1 | 8b36 0748 | 8994 2420 

  0x0000021220e5b664: ;   {metadata(method data for {method} {0x00000212384391e0} 'render' '()V' in 'Rendering/ImGui/ImGuiEditor')}
  0x0000021220e5b664: 0100 0048 | be00 8896 | 3812 0200 | 008b be90 | 0000 0083 | c702 89be | 9000 0000 | 81e7 fe07 
  0x0000021220e5b684: 0000 85ff | 0f84 5b20 | 0000 8b72 | 1848 c1e6 | 0348 3b06 

  0x0000021220e5b698: ;   {metadata(method data for {method} {0x00000212384391e0} 'render' '()V' in 'Rendering/ImGui/ImGuiEditor')}
  0x0000021220e5b698: 488b fe48 | bb00 8896 | 3812 0200 | 0048 8383 | e800 0000 | 0148 8bd6 | 0f1f 8000 

  0x0000021220e5b6b4: ;   {optimized virtual_call}
  0x0000021220e5b6b4: 0000 00e8 

  0x0000021220e5b6b8: ; ImmutableOopMap {[288]=Oop }
                      ;*invokevirtual render {reexecute=0 rethrow=0 return_oop=0}
                      ; - Rendering.ImGui.ImGuiEditor::render@4 (line 19)
  0x0000021220e5b6b8: 642a 0000 

  0x0000021220e5b6bc: ;   {post_call_nop}
  0x0000021220e5b6bc: 0f1f 8400 | b401 0000 

  0x0000021220e5b6c4: ;   {metadata(method data for {method} {0x00000212384391e0} 'render' '()V' in 'Rendering/ImGui/ImGuiEditor')}
  0x0000021220e5b6c4: 48ba 0088 | 9638 1202 | 0000 4883 | 8208 0100 

  0x0000021220e5b6d4: ;   {metadata(method data for {method} {0x00000212385f7410} 'begin' '(Ljava/lang/String;I)Z' in 'imgui/ImGui')}
  0x0000021220e5b6d4: 0001 48ba | c835 9738 | 1202 0000 | 448b 8290 | 0000 0041 | 83c0 0244 | 8982 9000 | 0000 4181 
  0x0000021220e5b6f4: e0fe ff1f | 0045 85c0 | 0f84 0d20 

  0x0000021220e5b700: ;   {metadata(method data for {method} {0x00000212385f7410} 'begin' '(Ljava/lang/String;I)Z' in 'imgui/ImGui')}
  0x0000021220e5b700: 0000 48ba | c835 9738 | 1202 0000 | 4883 82d8 | 0000 0001 

  0x0000021220e5b714: ;   {oop("Editor Þ"{0x000000070fdd4d98})}
  0x0000021220e5b714: 48ba 984d | dd0f 0700 | 0000 41b8 | 4000 0000 

  0x0000021220e5b724: ;   {static_call}
  0x0000021220e5b724: 6666 90e8 

  0x0000021220e5b728: ; ImmutableOopMap {[288]=Oop }
                      ;*invokestatic nBegin {reexecute=0 rethrow=0 return_oop=0}
                      ; - imgui.ImGui::begin@2 (line 581)
                      ; - Rendering.ImGui.ImGuiEditor::render@11 (line 21)
  0x0000021220e5b728: e4f6 9107 

  0x0000021220e5b72c: ;   {post_call_nop}
  0x0000021220e5b72c: 0f1f 8400 | 2402 0001 | 83e0 0185 

  0x0000021220e5b738: ;   {metadata(method data for {method} {0x00000212384391e0} 'render' '()V' in 'Rendering/ImGui/ImGuiEditor')}
  0x0000021220e5b738: c048 ba00 | 8896 3812 | 0200 00be | 1801 0000 | 7405 be28 | 0100 0048 | 8b3c 3248 | 8d7f 0148 
  0x0000021220e5b758: 893c 320f | 8443 1d00 

  0x0000021220e5b760: ;   {metadata(method data for {method} {0x00000212384391e0} 'render' '()V' in 'Rendering/ImGui/ImGuiEditor')}
  0x0000021220e5b760: 0048 ba00 | 8896 3812 | 0200 0048 | 8382 3801 

  0x0000021220e5b770: ;   {metadata(method data for {method} {0x0000000082194230} 'getProperty' '(Ljava/lang/String;)Ljava/lang/String;' in 'java/lang/System')}
  0x0000021220e5b770: 0000 0148 | bad0 4d1e | 3812 0200 | 008b b290 | 0000 0083 | c602 89b2 | 9000 0000 | 81e6 feff 
  0x0000021220e5b790: 1f00 85f6 | 0f84 961f 

  0x0000021220e5b798: ;   {metadata(method data for {method} {0x0000000082194230} 'getProperty' '(Ljava/lang/String;)Ljava/lang/String;' in 'java/lang/System')}
  0x0000021220e5b798: 0000 48ba | d04d 1e38 | 1202 0000 | 4883 82d8 | 0000 0001 

  0x0000021220e5b7ac: ;   {oop("os.name"{0x00000007ffe3e528})}
  0x0000021220e5b7ac: 48be 28e5 | e3ff 0700 | 0000 488b | d648 89b4 | 2428 0100 | 0066 0f1f 

  0x0000021220e5b7c4: ;   {static_call}
  0x0000021220e5b7c4: 4400 00e8 

  0x0000021220e5b7c8: ; ImmutableOopMap {[288]=Oop [296]=Oop }
                      ;*invokestatic checkKey {reexecute=0 rethrow=0 return_oop=0}
                      ; - java.lang.System::getProperty@1 (line 742)
                      ; - Rendering.ImGui.ImGuiEditor::render@19 (line 22)
  0x0000021220e5b7c8: b493 faff 

  0x0000021220e5b7cc: ;   {post_call_nop}
  0x0000021220e5b7cc: 0f1f 8400 | c402 0002 

  0x0000021220e5b7d4: ;   {oop(a 'java/lang/Class'{0x00000007ffe7e828} = 'java/lang/System')}
  0x0000021220e5b7d4: 48be 28e8 | e7ff 0700 | 0000 8b96 | 9400 0000 | 48c1 e203 

  0x0000021220e5b7e8: ; implicit exception: dispatches to 0x0000021220e5d751
  0x0000021220e5b7e8: 483b 024c 

  0x0000021220e5b7ec: ;   {metadata(method data for {method} {0x0000000082194230} 'getProperty' '(Ljava/lang/String;)Ljava/lang/String;' in 'java/lang/System')}
  0x0000021220e5b7ec: 8bc2 48bf | d04d 1e38 | 1202 0000 | 458b 4008 | 41ba 0000 | 0082 4d03 | c24c 3b87 | f000 0000 
  0x0000021220e5b80c: 750d 4883 | 87f8 0000 | 0001 e960 | 0000 004c | 3b87 0001 | 0000 750d | 4883 8708 | 0100 0001 
  0x0000021220e5b82c: e94a 0000 | 0048 83bf | f000 0000 | 0075 174c | 8987 f000 | 0000 48c7 | 87f8 0000 | 0001 0000 
  0x0000021220e5b84c: 00e9 2900 | 0000 4883 | bf00 0100 | 0000 7517 | 4c89 8700 | 0100 0048 | c787 0801 | 0000 0100 
  0x0000021220e5b86c: 0000 e908 | 0000 0048 | 8387 e800 | 0000 014c | 8b84 2428 | 0100 0048 | 89b4 2430 | 0100 0066 
  0x0000021220e5b88c: 9048 b840 | a92c 3f12 

  0x0000021220e5b894: ;   {virtual_call}
  0x0000021220e5b894: 0200 00e8 

  0x0000021220e5b898: ; ImmutableOopMap {[288]=Oop [304]=Oop }
                      ;*invokevirtual getProperty {reexecute=0 rethrow=0 return_oop=0}
                      ; - java.lang.System::getProperty@8 (line 743)
                      ; - Rendering.ImGui.ImGuiEditor::render@19 (line 22)
  0x0000021220e5b898: 7611 faff 

  0x0000021220e5b89c: ;   {post_call_nop}
  0x0000021220e5b89c: 0f1f 8400 | 9403 0003 

  0x0000021220e5b8a4: ;   {metadata(method data for {method} {0x00000212384391e0} 'render' '()V' in 'Rendering/ImGui/ImGuiEditor')}
  0x0000021220e5b8a4: 48ba 0088 | 9638 1202 | 0000 4883 | 8248 0100 

  0x0000021220e5b8b4: ;   {metadata(method data for {method} {0x0000000082194230} 'getProperty' '(Ljava/lang/String;)Ljava/lang/String;' in 'java/lang/System')}
  0x0000021220e5b8b4: 0001 48ba | d04d 1e38 | 1202 0000 | 8bb2 9000 | 0000 83c6 | 0289 b290 | 0000 0081 | e6fe ff1f 
  0x0000021220e5b8d4: 0085 f60f | 8479 1e00 

  0x0000021220e5b8dc: ;   {metadata(method data for {method} {0x0000000082194230} 'getProperty' '(Ljava/lang/String;)Ljava/lang/String;' in 'java/lang/System')}
  0x0000021220e5b8dc: 0048 bad0 | 4d1e 3812 | 0200 0048 | 8382 d800 

  0x0000021220e5b8ec: ;   {oop("os.arch"{0x00000007ffe67568})}
  0x0000021220e5b8ec: 0000 0148 | be68 75e6 | ff07 0000 | 0048 8bd6 | 4889 8424 | 4001 0000 | 4889 b424 | 3801 0000 
  0x0000021220e5b90c: ;   {static_call}
  0x0000021220e5b90c: 6666 90e8 

  0x0000021220e5b910: ; ImmutableOopMap {[288]=Oop [304]=Oop [312]=Oop [320]=Oop }
                      ;*invokestatic checkKey {reexecute=0 rethrow=0 return_oop=0}
                      ; - java.lang.System::getProperty@1 (line 742)
                      ; - Rendering.ImGui.ImGuiEditor::render@24 (line 22)
  0x0000021220e5b910: 6c92 faff 

  0x0000021220e5b914: ;   {post_call_nop}
  0x0000021220e5b914: 0f1f 8400 | 0c04 0004 | 488b b424 | 3001 0000 | 8b96 9400 | 0000 48c1 | e203 483b | 024c 8bc2 
  0x0000021220e5b934: ;   {metadata(method data for {method} {0x0000000082194230} 'getProperty' '(Ljava/lang/String;)Ljava/lang/String;' in 'java/lang/System')}
  0x0000021220e5b934: 48be d04d | 1e38 1202 | 0000 458b | 4008 41ba | 0000 0082 | 4d03 c24c | 3b86 f000 | 0000 750d 
  0x0000021220e5b954: 4883 86f8 | 0000 0001 | e960 0000 | 004c 3b86 | 0001 0000 | 750d 4883 | 8608 0100 | 0001 e94a 
  0x0000021220e5b974: 0000 0048 | 83be f000 | 0000 0075 | 174c 8986 | f000 0000 | 48c7 86f8 | 0000 0001 | 0000 00e9 
  0x0000021220e5b994: 2900 0000 | 4883 be00 | 0100 0000 | 7517 4c89 | 8600 0100 | 0048 c786 | 0801 0000 | 0100 0000 
  0x0000021220e5b9b4: e908 0000 | 0048 8386 | e800 0000 | 014c 8b84 | 2438 0100 | 000f 1f40 | 0048 b868 | a92c 3f12 
  0x0000021220e5b9d4: ;   {virtual_call}
  0x0000021220e5b9d4: 0200 00e8 

  0x0000021220e5b9d8: ; ImmutableOopMap {[288]=Oop [320]=Oop }
                      ;*invokevirtual getProperty {reexecute=0 rethrow=0 return_oop=0}
                      ; - java.lang.System::getProperty@8 (line 743)
                      ; - Rendering.ImGui.ImGuiEditor::render@24 (line 22)
  0x0000021220e5b9d8: 3610 faff 

  0x0000021220e5b9dc: ;   {post_call_nop}
  0x0000021220e5b9dc: 0f1f 8400 | d404 0005 

  0x0000021220e5b9e4: ;   {metadata(method data for {method} {0x00000212384391e0} 'render' '()V' in 'Rendering/ImGui/ImGuiEditor')}
  0x0000021220e5b9e4: 48ba 0088 | 9638 1202 | 0000 488d | 9268 0100 | 0048 8bb4 | 2440 0100 | 0048 85f6 | 750c f642 
  0x0000021220e5ba04: 0801 7506 | f048 834a | 0801 4885 | c075 0cf6 | 4218 0175 | 06f0 4883 

  0x0000021220e5ba1c: ;   {metadata(method data for {method} {0x0000000082212e98} 'linkToTargetMethod' '(Ljava/lang/Object;Ljava/lang/Object;Ljava/lang/Object;)Ljava/lang/Object;' in 'java/lang/invoke/Invokers$Holder')}
  0x0000021220e5ba1c: 4a18 0148 | bab0 791e | 3812 0200 | 0048 8d92 | d001 0000 | 4885 f675 | 0af6 0201 | 7505 f048 
  0x0000021220e5ba3c: 830a 0148 | 85c0 750c | f642 1001 | 7506 f048 | 834a 1001 

  0x0000021220e5ba50: ;   {metadata(method data for {method} {0x00000212384391e0} 'render' '()V' in 'Rendering/ImGui/ImGuiEditor')}
  0x0000021220e5ba50: 48ba 0088 | 9638 1202 | 0000 4883 | 8258 0100 

  0x0000021220e5ba60: ;   {metadata(method data for {method} {0x0000000082212e98} 'linkToTargetMethod' '(Ljava/lang/Object;Ljava/lang/Object;Ljava/lang/Object;)Ljava/lang/Object;' in 'java/lang/invoke/Invokers$Holder')}
  0x0000021220e5ba60: 0001 48ba | b079 1e38 | 1202 0000 | 8bba 9000 | 0000 83c7 | 0289 ba90 | 0000 0081 | e7fe ff1f 
  0x0000021220e5ba80: 0085 ff0f | 84f3 1c00 

  0x0000021220e5ba88: ;   {metadata(method data for {method} {0x0000000082212e98} 'linkToTargetMethod' '(Ljava/lang/Object;Ljava/lang/Object;Ljava/lang/Object;)Ljava/lang/Object;' in 'java/lang/invoke/Invokers$Holder')}
  0x0000021220e5ba88: 0048 bab0 | 791e 3812 | 0200 0048 | 8d92 3801 | 0000 4885 | f675 0cf6 | 4208 0175 | 06f0 4883 
  0x0000021220e5baa8: ;   {metadata(method data for {method} {0x000002123849ae90} 'invoke' '(Ljava/lang/Object;Ljava/lang/Object;Ljava/lang/Object;)Ljava/lang/Object;' in 'java/lang/invoke/LambdaForm$MH+0x0000000083051400')}
  0x0000021220e5baa8: 4a08 0148 | baf8 b049 | 3812 0200 | 0048 8d92 | 0002 0000 | 4885 f675 | 0cf6 4210 | 0175 06f0 
  0x0000021220e5bac8: 4883 4a10 

  0x0000021220e5bacc: ;   {metadata(method data for {method} {0x0000000082212e98} 'linkToTargetMethod' '(Ljava/lang/Object;Ljava/lang/Object;Ljava/lang/Object;)Ljava/lang/Object;' in 'java/lang/invoke/Invokers$Holder')}
  0x0000021220e5bacc: 0148 bab0 | 791e 3812 | 0200 0048 | 8382 0801 

  0x0000021220e5badc: ;   {metadata(method data for {method} {0x000002123849ae90} 'invoke' '(Ljava/lang/Object;Ljava/lang/Object;Ljava/lang/Object;)Ljava/lang/Object;' in 'java/lang/invoke/LambdaForm$MH+0x0000000083051400')}
  0x0000021220e5badc: 0000 0148 | baf8 b049 | 3812 0200 | 008b ba90 | 0000 0083 | c702 89ba | 9000 0000 | 81e7 feff 
  0x0000021220e5bafc: 1f00 85ff | 0f84 971c 

  0x0000021220e5bb04: ;   {metadata(method data for {method} {0x000002123849ae90} 'invoke' '(Ljava/lang/Object;Ljava/lang/Object;Ljava/lang/Object;)Ljava/lang/Object;' in 'java/lang/invoke/LambdaForm$MH+0x0000000083051400')}
  0x0000021220e5bb04: 0000 48ba | f8b0 4938 | 1202 0000 | 4883 8238 | 0100 0001 

  0x0000021220e5bb18: ;   {metadata(method data for {method} {0x0000000082215400} 'invokeSpecial' '(Ljava/lang/Object;Ljava/lang/Object;Ljava/lang/Object;Ljava/lang/Object;)Ljava/lang/Object;' in 'java/lang/invoke/DirectMethodHandle$Holder')}
  0x0000021220e5bb18: 48ba 7884 | 1e38 1202 | 0000 8bba | 9000 0000 | 83c7 0289 | ba90 0000 | 0081 e7fe | ff1f 0085 
  0x0000021220e5bb38: ff0f 847f 

  0x0000021220e5bb3c: ;   {metadata(method data for {method} {0x0000000082215400} 'invokeSpecial' '(Ljava/lang/Object;Ljava/lang/Object;Ljava/lang/Object;Ljava/lang/Object;)Ljava/lang/Object;' in 'java/lang/invoke/DirectMethodHandle$Holder')}
  0x0000021220e5bb3c: 1c00 0048 | ba78 841e | 3812 0200 | 0048 8382 | d800 0000 

  0x0000021220e5bb50: ;   {metadata(method data for {method} {0x0000000082206588} 'internalMemberName' '(Ljava/lang/Object;)Ljava/lang/Object;' in 'java/lang/invoke/DirectMethodHandle')}
  0x0000021220e5bb50: 0148 ba70 | 501e 3812 | 0200 008b | ba90 0000 | 0083 c702 | 89ba 9000 | 0000 81e7 | feff 1f00 
  0x0000021220e5bb70: 85ff 0f84 | 671c 0000 

  0x0000021220e5bb78: ;   {metadata(method data for {method} {0x0000000082215400} 'invokeSpecial' '(Ljava/lang/Object;Ljava/lang/Object;Ljava/lang/Object;Ljava/lang/Object;)Ljava/lang/Object;' in 'java/lang/invoke/DirectMethodHandle$Holder')}
  0x0000021220e5bb78: 48ba 7884 | 1e38 1202 | 0000 488d | 9248 0100 | 0048 85f6 | 750c f642 | 1801 7506 | f048 834a 
  0x0000021220e5bb98: ;   {oop(a 'java/lang/String$$StringConcat+0x0000000083051000'{0x000000070fdd53a0})}
  0x0000021220e5bb98: 1801 48ba | a053 dd0f | 0700 0000 

  0x0000021220e5bba4: ;   {metadata(method data for {method} {0x0000000082215400} 'invokeSpecial' '(Ljava/lang/Object;Ljava/lang/Object;Ljava/lang/Object;Ljava/lang/Object;)Ljava/lang/Object;' in 'java/lang/invoke/DirectMethodHandle$Holder')}
  0x0000021220e5bba4: 48bf 7884 | 1e38 1202 | 0000 4883 | 8738 0100 

  0x0000021220e5bbb4: ;   {metadata(method data for {method} {0x000002123849a5a0} 'concat' '(Ljava/lang/Object;Ljava/lang/Object;)Ljava/lang/String;' in 'java/lang/String$$StringConcat+0x0000000083051000')}
  0x0000021220e5bbb4: 0001 48ba | d0a9 4938 | 1202 0000 | 8bba 9000 | 0000 83c7 | 0289 ba90 | 0000 0081 | e7fe ff1f 
  0x0000021220e5bbd4: 0085 ff0f | 8423 1c00 

  0x0000021220e5bbdc: ;   {metadata(method data for {method} {0x000002123849a5a0} 'concat' '(Ljava/lang/Object;Ljava/lang/Object;)Ljava/lang/String;' in 'java/lang/String$$StringConcat+0x0000000083051000')}
  0x0000021220e5bbdc: 0048 bad0 | a949 3812 | 0200 0048 | 8382 d800 

  0x0000021220e5bbec: ;   {metadata(method data for {method} {0x000000008249a860} 'stringOf' '(Ljava/lang/Object;)Ljava/lang/String;' in 'java/lang/StringConcatHelper')}
  0x0000021220e5bbec: 0000 0148 | ba50 be16 | 3812 0200 | 008b ba90 | 0000 0083 | c702 89ba | 9000 0000 | 81e7 feff 
  0x0000021220e5bc0c: 1f00 85ff | 0f84 0b1c | 0000 4885 

  0x0000021220e5bc18: ;   {metadata(method data for {method} {0x000000008249a860} 'stringOf' '(Ljava/lang/Object;)Ljava/lang/String;' in 'java/lang/StringConcatHelper')}
  0x0000021220e5bc18: f648 ba50 | be16 3812 | 0200 00bf | d800 0000 | 7405 bfe8 | 0000 0048 | 8b1c 3a48 | 8d5b 0148 
  0x0000021220e5bc38: 891c 3a0f | 846a 0000 | 0048 3b06 

  0x0000021220e5bc44: ;   {metadata(method data for {method} {0x000000008249a860} 'stringOf' '(Ljava/lang/Object;)Ljava/lang/String;' in 'java/lang/StringConcatHelper')}
  0x0000021220e5bc44: 488b d648 | bf50 be16 | 3812 0200 | 0048 8387 | 0801 0000 

  0x0000021220e5bc58: ;   {metadata(method data for {method} {0x0000000082188140} 'toString' '()Ljava/lang/String;' in 'java/lang/String')}
  0x0000021220e5bc58: 0148 ba40 | da05 3812 | 0200 008b | ba90 0000 | 0083 c702 | 89ba 9000 | 0000 81e7 | feff 1f00 
  0x0000021220e5bc78: 85ff 0f84 | c71b 0000 

  0x0000021220e5bc80: ;   {metadata(method data for {method} {0x000000008249a860} 'stringOf' '(Ljava/lang/Object;)Ljava/lang/String;' in 'java/lang/StringConcatHelper')}
  0x0000021220e5bc80: 4885 f648 | ba50 be16 | 3812 0200 | 00bf 2801 | 0000 7505 | bf38 0100 | 0048 8b1c | 3a48 8d5b 
  0x0000021220e5bca0: 0148 891c | 3a0f 851a 

  0x0000021220e5bca8: ;   {metadata(method data for {method} {0x000000008249a860} 'stringOf' '(Ljava/lang/Object;)Ljava/lang/String;' in 'java/lang/StringConcatHelper')}
  0x0000021220e5bca8: 0000 0048 | ba50 be16 | 3812 0200 | 00ff 8248 

  0x0000021220e5bcb8: ;   {oop("null"{0x00000007ffe3a780})}
  0x0000021220e5bcb8: 0100 0048 | be80 a7e3 | ff07 0000 

  0x0000021220e5bcc4: ;   {metadata(method data for {method} {0x000002123849a5a0} 'concat' '(Ljava/lang/Object;Ljava/lang/Object;)Ljava/lang/String;' in 'java/lang/String$$StringConcat+0x0000000083051000')}
  0x0000021220e5bcc4: 0048 bad0 | a949 3812 | 0200 0048 | 8382 e800 

  0x0000021220e5bcd4: ;   {metadata(method data for {method} {0x000000008249a860} 'stringOf' '(Ljava/lang/Object;)Ljava/lang/String;' in 'java/lang/StringConcatHelper')}
  0x0000021220e5bcd4: 0000 0148 | ba50 be16 | 3812 0200 | 008b ba90 | 0000 0083 | c702 89ba | 9000 0000 | 81e7 feff 
  0x0000021220e5bcf4: 1f00 85ff | 0f84 6a1b | 0000 4885 

  0x0000021220e5bd00: ;   {metadata(method data for {method} {0x000000008249a860} 'stringOf' '(Ljava/lang/Object;)Ljava/lang/String;' in 'java/lang/StringConcatHelper')}
  0x0000021220e5bd00: c048 ba50 | be16 3812 | 0200 00bf | d800 0000 | 7405 bfe8 | 0000 0048 | 8b1c 3a48 | 8d5b 0148 
  0x0000021220e5bd20: 891c 3a0f | 846a 0000 | 0048 3b00 

  0x0000021220e5bd2c: ;   {metadata(method data for {method} {0x000000008249a860} 'stringOf' '(Ljava/lang/Object;)Ljava/lang/String;' in 'java/lang/StringConcatHelper')}
  0x0000021220e5bd2c: 488b d048 | bf50 be16 | 3812 0200 | 0048 8387 | 0801 0000 

  0x0000021220e5bd40: ;   {metadata(method data for {method} {0x0000000082188140} 'toString' '()Ljava/lang/String;' in 'java/lang/String')}
  0x0000021220e5bd40: 0148 ba40 | da05 3812 | 0200 008b | ba90 0000 | 0083 c702 | 89ba 9000 | 0000 81e7 | feff 1f00 
  0x0000021220e5bd60: 85ff 0f84 | 261b 0000 

  0x0000021220e5bd68: ;   {metadata(method data for {method} {0x000000008249a860} 'stringOf' '(Ljava/lang/Object;)Ljava/lang/String;' in 'java/lang/StringConcatHelper')}
  0x0000021220e5bd68: 4885 c048 | ba50 be16 | 3812 0200 | 00bf 2801 | 0000 7505 | bf38 0100 | 0048 8b1c | 3a48 8d5b 
  0x0000021220e5bd88: 0148 891c | 3a0f 851a 

  0x0000021220e5bd90: ;   {metadata(method data for {method} {0x000000008249a860} 'stringOf' '(Ljava/lang/Object;)Ljava/lang/String;' in 'java/lang/StringConcatHelper')}
  0x0000021220e5bd90: 0000 0048 | ba50 be16 | 3812 0200 | 00ff 8248 

  0x0000021220e5bda0: ;   {oop("null"{0x00000007ffe3a780})}
  0x0000021220e5bda0: 0100 0048 | b880 a7e3 | ff07 0000 

  0x0000021220e5bdac: ;   {metadata(method data for {method} {0x000002123849a5a0} 'concat' '(Ljava/lang/Object;Ljava/lang/Object;)Ljava/lang/String;' in 'java/lang/String$$StringConcat+0x0000000083051000')}
  0x0000021220e5bdac: 0048 bad0 | a949 3812 | 0200 0048 | 8382 f800 

  0x0000021220e5bdbc: ;   {metadata(method data for {method} {0x000002123849a658} 'coder' '(ILjava/lang/String;Ljava/lang/String;)I' in 'java/lang/String$$StringConcat+0x0000000083051000')}
  0x0000021220e5bdbc: 0000 0148 | ba00 8096 | 3812 0200 | 008b ba90 | 0000 0083 | c702 89ba | 9000 0000 | 81e7 feff 
  0x0000021220e5bddc: 1f00 85ff | 0f84 c91a | 0000 483b | 0648 8bd6 

  0x0000021220e5bdec: ;   {metadata(method data for {method} {0x000002123849a658} 'coder' '(ILjava/lang/String;Ljava/lang/String;)I' in 'java/lang/String$$StringConcat+0x0000000083051000')}
  0x0000021220e5bdec: 48bf 0080 | 9638 1202 | 0000 8b52 | 0841 ba00 | 0000 8249 | 03d2 483b | 97e0 0000 | 0075 0d48 
  0x0000021220e5be0c: 8387 e800 | 0000 01e9 | 6000 0000 | 483b 97f0 | 0000 0075 | 0d48 8387 | f800 0000 | 01e9 4a00 
  0x0000021220e5be2c: 0000 4883 | bfe0 0000 | 0000 7517 | 4889 97e0 | 0000 0048 | c787 e800 | 0000 0100 | 0000 e929 
  0x0000021220e5be4c: 0000 0048 | 83bf f000 | 0000 0075 | 1748 8997 | f000 0000 | 48c7 87f8 | 0000 0001 | 0000 00e9 
  0x0000021220e5be6c: 0800 0000 | 4883 87d8 | 0000 0001 

  0x0000021220e5be78: ;   {metadata(method data for {method} {0x00000000824af4b0} 'coder' '()B' in 'java/lang/String')}
  0x0000021220e5be78: 48ba 28f7 | 0038 1202 | 0000 8bba | 9000 0000 | 83c7 0289 | ba90 0000 | 0081 e7fe | ff1f 0085 
  0x0000021220e5be98: ff0f 8436 

  0x0000021220e5be9c: ;   {metadata(method data for {method} {0x00000000824af4b0} 'coder' '()B' in 'java/lang/String')}
  0x0000021220e5be9c: 1a00 0048 | ba28 f700 | 3812 0200 | 00ff 82e8 | 0000 000f 

  0x0000021220e5beb0: ;   {metadata(method data for {method} {0x00000000824af4b0} 'coder' '()B' in 'java/lang/String')}
  0x0000021220e5beb0: be56 1048 | bf28 f700 | 3812 0200 | 00ff 87f8 | 0000 00c1 | e218 c1fa | 1848 3b00 

  0x0000021220e5becc: ;   {metadata(method data for {method} {0x000002123849a658} 'coder' '(ILjava/lang/String;Ljava/lang/String;)I' in 'java/lang/String$$StringConcat+0x0000000083051000')}
  0x0000021220e5becc: 488b f848 | bb00 8096 | 3812 0200 | 008b 7f08 | 41ba 0000 | 0082 4903 | fa48 3bbb | 1001 0000 
  0x0000021220e5beec: 750d 4883 | 8318 0100 | 0001 e960 | 0000 0048 | 3bbb 2001 | 0000 750d | 4883 8328 | 0100 0001 
  0x0000021220e5bf0c: e94a 0000 | 0048 83bb | 1001 0000 | 0075 1748 | 89bb 1001 | 0000 48c7 | 8318 0100 | 0001 0000 
  0x0000021220e5bf2c: 00e9 2900 | 0000 4883 | bb20 0100 | 0000 7517 | 4889 bb20 | 0100 0048 | c783 2801 | 0000 0100 
  0x0000021220e5bf4c: 0000 e908 | 0000 0048 | 8383 0801 

  0x0000021220e5bf58: ;   {metadata(method data for {method} {0x00000000824af4b0} 'coder' '()B' in 'java/lang/String')}
  0x0000021220e5bf58: 0000 0148 | bf28 f700 | 3812 0200 | 008b 9f90 | 0000 0083 | c302 899f | 9000 0000 | 81e3 feff 
  0x0000021220e5bf78: 1f00 85db | 0f84 7919 

  0x0000021220e5bf80: ;   {metadata(method data for {method} {0x00000000824af4b0} 'coder' '()B' in 'java/lang/String')}
  0x0000021220e5bf80: 0000 48bf | 28f7 0038 | 1202 0000 | ff87 e800 | 0000 0fbe 

  0x0000021220e5bf94: ;   {metadata(method data for {method} {0x00000000824af4b0} 'coder' '()B' in 'java/lang/String')}
  0x0000021220e5bf94: 7810 48bb | 28f7 0038 | 1202 0000 | ff83 f800 | 0000 c1e7 | 18c1 ff18 | 480b fa89 | bc24 4c01 
  0x0000021220e5bfb4: 0000 4889 | 8424 5001 

  0x0000021220e5bfbc: ;   {metadata(method data for {method} {0x000002123849a5a0} 'concat' '(Ljava/lang/Object;Ljava/lang/Object;)Ljava/lang/String;' in 'java/lang/String$$StringConcat+0x0000000083051000')}
  0x0000021220e5bfbc: 0000 48ba | d0a9 4938 | 1202 0000 | 4883 8208 | 0100 0001 

  0x0000021220e5bfd0: ;   {metadata(method data for {method} {0x000002123849a3d8} 'length' '(ILjava/lang/String;Ljava/lang/String;)I' in 'java/lang/String$$StringConcat+0x0000000083051000')}
  0x0000021220e5bfd0: 48ba 8881 | 9638 1202 | 0000 8b9a | 9000 0000 | 83c3 0289 | 9a90 0000 | 0081 e3fe | ff1f 0085 
  0x0000021220e5bff0: db0f 8425 

  0x0000021220e5bff4: ;   {metadata(method data for {method} {0x000002123849a3d8} 'length' '(ILjava/lang/String;Ljava/lang/String;)I' in 'java/lang/String$$StringConcat+0x0000000083051000')}
  0x0000021220e5bff4: 1900 0048 | ba88 8196 | 3812 0200 | 0048 8382 | d800 0000 

  0x0000021220e5c008: ;   {metadata(method data for {method} {0x000000008249acd8} 'stringSize' '(ILjava/lang/String;)I' in 'java/lang/StringConcatHelper')}
  0x0000021220e5c008: 0148 bab8 | 511e 3812 | 0200 008b | 9a90 0000 | 0083 c302 | 899a 9000 | 0000 81e3 | feff 1f00 
  0x0000021220e5c028: 85db 0f84 | 0d19 0000 

  0x0000021220e5c030: ;   {metadata(method data for {method} {0x000000008249acd8} 'stringSize' '(ILjava/lang/String;)I' in 'java/lang/StringConcatHelper')}
  0x0000021220e5c030: 488b d648 | bbb8 511e | 3812 0200 | 008b 5208 | 41ba 0000 | 0082 4903 | d248 3b93 | e000 0000 
  0x0000021220e5c050: 750d 4883 | 83e8 0000 | 0001 e960 | 0000 0048 | 3b93 f000 | 0000 750d | 4883 83f8 | 0000 0001 
  0x0000021220e5c070: e94a 0000 | 0048 83bb | e000 0000 | 0075 1748 | 8993 e000 | 0000 48c7 | 83e8 0000 | 0001 0000 
  0x0000021220e5c090: 00e9 2900 | 0000 4883 | bbf0 0000 | 0000 7517 | 4889 93f0 | 0000 0048 | c783 f800 | 0000 0100 
  0x0000021220e5c0b0: 0000 e908 | 0000 0048 | 8383 d800 

  0x0000021220e5c0bc: ;   {metadata(method data for {method} {0x0000000082188868} 'length' '()I' in 'java/lang/String')}
  0x0000021220e5c0bc: 0000 0148 | ba68 f800 | 3812 0200 | 008b 9a90 | 0000 0083 | c302 899a | 9000 0000 | 81e3 feff 
  0x0000021220e5c0dc: 1f00 85db | 0f84 7818 | 0000 8b56 | 1448 c1e2 | 038b 5a0c 

  0x0000021220e5c0f0: ;   {metadata(method data for {method} {0x0000000082188868} 'length' '()I' in 'java/lang/String')}
  0x0000021220e5c0f0: 488b d648 | b968 f800 | 3812 0200 | 008b 5208 | 41ba 0000 | 0082 4903 | d248 3b91 | e000 0000 
  0x0000021220e5c110: 750d 4883 | 81e8 0000 | 0001 e960 | 0000 0048 | 3b91 f000 | 0000 750d | 4883 81f8 | 0000 0001 
  0x0000021220e5c130: e94a 0000 | 0048 83b9 | e000 0000 | 0075 1748 | 8991 e000 | 0000 48c7 | 81e8 0000 | 0001 0000 
  0x0000021220e5c150: 00e9 2900 | 0000 4883 | b9f0 0000 | 0000 7517 | 4889 91f0 | 0000 0048 | c781 f800 | 0000 0100 
  0x0000021220e5c170: 0000 e908 | 0000 0048 | 8381 d800 | 0000 0148 | 8bd6 4889 | b424 5801 | 0000 899c | 2448 0100 
  0x0000021220e5c190: 0066 0f1f 

  0x0000021220e5c194: ;   {optimized virtual_call}
  0x0000021220e5c194: 4400 00e8 

  0x0000021220e5c198: ; ImmutableOopMap {[288]=Oop [336]=Oop [344]=Oop }
                      ;*invokevirtual coder {reexecute=0 rethrow=0 return_oop=0}
                      ; - java.lang.String::length@6 (line 1583)
                      ; - java.lang.StringConcatHelper::stringSize@2 (line 530)
                      ; - java.lang.String$$StringConcat/0x0000000083051000::length@2
                      ; - java.lang.String$$StringConcat/0x0000000083051000::concat@33
                      ; - java.lang.invoke.DirectMethodHandle$Holder::invokeSpecial@14
                      ; - java.lang.invoke.LambdaForm$MH/0x0000000083051400::invoke@24
                      ; - java.lang.invoke.Invokers$Holder::linkToTargetMethod@6
                      ; - Rendering.ImGui.ImGuiEditor::render@27 (line 22)
  0x0000021220e5c198: f405 8d07 

  0x0000021220e5c19c: ;   {post_call_nop}
  0x0000021220e5c19c: 0f1f 8400 | 940c 0006 | 488b c88b | 9c24 4801 | 0000 d3fb 

  0x0000021220e5c1b0: ;   {metadata(method data for {method} {0x000000008249acd8} 'stringSize' '(ILjava/lang/String;)I' in 'java/lang/StringConcatHelper')}
  0x0000021220e5c1b0: 83c3 0f48 | bab8 511e | 3812 0200 | 0048 8382 | 0801 0000 

  0x0000021220e5c1c4: ;   {metadata(method data for {method} {0x000000008249a968} 'checkOverflow' '(I)I' in 'java/lang/StringConcatHelper')}
  0x0000021220e5c1c4: 0148 ba38 | 4c07 3812 | 0200 008b | b290 0000 | 0083 c602 | 89b2 9000 | 0000 81e6 | feff 1f00 
  0x0000021220e5c1e4: 85f6 0f84 | 9817 0000 

  0x0000021220e5c1ec: ;   {metadata(method data for {method} {0x000000008249a968} 'checkOverflow' '(I)I' in 'java/lang/StringConcatHelper')}
  0x0000021220e5c1ec: 85db 48ba | 384c 0738 | 1202 0000 | bed8 0000 | 007c 05be | e800 0000 | 488b 3c32 | 488d 7f01 
  0x0000021220e5c20c: 4889 3c32 | 0f8c 3314 | 0000 899c | 2464 0100 | 0048 8b84 | 2450 0100 

  0x0000021220e5c224: ;   {metadata(method data for {method} {0x000002123849a3d8} 'length' '(ILjava/lang/String;Ljava/lang/String;)I' in 'java/lang/String$$StringConcat+0x0000000083051000')}
  0x0000021220e5c224: 0048 ba88 | 8196 3812 | 0200 0048 | 8382 e800 

  0x0000021220e5c234: ;   {metadata(method data for {method} {0x000000008249acd8} 'stringSize' '(ILjava/lang/String;)I' in 'java/lang/StringConcatHelper')}
  0x0000021220e5c234: 0000 0148 | bab8 511e | 3812 0200 | 008b b290 | 0000 0083 | c602 89b2 | 9000 0000 | 81e6 feff 
  0x0000021220e5c254: 1f00 85f6 | 0f84 4717 | 0000 488b 

  0x0000021220e5c260: ;   {metadata(method data for {method} {0x000000008249acd8} 'stringSize' '(ILjava/lang/String;)I' in 'java/lang/StringConcatHelper')}
  0x0000021220e5c260: d048 beb8 | 511e 3812 | 0200 008b | 5208 41ba | 0000 0082 | 4903 d248 | 3b96 e000 | 0000 750d 
  0x0000021220e5c280: 4883 86e8 | 0000 0001 | e960 0000 | 0048 3b96 | f000 0000 | 750d 4883 | 86f8 0000 | 0001 e94a 
  0x0000021220e5c2a0: 0000 0048 | 83be e000 | 0000 0075 | 1748 8996 | e000 0000 | 48c7 86e8 | 0000 0001 | 0000 00e9 
  0x0000021220e5c2c0: 2900 0000 | 4883 bef0 | 0000 0000 | 7517 4889 | 96f0 0000 | 0048 c786 | f800 0000 | 0100 0000 
  0x0000021220e5c2e0: e908 0000 | 0048 8386 | d800 0000 

  0x0000021220e5c2ec: ;   {metadata(method data for {method} {0x0000000082188868} 'length' '()I' in 'java/lang/String')}
  0x0000021220e5c2ec: 0148 ba68 | f800 3812 | 0200 008b | b290 0000 | 0083 c602 | 89b2 9000 | 0000 81e6 | feff 1f00 
  0x0000021220e5c30c: 85f6 0f84 | b216 0000 | 8b50 1448 | c1e2 038b | 720c 488b 

  0x0000021220e5c320: ;   {metadata(method data for {method} {0x0000000082188868} 'length' '()I' in 'java/lang/String')}
  0x0000021220e5c320: d048 bf68 | f800 3812 | 0200 008b | 5208 41ba | 0000 0082 | 4903 d248 | 3b97 e000 | 0000 750d 
  0x0000021220e5c340: 4883 87e8 | 0000 0001 | e960 0000 | 0048 3b97 | f000 0000 | 750d 4883 | 87f8 0000 | 0001 e94a 
  0x0000021220e5c360: 0000 0048 | 83bf e000 | 0000 0075 | 1748 8997 | e000 0000 | 48c7 87e8 | 0000 0001 | 0000 00e9 
  0x0000021220e5c380: 2900 0000 | 4883 bff0 | 0000 0000 | 7517 4889 | 97f0 0000 | 0048 c787 | f800 0000 | 0100 0000 
  0x0000021220e5c3a0: e908 0000 | 0048 8387 | d800 0000 | 0148 8bd0 | 4889 8424 | 5001 0000 | 89b4 2460 

  0x0000021220e5c3bc: ;   {optimized virtual_call}
  0x0000021220e5c3bc: 0100 00e8 

  0x0000021220e5c3c0: ; ImmutableOopMap {[288]=Oop [336]=Oop [344]=Oop }
                      ;*invokevirtual coder {reexecute=0 rethrow=0 return_oop=0}
                      ; - java.lang.String::length@6 (line 1583)
                      ; - java.lang.StringConcatHelper::stringSize@2 (line 530)
                      ; - java.lang.String$$StringConcat/0x0000000083051000::length@6
                      ; - java.lang.String$$StringConcat/0x0000000083051000::concat@33
                      ; - java.lang.invoke.DirectMethodHandle$Holder::invokeSpecial@14
                      ; - java.lang.invoke.LambdaForm$MH/0x0000000083051400::invoke@24
                      ; - java.lang.invoke.Invokers$Holder::linkToTargetMethod@6
                      ; - Rendering.ImGui.ImGuiEditor::render@27 (line 22)
  0x0000021220e5c3c0: cc03 8d07 

  0x0000021220e5c3c4: ;   {post_call_nop}
  0x0000021220e5c3c4: 0f1f 8400 | bc0e 0007 | 488b c88b | b424 6001 | 0000 d3fe | 03b4 2464 

  0x0000021220e5c3dc: ;   {metadata(method data for {method} {0x000000008249acd8} 'stringSize' '(ILjava/lang/String;)I' in 'java/lang/StringConcatHelper')}
  0x0000021220e5c3dc: 0100 0048 | b9b8 511e | 3812 0200 | 0048 8381 | 0801 0000 

  0x0000021220e5c3f0: ;   {metadata(method data for {method} {0x000000008249a968} 'checkOverflow' '(I)I' in 'java/lang/StringConcatHelper')}
  0x0000021220e5c3f0: 0148 b938 | 4c07 3812 | 0200 0044 | 8b81 9000 | 0000 4183 | c002 4489 | 8190 0000 | 0041 81e0 
  0x0000021220e5c410: feff 1f00 | 4585 c00f | 84cf 1500 

  0x0000021220e5c41c: ;   {metadata(method data for {method} {0x000000008249a968} 'checkOverflow' '(I)I' in 'java/lang/StringConcatHelper')}
  0x0000021220e5c41c: 0085 f648 | b938 4c07 | 3812 0200 | 0041 b8d8 | 0000 007c | 0641 b8e8 | 0000 004e | 8b0c 014d 
  0x0000021220e5c43c: 8d49 014e | 890c 010f | 8c60 1100 

  0x0000021220e5c448: ;   {oop("]"{0x000000070fdd5310})}
  0x0000021220e5c448: 0048 b910 | 53dd 0f07 | 0000 004c 

  0x0000021220e5c454: ;   {metadata(method data for {method} {0x000002123849a5a0} 'concat' '(Ljava/lang/Object;Ljava/lang/Object;)Ljava/lang/String;' in 'java/lang/String$$StringConcat+0x0000000083051000')}
  0x0000021220e5c454: 8bc1 49b9 | d0a9 4938 | 1202 0000 | 458b 4008 | 41ba 0000 | 0082 4d03 | c24d 3b81 | 2001 0000 
  0x0000021220e5c474: 750d 4983 | 8128 0100 | 0001 e960 | 0000 004d | 3b81 3001 | 0000 750d | 4983 8138 | 0100 0001 
  0x0000021220e5c494: e94a 0000 | 0049 83b9 | 2001 0000 | 0075 174d | 8981 2001 | 0000 49c7 | 8128 0100 | 0001 0000 
  0x0000021220e5c4b4: 00e9 2900 | 0000 4983 | b930 0100 | 0000 7517 | 4d89 8130 | 0100 0049 | c781 3801 | 0000 0100 
  0x0000021220e5c4d4: 0000 e908 | 0000 0049 | 8381 1801 

  0x0000021220e5c4e0: ;   {metadata(method data for {method} {0x0000000082188868} 'length' '()I' in 'java/lang/String')}
  0x0000021220e5c4e0: 0000 0149 | b868 f800 | 3812 0200 | 0045 8b88 | 9000 0000 | 4183 c102 | 4589 8890 | 0000 0041 
  0x0000021220e5c500: 81e1 feff | 1f00 4585 | c90f 84fe 

  0x0000021220e5c50c: ;   {metadata(method data for {method} {0x0000000082188868} 'length' '()I' in 'java/lang/String')}
  0x0000021220e5c50c: 1400 0049 | b868 f800 | 3812 0200 | 008b 4908 | 41ba 0000 | 0082 4903 | ca49 3b88 | e000 0000 
  0x0000021220e5c52c: 750d 4983 | 80e8 0000 | 0001 e960 | 0000 0049 | 3b88 f000 | 0000 750d | 4983 80f8 | 0000 0001 
  0x0000021220e5c54c: e94a 0000 | 0049 83b8 | e000 0000 | 0075 1749 | 8988 e000 | 0000 49c7 | 80e8 0000 | 0001 0000 
  0x0000021220e5c56c: 00e9 2900 | 0000 4983 | b8f0 0000 | 0000 7517 | 4989 88f0 | 0000 0049 | c780 f800 | 0000 0100 
  0x0000021220e5c58c: 0000 e908 | 0000 0049 | 8380 d800 

  0x0000021220e5c598: ;   {metadata(method data for {method} {0x00000000824af4b0} 'coder' '()B' in 'java/lang/String')}
  0x0000021220e5c598: 0000 0148 | b928 f700 | 3812 0200 | 0044 8b81 | 9000 0000 | 4183 c002 | 4489 8190 | 0000 0041 
  0x0000021220e5c5b8: 81e0 feff | 1f00 4585 | c00f 8467 

  0x0000021220e5c5c4: ;   {metadata(method data for {method} {0x00000000824af4b0} 'coder' '()B' in 'java/lang/String')}
  0x0000021220e5c5c4: 1400 0048 | b928 f700 | 3812 0200 | 00ff 81e8 

  0x0000021220e5c5d4: ;   {metadata(method data for {method} {0x00000000824af4b0} 'coder' '()B' in 'java/lang/String')}
  0x0000021220e5c5d4: 0000 0048 | b928 f700 | 3812 0200 | 00ff 81f8 | 0000 00ff | ce89 b424 | 6801 0000 

  0x0000021220e5c5f0: ;   {metadata(method data for {method} {0x000002123849a5a0} 'concat' '(Ljava/lang/Object;Ljava/lang/Object;)Ljava/lang/String;' in 'java/lang/String$$StringConcat+0x0000000083051000')}
  0x0000021220e5c5f0: 48b9 d0a9 | 4938 1202 | 0000 4883 | 8148 0100 

  0x0000021220e5c600: ;   {metadata(method data for {method} {0x000000008249a758} 'newArrayWithSuffix' '(Ljava/lang/String;IB)[B' in 'java/lang/StringConcatHelper')}
  0x0000021220e5c600: 0001 48b9 | 78d0 1638 | 1202 0000 | 448b 8190 | 0000 0041 | 83c0 0244 | 8981 9000 | 0000 4181 
  0x0000021220e5c620: e0fe ff1f | 0045 85c0 | 0f84 2114 

  0x0000021220e5c62c: ;   {oop("]"{0x000000070fdd5310})}
  0x0000021220e5c62c: 0000 48b9 | 1053 dd0f | 0700 0000 

  0x0000021220e5c638: ;   {metadata(method data for {method} {0x000000008249a758} 'newArrayWithSuffix' '(Ljava/lang/String;IB)[B' in 'java/lang/StringConcatHelper')}
  0x0000021220e5c638: 4c8b c149 | b978 d016 | 3812 0200 | 0045 8b40 | 0841 ba00 | 0000 824d | 03c2 4d3b | 81e0 0000 
  0x0000021220e5c658: 0075 0d49 | 8381 e800 | 0000 01e9 | 6000 0000 | 4d3b 81f0 | 0000 0075 | 0d49 8381 | f800 0000 
  0x0000021220e5c678: 01e9 4a00 | 0000 4983 | b9e0 0000 | 0000 7517 | 4d89 81e0 | 0000 0049 | c781 e800 | 0000 0100 
  0x0000021220e5c698: 0000 e929 | 0000 0049 | 83b9 f000 | 0000 0075 | 174d 8981 | f000 0000 | 49c7 81f8 | 0000 0001 
  0x0000021220e5c6b8: 0000 00e9 | 0800 0000 | 4983 81d8 | 0000 0001 

  0x0000021220e5c6c8: ;   {metadata(method data for {method} {0x0000000082188868} 'length' '()I' in 'java/lang/String')}
  0x0000021220e5c6c8: 49b8 68f8 | 0038 1202 | 0000 458b | 8890 0000 | 0041 83c1 | 0245 8988 | 9000 0000 | 4181 e1fe 
  0x0000021220e5c6e8: ff1f 0045 | 85c9 0f84 | 7c13 0000 

  0x0000021220e5c6f4: ;   {metadata(method data for {method} {0x0000000082188868} 'length' '()I' in 'java/lang/String')}
  0x0000021220e5c6f4: 49b8 68f8 | 0038 1202 | 0000 8b49 | 0841 ba00 | 0000 8249 | 03ca 493b | 88e0 0000 | 0075 0d49 
  0x0000021220e5c714: 8380 e800 | 0000 01e9 | 6000 0000 | 493b 88f0 | 0000 0075 | 0d49 8380 | f800 0000 | 01e9 4a00 
  0x0000021220e5c734: 0000 4983 | b8e0 0000 | 0000 7517 | 4989 88e0 | 0000 0049 | c780 e800 | 0000 0100 | 0000 e929 
  0x0000021220e5c754: 0000 0049 | 83b8 f000 | 0000 0075 | 1749 8988 | f000 0000 | 49c7 80f8 | 0000 0001 | 0000 00e9 
  0x0000021220e5c774: 0800 0000 | 4983 80d8 | 0000 0001 

  0x0000021220e5c780: ;   {metadata(method data for {method} {0x00000000824af4b0} 'coder' '()B' in 'java/lang/String')}
  0x0000021220e5c780: 48b9 28f7 | 0038 1202 | 0000 448b | 8190 0000 | 0041 83c0 | 0244 8981 | 9000 0000 | 4181 e0fe 
  0x0000021220e5c7a0: ff1f 0045 | 85c0 0f84 | e512 0000 

  0x0000021220e5c7ac: ;   {metadata(method data for {method} {0x00000000824af4b0} 'coder' '()B' in 'java/lang/String')}
  0x0000021220e5c7ac: 48b9 28f7 | 0038 1202 | 0000 ff81 | e800 0000 

  0x0000021220e5c7bc: ;   {metadata(method data for {method} {0x00000000824af4b0} 'coder' '()B' in 'java/lang/String')}
  0x0000021220e5c7bc: 48b9 28f7 | 0038 1202 | 0000 ff81 | f800 0000 | 4c8b c641 | ffc0 8b8c | 244c 0100 | 004d 8bc8 
  0x0000021220e5c7dc: ;   {metadata(method data for {method} {0x000000008249a758} 'newArrayWithSuffix' '(Ljava/lang/String;IB)[B' in 'java/lang/StringConcatHelper')}
  0x0000021220e5c7dc: 41d3 e149 | b878 d016 | 3812 0200 | 0049 8380 | 0801 0000 

  0x0000021220e5c7f0: ;   {metadata(method data for {method} {0x000000008249b308} 'newArray' '(I)[B' in 'java/lang/StringConcatHelper')}
  0x0000021220e5c7f0: 0149 b800 | e404 3812 | 0200 0041 | 8b90 9000 | 0000 83c2 | 0241 8990 | 9000 0000 | 81e2 feff 
  0x0000021220e5c810: 1f00 85d2 | 0f84 9812 | 0000 4585 

  0x0000021220e5c81c: ;   {metadata(method data for {method} {0x000000008249b308} 'newArray' '(I)[B' in 'java/lang/StringConcatHelper')}
  0x0000021220e5c81c: c949 b800 | e404 3812 | 0200 00ba | e800 0000 | 7c05 bad8 | 0000 0049 | 8b3c 1048 | 8d7f 0149 
  0x0000021220e5c83c: 893c 100f | 8cca 0c00 

  0x0000021220e5c844: ;   {oop(a 'jdk/internal/misc/Unsafe'{0x0000000710a04580})}
  0x0000021220e5c844: 0048 ba80 | 45a0 1007 | 0000 004c 

  0x0000021220e5c850: ;   {metadata(method data for {method} {0x000000008249b308} 'newArray' '(I)[B' in 'java/lang/StringConcatHelper')}
  0x0000021220e5c850: 8bc2 48bf | 00e4 0438 | 1202 0000 | 458b 4008 | 41ba 0000 | 0082 4d03 | c24c 3b87 | 1001 0000 
  0x0000021220e5c870: 750d 4883 | 8718 0100 | 0001 e960 | 0000 004c | 3b87 2001 | 0000 750d | 4883 8728 | 0100 0001 
  0x0000021220e5c890: e94a 0000 | 0048 83bf | 1001 0000 | 0075 174c | 8987 1001 | 0000 48c7 | 8718 0100 | 0001 0000 
  0x0000021220e5c8b0: 00e9 2900 | 0000 4883 | bf20 0100 | 0000 7517 | 4c89 8720 | 0100 0048 | c787 2801 | 0000 0100 
  0x0000021220e5c8d0: 0000 e908 | 0000 0048 | 8387 0801 

  0x0000021220e5c8dc: ;   {oop(a 'java/lang/Class'{0x00000007ffeb4b10} = byte)}
  0x0000021220e5c8dc: 0000 0149 | b810 4beb | ff07 0000 | 0066 0f1f 

  0x0000021220e5c8ec: ;   {optimized virtual_call}
  0x0000021220e5c8ec: 4400 00e8 

  0x0000021220e5c8f0: ; ImmutableOopMap {[288]=Oop [336]=Oop [344]=Oop }
                      ;*invokevirtual allocateUninitializedArray {reexecute=0 rethrow=0 return_oop=0}
                      ; - java.lang.StringConcatHelper::newArray@21 (line 578)
                      ; - java.lang.StringConcatHelper::newArrayWithSuffix@8 (line 611)
                      ; - java.lang.String$$StringConcat/0x0000000083051000::concat@58
                      ; - java.lang.invoke.DirectMethodHandle$Holder::invokeSpecial@14
                      ; - java.lang.invoke.LambdaForm$MH/0x0000000083051400::invoke@24
                      ; - java.lang.invoke.Invokers$Holder::linkToTargetMethod@6
                      ; - Rendering.ImGui.ImGuiEditor::render@27 (line 22)
  0x0000021220e5c8f0: ac71 e3ff 

  0x0000021220e5c8f4: ;   {post_call_nop}
  0x0000021220e5c8f4: 0f1f 8400 | ec13 0008 

  0x0000021220e5c8fc: ;   {metadata(method data for {method} {0x000000008249b308} 'newArray' '(I)[B' in 'java/lang/StringConcatHelper')}
  0x0000021220e5c8fc: 4885 c049 | b900 e404 | 3812 0200 | 0075 0d41 | 8089 3101 | 0000 01e9 | a800 0000 | 8b78 0841 
  0x0000021220e5c91c: ba00 0000 | 8249 03fa | 493b b940 | 0100 0075 | 0d49 8381 | 4801 0000 | 01e9 6000 | 0000 493b 
  0x0000021220e5c93c: b950 0100 | 0075 0d49 | 8381 5801 | 0000 01e9 | 4a00 0000 | 4983 b940 | 0100 0000 | 7517 4989 
  0x0000021220e5c95c: b940 0100 | 0049 c781 | 4801 0000 | 0100 0000 | e929 0000 | 0049 83b9 | 5001 0000 | 0075 1749 
  0x0000021220e5c97c: 89b9 5001 | 0000 49c7 | 8158 0100 | 0001 0000 | 00e9 0800 | 0000 4983 | 8138 0100 

  0x0000021220e5c998: ;   {metadata({type array byte})}
  0x0000021220e5c998: 0001 48bf | 604e 1882 | 0000 0000 | 448b 4808 | 41ba 0000 | 0082 4d03 | ca49 3b79 | 380f 8518 
  0x0000021220e5c9b8: 1100 00e9 | 0000 0000 | 488b f048 | 89b4 2470 | 0100 008b | bc24 4c01 | 0000 85ff 

  0x0000021220e5c9d4: ;   {metadata(method data for {method} {0x000000008249a758} 'newArrayWithSuffix' '(Ljava/lang/String;IB)[B' in 'java/lang/StringConcatHelper')}
  0x0000021220e5c9d4: 49b8 78d0 | 1638 1202 | 0000 41b9 | 1801 0000 | 7506 41b9 | 2801 0000 | 4b8b 1408 | 488d 5201 
  0x0000021220e5c9f4: 4b89 1408 | 0f85 d400 

  0x0000021220e5c9fc: ;   {oop("]"{0x000000070fdd5310})}
  0x0000021220e5c9fc: 0000 48ba | 1053 dd0f | 0700 0000 

  0x0000021220e5ca08: ;   {metadata(method data for {method} {0x000000008249a758} 'newArrayWithSuffix' '(Ljava/lang/String;IB)[B' in 'java/lang/StringConcatHelper')}
  0x0000021220e5ca08: 4c8b c249 | b978 d016 | 3812 0200 | 0045 8b40 | 0841 ba00 | 0000 824d | 03c2 4d3b | 8140 0100 
  0x0000021220e5ca28: 0075 0d49 | 8381 4801 | 0000 01e9 | 6000 0000 | 4d3b 8150 | 0100 0075 | 0d49 8381 | 5801 0000 
  0x0000021220e5ca48: 01e9 4a00 | 0000 4983 | b940 0100 | 0000 7517 | 4d89 8140 | 0100 0049 | c781 4801 | 0000 0100 
  0x0000021220e5ca68: 0000 e929 | 0000 0049 | 83b9 5001 | 0000 0075 | 174d 8981 | 5001 0000 | 49c7 8158 | 0100 0001 
  0x0000021220e5ca88: 0000 00e9 | 0800 0000 | 4983 8138 | 0100 0001 | 4c8b c644 | 8b8c 2468 | 0100 00bf | 0000 0000 
  0x0000021220e5caa8: 0f1f 8000 

  0x0000021220e5caac: ;   {optimized virtual_call}
  0x0000021220e5caac: 0000 00e8 

  0x0000021220e5cab0: ; ImmutableOopMap {[288]=Oop [336]=Oop [344]=Oop [368]=Oop }
                      ;*invokevirtual getBytes {reexecute=0 rethrow=0 return_oop=0}
                      ; - java.lang.StringConcatHelper::newArrayWithSuffix@20 (line 613)
                      ; - java.lang.String$$StringConcat/0x0000000083051000::concat@58
                      ; - java.lang.invoke.DirectMethodHandle$Holder::invokeSpecial@14
                      ; - java.lang.invoke.LambdaForm$MH/0x0000000083051400::invoke@24
                      ; - java.lang.invoke.Invokers$Holder::linkToTargetMethod@6
                      ; - Rendering.ImGui.ImGuiEditor::render@27 (line 22)
  0x0000021220e5cab0: dc8f 8f07 

  0x0000021220e5cab4: ;   {post_call_nop}
  0x0000021220e5cab4: 0f1f 8400 | ac15 0009 

  0x0000021220e5cabc: ;   {metadata(method data for {method} {0x000000008249a758} 'newArrayWithSuffix' '(Ljava/lang/String;IB)[B' in 'java/lang/StringConcatHelper')}
  0x0000021220e5cabc: 49b8 78d0 | 1638 1202 | 0000 41ff | 8068 0100 | 00e9 c200 

  0x0000021220e5cad0: ;   {oop("]"{0x000000070fdd5310})}
  0x0000021220e5cad0: 0000 48ba | 1053 dd0f | 0700 0000 

  0x0000021220e5cadc: ;   {metadata(method data for {method} {0x000000008249a758} 'newArrayWithSuffix' '(Ljava/lang/String;IB)[B' in 'java/lang/StringConcatHelper')}
  0x0000021220e5cadc: 4c8b c249 | b978 d016 | 3812 0200 | 0045 8b40 | 0841 ba00 | 0000 824d | 03c2 4d3b | 8188 0100 
  0x0000021220e5cafc: 0075 0d49 | 8381 9001 | 0000 01e9 | 6000 0000 | 4d3b 8198 | 0100 0075 | 0d49 8381 | a001 0000 
  0x0000021220e5cb1c: 01e9 4a00 | 0000 4983 | b988 0100 | 0000 7517 | 4d89 8188 | 0100 0049 | c781 9001 | 0000 0100 
  0x0000021220e5cb3c: 0000 e929 | 0000 0049 | 83b9 9801 | 0000 0075 | 174d 8981 | 9801 0000 | 49c7 81a0 | 0100 0001 
  0x0000021220e5cb5c: 0000 00e9 | 0800 0000 | 4983 8180 | 0100 0001 | 4c8b 8424 | 7001 0000 | 448b 8c24 | 6801 0000 
  0x0000021220e5cb7c: bf01 0000 | 0066 0f1f 

  0x0000021220e5cb84: ;   {optimized virtual_call}
  0x0000021220e5cb84: 4400 00e8 

  0x0000021220e5cb88: ; ImmutableOopMap {[288]=Oop [336]=Oop [344]=Oop [368]=Oop }
                      ;*invokevirtual getBytes {reexecute=0 rethrow=0 return_oop=0}
                      ; - java.lang.StringConcatHelper::newArrayWithSuffix@30 (line 615)
                      ; - java.lang.String$$StringConcat/0x0000000083051000::concat@58
                      ; - java.lang.invoke.DirectMethodHandle$Holder::invokeSpecial@14
                      ; - java.lang.invoke.LambdaForm$MH/0x0000000083051400::invoke@24
                      ; - java.lang.invoke.Invokers$Holder::linkToTargetMethod@6
                      ; - Rendering.ImGui.ImGuiEditor::render@27 (line 22)
  0x0000021220e5cb88: 5422 3807 

  0x0000021220e5cb8c: ;   {post_call_nop}
  0x0000021220e5cb8c: 0f1f 8400 | 8416 000a | 488b b424 | 7001 0000 

  0x0000021220e5cb9c: ;   {metadata(method data for {method} {0x000002123849a5a0} 'concat' '(Ljava/lang/Object;Ljava/lang/Object;)Ljava/lang/String;' in 'java/lang/String$$StringConcat+0x0000000083051000')}
  0x0000021220e5cb9c: 48ba d0a9 | 4938 1202 | 0000 4883 | 8258 0100 

  0x0000021220e5cbac: ;   {metadata(method data for {method} {0x000002123849a498} 'prepend' '(IB[B[Ljava/lang/String;Ljava/lang/String;Ljava/lang/String;)I' in 'java/lang/String$$StringConcat+0x0000000083051000')}
  0x0000021220e5cbac: 0001 48ba | d082 9638 | 1202 0000 | 448b 8290 | 0000 0041 | 83c0 0244 | 8982 9000 | 0000 4181 
  0x0000021220e5cbcc: e0fe ff1f | 0045 85c0 | 0f84 020f 

  0x0000021220e5cbd8: ;   {metadata(method data for {method} {0x000002123849a498} 'prepend' '(IB[B[Ljava/lang/String;Ljava/lang/String;Ljava/lang/String;)I' in 'java/lang/String$$StringConcat+0x0000000083051000')}
  0x0000021220e5cbd8: 0000 48ba | d082 9638 | 1202 0000 | 4883 82d8 | 0000 0001 | 8b94 2468 | 0100 0044 | 8b84 244c 
  0x0000021220e5cbf8: 0100 004c | 8bce 488b | bc24 5001 

  0x0000021220e5cc04: ;   {oop("] Arch: ["{0x000000070fdd52d8})}
  0x0000021220e5cc04: 0000 48be | d852 dd0f | 0700 0000 | 0f1f 8000 

  0x0000021220e5cc14: ;   {static_call}
  0x0000021220e5cc14: 0000 00e8 

  0x0000021220e5cc18: ; ImmutableOopMap {[288]=Oop [344]=Oop [368]=Oop }
                      ;*invokestatic prepend {reexecute=0 rethrow=0 return_oop=0}
                      ; - java.lang.String$$StringConcat/0x0000000083051000::prepend@8
                      ; - java.lang.String$$StringConcat/0x0000000083051000::concat@74
                      ; - java.lang.invoke.DirectMethodHandle$Holder::invokeSpecial@14
                      ; - java.lang.invoke.LambdaForm$MH/0x0000000083051400::invoke@24
                      ; - java.lang.invoke.Invokers$Holder::linkToTargetMethod@6
                      ; - Rendering.ImGui.ImGuiEditor::render@27 (line 22)
  0x0000021220e5cc18: e494 ecff 

  0x0000021220e5cc1c: ;   {post_call_nop}
  0x0000021220e5cc1c: 0f1f 8400 | 1417 000b 

  0x0000021220e5cc24: ;   {metadata(method data for {method} {0x000002123849a498} 'prepend' '(IB[B[Ljava/lang/String;Ljava/lang/String;Ljava/lang/String;)I' in 'java/lang/String$$StringConcat+0x0000000083051000')}
  0x0000021220e5cc24: 48ba d082 | 9638 1202 | 0000 4883 | 82e8 0000 | 0001 488b | d044 8b84 | 244c 0100 | 004c 8b8c 
  0x0000021220e5cc44: 2470 0100 | 0048 8bbc | 2458 0100 

  0x0000021220e5cc50: ;   {oop("OS: ["{0x000000070fdd52a8})}
  0x0000021220e5cc50: 0048 bea8 | 52dd 0f07 | 0000 000f 

  0x0000021220e5cc5c: ;   {static_call}
  0x0000021220e5cc5c: 1f40 00e8 

  0x0000021220e5cc60: ; ImmutableOopMap {[288]=Oop [368]=Oop }
                      ;*invokestatic prepend {reexecute=0 rethrow=0 return_oop=0}
                      ; - java.lang.String$$StringConcat/0x0000000083051000::prepend@18
                      ; - java.lang.String$$StringConcat/0x0000000083051000::concat@74
                      ; - java.lang.invoke.DirectMethodHandle$Holder::invokeSpecial@14
                      ; - java.lang.invoke.LambdaForm$MH/0x0000000083051400::invoke@24
                      ; - java.lang.invoke.Invokers$Holder::linkToTargetMethod@6
                      ; - Rendering.ImGui.ImGuiEditor::render@27 (line 22)
  0x0000021220e5cc60: 9c94 ecff 

  0x0000021220e5cc64: ;   {post_call_nop}
  0x0000021220e5cc64: 0f1f 8400 | 5c17 000c 

  0x0000021220e5cc6c: ;   {metadata('java/lang/String')}
  0x0000021220e5cc6c: 488b d848 | ba30 7e18 | 8200 0000 | 0049 8b87 | c801 0000 | 488d 7818 | 493b bfd8 | 0100 000f 
  0x0000021220e5cc8c: 876c 0e00 | 0049 89bf | c801 0000 | 48c7 0001 | 0000 0048 | 8bca 41ba | 0000 0082 | 492b ca89 
  0x0000021220e5ccac: 4808 4833 | c989 480c | 4833 c948 | 8948 1048 

  0x0000021220e5ccbc: ;   {metadata(method data for {method} {0x000002123849a5a0} 'concat' '(Ljava/lang/Object;Ljava/lang/Object;)Ljava/lang/String;' in 'java/lang/String$$StringConcat+0x0000000083051000')}
  0x0000021220e5ccbc: 8bd0 48be | d0a9 4938 | 1202 0000 | 4883 8668 | 0100 0001 

  0x0000021220e5ccd0: ;   {metadata(method data for {method} {0x00000000824afea8} '<init>' '([BB)V' in 'java/lang/String')}
  0x0000021220e5ccd0: 48ba 388b | 0438 1202 | 0000 8bb2 | 9000 0000 | 83c6 0289 | b290 0000 | 0081 e6fe | ff1f 0085 
  0x0000021220e5ccf0: f60f 8413 | 0e00 0048 

  0x0000021220e5ccf8: ;   {metadata(method data for {method} {0x00000000824afea8} '<init>' '([BB)V' in 'java/lang/String')}
  0x0000021220e5ccf8: 8bd0 48be | 388b 0438 | 1202 0000 | 4883 86d8 | 0000 0001 

  0x0000021220e5cd0c: ;   {metadata(method data for {method} {0x00000000824b4c90} '<init>' '()V' in 'java/lang/Object')}
  0x0000021220e5cd0c: 48ba c8d9 | 0038 1202 | 0000 8bb2 | 9000 0000 | 83c6 0289 | b290 0000 | 0081 e6fe | ff1f 0085 
  0x0000021220e5cd2c: f60f 84f8 | 0d00 0041 | 0fbe 5748 | 85d2 0f85 | 0c0e 0000 | 488b b424 | 7001 0000 | 4c8b d649 
  0x0000021220e5cd4c: c1ea 0344 | 8950 1448 | 8bd0 4833 | d648 c1ea | 1548 83fa | 000f 8504 | 0e00 008b | bc24 4c01 
  0x0000021220e5cd6c: 0000 4088 

  0x0000021220e5cd70: ;   {metadata(method data for {method} {0x00000212384391e0} 'render' '()V' in 'Rendering/ImGui/ImGuiEditor')}
  0x0000021220e5cd70: 7810 48ba | 0088 9638 | 1202 0000 | 4883 8298 | 0100 0001 

  0x0000021220e5cd84: ;   {metadata(method data for {method} {0x0000021238607460} 'text' '(Ljava/lang/String;)V' in 'imgui/ImGui')}
  0x0000021220e5cd84: 48ba e8f9 | 9538 1202 | 0000 8bb2 | 9000 0000 | 83c6 0289 | b290 0000 | 0081 e6fe | ff1f 0085 
  0x0000021220e5cda4: f60f 84d8 

  0x0000021220e5cda8: ;   {metadata(method data for {method} {0x0000021238607460} 'text' '(Ljava/lang/String;)V' in 'imgui/ImGui')}
  0x0000021220e5cda8: 0d00 0048 | bae8 f995 | 3812 0200 | 0048 8382 | d800 0000 | 0148 8bd0 | 0f1f 8000 

  0x0000021220e5cdc4: ;   {static_call}
  0x0000021220e5cdc4: 0000 00e8 

  0x0000021220e5cdc8: ; ImmutableOopMap {[288]=Oop }
                      ;*invokestatic nText {reexecute=0 rethrow=0 return_oop=0}
                      ; - imgui.ImGui::text@1 (line 2909)
                      ; - Rendering.ImGui.ImGuiEditor::render@32 (line 22)
  0x0000021220e5cdc8: c4f5 9007 

  0x0000021220e5cdcc: ;   {post_call_nop}
  0x0000021220e5cdcc: 0f1f 8400 | c418 000d 

  0x0000021220e5cdd4: ;   {metadata(method data for {method} {0x00000212384391e0} 'render' '()V' in 'Rendering/ImGui/ImGuiEditor')}
  0x0000021220e5cdd4: 48ba 0088 | 9638 1202 | 0000 4883 | 82a8 0100 

  0x0000021220e5cde4: ;   {metadata(method data for {method} {0x0000021238608008} 'button' '(Ljava/lang/String;)Z' in 'imgui/ImGui')}
  0x0000021220e5cde4: 0001 48ba | f836 9738 | 1202 0000 | 8bb2 9000 | 0000 83c6 | 0289 b290 | 0000 0081 | e6fe ff1f 
  0x0000021220e5ce04: 0085 f60f | 8497 0d00 

  0x0000021220e5ce0c: ;   {metadata(method data for {method} {0x0000021238608008} 'button' '(Ljava/lang/String;)Z' in 'imgui/ImGui')}
  0x0000021220e5ce0c: 0048 baf8 | 3697 3812 | 0200 0048 | 8382 d800 

  0x0000021220e5ce1c: ;   {oop("Ç Save"{0x000000070fdd55c0})}
  0x0000021220e5ce1c: 0000 0148 | bac0 55dd | 0f07 0000 | 0066 0f1f 

  0x0000021220e5ce2c: ;   {static_call}
  0x0000021220e5ce2c: 4400 00e8 

  0x0000021220e5ce30: ; ImmutableOopMap {[288]=Oop }
                      ;*invokestatic nButton {reexecute=0 rethrow=0 return_oop=0}
                      ; - imgui.ImGui::button@1 (line 3030)
                      ; - Rendering.ImGui.ImGuiEditor::render@37 (line 23)
  0x0000021220e5ce30: dce2 9107 

  0x0000021220e5ce34: ;   {post_call_nop}
  0x0000021220e5ce34: 0f1f 8400 | 2c19 000e | 83e0 0185 

  0x0000021220e5ce40: ;   {metadata(method data for {method} {0x00000212384391e0} 'render' '()V' in 'Rendering/ImGui/ImGuiEditor')}
  0x0000021220e5ce40: c048 be00 | 8896 3812 | 0200 00bf | b801 0000 | 7405 bfc8 | 0100 0048 | 8b1c 3e48 | 8d5b 0148 
  0x0000021220e5ce60: 891c 3e0f | 8410 0000 | 0048 8b94 | 2420 0100 | 008b 720c | ffc6 8972 

  0x0000021220e5ce78: ;   {metadata(method data for {method} {0x00000212384391e0} 'render' '()V' in 'Rendering/ImGui/ImGuiEditor')}
  0x0000021220e5ce78: 0c48 be00 | 8896 3812 | 0200 0048 | 8386 d801 

  0x0000021220e5ce88: ;   {metadata(method data for {method} {0x00000212386050e8} 'sameLine' '()V' in 'imgui/ImGui')}
  0x0000021220e5ce88: 0000 0148 | be20 3897 | 3812 0200 | 008b be90 | 0000 0083 | c702 89be | 9000 0000 | 81e7 feff 
  0x0000021220e5cea8: 1f00 85ff | 0f84 130d 

  0x0000021220e5ceb0: ;   {metadata(method data for {method} {0x00000212386050e8} 'sameLine' '()V' in 'imgui/ImGui')}
  0x0000021220e5ceb0: 0000 48be | 2038 9738 | 1202 0000 | 4883 86d8 | 0000 0001 

  0x0000021220e5cec4: ;   {static_call}
  0x0000021220e5cec4: 6666 90e8 

  0x0000021220e5cec8: ; ImmutableOopMap {[288]=Oop }
                      ;*invokestatic nSameLine {reexecute=0 rethrow=0 return_oop=0}
                      ; - imgui.ImGui::sameLine@0 (line 2561)
                      ; - Rendering.ImGui.ImGuiEditor::render@53 (line 26)
  0x0000021220e5cec8: 44e5 9107 

  0x0000021220e5cecc: ;   {post_call_nop}
  0x0000021220e5cecc: 0f1f 8400 | c419 000f | 488b 9424 | 2001 0000 

  0x0000021220e5cedc: ;   {metadata(method data for {method} {0x00000212384391e0} 'render' '()V' in 'Rendering/ImGui/ImGuiEditor')}
  0x0000021220e5cedc: 8b72 0c48 | bf00 8896 | 3812 0200 | 0048 8387 | e801 0000 

  0x0000021220e5cef0: ;   {metadata(method data for {method} {0x00000000824af718} 'valueOf' '(I)Ljava/lang/String;' in 'java/lang/String')}
  0x0000021220e5cef0: 0148 bf78 | 861e 3812 | 0200 008b | 9f90 0000 | 0083 c302 | 899f 9000 | 0000 81e3 | feff 1f00 
  0x0000021220e5cf10: 85db 0f84 | ce0c 0000 

  0x0000021220e5cf18: ;   {metadata(method data for {method} {0x00000000824af718} 'valueOf' '(I)Ljava/lang/String;' in 'java/lang/String')}
  0x0000021220e5cf18: 48bf 7886 | 1e38 1202 | 0000 4883 | 87d8 0000 | 0001 488b 

  0x0000021220e5cf2c: ;   {static_call}
  0x0000021220e5cf2c: d666 90e8 

  0x0000021220e5cf30: ; ImmutableOopMap {[288]=Oop }
                      ;*invokestatic toString {reexecute=0 rethrow=0 return_oop=0}
                      ; - java.lang.String::valueOf@1 (line 4643)
                      ; - Rendering.ImGui.ImGuiEditor::render@60 (line 27)
  0x0000021220e5cf30: 4c4d fdff 

  0x0000021220e5cf34: ;   {post_call_nop}
  0x0000021220e5cf34: 0f1f 8400 | 2c1a 0010 

  0x0000021220e5cf3c: ;   {metadata(method data for {method} {0x00000212384391e0} 'render' '()V' in 'Rendering/ImGui/ImGuiEditor')}
  0x0000021220e5cf3c: 48ba 0088 | 9638 1202 | 0000 4883 | 82f8 0100 

  0x0000021220e5cf4c: ;   {metadata(method data for {method} {0x0000021238607460} 'text' '(Ljava/lang/String;)V' in 'imgui/ImGui')}
  0x0000021220e5cf4c: 0001 48ba | e8f9 9538 | 1202 0000 | 8bb2 9000 | 0000 83c6 | 0289 b290 | 0000 0081 | e6fe ff1f 
  0x0000021220e5cf6c: 0085 f60f | 8492 0c00 

  0x0000021220e5cf74: ;   {metadata(method data for {method} {0x0000021238607460} 'text' '(Ljava/lang/String;)V' in 'imgui/ImGui')}
  0x0000021220e5cf74: 0048 bae8 | f995 3812 | 0200 0048 | 8382 d800 | 0000 0148 | 8bd0 0f1f 

  0x0000021220e5cf8c: ;   {static_call}
  0x0000021220e5cf8c: 4400 00e8 

  0x0000021220e5cf90: ; ImmutableOopMap {[288]=Oop }
                      ;*invokestatic nText {reexecute=0 rethrow=0 return_oop=0}
                      ; - imgui.ImGui::text@1 (line 2909)
                      ; - Rendering.ImGui.ImGuiEditor::render@63 (line 27)
  0x0000021220e5cf90: fcf3 9007 

  0x0000021220e5cf94: ;   {post_call_nop}
  0x0000021220e5cf94: 0f1f 8400 | 8c1a 0011 | 488b 9424 | 2001 0000 | 448b 4214 | 49c1 e003 

  0x0000021220e5cfac: ;   {metadata(method data for {method} {0x00000212384391e0} 'render' '()V' in 'Rendering/ImGui/ImGuiEditor')}
  0x0000021220e5cfac: 48be 0088 | 9638 1202 | 0000 4883 | 8608 0200 

  0x0000021220e5cfbc: ;   {metadata(method data for {method} {0x0000021238617f90} 'sliderFloat' '(Ljava/lang/String;[FFF)Z' in 'imgui/ImGui')}
  0x0000021220e5cfbc: 0001 48be | 4039 9738 | 1202 0000 | 8bbe 9000 | 0000 83c7 | 0289 be90 | 0000 0081 | e7fe ff1f 
  0x0000021220e5cfdc: 0085 ff0f | 8443 0c00 

  0x0000021220e5cfe4: ;   {metadata(method data for {method} {0x0000021238617f90} 'sliderFloat' '(Ljava/lang/String;[FFF)Z' in 'imgui/ImGui')}
  0x0000021220e5cfe4: 0048 be40 | 3997 3812 | 0200 0048 | 8386 d800 

  0x0000021220e5cff4: ;   {oop("float"{0x00000007ffe3b118})}
  0x0000021220e5cff4: 0000 0148 | ba18 b1e3 | ff07 0000 | 00c5 f857 

  0x0000021220e5d004: ;   {section_word}
  0x0000021220e5d004: c0c5 fa10 | 0df3 e5ff 

  0x0000021220e5d00c: ;   {static_call}
  0x0000021220e5d00c: ff66 90e8 

  0x0000021220e5d010: ; ImmutableOopMap {[288]=Oop }
                      ;*invokestatic nSliderFloat {reexecute=0 rethrow=0 return_oop=0}
                      ; - imgui.ImGui::sliderFloat@4 (line 5409)
                      ; - Rendering.ImGui.ImGuiEditor::render@74 (line 28)
  0x0000021220e5d010: fce6 9107 

  0x0000021220e5d014: ;   {post_call_nop}
  0x0000021220e5d014: 0f1f 8400 | 0c1b 0012 

  0x0000021220e5d01c: ;   {metadata(method data for {method} {0x00000212384391e0} 'render' '()V' in 'Rendering/ImGui/ImGuiEditor')}
  0x0000021220e5d01c: 48be 0088 | 9638 1202 | 0000 4883 | 8618 0200 

  0x0000021220e5d02c: ;   {metadata(method data for {method} {0x0000021238604fa8} 'separator' '()V' in 'imgui/ImGui')}
  0x0000021220e5d02c: 0001 48be | 2857 9638 | 1202 0000 | 8bbe 9000 | 0000 83c7 | 0289 be90 | 0000 0081 | e7fe ff1f 
  0x0000021220e5d04c: 0085 ff0f | 84f4 0b00 

  0x0000021220e5d054: ;   {metadata(method data for {method} {0x0000021238604fa8} 'separator' '()V' in 'imgui/ImGui')}
  0x0000021220e5d054: 0048 be28 | 5796 3812 | 0200 0048 | 8386 d800 

  0x0000021220e5d064: ;   {static_call}
  0x0000021220e5d064: 0000 01e8 

  0x0000021220e5d068: ; ImmutableOopMap {[288]=Oop }
                      ;*invokestatic nSeparator {reexecute=0 rethrow=0 return_oop=0}
                      ; - imgui.ImGui::separator@0 (line 2550)
                      ; - Rendering.ImGui.ImGuiEditor::render@78 (line 29)
  0x0000021220e5d068: a4e9 9107 

  0x0000021220e5d06c: ;   {post_call_nop}
  0x0000021220e5d06c: 0f1f 8400 | 641b 0013 | 488b 9424 | 2001 0000 

  0x0000021220e5d07c: ;   {metadata(method data for {method} {0x00000212384391e0} 'render' '()V' in 'Rendering/ImGui/ImGuiEditor')}
  0x0000021220e5d07c: 48be 0088 | 9638 1202 | 0000 4883 | 8628 0200 

  0x0000021220e5d08c: ;   {metadata(method data for {method} {0x00000212384392b8} 'showExtras' '()V' in 'Rendering/ImGui/ImGuiEditor')}
  0x0000021220e5d08c: 0001 48ba | 1014 9738 | 1202 0000 | 8bb2 9000 | 0000 83c6 | 0289 b290 | 0000 0081 | e6fe ff1f 
  0x0000021220e5d0ac: 0085 f60f | 84b5 0b00 

  0x0000021220e5d0b4: ;   {metadata(method data for {method} {0x00000212384392b8} 'showExtras' '()V' in 'Rendering/ImGui/ImGuiEditor')}
  0x0000021220e5d0b4: 0048 ba10 | 1497 3812 | 0200 0048 | 8382 d800 

  0x0000021220e5d0c4: ;   {metadata(method data for {method} {0x0000021238607460} 'text' '(Ljava/lang/String;)V' in 'imgui/ImGui')}
  0x0000021220e5d0c4: 0000 0148 | bae8 f995 | 3812 0200 | 008b b290 | 0000 0083 | c602 89b2 | 9000 0000 | 81e6 feff 
  0x0000021220e5d0e4: 1f00 85f6 | 0f84 9d0b 

  0x0000021220e5d0ec: ;   {metadata(method data for {method} {0x0000021238607460} 'text' '(Ljava/lang/String;)V' in 'imgui/ImGui')}
  0x0000021220e5d0ec: 0000 48ba | e8f9 9538 | 1202 0000 | 4883 82d8 | 0000 0001 

  0x0000021220e5d100: ;   {oop("Extras"{0x000000070fdd5b40})}
  0x0000021220e5d100: 48ba 405b | dd0f 0700 | 0000 0f1f 

  0x0000021220e5d10c: ;   {static_call}
  0x0000021220e5d10c: 4400 00e8 

  0x0000021220e5d110: ; ImmutableOopMap {[288]=Oop }
                      ;*invokestatic nText {reexecute=0 rethrow=0 return_oop=0}
                      ; - imgui.ImGui::text@1 (line 2909)
                      ; - Rendering.ImGui.ImGuiEditor::showExtras@2 (line 36)
                      ; - Rendering.ImGui.ImGuiEditor::render@82 (line 30)
  0x0000021220e5d110: 7cf2 9007 

  0x0000021220e5d114: ;   {post_call_nop}
  0x0000021220e5d114: 0f1f 8400 | 0c1c 0014 

  0x0000021220e5d11c: ;   {metadata(method data for {method} {0x00000212384392b8} 'showExtras' '()V' in 'Rendering/ImGui/ImGuiEditor')}
  0x0000021220e5d11c: 48ba 1014 | 9738 1202 | 0000 4883 | 82e8 0000 

  0x0000021220e5d12c: ;   {metadata(method data for {method} {0x0000021238608bb8} 'checkbox' '(Ljava/lang/String;Limgui/type/ImBoolean;)Z' in 'imgui/ImGui')}
  0x0000021220e5d12c: 0001 48ba | c815 9738 | 1202 0000 | 448b 8290 | 0000 0041 | 83c0 0244 | 8982 9000 | 0000 4181 
  0x0000021220e5d14c: e0fe ff1f | 0045 85c0 | 0f84 520b 

  0x0000021220e5d158: ;   {metadata(method data for {method} {0x0000021238608bb8} 'checkbox' '(Ljava/lang/String;Limgui/type/ImBoolean;)Z' in 'imgui/ImGui')}
  0x0000021220e5d158: 0000 48ba | c815 9738 | 1202 0000 | ff82 e800 

  0x0000021220e5d168: ;   {oop(a 'imgui/type/ImBoolean'{0x00000007109767f8})}
  0x0000021220e5d168: 0000 48ba | f867 9710 | 0700 0000 

  0x0000021220e5d174: ;   {metadata(method data for {method} {0x0000021238608bb8} 'checkbox' '(Ljava/lang/String;Limgui/type/ImBoolean;)Z' in 'imgui/ImGui')}
  0x0000021220e5d174: 4c8b c248 | bec8 1597 | 3812 0200 | 0045 8b40 | 0841 ba00 | 0000 824d | 03c2 4c3b | 8600 0100 
  0x0000021220e5d194: 0075 0d48 | 8386 0801 | 0000 01e9 | 6000 0000 | 4c3b 8610 | 0100 0075 | 0d48 8386 | 1801 0000 
  0x0000021220e5d1b4: 01e9 4a00 | 0000 4883 | be00 0100 | 0000 7517 | 4c89 8600 | 0100 0048 | c786 0801 | 0000 0100 
  0x0000021220e5d1d4: 0000 e929 | 0000 0048 | 83be 1001 | 0000 0075 | 174c 8986 | 1001 0000 | 48c7 8618 | 0100 0001 
  0x0000021220e5d1f4: 0000 00e9 | 0800 0000 | 4883 86f8 | 0000 0001 | 448b 420c | 49c1 e003 

  0x0000021220e5d20c: ;   {metadata(method data for {method} {0x0000021238608bb8} 'checkbox' '(Ljava/lang/String;Limgui/type/ImBoolean;)Z' in 'imgui/ImGui')}
  0x0000021220e5d20c: 48ba c815 | 9738 1202 | 0000 ff82 | 2801 0000 

  0x0000021220e5d21c: ;   {metadata(method data for {method} {0x0000021238608bb8} 'checkbox' '(Ljava/lang/String;Limgui/type/ImBoolean;)Z' in 'imgui/ImGui')}
  0x0000021220e5d21c: 48ba c815 | 9738 1202 | 0000 4883 | 8240 0100 

  0x0000021220e5d22c: ;   {oop("Show Demo Window"{0x000000070fdd5b70})}
  0x0000021220e5d22c: 0001 48ba | 705b dd0f | 0700 0000 | 0f1f 8000 

  0x0000021220e5d23c: ;   {static_call}
  0x0000021220e5d23c: 0000 00e8 

  0x0000021220e5d240: ; ImmutableOopMap {[288]=Oop }
                      ;*invokestatic nCheckbox {reexecute=0 rethrow=0 return_oop=0}
                      ; - imgui.ImGui::checkbox@13 (line 3144)
                      ; - Rendering.ImGui.ImGuiEditor::showExtras@10 (line 37)
                      ; - Rendering.ImGui.ImGuiEditor::render@82 (line 30)
  0x0000021220e5d240: ccea 9107 

  0x0000021220e5d244: ;   {post_call_nop}
  0x0000021220e5d244: 0f1f 8400 | 3c1d 0015 

  0x0000021220e5d24c: ;   {oop(a 'imgui/type/ImBoolean'{0x00000007109767f8})}
  0x0000021220e5d24c: 83e0 0148 | baf8 6797 | 1007 0000 | 0048 8bf2 

  0x0000021220e5d25c: ;   {metadata(method data for {method} {0x00000212384392b8} 'showExtras' '()V' in 'Rendering/ImGui/ImGuiEditor')}
  0x0000021220e5d25c: 48bf 1014 | 9738 1202 | 0000 8b76 | 0841 ba00 | 0000 8249 | 03f2 483b | b700 0100 | 0075 0d48 
  0x0000021220e5d27c: 8387 0801 | 0000 01e9 | 6000 0000 | 483b b710 | 0100 0075 | 0d48 8387 | 1801 0000 | 01e9 4a00 
  0x0000021220e5d29c: 0000 4883 | bf00 0100 | 0000 7517 | 4889 b700 | 0100 0048 | c787 0801 | 0000 0100 | 0000 e929 
  0x0000021220e5d2bc: 0000 0048 | 83bf 1001 | 0000 0075 | 1748 89b7 | 1001 0000 | 48c7 8718 | 0100 0001 | 0000 00e9 
  0x0000021220e5d2dc: 0800 0000 | 4883 87f8 | 0000 0001 

  0x0000021220e5d2e8: ;   {metadata(method data for {method} {0x0000021238439ea0} 'get' '()Z' in 'imgui/type/ImBoolean')}
  0x0000021220e5d2e8: 48be f89e | 9638 1202 | 0000 8bbe | 9000 0000 | 83c7 0289 | be90 0000 | 0081 e7fe | ff1f 0085 
  0x0000021220e5d308: ff0f 84be | 0900 008b | 520c 48c1 | e203 837a | 0c00 0f86 | d809 0000 | 0fbe 7210 | 83e6 0185 
  0x0000021220e5d328: ;   {metadata(method data for {method} {0x00000212384392b8} 'showExtras' '()V' in 'Rendering/ImGui/ImGuiEditor')}
  0x0000021220e5d328: f648 be10 | 1497 3812 | 0200 00bf | 2801 0000 | 7405 bf38 | 0100 0048 | 8b1c 3e48 | 8d5b 0148 
  0x0000021220e5d348: 891c 3e0f | 8453 0100 | 0048 8bb4 | 2420 0100 

  0x0000021220e5d358: ;   {metadata(method data for {method} {0x00000212384392b8} 'showExtras' '()V' in 'Rendering/ImGui/ImGuiEditor')}
  0x0000021220e5d358: 0048 bf10 | 1497 3812 | 0200 0048 | 8387 4801 

  0x0000021220e5d368: ;   {metadata(method data for {method} {0x0000021238439378} 'showDemo' '()V' in 'Rendering/ImGui/ImGuiEditor')}
  0x0000021220e5d368: 0000 0148 | be60 1797 | 3812 0200 | 008b be90 | 0000 0083 | c702 89be | 9000 0000 | 81e7 feff 
  0x0000021220e5d388: 1f00 85ff | 0f84 7809 

  0x0000021220e5d390: ;   {metadata(method data for {method} {0x0000021238439378} 'showDemo' '()V' in 'Rendering/ImGui/ImGuiEditor')}
  0x0000021220e5d390: 0000 48be | 6017 9738 | 1202 0000 | 4883 86d8 | 0000 0001 

  0x0000021220e5d3a4: ;   {metadata(method data for {method} {0x00000212385f5590} 'showDemoWindow' '(Limgui/type/ImBoolean;)V' in 'imgui/ImGui')}
  0x0000021220e5d3a4: 48be 8818 | 9738 1202 | 0000 8bbe | 9000 0000 | 83c7 0289 | be90 0000 | 0081 e7fe | ff1f 0085 
  0x0000021220e5d3c4: ff0f 8460 

  0x0000021220e5d3c8: ;   {metadata(method data for {method} {0x00000212385f5590} 'showDemoWindow' '(Limgui/type/ImBoolean;)V' in 'imgui/ImGui')}
  0x0000021220e5d3c8: 0900 0048 | be88 1897 | 3812 0200 | 00ff 86e8 

  0x0000021220e5d3d8: ;   {oop(a 'imgui/type/ImBoolean'{0x00000007109767f8})}
  0x0000021220e5d3d8: 0000 0048 | bef8 6797 | 1007 0000 

  0x0000021220e5d3e4: ;   {metadata(method data for {method} {0x00000212385f5590} 'showDemoWindow' '(Limgui/type/ImBoolean;)V' in 'imgui/ImGui')}
  0x0000021220e5d3e4: 0048 bf88 | 1897 3812 | 0200 008b | 7608 41ba | 0000 0082 | 4903 f248 | 3bb7 0001 | 0000 750d 
  0x0000021220e5d404: 4883 8708 | 0100 0001 | e960 0000 | 0048 3bb7 | 1001 0000 | 750d 4883 | 8718 0100 | 0001 e94a 
  0x0000021220e5d424: 0000 0048 | 83bf 0001 | 0000 0075 | 1748 89b7 | 0001 0000 | 48c7 8708 | 0100 0001 | 0000 00e9 
  0x0000021220e5d444: 2900 0000 | 4883 bf10 | 0100 0000 | 7517 4889 | b710 0100 | 0048 c787 | 1801 0000 | 0100 0000 
  0x0000021220e5d464: e908 0000 | 0048 8387 | f800 0000 

  0x0000021220e5d470: ;   {metadata(method data for {method} {0x00000212385f5590} 'showDemoWindow' '(Limgui/type/ImBoolean;)V' in 'imgui/ImGui')}
  0x0000021220e5d470: 0148 be88 | 1897 3812 | 0200 00ff | 8628 0100 

  0x0000021220e5d480: ;   {metadata(method data for {method} {0x00000212385f5590} 'showDemoWindow' '(Limgui/type/ImBoolean;)V' in 'imgui/ImGui')}
  0x0000021220e5d480: 0048 be88 | 1897 3812 | 0200 0048 | 8386 4001 | 0000 010f 

  0x0000021220e5d494: ;   {static_call}
  0x0000021220e5d494: 1f40 00e8 

  0x0000021220e5d498: ; ImmutableOopMap {}
                      ;*invokestatic nShowDemoWindow {reexecute=0 rethrow=0 return_oop=0}
                      ; - imgui.ImGui::showDemoWindow@12 (line 305)
                      ; - Rendering.ImGui.ImGuiEditor::showDemo@3 (line 46)
                      ; - Rendering.ImGui.ImGuiEditor::showExtras@24 (line 40)
                      ; - Rendering.ImGui.ImGuiEditor::render@82 (line 30)
  0x0000021220e5d498: 441f 3807 

  0x0000021220e5d49c: ;   {post_call_nop}
  0x0000021220e5d49c: 0f1f 8400 | 941f 0016 

  0x0000021220e5d4a4: ;   {metadata(method data for {method} {0x00000212384391e0} 'render' '()V' in 'Rendering/ImGui/ImGuiEditor')}
  0x0000021220e5d4a4: 48be 0088 | 9638 1202 | 0000 4883 | 8658 0200 

  0x0000021220e5d4b4: ;   {metadata(method data for {method} {0x00000212385f7730} 'end' '()V' in 'imgui/ImGui')}
  0x0000021220e5d4b4: 0001 48be | 181a 9738 | 1202 0000 | 8bbe 9000 | 0000 83c7 | 0289 be90 | 0000 0081 | e7fe ff1f 
  0x0000021220e5d4d4: 0085 ff0f | 846f 0800 

  0x0000021220e5d4dc: ;   {metadata(method data for {method} {0x00000212385f7730} 'end' '()V' in 'imgui/ImGui')}
  0x0000021220e5d4dc: 0048 be18 | 1a97 3812 | 0200 0048 | 8386 d800 

  0x0000021220e5d4ec: ;   {static_call}
  0x0000021220e5d4ec: 0000 01e8 

  0x0000021220e5d4f0: ; ImmutableOopMap {}
                      ;*invokestatic nEnd {reexecute=0 rethrow=0 return_oop=0}
                      ; - imgui.ImGui::end@0 (line 617)
                      ; - Rendering.ImGui.ImGuiEditor::render@85 (line 32)
  0x0000021220e5d4f0: 1ceb 9107 

  0x0000021220e5d4f4: ;   {post_call_nop}
  0x0000021220e5d4f4: 0f1f 8400 | ec1f 0017 | 4881 c4a0 | 0100 005d 

  0x0000021220e5d504: ;   {poll_return}
  0x0000021220e5d504: 493b 6728 | 0f87 5f08 | 0000 c390 

  0x0000021220e5d510: ;   {other}
  0x0000021220e5d510: e97d 0800 | 0000 0000 | 0000 498b | 87c8 0100 | 0048 8d78 | 2849 3bbf | d801 0000 | 0f87 6a08 
  0x0000021220e5d530: 0000 4989 | bfc8 0100 | 0048 c700 | 0100 0000 | 488b ca41 | ba00 0000 | 8249 2bca | 8948 0848 
  0x0000021220e5d550: 33c9 8948 | 0c48 33c9 | 4889 4810 | 4889 4818 | 4889 4820 

  0x0000021220e5d564: ;   {metadata(method data for {method} {0x000000008249b308} 'newArray' '(I)[B' in 'java/lang/StringConcatHelper')}
  0x0000021220e5d564: 4c8b c048 | ba00 e404 | 3812 0200 | 0048 8382 | f800 0000 

  0x0000021220e5d578: ;   {oop("Overflow: String length out of range"{0x00000007ffe53c08})}
  0x0000021220e5d578: 0149 b808 | 3ce5 ff07 | 0000 0048 | 8bd0 4889 | 8424 7801 

  0x0000021220e5d58c: ;   {optimized virtual_call}
  0x0000021220e5d58c: 0000 90e8 

  0x0000021220e5d590: ; ImmutableOopMap {[288]=Oop [336]=Oop [344]=Oop [376]=Oop }
                      ;*invokespecial <init> {reexecute=0 rethrow=0 return_oop=0}
                      ; - java.lang.StringConcatHelper::newArray@10 (line 576)
                      ; - java.lang.StringConcatHelper::newArrayWithSuffix@8 (line 611)
                      ; - java.lang.String$$StringConcat/0x0000000083051000::concat@58
                      ; - java.lang.invoke.DirectMethodHandle$Holder::invokeSpecial@14
                      ; - java.lang.invoke.LambdaForm$MH/0x0000000083051400::invoke@24
                      ; - java.lang.invoke.Invokers$Holder::linkToTargetMethod@6
                      ; - Rendering.ImGui.ImGuiEditor::render@27 (line 22)
  0x0000021220e5d590: 4c18 3807 

  0x0000021220e5d594: ;   {post_call_nop}
  0x0000021220e5d594: 0f1f 8400 | 8c20 0018 | 488b 8424 | 7801 0000 | e969 0800 | 000f 1f80 | 0000 0000 

  0x0000021220e5d5b0: ;   {other}
  0x0000021220e5d5b0: e903 0800 | 0000 0000 | 0000 498b | 87c8 0100 | 0048 8d78 | 2849 3bbf | d801 0000 | 0f87 f007 
  0x0000021220e5d5d0: 0000 4989 | bfc8 0100 | 0048 c700 | 0100 0000 | 488b ca41 | ba00 0000 | 8249 2bca | 8948 0848 
  0x0000021220e5d5f0: 33c9 8948 | 0c48 33c9 | 4889 4810 | 4889 4818 | 4889 4820 

  0x0000021220e5d604: ;   {metadata(method data for {method} {0x000000008249a968} 'checkOverflow' '(I)I' in 'java/lang/StringConcatHelper')}
  0x0000021220e5d604: 4c8b c048 | ba38 4c07 | 3812 0200 | 0048 8382 | f800 0000 

  0x0000021220e5d618: ;   {oop("Overflow: String length out of range"{0x00000007ffe53c08})}
  0x0000021220e5d618: 0149 b808 | 3ce5 ff07 | 0000 0048 | 8bd0 4889 | 8424 8001 

  0x0000021220e5d62c: ;   {optimized virtual_call}
  0x0000021220e5d62c: 0000 90e8 

  0x0000021220e5d630: ; ImmutableOopMap {[288]=Oop [336]=Oop [344]=Oop [384]=Oop }
                      ;*invokespecial <init> {reexecute=0 rethrow=0 return_oop=0}
                      ; - java.lang.StringConcatHelper::checkOverflow@12 (line 787)
                      ; - java.lang.StringConcatHelper::stringSize@6 (line 530)
                      ; - java.lang.String$$StringConcat/0x0000000083051000::length@6
                      ; - java.lang.String$$StringConcat/0x0000000083051000::concat@33
                      ; - java.lang.invoke.DirectMethodHandle$Holder::invokeSpecial@14
                      ; - java.lang.invoke.LambdaForm$MH/0x0000000083051400::invoke@24
                      ; - java.lang.invoke.Invokers$Holder::linkToTargetMethod@6
                      ; - Rendering.ImGui.ImGuiEditor::render@27 (line 22)
  0x0000021220e5d630: ac17 3807 

  0x0000021220e5d634: ;   {post_call_nop}
  0x0000021220e5d634: 0f1f 8400 | 2c21 0019 | 488b 8424 | 8001 0000 | e9c9 0700 | 000f 1f80 | 0000 0000 

  0x0000021220e5d650: ;   {other}
  0x0000021220e5d650: e989 0700 | 0000 0000 | 0000 498b | 87c8 0100 | 0048 8d78 | 2849 3bbf | d801 0000 | 0f87 7607 
  0x0000021220e5d670: 0000 4989 | bfc8 0100 | 0048 c700 | 0100 0000 | 488b ca41 | ba00 0000 | 8249 2bca | 8948 0848 
  0x0000021220e5d690: 33c9 8948 | 0c48 33c9 | 4889 4810 | 4889 4818 | 4889 4820 

  0x0000021220e5d6a4: ;   {metadata(method data for {method} {0x000000008249a968} 'checkOverflow' '(I)I' in 'java/lang/StringConcatHelper')}
  0x0000021220e5d6a4: 4c8b c048 | ba38 4c07 | 3812 0200 | 0048 8382 | f800 0000 

  0x0000021220e5d6b8: ;   {oop("Overflow: String length out of range"{0x00000007ffe53c08})}
  0x0000021220e5d6b8: 0149 b808 | 3ce5 ff07 | 0000 0048 | 8bd0 4889 | 8424 8801 

  0x0000021220e5d6cc: ;   {optimized virtual_call}
  0x0000021220e5d6cc: 0000 90e8 

  0x0000021220e5d6d0: ; ImmutableOopMap {[288]=Oop [336]=Oop [344]=Oop [392]=Oop }
                      ;*invokespecial <init> {reexecute=0 rethrow=0 return_oop=0}
                      ; - java.lang.StringConcatHelper::checkOverflow@12 (line 787)
                      ; - java.lang.StringConcatHelper::stringSize@6 (line 530)
                      ; - java.lang.String$$StringConcat/0x0000000083051000::length@2
                      ; - java.lang.String$$StringConcat/0x0000000083051000::concat@33
                      ; - java.lang.invoke.DirectMethodHandle$Holder::invokeSpecial@14
                      ; - java.lang.invoke.LambdaForm$MH/0x0000000083051400::invoke@24
                      ; - java.lang.invoke.Invokers$Holder::linkToTargetMethod@6
                      ; - Rendering.ImGui.ImGuiEditor::render@27 (line 22)
  0x0000021220e5d6d0: 0c17 3807 

  0x0000021220e5d6d4: ;   {post_call_nop}
  0x0000021220e5d6d4: 0f1f 8400 | cc21 001a | 488b 8424 | 8801 0000 | e929 0700 

  0x0000021220e5d6e8: ;   {metadata({method} {0x00000212384391e0} 'render' '()V' in 'Rendering/ImGui/ImGuiEditor')}
  0x0000021220e5d6e8: 0049 bad8 | 9143 3812 | 0200 004c | 8954 2408 | 48c7 0424 | ffff ffff 

  0x0000021220e5d700: ;   {runtime_call C1 Runtime counter_overflow_blob}
  0x0000021220e5d700: e85b 0345 

  0x0000021220e5d704: ; ImmutableOopMap {rdx=Oop [288]=Oop }
                      ;*synchronization entry
                      ; - Rendering.ImGui.ImGuiEditor::render@-1 (line 19)
  0x0000021220e5d704: 07e9 84df 

  0x0000021220e5d708: ;   {runtime_call C1 Runtime throw_null_pointer_exception_blob}
  0x0000021220e5d708: ffff e8d1 

  0x0000021220e5d70c: ; ImmutableOopMap {rdx=Oop rsi=Oop [288]=Oop }
                      ;*invokevirtual render {reexecute=0 rethrow=0 return_oop=0}
                      ; - Rendering.ImGui.ImGuiEditor::render@4 (line 19)
                      ;   {metadata({method} {0x00000212385f7410} 'begin' '(Ljava/lang/String;I)Z' in 'imgui/ImGui')}
  0x0000021220e5d70c: a444 0749 | ba08 745f | 3812 0200 | 004c 8954 | 2408 48c7 | 0424 ffff 

  0x0000021220e5d724: ;   {runtime_call C1 Runtime counter_overflow_blob}
  0x0000021220e5d724: ffff e835 

  0x0000021220e5d728: ; ImmutableOopMap {[288]=Oop }
                      ;*synchronization entry
                      ; - imgui.ImGui::begin@-1 (line 581)
                      ; - Rendering.ImGui.ImGuiEditor::render@11 (line 21)
  0x0000021220e5d728: 0345 07e9 | d2df ffff 

  0x0000021220e5d730: ;   {metadata({method} {0x0000000082194230} 'getProperty' '(Ljava/lang/String;)Ljava/lang/String;' in 'java/lang/System')}
  0x0000021220e5d730: 49ba 2842 | 1982 0000 | 0000 4c89 | 5424 0848 | c704 24ff 

  0x0000021220e5d744: ;   {runtime_call C1 Runtime counter_overflow_blob}
  0x0000021220e5d744: ffff ffe8 

  0x0000021220e5d748: ; ImmutableOopMap {[288]=Oop }
                      ;*synchronization entry
                      ; - java.lang.System::getProperty@-1 (line 742)
                      ; - Rendering.ImGui.ImGuiEditor::render@19 (line 22)
  0x0000021220e5d748: 1403 4507 | e949 e0ff 

  0x0000021220e5d750: ;   {runtime_call C1 Runtime throw_null_pointer_exception_blob}
  0x0000021220e5d750: ffe8 8aa4 

  0x0000021220e5d754: ; ImmutableOopMap {rsi=Oop rdx=Oop [288]=Oop [296]=Oop }
                      ;*invokevirtual getProperty {reexecute=0 rethrow=0 return_oop=0}
                      ; - java.lang.System::getProperty@8 (line 743)
                      ; - Rendering.ImGui.ImGuiEditor::render@19 (line 22)
                      ;   {metadata({method} {0x0000000082194230} 'getProperty' '(Ljava/lang/String;)Ljava/lang/String;' in 'java/lang/System')}
  0x0000021220e5d754: 4407 49ba | 2842 1982 | 0000 0000 | 4c89 5424 | 0848 c704 | 24ff ffff 

  0x0000021220e5d76c: ;   {runtime_call C1 Runtime counter_overflow_blob}
  0x0000021220e5d76c: ffe8 ee02 

  0x0000021220e5d770: ; ImmutableOopMap {rax=Oop [288]=Oop [304]=Oop }
                      ;*synchronization entry
                      ; - java.lang.System::getProperty@-1 (line 742)
                      ; - Rendering.ImGui.ImGuiEditor::render@24 (line 22)
  0x0000021220e5d770: 4507 e966 

  0x0000021220e5d774: ;   {runtime_call C1 Runtime throw_null_pointer_exception_blob}
  0x0000021220e5d774: e1ff ffe8 

  0x0000021220e5d778: ; ImmutableOopMap {rdx=Oop [288]=Oop [312]=Oop [320]=Oop }
                      ;*invokevirtual getProperty {reexecute=0 rethrow=0 return_oop=0}
                      ; - java.lang.System::getProperty@8 (line 743)
                      ; - Rendering.ImGui.ImGuiEditor::render@24 (line 22)
  0x0000021220e5d778: 64a4 4407 

  0x0000021220e5d77c: ;   {metadata({method} {0x0000000082212e98} 'linkToTargetMethod' '(Ljava/lang/Object;Ljava/lang/Object;Ljava/lang/Object;)Ljava/lang/Object;' in 'java/lang/invoke/Invokers$Holder')}
  0x0000021220e5d77c: 49ba 902e | 2182 0000 | 0000 4c89 | 5424 0848 | c704 24ff 

  0x0000021220e5d790: ;   {runtime_call C1 Runtime counter_overflow_blob}
  0x0000021220e5d790: ffff ffe8 

  0x0000021220e5d794: ; ImmutableOopMap {rax=Oop rsi=Oop [288]=Oop }
                      ;*synchronization entry
                      ; - java.lang.invoke.Invokers$Holder::linkToTargetMethod@-1
                      ; - Rendering.ImGui.ImGuiEditor::render@27 (line 22)
  0x0000021220e5d794: c802 4507 | e9ec e2ff 

  0x0000021220e5d79c: ;   {metadata({method} {0x000002123849ae90} 'invoke' '(Ljava/lang/Object;Ljava/lang/Object;Ljava/lang/Object;)Ljava/lang/Object;' in 'java/lang/invoke/LambdaForm$MH+0x0000000083051400')}
  0x0000021220e5d79c: ff49 ba88 | ae49 3812 | 0200 004c | 8954 2408 | 48c7 0424 | ffff ffff 

  0x0000021220e5d7b4: ;   {runtime_call C1 Runtime counter_overflow_blob}
  0x0000021220e5d7b4: e8a7 0245 

  0x0000021220e5d7b8: ; ImmutableOopMap {rax=Oop rsi=Oop [288]=Oop }
                      ;*synchronization entry
                      ; - java.lang.invoke.LambdaForm$MH/0x0000000083051400::invoke@-1
                      ; - java.lang.invoke.Invokers$Holder::linkToTargetMethod@6
                      ; - Rendering.ImGui.ImGuiEditor::render@27 (line 22)
  0x0000021220e5d7b8: 07e9 48e3 

  0x0000021220e5d7bc: ;   {metadata({method} {0x0000000082215400} 'invokeSpecial' '(Ljava/lang/Object;Ljava/lang/Object;Ljava/lang/Object;Ljava/lang/Object;)Ljava/lang/Object;' in 'java/lang/invoke/DirectMethodHandle$Holder')}
  0x0000021220e5d7bc: ffff 49ba | f853 2182 | 0000 0000 | 4c89 5424 | 0848 c704 | 24ff ffff 

  0x0000021220e5d7d4: ;   {runtime_call C1 Runtime counter_overflow_blob}
  0x0000021220e5d7d4: ffe8 8602 

  0x0000021220e5d7d8: ; ImmutableOopMap {rax=Oop rsi=Oop [288]=Oop }
                      ;*synchronization entry
                      ; - java.lang.invoke.DirectMethodHandle$Holder::invokeSpecial@-1
                      ; - java.lang.invoke.LambdaForm$MH/0x0000000083051400::invoke@24
                      ; - java.lang.invoke.Invokers$Holder::linkToTargetMethod@6
                      ; - Rendering.ImGui.ImGuiEditor::render@27 (line 22)
  0x0000021220e5d7d8: 4507 e960 

  0x0000021220e5d7dc: ;   {metadata({method} {0x0000000082206588} 'internalMemberName' '(Ljava/lang/Object;)Ljava/lang/Object;' in 'java/lang/invoke/DirectMethodHandle')}
  0x0000021220e5d7dc: e3ff ff49 | ba80 6520 | 8200 0000 | 004c 8954 | 2408 48c7 | 0424 ffff 

  0x0000021220e5d7f4: ;   {runtime_call C1 Runtime counter_overflow_blob}
  0x0000021220e5d7f4: ffff e865 

  0x0000021220e5d7f8: ; ImmutableOopMap {rax=Oop rsi=Oop [288]=Oop }
                      ;*synchronization entry
                      ; - java.lang.invoke.DirectMethodHandle::internalMemberName@-1 (line 326)
                      ; - java.lang.invoke.DirectMethodHandle$Holder::invokeSpecial@1
                      ; - java.lang.invoke.LambdaForm$MH/0x0000000083051400::invoke@24
                      ; - java.lang.invoke.Invokers$Holder::linkToTargetMethod@6
                      ; - Rendering.ImGui.ImGuiEditor::render@27 (line 22)
  0x0000021220e5d7f8: 0245 07e9 | 78e3 ffff 

  0x0000021220e5d800: ;   {metadata({method} {0x000002123849a5a0} 'concat' '(Ljava/lang/Object;Ljava/lang/Object;)Ljava/lang/String;' in 'java/lang/String$$StringConcat+0x0000000083051000')}
  0x0000021220e5d800: 49ba 98a5 | 4938 1202 | 0000 4c89 | 5424 0848 | c704 24ff 

  0x0000021220e5d814: ;   {runtime_call C1 Runtime counter_overflow_blob}
  0x0000021220e5d814: ffff ffe8 

  0x0000021220e5d818: ; ImmutableOopMap {rax=Oop rsi=Oop [288]=Oop }
                      ;*synchronization entry
                      ; - java.lang.String$$StringConcat/0x0000000083051000::concat@-1
                      ; - java.lang.invoke.DirectMethodHandle$Holder::invokeSpecial@14
                      ; - java.lang.invoke.LambdaForm$MH/0x0000000083051400::invoke@24
                      ; - java.lang.invoke.Invokers$Holder::linkToTargetMethod@6
                      ; - Rendering.ImGui.ImGuiEditor::render@27 (line 22)
  0x0000021220e5d818: 4402 4507 | e9bc e3ff 

  0x0000021220e5d820: ;   {metadata({method} {0x000000008249a860} 'stringOf' '(Ljava/lang/Object;)Ljava/lang/String;' in 'java/lang/StringConcatHelper')}
  0x0000021220e5d820: ff49 ba58 | a849 8200 | 0000 004c | 8954 2408 | 48c7 0424 | ffff ffff 

  0x0000021220e5d838: ;   {runtime_call C1 Runtime counter_overflow_blob}
  0x0000021220e5d838: e823 0245 

  0x0000021220e5d83c: ; ImmutableOopMap {rax=Oop rsi=Oop [288]=Oop }
                      ;*synchronization entry
                      ; - java.lang.StringConcatHelper::stringOf@-1 (line 466)
                      ; - java.lang.String$$StringConcat/0x0000000083051000::concat@1
                      ; - java.lang.invoke.DirectMethodHandle$Holder::invokeSpecial@14
                      ; - java.lang.invoke.LambdaForm$MH/0x0000000083051400::invoke@24
                      ; - java.lang.invoke.Invokers$Holder::linkToTargetMethod@6
                      ; - Rendering.ImGui.ImGuiEditor::render@27 (line 22)
  0x0000021220e5d83c: 07e9 d4e3 

  0x0000021220e5d840: ;   {runtime_call C1 Runtime throw_null_pointer_exception_blob}
  0x0000021220e5d840: ffff e899 

  0x0000021220e5d844: ; ImmutableOopMap {rax=Oop rsi=Oop [288]=Oop }
                      ;*invokevirtual toString {reexecute=0 rethrow=0 return_oop=0}
                      ; - java.lang.StringConcatHelper::stringOf@5 (line 466)
                      ; - java.lang.String$$StringConcat/0x0000000083051000::concat@1
                      ; - java.lang.invoke.DirectMethodHandle$Holder::invokeSpecial@14
                      ; - java.lang.invoke.LambdaForm$MH/0x0000000083051400::invoke@24
                      ; - java.lang.invoke.Invokers$Holder::linkToTargetMethod@6
                      ; - Rendering.ImGui.ImGuiEditor::render@27 (line 22)
                      ;   {metadata({method} {0x0000000082188140} 'toString' '()Ljava/lang/String;' in 'java/lang/String')}
  0x0000021220e5d844: a344 0749 | ba38 8118 | 8200 0000 | 004c 8954 | 2408 48c7 | 0424 ffff 

  0x0000021220e5d85c: ;   {runtime_call C1 Runtime counter_overflow_blob}
  0x0000021220e5d85c: ffff e8fd 

  0x0000021220e5d860: ; ImmutableOopMap {rax=Oop rsi=Oop [288]=Oop }
                      ;*synchronization entry
                      ; - java.lang.String::toString@-1 (line 4365)
                      ; - java.lang.StringConcatHelper::stringOf@5 (line 466)
                      ; - java.lang.String$$StringConcat/0x0000000083051000::concat@1
                      ; - java.lang.invoke.DirectMethodHandle$Holder::invokeSpecial@14
                      ; - java.lang.invoke.LambdaForm$MH/0x0000000083051400::invoke@24
                      ; - java.lang.invoke.Invokers$Holder::linkToTargetMethod@6
                      ; - Rendering.ImGui.ImGuiEditor::render@27 (line 22)
  0x0000021220e5d860: 0145 07e9 | 18e4 ffff 

  0x0000021220e5d868: ;   {metadata({method} {0x000000008249a860} 'stringOf' '(Ljava/lang/Object;)Ljava/lang/String;' in 'java/lang/StringConcatHelper')}
  0x0000021220e5d868: 49ba 58a8 | 4982 0000 | 0000 4c89 | 5424 0848 | c704 24ff 

  0x0000021220e5d87c: ;   {runtime_call C1 Runtime counter_overflow_blob}
  0x0000021220e5d87c: ffff ffe8 

  0x0000021220e5d880: ; ImmutableOopMap {rax=Oop rsi=Oop [288]=Oop }
                      ;*synchronization entry
                      ; - java.lang.StringConcatHelper::stringOf@-1 (line 466)
                      ; - java.lang.String$$StringConcat/0x0000000083051000::concat@7
                      ; - java.lang.invoke.DirectMethodHandle$Holder::invokeSpecial@14
                      ; - java.lang.invoke.LambdaForm$MH/0x0000000083051400::invoke@24
                      ; - java.lang.invoke.Invokers$Holder::linkToTargetMethod@6
                      ; - Rendering.ImGui.ImGuiEditor::render@27 (line 22)
  0x0000021220e5d880: dc01 4507 | e975 e4ff 

  0x0000021220e5d888: ;   {runtime_call C1 Runtime throw_null_pointer_exception_blob}
  0x0000021220e5d888: ffe8 52a3 

  0x0000021220e5d88c: ; ImmutableOopMap {rsi=Oop rax=Oop [288]=Oop }
                      ;*invokevirtual toString {reexecute=0 rethrow=0 return_oop=0}
                      ; - java.lang.StringConcatHelper::stringOf@5 (line 466)
                      ; - java.lang.String$$StringConcat/0x0000000083051000::concat@7
                      ; - java.lang.invoke.DirectMethodHandle$Holder::invokeSpecial@14
                      ; - java.lang.invoke.LambdaForm$MH/0x0000000083051400::invoke@24
                      ; - java.lang.invoke.Invokers$Holder::linkToTargetMethod@6
                      ; - Rendering.ImGui.ImGuiEditor::render@27 (line 22)
                      ;   {metadata({method} {0x0000000082188140} 'toString' '()Ljava/lang/String;' in 'java/lang/String')}
  0x0000021220e5d88c: 4407 49ba | 3881 1882 | 0000 0000 | 4c89 5424 | 0848 c704 | 24ff ffff 

  0x0000021220e5d8a4: ;   {runtime_call C1 Runtime counter_overflow_blob}
  0x0000021220e5d8a4: ffe8 b601 

  0x0000021220e5d8a8: ; ImmutableOopMap {rsi=Oop rax=Oop [288]=Oop }
                      ;*synchronization entry
                      ; - java.lang.String::toString@-1 (line 4365)
                      ; - java.lang.StringConcatHelper::stringOf@5 (line 466)
                      ; - java.lang.String$$StringConcat/0x0000000083051000::concat@7
                      ; - java.lang.invoke.DirectMethodHandle$Holder::invokeSpecial@14
                      ; - java.lang.invoke.LambdaForm$MH/0x0000000083051400::invoke@24
                      ; - java.lang.invoke.Invokers$Holder::linkToTargetMethod@6
                      ; - Rendering.ImGui.ImGuiEditor::render@27 (line 22)
  0x0000021220e5d8a8: 4507 e9b9 

  0x0000021220e5d8ac: ;   {metadata({method} {0x000002123849a658} 'coder' '(ILjava/lang/String;Ljava/lang/String;)I' in 'java/lang/String$$StringConcat+0x0000000083051000')}
  0x0000021220e5d8ac: e4ff ff49 | ba50 a649 | 3812 0200 | 004c 8954 | 2408 48c7 | 0424 ffff 

  0x0000021220e5d8c4: ;   {runtime_call C1 Runtime counter_overflow_blob}
  0x0000021220e5d8c4: ffff e895 

  0x0000021220e5d8c8: ; ImmutableOopMap {rsi=Oop rax=Oop [288]=Oop }
                      ;*synchronization entry
                      ; - java.lang.String$$StringConcat/0x0000000083051000::coder@-1
                      ; - java.lang.String$$StringConcat/0x0000000083051000::concat@20
                      ; - java.lang.invoke.DirectMethodHandle$Holder::invokeSpecial@14
                      ; - java.lang.invoke.LambdaForm$MH/0x0000000083051400::invoke@24
                      ; - java.lang.invoke.Invokers$Holder::linkToTargetMethod@6
                      ; - Rendering.ImGui.ImGuiEditor::render@27 (line 22)
  0x0000021220e5d8c8: 0145 07e9 | 16e5 ffff 

  0x0000021220e5d8d0: ;   {runtime_call C1 Runtime throw_null_pointer_exception_blob}
  0x0000021220e5d8d0: e80b a344 

  0x0000021220e5d8d4: ; ImmutableOopMap {rsi=Oop rax=Oop [288]=Oop }
                      ;*invokevirtual coder {reexecute=0 rethrow=0 return_oop=0}
                      ; - java.lang.String$$StringConcat/0x0000000083051000::coder@2
                      ; - java.lang.String$$StringConcat/0x0000000083051000::concat@20
                      ; - java.lang.invoke.DirectMethodHandle$Holder::invokeSpecial@14
                      ; - java.lang.invoke.LambdaForm$MH/0x0000000083051400::invoke@24
                      ; - java.lang.invoke.Invokers$Holder::linkToTargetMethod@6
                      ; - Rendering.ImGui.ImGuiEditor::render@27 (line 22)
                      ;   {metadata({method} {0x00000000824af4b0} 'coder' '()B' in 'java/lang/String')}
  0x0000021220e5d8d4: 0749 baa8 | f44a 8200 | 0000 004c | 8954 2408 | 48c7 0424 | ffff ffff 

  0x0000021220e5d8ec: ;   {runtime_call C1 Runtime counter_overflow_blob}
  0x0000021220e5d8ec: e86f 0145 

  0x0000021220e5d8f0: ; ImmutableOopMap {rsi=Oop rax=Oop [288]=Oop }
                      ;*synchronization entry
                      ; - java.lang.String::coder@-1 (line 4885)
                      ; - java.lang.String$$StringConcat/0x0000000083051000::coder@2
                      ; - java.lang.String$$StringConcat/0x0000000083051000::concat@20
                      ; - java.lang.invoke.DirectMethodHandle$Holder::invokeSpecial@14
                      ; - java.lang.invoke.LambdaForm$MH/0x0000000083051400::invoke@24
                      ; - java.lang.invoke.Invokers$Holder::linkToTargetMethod@6
                      ; - Rendering.ImGui.ImGuiEditor::render@27 (line 22)
  0x0000021220e5d8f0: 07e9 a9e5 

  0x0000021220e5d8f4: ;   {runtime_call C1 Runtime throw_null_pointer_exception_blob}
  0x0000021220e5d8f4: ffff e8e5 

  0x0000021220e5d8f8: ; ImmutableOopMap {rsi=Oop rax=Oop [288]=Oop }
                      ;*invokevirtual coder {reexecute=0 rethrow=0 return_oop=0}
                      ; - java.lang.String$$StringConcat/0x0000000083051000::coder@7
                      ; - java.lang.String$$StringConcat/0x0000000083051000::concat@20
                      ; - java.lang.invoke.DirectMethodHandle$Holder::invokeSpecial@14
                      ; - java.lang.invoke.LambdaForm$MH/0x0000000083051400::invoke@24
                      ; - java.lang.invoke.Invokers$Holder::linkToTargetMethod@6
                      ; - Rendering.ImGui.ImGuiEditor::render@27 (line 22)
                      ;   {metadata({method} {0x00000000824af4b0} 'coder' '()B' in 'java/lang/String')}
  0x0000021220e5d8f8: a244 0749 | baa8 f44a | 8200 0000 | 004c 8954 | 2408 48c7 | 0424 ffff 

  0x0000021220e5d910: ;   {runtime_call C1 Runtime counter_overflow_blob}
  0x0000021220e5d910: ffff e849 

  0x0000021220e5d914: ; ImmutableOopMap {rsi=Oop rax=Oop [288]=Oop }
                      ;*synchronization entry
                      ; - java.lang.String::coder@-1 (line 4885)
                      ; - java.lang.String$$StringConcat/0x0000000083051000::coder@7
                      ; - java.lang.String$$StringConcat/0x0000000083051000::concat@20
                      ; - java.lang.invoke.DirectMethodHandle$Holder::invokeSpecial@14
                      ; - java.lang.invoke.LambdaForm$MH/0x0000000083051400::invoke@24
                      ; - java.lang.invoke.Invokers$Holder::linkToTargetMethod@6
                      ; - Rendering.ImGui.ImGuiEditor::render@27 (line 22)
  0x0000021220e5d914: 0145 07e9 | 66e6 ffff 

  0x0000021220e5d91c: ;   {metadata({method} {0x000002123849a3d8} 'length' '(ILjava/lang/String;Ljava/lang/String;)I' in 'java/lang/String$$StringConcat+0x0000000083051000')}
  0x0000021220e5d91c: 49ba d0a3 | 4938 1202 | 0000 4c89 | 5424 0848 | c704 24ff 

  0x0000021220e5d930: ;   {runtime_call C1 Runtime counter_overflow_blob}
  0x0000021220e5d930: ffff ffe8 

  0x0000021220e5d934: ; ImmutableOopMap {rsi=Oop [288]=Oop [336]=Oop }
                      ;*synchronization entry
                      ; - java.lang.String$$StringConcat/0x0000000083051000::length@-1
                      ; - java.lang.String$$StringConcat/0x0000000083051000::concat@33
                      ; - java.lang.invoke.DirectMethodHandle$Holder::invokeSpecial@14
                      ; - java.lang.invoke.LambdaForm$MH/0x0000000083051400::invoke@24
                      ; - java.lang.invoke.Invokers$Holder::linkToTargetMethod@6
                      ; - Rendering.ImGui.ImGuiEditor::render@27 (line 22)
  0x0000021220e5d934: 2801 4507 | e9ba e6ff 

  0x0000021220e5d93c: ;   {metadata({method} {0x000000008249acd8} 'stringSize' '(ILjava/lang/String;)I' in 'java/lang/StringConcatHelper')}
  0x0000021220e5d93c: ff49 bad0 | ac49 8200 | 0000 004c | 8954 2408 | 48c7 0424 | ffff ffff 

  0x0000021220e5d954: ;   {runtime_call C1 Runtime counter_overflow_blob}
  0x0000021220e5d954: e807 0145 

  0x0000021220e5d958: ; ImmutableOopMap {rsi=Oop [288]=Oop [336]=Oop }
                      ;*synchronization entry
                      ; - java.lang.StringConcatHelper::stringSize@-1 (line 530)
                      ; - java.lang.String$$StringConcat/0x0000000083051000::length@2
                      ; - java.lang.String$$StringConcat/0x0000000083051000::concat@33
                      ; - java.lang.invoke.DirectMethodHandle$Holder::invokeSpecial@14
                      ; - java.lang.invoke.LambdaForm$MH/0x0000000083051400::invoke@24
                      ; - java.lang.invoke.Invokers$Holder::linkToTargetMethod@6
                      ; - Rendering.ImGui.ImGuiEditor::render@27 (line 22)
  0x0000021220e5d958: 07e9 d2e6 

  0x0000021220e5d95c: ;   {metadata({method} {0x0000000082188868} 'length' '()I' in 'java/lang/String')}
  0x0000021220e5d95c: ffff 49ba | 6088 1882 | 0000 0000 | 4c89 5424 | 0848 c704 | 24ff ffff 

  0x0000021220e5d974: ;   {runtime_call C1 Runtime counter_overflow_blob}
  0x0000021220e5d974: ffe8 e600 

  0x0000021220e5d978: ; ImmutableOopMap {rsi=Oop [288]=Oop [336]=Oop }
                      ;*synchronization entry
                      ; - java.lang.String::length@-1 (line 1583)
                      ; - java.lang.StringConcatHelper::stringSize@2 (line 530)
                      ; - java.lang.String$$StringConcat/0x0000000083051000::length@2
                      ; - java.lang.String$$StringConcat/0x0000000083051000::concat@33
                      ; - java.lang.invoke.DirectMethodHandle$Holder::invokeSpecial@14
                      ; - java.lang.invoke.LambdaForm$MH/0x0000000083051400::invoke@24
                      ; - java.lang.invoke.Invokers$Holder::linkToTargetMethod@6
                      ; - Rendering.ImGui.ImGuiEditor::render@27 (line 22)
  0x0000021220e5d978: 4507 e967 

  0x0000021220e5d97c: ;   {runtime_call C1 Runtime throw_null_pointer_exception_blob}
  0x0000021220e5d97c: e7ff ffe8 

  0x0000021220e5d980: ; ImmutableOopMap {rsi=Oop [288]=Oop [336]=Oop }
                      ;*arraylength {reexecute=0 rethrow=0 return_oop=0}
                      ; - java.lang.String::length@4 (line 1583)
                      ; - java.lang.StringConcatHelper::stringSize@2 (line 530)
                      ; - java.lang.String$$StringConcat/0x0000000083051000::length@2
                      ; - java.lang.String$$StringConcat/0x0000000083051000::concat@33
                      ; - java.lang.invoke.DirectMethodHandle$Holder::invokeSpecial@14
                      ; - java.lang.invoke.LambdaForm$MH/0x0000000083051400::invoke@24
                      ; - java.lang.invoke.Invokers$Holder::linkToTargetMethod@6
                      ; - Rendering.ImGui.ImGuiEditor::render@27 (line 22)
  0x0000021220e5d980: 5ca2 4407 

  0x0000021220e5d984: ;   {metadata({method} {0x000000008249a968} 'checkOverflow' '(I)I' in 'java/lang/StringConcatHelper')}
  0x0000021220e5d984: 49ba 60a9 | 4982 0000 | 0000 4c89 | 5424 0848 | c704 24ff 

  0x0000021220e5d998: ;   {runtime_call C1 Runtime counter_overflow_blob}
  0x0000021220e5d998: ffff ffe8 

  0x0000021220e5d99c: ; ImmutableOopMap {[288]=Oop [336]=Oop [344]=Oop }
                      ;*synchronization entry
                      ; - java.lang.StringConcatHelper::checkOverflow@-1 (line 784)
                      ; - java.lang.StringConcatHelper::stringSize@6 (line 530)
                      ; - java.lang.String$$StringConcat/0x0000000083051000::length@2
                      ; - java.lang.String$$StringConcat/0x0000000083051000::concat@33
                      ; - java.lang.invoke.DirectMethodHandle$Holder::invokeSpecial@14
                      ; - java.lang.invoke.LambdaForm$MH/0x0000000083051400::invoke@24
                      ; - java.lang.invoke.Invokers$Holder::linkToTargetMethod@6
                      ; - Rendering.ImGui.ImGuiEditor::render@27 (line 22)
  0x0000021220e5d99c: c000 4507 | e947 e8ff 

  0x0000021220e5d9a4: ;   {metadata({method} {0x000000008249acd8} 'stringSize' '(ILjava/lang/String;)I' in 'java/lang/StringConcatHelper')}
  0x0000021220e5d9a4: ff49 bad0 | ac49 8200 | 0000 004c | 8954 2408 | 48c7 0424 | ffff ffff 

  0x0000021220e5d9bc: ;   {runtime_call C1 Runtime counter_overflow_blob}
  0x0000021220e5d9bc: e89f 0045 

  0x0000021220e5d9c0: ; ImmutableOopMap {rax=Oop [288]=Oop [344]=Oop }
                      ;*synchronization entry
                      ; - java.lang.StringConcatHelper::stringSize@-1 (line 530)
                      ; - java.lang.String$$StringConcat/0x0000000083051000::length@6
                      ; - java.lang.String$$StringConcat/0x0000000083051000::concat@33
                      ; - java.lang.invoke.DirectMethodHandle$Holder::invokeSpecial@14
                      ; - java.lang.invoke.LambdaForm$MH/0x0000000083051400::invoke@24
                      ; - java.lang.invoke.Invokers$Holder::linkToTargetMethod@6
                      ; - Rendering.ImGui.ImGuiEditor::render@27 (line 22)
  0x0000021220e5d9c0: 07e9 98e8 

  0x0000021220e5d9c4: ;   {metadata({method} {0x0000000082188868} 'length' '()I' in 'java/lang/String')}
  0x0000021220e5d9c4: ffff 49ba | 6088 1882 | 0000 0000 | 4c89 5424 | 0848 c704 | 24ff ffff 

  0x0000021220e5d9dc: ;   {runtime_call C1 Runtime counter_overflow_blob}
  0x0000021220e5d9dc: ffe8 7e00 

  0x0000021220e5d9e0: ; ImmutableOopMap {rax=Oop [288]=Oop [344]=Oop }
                      ;*synchronization entry
                      ; - java.lang.String::length@-1 (line 1583)
                      ; - java.lang.StringConcatHelper::stringSize@2 (line 530)
                      ; - java.lang.String$$StringConcat/0x0000000083051000::length@6
                      ; - java.lang.String$$StringConcat/0x0000000083051000::concat@33
                      ; - java.lang.invoke.DirectMethodHandle$Holder::invokeSpecial@14
                      ; - java.lang.invoke.LambdaForm$MH/0x0000000083051400::invoke@24
                      ; - java.lang.invoke.Invokers$Holder::linkToTargetMethod@6
                      ; - Rendering.ImGui.ImGuiEditor::render@27 (line 22)
  0x0000021220e5d9e0: 4507 e92d 

  0x0000021220e5d9e4: ;   {runtime_call C1 Runtime throw_null_pointer_exception_blob}
  0x0000021220e5d9e4: e9ff ffe8 

  0x0000021220e5d9e8: ; ImmutableOopMap {rax=Oop [288]=Oop [344]=Oop }
                      ;*arraylength {reexecute=0 rethrow=0 return_oop=0}
                      ; - java.lang.String::length@4 (line 1583)
                      ; - java.lang.StringConcatHelper::stringSize@2 (line 530)
                      ; - java.lang.String$$StringConcat/0x0000000083051000::length@6
                      ; - java.lang.String$$StringConcat/0x0000000083051000::concat@33
                      ; - java.lang.invoke.DirectMethodHandle$Holder::invokeSpecial@14
                      ; - java.lang.invoke.LambdaForm$MH/0x0000000083051400::invoke@24
                      ; - java.lang.invoke.Invokers$Holder::linkToTargetMethod@6
                      ; - Rendering.ImGui.ImGuiEditor::render@27 (line 22)
  0x0000021220e5d9e8: f4a1 4407 

  0x0000021220e5d9ec: ;   {metadata({method} {0x000000008249a968} 'checkOverflow' '(I)I' in 'java/lang/StringConcatHelper')}
  0x0000021220e5d9ec: 49ba 60a9 | 4982 0000 | 0000 4c89 | 5424 0848 | c704 24ff 

  0x0000021220e5da00: ;   {runtime_call C1 Runtime counter_overflow_blob}
  0x0000021220e5da00: ffff ffe8 

  0x0000021220e5da04: ; ImmutableOopMap {[288]=Oop [336]=Oop [344]=Oop }
                      ;*synchronization entry
                      ; - java.lang.StringConcatHelper::checkOverflow@-1 (line 784)
                      ; - java.lang.StringConcatHelper::stringSize@6 (line 530)
                      ; - java.lang.String$$StringConcat/0x0000000083051000::length@6
                      ; - java.lang.String$$StringConcat/0x0000000083051000::concat@33
                      ; - java.lang.invoke.DirectMethodHandle$Holder::invokeSpecial@14
                      ; - java.lang.invoke.LambdaForm$MH/0x0000000083051400::invoke@24
                      ; - java.lang.invoke.Invokers$Holder::linkToTargetMethod@6
                      ; - Rendering.ImGui.ImGuiEditor::render@27 (line 22)
  0x0000021220e5da04: 5800 4507 | e910 eaff 

  0x0000021220e5da0c: ;   {metadata({method} {0x0000000082188868} 'length' '()I' in 'java/lang/String')}
  0x0000021220e5da0c: ff49 ba60 | 8818 8200 | 0000 004c | 8954 2408 | 48c7 0424 | ffff ffff 

  0x0000021220e5da24: ;   {runtime_call C1 Runtime counter_overflow_blob}
  0x0000021220e5da24: e837 0045 

  0x0000021220e5da28: ; ImmutableOopMap {rcx=Oop [288]=Oop [336]=Oop [344]=Oop }
                      ;*synchronization entry
                      ; - java.lang.String::length@-1 (line 1583)
                      ; - java.lang.String$$StringConcat/0x0000000083051000::concat@48
                      ; - java.lang.invoke.DirectMethodHandle$Holder::invokeSpecial@14
                      ; - java.lang.invoke.LambdaForm$MH/0x0000000083051400::invoke@24
                      ; - java.lang.invoke.Invokers$Holder::linkToTargetMethod@6
                      ; - Rendering.ImGui.ImGuiEditor::render@27 (line 22)
  0x0000021220e5da28: 07e9 e1ea 

  0x0000021220e5da2c: ;   {metadata({method} {0x00000000824af4b0} 'coder' '()B' in 'java/lang/String')}
  0x0000021220e5da2c: ffff 49ba | a8f4 4a82 | 0000 0000 | 4c89 5424 | 0848 c704 | 24ff ffff 

  0x0000021220e5da44: ;   {runtime_call C1 Runtime counter_overflow_blob}
  0x0000021220e5da44: ffe8 1600 

  0x0000021220e5da48: ; ImmutableOopMap {[288]=Oop [336]=Oop [344]=Oop }
                      ;*synchronization entry
                      ; - java.lang.String::coder@-1 (line 4885)
                      ; - java.lang.String::length@6 (line 1583)
                      ; - java.lang.String$$StringConcat/0x0000000083051000::concat@48
                      ; - java.lang.invoke.DirectMethodHandle$Holder::invokeSpecial@14
                      ; - java.lang.invoke.LambdaForm$MH/0x0000000083051400::invoke@24
                      ; - java.lang.invoke.Invokers$Holder::linkToTargetMethod@6
                      ; - Rendering.ImGui.ImGuiEditor::render@27 (line 22)
  0x0000021220e5da48: 4507 e978 

  0x0000021220e5da4c: ;   {metadata({method} {0x000000008249a758} 'newArrayWithSuffix' '(Ljava/lang/String;IB)[B' in 'java/lang/StringConcatHelper')}
  0x0000021220e5da4c: ebff ff49 | ba50 a749 | 8200 0000 | 004c 8954 | 2408 48c7 | 0424 ffff 

  0x0000021220e5da64: ;   {runtime_call C1 Runtime counter_overflow_blob}
  0x0000021220e5da64: ffff e8f5 

  0x0000021220e5da68: ; ImmutableOopMap {[288]=Oop [336]=Oop [344]=Oop }
                      ;*synchronization entry
                      ; - java.lang.StringConcatHelper::newArrayWithSuffix@-1 (line 611)
                      ; - java.lang.String$$StringConcat/0x0000000083051000::concat@58
                      ; - java.lang.invoke.DirectMethodHandle$Holder::invokeSpecial@14
                      ; - java.lang.invoke.LambdaForm$MH/0x0000000083051400::invoke@24
                      ; - java.lang.invoke.Invokers$Holder::linkToTargetMethod@6
                      ; - Rendering.ImGui.ImGuiEditor::render@27 (line 22)
  0x0000021220e5da68: ff44 07e9 | beeb ffff 

  0x0000021220e5da70: ;   {metadata({method} {0x0000000082188868} 'length' '()I' in 'java/lang/String')}
  0x0000021220e5da70: 49ba 6088 | 1882 0000 | 0000 4c89 | 5424 0848 | c704 24ff 

  0x0000021220e5da84: ;   {runtime_call C1 Runtime counter_overflow_blob}
  0x0000021220e5da84: ffff ffe8 

  0x0000021220e5da88: ; ImmutableOopMap {rcx=Oop [288]=Oop [336]=Oop [344]=Oop }
                      ;*synchronization entry
                      ; - java.lang.String::length@-1 (line 1583)
                      ; - java.lang.StringConcatHelper::newArrayWithSuffix@2 (line 611)
                      ; - java.lang.String$$StringConcat/0x0000000083051000::concat@58
                      ; - java.lang.invoke.DirectMethodHandle$Holder::invokeSpecial@14
                      ; - java.lang.invoke.LambdaForm$MH/0x0000000083051400::invoke@24
                      ; - java.lang.invoke.Invokers$Holder::linkToTargetMethod@6
                      ; - Rendering.ImGui.ImGuiEditor::render@27 (line 22)
  0x0000021220e5da88: d4ff 4407 | e963 ecff 

  0x0000021220e5da90: ;   {metadata({method} {0x00000000824af4b0} 'coder' '()B' in 'java/lang/String')}
  0x0000021220e5da90: ff49 baa8 | f44a 8200 | 0000 004c | 8954 2408 | 48c7 0424 | ffff ffff 

  0x0000021220e5daa8: ;   {runtime_call C1 Runtime counter_overflow_blob}
  0x0000021220e5daa8: e8b3 ff44 

  0x0000021220e5daac: ; ImmutableOopMap {[288]=Oop [336]=Oop [344]=Oop }
                      ;*synchronization entry
                      ; - java.lang.String::coder@-1 (line 4885)
                      ; - java.lang.String::length@6 (line 1583)
                      ; - java.lang.StringConcatHelper::newArrayWithSuffix@2 (line 611)
                      ; - java.lang.String$$StringConcat/0x0000000083051000::concat@58
                      ; - java.lang.invoke.DirectMethodHandle$Holder::invokeSpecial@14
                      ; - java.lang.invoke.LambdaForm$MH/0x0000000083051400::invoke@24
                      ; - java.lang.invoke.Invokers$Holder::linkToTargetMethod@6
                      ; - Rendering.ImGui.ImGuiEditor::render@27 (line 22)
  0x0000021220e5daac: 07e9 faec 

  0x0000021220e5dab0: ;   {metadata({method} {0x000000008249b308} 'newArray' '(I)[B' in 'java/lang/StringConcatHelper')}
  0x0000021220e5dab0: ffff 49ba | 00b3 4982 | 0000 0000 | 4c89 5424 | 0848 c704 | 24ff ffff 

  0x0000021220e5dac8: ;   {runtime_call C1 Runtime counter_overflow_blob}
  0x0000021220e5dac8: ffe8 92ff 

  0x0000021220e5dacc: ; ImmutableOopMap {[288]=Oop [336]=Oop [344]=Oop }
                      ;*synchronization entry
                      ; - java.lang.StringConcatHelper::newArray@-1 (line 575)
                      ; - java.lang.StringConcatHelper::newArrayWithSuffix@8 (line 611)
                      ; - java.lang.String$$StringConcat/0x0000000083051000::concat@58
                      ; - java.lang.invoke.DirectMethodHandle$Holder::invokeSpecial@14
                      ; - java.lang.invoke.LambdaForm$MH/0x0000000083051400::invoke@24
                      ; - java.lang.invoke.Invokers$Holder::linkToTargetMethod@6
                      ; - Rendering.ImGui.ImGuiEditor::render@27 (line 22)
  0x0000021220e5dacc: 4407 e947 | edff ff48 

  0x0000021220e5dad4: ;   {runtime_call C1 Runtime throw_class_cast_exception_blob}
  0x0000021220e5dad4: 8904 24e8 

  0x0000021220e5dad8: ; ImmutableOopMap {[288]=Oop [336]=Oop [344]=Oop }
                      ;*checkcast {reexecute=0 rethrow=0 return_oop=0}
                      ; - java.lang.StringConcatHelper::newArray@24 (line 578)
                      ; - java.lang.StringConcatHelper::newArrayWithSuffix@8 (line 611)
                      ; - java.lang.String$$StringConcat/0x0000000083051000::concat@58
                      ; - java.lang.invoke.DirectMethodHandle$Holder::invokeSpecial@14
                      ; - java.lang.invoke.LambdaForm$MH/0x0000000083051400::invoke@24
                      ; - java.lang.invoke.Invokers$Holder::linkToTargetMethod@6
                      ; - Rendering.ImGui.ImGuiEditor::render@27 (line 22)
  0x0000021220e5dad8: 04cc 4407 

  0x0000021220e5dadc: ;   {metadata({method} {0x000002123849a498} 'prepend' '(IB[B[Ljava/lang/String;Ljava/lang/String;Ljava/lang/String;)I' in 'java/lang/String$$StringConcat+0x0000000083051000')}
  0x0000021220e5dadc: 49ba 90a4 | 4938 1202 | 0000 4c89 | 5424 0848 | c704 24ff 

  0x0000021220e5daf0: ;   {runtime_call C1 Runtime counter_overflow_blob}
  0x0000021220e5daf0: ffff ffe8 

  0x0000021220e5daf4: ; ImmutableOopMap {rsi=Oop [288]=Oop [336]=Oop [344]=Oop [368]=Oop }
                      ;*synchronization entry
                      ; - java.lang.String$$StringConcat/0x0000000083051000::prepend@-1
                      ; - java.lang.String$$StringConcat/0x0000000083051000::concat@74
                      ; - java.lang.invoke.DirectMethodHandle$Holder::invokeSpecial@14
                      ; - java.lang.invoke.LambdaForm$MH/0x0000000083051400::invoke@24
                      ; - java.lang.invoke.Invokers$Holder::linkToTargetMethod@6
                      ; - Rendering.ImGui.ImGuiEditor::render@27 (line 22)
  0x0000021220e5daf4: 68ff 4407 | e9dd f0ff | ff48 8bd2 

  0x0000021220e5db00: ;   {runtime_call C1 Runtime fast_new_instance_blob}
  0x0000021220e5db00: e85b ad44 

  0x0000021220e5db04: ; ImmutableOopMap {[288]=Oop [368]=Oop }
                      ;*new {reexecute=0 rethrow=0 return_oop=0}
                      ; - java.lang.String$$StringConcat/0x0000000083051000::concat@77
                      ; - java.lang.invoke.DirectMethodHandle$Holder::invokeSpecial@14
                      ; - java.lang.invoke.LambdaForm$MH/0x0000000083051400::invoke@24
                      ; - java.lang.invoke.Invokers$Holder::linkToTargetMethod@6
                      ; - Rendering.ImGui.ImGuiEditor::render@27 (line 22)
  0x0000021220e5db04: 07e9 b1f1 

  0x0000021220e5db08: ;   {metadata({method} {0x00000000824afea8} '<init>' '([BB)V' in 'java/lang/String')}
  0x0000021220e5db08: ffff 49ba | a0fe 4a82 | 0000 0000 | 4c89 5424 | 0848 c704 | 24ff ffff 

  0x0000021220e5db20: ;   {runtime_call C1 Runtime counter_overflow_blob}
  0x0000021220e5db20: ffe8 3aff 

  0x0000021220e5db24: ; ImmutableOopMap {rax=Oop [288]=Oop [368]=Oop }
                      ;*synchronization entry
                      ; - java.lang.String::<init>@-1 (line 4879)
                      ; - java.lang.String$$StringConcat/0x0000000083051000::concat@85
                      ; - java.lang.invoke.DirectMethodHandle$Holder::invokeSpecial@14
                      ; - java.lang.invoke.LambdaForm$MH/0x0000000083051400::invoke@24
                      ; - java.lang.invoke.Invokers$Holder::linkToTargetMethod@6
                      ; - Rendering.ImGui.ImGuiEditor::render@27 (line 22)
  0x0000021220e5db24: 4407 e9cc 

  0x0000021220e5db28: ;   {metadata({method} {0x00000000824b4c90} '<init>' '()V' in 'java/lang/Object')}
  0x0000021220e5db28: f1ff ff49 | ba88 4c4b | 8200 0000 | 004c 8954 | 2408 48c7 | 0424 ffff 

  0x0000021220e5db40: ;   {runtime_call C1 Runtime counter_overflow_blob}
  0x0000021220e5db40: ffff e819 

  0x0000021220e5db44: ; ImmutableOopMap {rax=Oop [288]=Oop [368]=Oop }
                      ;*synchronization entry
                      ; - java.lang.Object::<init>@-1 (line 44)
                      ; - java.lang.String::<init>@1 (line 4879)
                      ; - java.lang.String$$StringConcat/0x0000000083051000::concat@85
                      ; - java.lang.invoke.DirectMethodHandle$Holder::invokeSpecial@14
                      ; - java.lang.invoke.LambdaForm$MH/0x0000000083051400::invoke@24
                      ; - java.lang.invoke.Invokers$Holder::linkToTargetMethod@6
                      ; - Rendering.ImGui.ImGuiEditor::render@27 (line 22)
  0x0000021220e5db44: ff44 07e9 | e7f1 ffff | 8b50 1448 | c1e2 0348 | 83fa 000f | 84e3 f1ff | ff48 8914 

  0x0000021220e5db60: ;   {runtime_call g1_pre_barrier_slow}
  0x0000021220e5db60: 24e8 7a09 | 4507 e9d5 | f1ff ff48 | 83fe 000f | 84f2 f1ff | ff48 8904 

  0x0000021220e5db78: ;   {runtime_call g1_post_barrier_slow}
  0x0000021220e5db78: 24e8 620c | 4507 e9e4 

  0x0000021220e5db80: ;   {metadata({method} {0x0000021238607460} 'text' '(Ljava/lang/String;)V' in 'imgui/ImGui')}
  0x0000021220e5db80: f1ff ff49 | ba58 7460 | 3812 0200 | 004c 8954 | 2408 48c7 | 0424 ffff 

  0x0000021220e5db98: ;   {runtime_call C1 Runtime counter_overflow_blob}
  0x0000021220e5db98: ffff e8c1 

  0x0000021220e5db9c: ; ImmutableOopMap {rax=Oop [288]=Oop }
                      ;*synchronization entry
                      ; - imgui.ImGui::text@-1 (line 2909)
                      ; - Rendering.ImGui.ImGuiEditor::render@32 (line 22)
  0x0000021220e5db9c: fe44 07e9 | 07f2 ffff 

  0x0000021220e5dba4: ;   {metadata({method} {0x0000021238608008} 'button' '(Ljava/lang/String;)Z' in 'imgui/ImGui')}
  0x0000021220e5dba4: 49ba 0080 | 6038 1202 | 0000 4c89 | 5424 0848 | c704 24ff 

  0x0000021220e5dbb8: ;   {runtime_call C1 Runtime counter_overflow_blob}
  0x0000021220e5dbb8: ffff ffe8 

  0x0000021220e5dbbc: ; ImmutableOopMap {[288]=Oop }
                      ;*synchronization entry
                      ; - imgui.ImGui::button@-1 (line 3030)
                      ; - Rendering.ImGui.ImGuiEditor::render@37 (line 23)
  0x0000021220e5dbbc: a0fe 4407 | e948 f2ff 

  0x0000021220e5dbc4: ;   {metadata({method} {0x00000212386050e8} 'sameLine' '()V' in 'imgui/ImGui')}
  0x0000021220e5dbc4: ff49 bae0 | 5060 3812 | 0200 004c | 8954 2408 | 48c7 0424 | ffff ffff 

  0x0000021220e5dbdc: ;   {runtime_call C1 Runtime counter_overflow_blob}
  0x0000021220e5dbdc: e87f fe44 

  0x0000021220e5dbe0: ; ImmutableOopMap {[288]=Oop }
                      ;*synchronization entry
                      ; - imgui.ImGui::sameLine@-1 (line 2561)
                      ; - Rendering.ImGui.ImGuiEditor::render@53 (line 26)
  0x0000021220e5dbe0: 07e9 ccf2 

  0x0000021220e5dbe4: ;   {metadata({method} {0x00000000824af718} 'valueOf' '(I)Ljava/lang/String;' in 'java/lang/String')}
  0x0000021220e5dbe4: ffff 49ba | 10f7 4a82 | 0000 0000 | 4c89 5424 | 0848 c704 | 24ff ffff 

  0x0000021220e5dbfc: ;   {runtime_call C1 Runtime counter_overflow_blob}
  0x0000021220e5dbfc: ffe8 5efe 

  0x0000021220e5dc00: ; ImmutableOopMap {rdx=Oop [288]=Oop }
                      ;*synchronization entry
                      ; - java.lang.String::valueOf@-1 (line 4643)
                      ; - Rendering.ImGui.ImGuiEditor::render@60 (line 27)
  0x0000021220e5dc00: 4407 e911 

  0x0000021220e5dc04: ;   {metadata({method} {0x0000021238607460} 'text' '(Ljava/lang/String;)V' in 'imgui/ImGui')}
  0x0000021220e5dc04: f3ff ff49 | ba58 7460 | 3812 0200 | 004c 8954 | 2408 48c7 | 0424 ffff 

  0x0000021220e5dc1c: ;   {runtime_call C1 Runtime counter_overflow_blob}
  0x0000021220e5dc1c: ffff e83d 

  0x0000021220e5dc20: ; ImmutableOopMap {rax=Oop [288]=Oop }
                      ;*synchronization entry
                      ; - imgui.ImGui::text@-1 (line 2909)
                      ; - Rendering.ImGui.ImGuiEditor::render@63 (line 27)
  0x0000021220e5dc20: fe44 07e9 | 4df3 ffff 

  0x0000021220e5dc28: ;   {metadata({method} {0x0000021238617f90} 'sliderFloat' '(Ljava/lang/String;[FFF)Z' in 'imgui/ImGui')}
  0x0000021220e5dc28: 49ba 887f | 6138 1202 | 0000 4c89 | 5424 0848 | c704 24ff 

  0x0000021220e5dc3c: ;   {runtime_call C1 Runtime counter_overflow_blob}
  0x0000021220e5dc3c: ffff ffe8 

  0x0000021220e5dc40: ; ImmutableOopMap {rdx=Oop r8=Oop [288]=Oop }
                      ;*synchronization entry
                      ; - imgui.ImGui::sliderFloat@-1 (line 5409)
                      ; - Rendering.ImGui.ImGuiEditor::render@74 (line 28)
  0x0000021220e5dc40: 1cfe 4407 | e99c f3ff 

  0x0000021220e5dc48: ;   {metadata({method} {0x0000021238604fa8} 'separator' '()V' in 'imgui/ImGui')}
  0x0000021220e5dc48: ff49 baa0 | 4f60 3812 | 0200 004c | 8954 2408 | 48c7 0424 | ffff ffff 

  0x0000021220e5dc60: ;   {runtime_call C1 Runtime counter_overflow_blob}
  0x0000021220e5dc60: e8fb fd44 

  0x0000021220e5dc64: ; ImmutableOopMap {[288]=Oop }
                      ;*synchronization entry
                      ; - imgui.ImGui::separator@-1 (line 2550)
                      ; - Rendering.ImGui.ImGuiEditor::render@78 (line 29)
  0x0000021220e5dc64: 07e9 ebf3 

  0x0000021220e5dc68: ;   {metadata({method} {0x00000212384392b8} 'showExtras' '()V' in 'Rendering/ImGui/ImGuiEditor')}
  0x0000021220e5dc68: ffff 49ba | b092 4338 | 1202 0000 | 4c89 5424 | 0848 c704 | 24ff ffff 

  0x0000021220e5dc80: ;   {runtime_call C1 Runtime counter_overflow_blob}
  0x0000021220e5dc80: ffe8 dafd 

  0x0000021220e5dc84: ; ImmutableOopMap {[288]=Oop }
                      ;*synchronization entry
                      ; - Rendering.ImGui.ImGuiEditor::showExtras@-1 (line 36)
                      ; - Rendering.ImGui.ImGuiEditor::render@82 (line 30)
  0x0000021220e5dc84: 4407 e92a 

  0x0000021220e5dc88: ;   {metadata({method} {0x0000021238607460} 'text' '(Ljava/lang/String;)V' in 'imgui/ImGui')}
  0x0000021220e5dc88: f4ff ff49 | ba58 7460 | 3812 0200 | 004c 8954 | 2408 48c7 | 0424 ffff 

  0x0000021220e5dca0: ;   {runtime_call C1 Runtime counter_overflow_blob}
  0x0000021220e5dca0: ffff e8b9 

  0x0000021220e5dca4: ; ImmutableOopMap {[288]=Oop }
                      ;*synchronization entry
                      ; - imgui.ImGui::text@-1 (line 2909)
                      ; - Rendering.ImGui.ImGuiEditor::showExtras@2 (line 36)
                      ; - Rendering.ImGui.ImGuiEditor::render@82 (line 30)
  0x0000021220e5dca4: fd44 07e9 | 42f4 ffff 

  0x0000021220e5dcac: ;   {metadata({method} {0x0000021238608bb8} 'checkbox' '(Ljava/lang/String;Limgui/type/ImBoolean;)Z' in 'imgui/ImGui')}
  0x0000021220e5dcac: 49ba b08b | 6038 1202 | 0000 4c89 | 5424 0848 | c704 24ff 

  0x0000021220e5dcc0: ;   {runtime_call C1 Runtime counter_overflow_blob}
  0x0000021220e5dcc0: ffff ffe8 

  0x0000021220e5dcc4: ; ImmutableOopMap {[288]=Oop }
                      ;*synchronization entry
                      ; - imgui.ImGui::checkbox@-1 (line 3144)
                      ; - Rendering.ImGui.ImGuiEditor::showExtras@10 (line 37)
                      ; - Rendering.ImGui.ImGuiEditor::render@82 (line 30)
  0x0000021220e5dcc4: 98fd 4407 | e98d f4ff 

  0x0000021220e5dccc: ;   {metadata({method} {0x0000021238439ea0} 'get' '()Z' in 'imgui/type/ImBoolean')}
  0x0000021220e5dccc: ff49 ba98 | 9e43 3812 | 0200 004c | 8954 2408 | 48c7 0424 | ffff ffff 

  0x0000021220e5dce4: ;   {runtime_call C1 Runtime counter_overflow_blob}
  0x0000021220e5dce4: e877 fd44 

  0x0000021220e5dce8: ; ImmutableOopMap {rdx=Oop [288]=Oop }
                      ;*synchronization entry
                      ; - imgui.type.ImBoolean::get@-1 (line 18)
                      ; - Rendering.ImGui.ImGuiEditor::showExtras@17 (line 39)
                      ; - Rendering.ImGui.ImGuiEditor::render@82 (line 30)
  0x0000021220e5dce8: 07e9 21f6 

  0x0000021220e5dcec: ;   {runtime_call C1 Runtime throw_null_pointer_exception_blob}
  0x0000021220e5dcec: ffff e8ed 

  0x0000021220e5dcf0: ; ImmutableOopMap {rdx=Oop [288]=Oop }
                      ;*baload {reexecute=0 rethrow=0 return_oop=0}
                      ; - imgui.type.ImBoolean::get@5 (line 18)
                      ; - Rendering.ImGui.ImGuiEditor::showExtras@17 (line 39)
                      ; - Rendering.ImGui.ImGuiEditor::render@82 (line 30)
                      ;   {runtime_call C1 Runtime throw_null_pointer_exception_blob}
  0x0000021220e5dcf0: 9e44 07e8 

  0x0000021220e5dcf4: ; ImmutableOopMap {rdx=Oop [288]=Oop }
                      ;*baload {reexecute=0 rethrow=0 return_oop=0}
                      ; - imgui.type.ImBoolean::get@5 (line 18)
                      ; - Rendering.ImGui.ImGuiEditor::showExtras@17 (line 39)
                      ; - Rendering.ImGui.ImGuiEditor::render@82 (line 30)
  0x0000021220e5dcf4: e89e 4407 | 48c7 0424 | 0000 0000 | 4889 5424 

  0x0000021220e5dd04: ;   {runtime_call C1 Runtime throw_range_check_failed_blob}
  0x0000021220e5dd04: 08e8 5692 

  0x0000021220e5dd08: ; ImmutableOopMap {rdx=Oop [288]=Oop }
                      ;*baload {reexecute=0 rethrow=0 return_oop=0}
                      ; - imgui.type.ImBoolean::get@5 (line 18)
                      ; - Rendering.ImGui.ImGuiEditor::showExtras@17 (line 39)
                      ; - Rendering.ImGui.ImGuiEditor::render@82 (line 30)
                      ;   {metadata({method} {0x0000021238439378} 'showDemo' '()V' in 'Rendering/ImGui/ImGuiEditor')}
  0x0000021220e5dd08: 4407 49ba | 7093 4338 | 1202 0000 | 4c89 5424 | 0848 c704 | 24ff ffff 

  0x0000021220e5dd20: ;   {runtime_call C1 Runtime counter_overflow_blob}
  0x0000021220e5dd20: ffe8 3afd 

  0x0000021220e5dd24: ; ImmutableOopMap {rdx=Oop }
                      ;*synchronization entry
                      ; - Rendering.ImGui.ImGuiEditor::showDemo@-1 (line 46)
                      ; - Rendering.ImGui.ImGuiEditor::showExtras@24 (line 40)
                      ; - Rendering.ImGui.ImGuiEditor::render@82 (line 30)
  0x0000021220e5dd24: 4407 e967 

  0x0000021220e5dd28: ;   {metadata({method} {0x00000212385f5590} 'showDemoWindow' '(Limgui/type/ImBoolean;)V' in 'imgui/ImGui')}
  0x0000021220e5dd28: f6ff ff49 | ba88 555f | 3812 0200 | 004c 8954 | 2408 48c7 | 0424 ffff 

  0x0000021220e5dd40: ;   {runtime_call C1 Runtime counter_overflow_blob}
  0x0000021220e5dd40: ffff e819 

  0x0000021220e5dd44: ; ImmutableOopMap {rdx=Oop }
                      ;*synchronization entry
                      ; - imgui.ImGui::showDemoWindow@-1 (line 305)
                      ; - Rendering.ImGui.ImGuiEditor::showDemo@3 (line 46)
                      ; - Rendering.ImGui.ImGuiEditor::showExtras@24 (line 40)
                      ; - Rendering.ImGui.ImGuiEditor::render@82 (line 30)
  0x0000021220e5dd44: fd44 07e9 | 7ff6 ffff 

  0x0000021220e5dd4c: ;   {metadata({method} {0x00000212385f7730} 'end' '()V' in 'imgui/ImGui')}
  0x0000021220e5dd4c: 49ba 2877 | 5f38 1202 | 0000 4c89 | 5424 0848 | c704 24ff 

  0x0000021220e5dd60: ;   {runtime_call C1 Runtime counter_overflow_blob}
  0x0000021220e5dd60: ffff ffe8 

  0x0000021220e5dd64: ; ImmutableOopMap {}
                      ;*synchronization entry
                      ; - imgui.ImGui::end@-1 (line 617)
                      ; - Rendering.ImGui.ImGuiEditor::render@85 (line 32)
  0x0000021220e5dd64: f8fc 4407 | e970 f7ff 

  0x0000021220e5dd6c: ;   {internal_word}
  0x0000021220e5dd6c: ff49 ba04 | d5e5 2012 | 0200 004d | 8997 e004 

  0x0000021220e5dd7c: ;   {runtime_call SafepointBlob}
  0x0000021220e5dd7c: 0000 e9dd 

  0x0000021220e5dd80: ;   {metadata(nullptr)}
  0x0000021220e5dd80: 3138 0748 | ba00 0000 | 0000 0000 | 00b8 000f 

  0x0000021220e5dd90: ;   {runtime_call C1 Runtime load_klass_patching_blob}
  0x0000021220e5dd90: 050a e849 

  0x0000021220e5dd94: ; ImmutableOopMap {[288]=Oop [336]=Oop [344]=Oop }
                      ;*new {reexecute=1 rethrow=0 return_oop=0}
                      ; - (reexecute) java.lang.StringConcatHelper::newArray@4 (line 576)
                      ; - java.lang.StringConcatHelper::newArrayWithSuffix@8 (line 611)
                      ; - java.lang.String$$StringConcat/0x0000000083051000::concat@58
                      ; - java.lang.invoke.DirectMethodHandle$Holder::invokeSpecial@14
                      ; - java.lang.invoke.LambdaForm$MH/0x0000000083051400::invoke@24
                      ; - java.lang.invoke.Invokers$Holder::linkToTargetMethod@6
                      ; - Rendering.ImGui.ImGuiEditor::render@27 (line 22)
  0x0000021220e5dd94: ec44 07e9 | 74f7 ffff 

  0x0000021220e5dd9c: ;   {runtime_call C1 Runtime fast_new_instance_blob}
  0x0000021220e5dd9c: 488b d2e8 

  0x0000021220e5dda0: ; ImmutableOopMap {[288]=Oop [336]=Oop [344]=Oop }
                      ;*new {reexecute=0 rethrow=0 return_oop=0}
                      ; - java.lang.StringConcatHelper::newArray@4 (line 576)
                      ; - java.lang.StringConcatHelper::newArrayWithSuffix@8 (line 611)
                      ; - java.lang.String$$StringConcat/0x0000000083051000::concat@58
                      ; - java.lang.invoke.DirectMethodHandle$Holder::invokeSpecial@14
                      ; - java.lang.invoke.LambdaForm$MH/0x0000000083051400::invoke@24
                      ; - java.lang.invoke.Invokers$Holder::linkToTargetMethod@6
                      ; - Rendering.ImGui.ImGuiEditor::render@27 (line 22)
  0x0000021220e5dda0: bcaa 4407 | e9bb f7ff 

  0x0000021220e5dda8: ;   {metadata(nullptr)}
  0x0000021220e5dda8: ff48 ba00 | 0000 0000 | 0000 00b8 | 000f 050a 

  0x0000021220e5ddb8: ;   {runtime_call C1 Runtime load_klass_patching_blob}
  0x0000021220e5ddb8: e823 ec44 

  0x0000021220e5ddbc: ; ImmutableOopMap {[288]=Oop [336]=Oop [344]=Oop }
                      ;*new {reexecute=1 rethrow=0 return_oop=0}
                      ; - (reexecute) java.lang.StringConcatHelper::checkOverflow@6 (line 787)
                      ; - java.lang.StringConcatHelper::stringSize@6 (line 530)
                      ; - java.lang.String$$StringConcat/0x0000000083051000::length@6
                      ; - java.lang.String$$StringConcat/0x0000000083051000::concat@33
                      ; - java.lang.invoke.DirectMethodHandle$Holder::invokeSpecial@14
                      ; - java.lang.invoke.LambdaForm$MH/0x0000000083051400::invoke@24
                      ; - java.lang.invoke.Invokers$Holder::linkToTargetMethod@6
                      ; - Rendering.ImGui.ImGuiEditor::render@27 (line 22)
  0x0000021220e5ddbc: 07e9 eef7 | ffff 488b 

  0x0000021220e5ddc4: ;   {runtime_call C1 Runtime fast_new_instance_blob}
  0x0000021220e5ddc4: d2e8 96aa 

  0x0000021220e5ddc8: ; ImmutableOopMap {[288]=Oop [336]=Oop [344]=Oop }
                      ;*new {reexecute=0 rethrow=0 return_oop=0}
                      ; - java.lang.StringConcatHelper::checkOverflow@6 (line 787)
                      ; - java.lang.StringConcatHelper::stringSize@6 (line 530)
                      ; - java.lang.String$$StringConcat/0x0000000083051000::length@6
                      ; - java.lang.String$$StringConcat/0x0000000083051000::concat@33
                      ; - java.lang.invoke.DirectMethodHandle$Holder::invokeSpecial@14
                      ; - java.lang.invoke.LambdaForm$MH/0x0000000083051400::invoke@24
                      ; - java.lang.invoke.Invokers$Holder::linkToTargetMethod@6
                      ; - Rendering.ImGui.ImGuiEditor::render@27 (line 22)
  0x0000021220e5ddc8: 4407 e935 

  0x0000021220e5ddcc: ;   {metadata(nullptr)}
  0x0000021220e5ddcc: f8ff ff48 | ba00 0000 | 0000 0000 | 00b8 000f 

  0x0000021220e5dddc: ;   {runtime_call C1 Runtime load_klass_patching_blob}
  0x0000021220e5dddc: 050a e8fd 

  0x0000021220e5dde0: ; ImmutableOopMap {[288]=Oop [336]=Oop [344]=Oop }
                      ;*new {reexecute=1 rethrow=0 return_oop=0}
                      ; - (reexecute) java.lang.StringConcatHelper::checkOverflow@6 (line 787)
                      ; - java.lang.StringConcatHelper::stringSize@6 (line 530)
                      ; - java.lang.String$$StringConcat/0x0000000083051000::length@2
                      ; - java.lang.String$$StringConcat/0x0000000083051000::concat@33
                      ; - java.lang.invoke.DirectMethodHandle$Holder::invokeSpecial@14
                      ; - java.lang.invoke.LambdaForm$MH/0x0000000083051400::invoke@24
                      ; - java.lang.invoke.Invokers$Holder::linkToTargetMethod@6
                      ; - Rendering.ImGui.ImGuiEditor::render@27 (line 22)
  0x0000021220e5dde0: eb44 07e9 | 68f8 ffff 

  0x0000021220e5dde8: ;   {runtime_call C1 Runtime fast_new_instance_blob}
  0x0000021220e5dde8: 488b d2e8 

  0x0000021220e5ddec: ; ImmutableOopMap {[288]=Oop [336]=Oop [344]=Oop }
                      ;*new {reexecute=0 rethrow=0 return_oop=0}
                      ; - java.lang.StringConcatHelper::checkOverflow@6 (line 787)
                      ; - java.lang.StringConcatHelper::stringSize@6 (line 530)
                      ; - java.lang.String$$StringConcat/0x0000000083051000::length@2
                      ; - java.lang.String$$StringConcat/0x0000000083051000::concat@33
                      ; - java.lang.invoke.DirectMethodHandle$Holder::invokeSpecial@14
                      ; - java.lang.invoke.LambdaForm$MH/0x0000000083051400::invoke@24
                      ; - java.lang.invoke.Invokers$Holder::linkToTargetMethod@6
                      ; - Rendering.ImGui.ImGuiEditor::render@27 (line 22)
  0x0000021220e5ddec: 70aa 4407 | e9af f8ff | ff49 8b87 | 8805 0000 | 49c7 8788 | 0500 0000 | 0000 0049 | c787 9005 
  0x0000021220e5de0c: 0000 0000 | 0000 4881 | c4a0 0100 

  0x0000021220e5de18: ;   {runtime_call C1 Runtime unwind_exception_blob}
  0x0000021220e5de18: 005d e941 | 8b44 07f4 
[Stub Code]
  0x0000021220e5de20: ;   {other}
  0x0000021220e5de20: 0f1f 4400 

  0x0000021220e5de24: ;   {static_stub}
  0x0000021220e5de24: 0048 bb00 | 0000 0000 

  0x0000021220e5de2c: ;   {runtime_call nmethod}
  0x0000021220e5de2c: 0000 00e9 | fbff ffff 

  0x0000021220e5de34: ;   {static_stub}
  0x0000021220e5de34: 9048 bb00 | 0000 0000 

  0x0000021220e5de3c: ;   {runtime_call nmethod}
  0x0000021220e5de3c: 0000 00e9 | fbff ffff 

  0x0000021220e5de44: ;   {static_stub}
  0x0000021220e5de44: 9048 bb00 | 0000 0000 

  0x0000021220e5de4c: ;   {runtime_call nmethod}
  0x0000021220e5de4c: 0000 00e9 | fbff ffff 

  0x0000021220e5de54: ;   {static_stub}
  0x0000021220e5de54: 48bb 0000 | 0000 0000 

  0x0000021220e5de5c: ;   {runtime_call nmethod}
  0x0000021220e5de5c: 0000 e9fb 

  0x0000021220e5de60: ;   {static_stub}
  0x0000021220e5de60: ffff ff48 | bb00 0000 | 0000 0000 

  0x0000021220e5de6c: ;   {runtime_call nmethod}
  0x0000021220e5de6c: 00e9 fbff 

  0x0000021220e5de70: ;   {static_stub}
  0x0000021220e5de70: ffff 48bb | 0000 0000 | 0000 0000 

  0x0000021220e5de7c: ;   {runtime_call nmethod}
  0x0000021220e5de7c: e9fb ffff 

  0x0000021220e5de80: ;   {static_stub}
  0x0000021220e5de80: ff48 bb00 | 0000 0000 

  0x0000021220e5de88: ;   {runtime_call nmethod}
  0x0000021220e5de88: 0000 00e9 | fbff ffff 

  0x0000021220e5de90: ;   {static_stub}
  0x0000021220e5de90: 48bb 0000 | 0000 0000 

  0x0000021220e5de98: ;   {runtime_call nmethod}
  0x0000021220e5de98: 0000 e9fb 

  0x0000021220e5de9c: ;   {static_stub}
  0x0000021220e5de9c: ffff ff48 | bb00 0000 | 0000 0000 

  0x0000021220e5dea8: ;   {runtime_call nmethod}
  0x0000021220e5dea8: 00e9 fbff 

  0x0000021220e5deac: ;   {static_stub}
  0x0000021220e5deac: ffff 48bb | 0000 0000 | 0000 0000 

  0x0000021220e5deb8: ;   {runtime_call nmethod}
  0x0000021220e5deb8: e9fb ffff 

  0x0000021220e5debc: ;   {static_stub}
  0x0000021220e5debc: ff48 bb00 | 0000 0000 

  0x0000021220e5dec4: ;   {runtime_call nmethod}
  0x0000021220e5dec4: 0000 00e9 | fbff ffff 

  0x0000021220e5decc: ;   {static_stub}
  0x0000021220e5decc: 48bb 0000 | 0000 0000 

  0x0000021220e5ded4: ;   {runtime_call nmethod}
  0x0000021220e5ded4: 0000 e9fb 

  0x0000021220e5ded8: ;   {static_stub}
  0x0000021220e5ded8: ffff ff48 | bb00 0000 | 0000 0000 

  0x0000021220e5dee4: ;   {runtime_call nmethod}
  0x0000021220e5dee4: 00e9 fbff 

  0x0000021220e5dee8: ;   {static_stub}
  0x0000021220e5dee8: ffff 48bb | 0000 0000 | 0000 0000 

  0x0000021220e5def4: ;   {runtime_call nmethod}
  0x0000021220e5def4: e9fb ffff 

  0x0000021220e5def8: ;   {static_stub}
  0x0000021220e5def8: ff48 bb00 | 0000 0000 

  0x0000021220e5df00: ;   {runtime_call nmethod}
  0x0000021220e5df00: 0000 00e9 | fbff ffff 

  0x0000021220e5df08: ;   {static_stub}
  0x0000021220e5df08: 48bb 0000 | 0000 0000 

  0x0000021220e5df10: ;   {runtime_call nmethod}
  0x0000021220e5df10: 0000 e9fb 

  0x0000021220e5df14: ;   {static_stub}
  0x0000021220e5df14: ffff ff48 | bb00 0000 | 0000 0000 

  0x0000021220e5df20: ;   {runtime_call nmethod}
  0x0000021220e5df20: 00e9 fbff 

  0x0000021220e5df24: ;   {static_stub}
  0x0000021220e5df24: ffff 48bb | 0000 0000 | 0000 0000 

  0x0000021220e5df30: ;   {runtime_call nmethod}
  0x0000021220e5df30: e9fb ffff 

  0x0000021220e5df34: ;   {static_stub}
  0x0000021220e5df34: ff48 bb00 | 0000 0000 

  0x0000021220e5df3c: ;   {runtime_call nmethod}
  0x0000021220e5df3c: 0000 00e9 | fbff ffff 
[Exception Handler]
  0x0000021220e5df44: ;   {runtime_call C1 Runtime handle_exception_from_callee_blob}
  0x0000021220e5df44: e897 c144 

  0x0000021220e5df48: ;   {external_word}
  0x0000021220e5df48: 0748 b948 | 0805 17fa | 7f00 0048 

  0x0000021220e5df54: ;   {runtime_call}
  0x0000021220e5df54: 83e4 f048 | b800 8dc8 | 16fa 7f00 | 00ff d0f4 
[Deopt Handler Code]
  0x0000021220e5df64: ;   {section_word}
  0x0000021220e5df64: 49ba 64df | e520 1202 | 0000 4152 

  0x0000021220e5df70: ;   {runtime_call DeoptimizationBlob}
  0x0000021220e5df70: e9eb 3238 | 07f4 f4f4 
[/MachCode]


---------------  P R O C E S S  ---------------

Threads class SMR info:
_java_thread_list=0x000002123ee4c910, length=11, elements={
0x00000212161c1b50, 0x0000021237db91b0, 0x0000021237db9c10, 0x0000021237dbbc80,
0x0000021237dbc840, 0x0000021237dbd810, 0x0000021237dc2a70, 0x0000021237dc6b10,
0x0000021237dccbf0, 0x0000021237dc22a0, 0x0000021237dc41e0
}

Java Threads: ( => current thread )
=>0x00000212161c1b50 JavaThread "main"                              [_thread_in_native, id=26156, stack(0x00000037d3300000,0x00000037d3400000) (1024K)]
  0x0000021237db91b0 JavaThread "Reference Handler"          daemon [_thread_blocked, id=26188, stack(0x00000037d3b00000,0x00000037d3c00000) (1024K)]
  0x0000021237db9c10 JavaThread "Finalizer"                  daemon [_thread_blocked, id=26196, stack(0x00000037d3c00000,0x00000037d3d00000) (1024K)]
  0x0000021237dbbc80 JavaThread "Signal Dispatcher"          daemon [_thread_blocked, id=18356, stack(0x00000037d3d00000,0x00000037d3e00000) (1024K)]
  0x0000021237dbc840 JavaThread "Attach Listener"            daemon [_thread_blocked, id=16340, stack(0x00000037d3e00000,0x00000037d3f00000) (1024K)]
  0x0000021237dbd810 JavaThread "Service Thread"             daemon [_thread_blocked, id=14236, stack(0x00000037d3f00000,0x00000037d4000000) (1024K)]
  0x0000021237dc2a70 JavaThread "Monitor Deflation Thread"   daemon [_thread_blocked, id=11784, stack(0x00000037d4000000,0x00000037d4100000) (1024K)]
  0x0000021237dc6b10 JavaThread "C2 CompilerThread0"         daemon [_thread_blocked, id=5624, stack(0x00000037d4100000,0x00000037d4200000) (1024K)]
  0x0000021237dccbf0 JavaThread "C1 CompilerThread0"         daemon [_thread_blocked, id=11588, stack(0x00000037d4200000,0x00000037d4300000) (1024K)]
  0x0000021237dc22a0 JavaThread "Notification Thread"        daemon [_thread_blocked, id=16304, stack(0x00000037d4300000,0x00000037d4400000) (1024K)]
  0x0000021237dc41e0 JavaThread "Common-Cleaner"             daemon [_thread_blocked, id=5520, stack(0x00000037d4400000,0x00000037d4500000) (1024K)]
Total: 11

Other Threads:
  0x0000021237dac1c0 VMThread "VM Thread"                           [id=5924, stack(0x00000037d3a00000,0x00000037d3b00000) (1024K)]
  0x0000021237d9b430 WatcherThread "VM Periodic Task Thread"        [id=6020, stack(0x00000037d3900000,0x00000037d3a00000) (1024K)]
  0x00000212184449d0 WorkerThread "GC Thread#0"                     [id=26172, stack(0x00000037d3400000,0x00000037d3500000) (1024K)]
  0x000002121845db00 ConcurrentGCThread "G1 Main Marker"            [id=26140, stack(0x00000037d3500000,0x00000037d3600000) (1024K)]
  0x000002121845ee40 WorkerThread "G1 Conc#0"                       [id=26168, stack(0x00000037d3600000,0x00000037d3700000) (1024K)]
  0x000002121849eb10 ConcurrentGCThread "G1 Refine#0"               [id=26116, stack(0x00000037d3700000,0x00000037d3800000) (1024K)]
  0x0000021237c694b0 ConcurrentGCThread "G1 Service"                [id=26148, stack(0x00000037d3800000,0x00000037d3900000) (1024K)]
Total: 7

Threads with active compile tasks:
Total: 0

VM state: not at safepoint (normal execution)

VM Mutex/Monitor currently owned by a thread: None

Heap address: 0x0000000700c00000, size: 4084 MB, Compressed Oops mode: Zero based, Oop shift amount: 3

CDS archive(s) mapped at: [0x0000000082000000-0x0000000082dd0000-0x0000000082dd0000), size 14483456, SharedBaseAddress: 0x0000000082000000, ArchiveRelocationMode: 1.
Compressed class space mapped at: 0x0000000083000000-0x00000000c3000000, reserved size: 1073741824
UseCompressedClassPointers 1, UseCompactObjectHeaders 0
Narrow klass pointer bits 32, Max shift 3
Narrow klass base: 0x0000000082000000, Narrow klass shift: 0
Encoding Range: [0x0000000082000000 - 0x0000000182000000), (4294967296 bytes)
Klass Range:    [0x0000000082010000 - 0x00000000c3000000), (1090453504 bytes)
Klass ID Range:  [65536 - 1090519033) (1090453497)
Protection zone: [0x0000000082000000 - 0x0000000082010000), (65536 bytes)

GC Precious Log:
 CardTable entry size: 512
 Card Set container configuration: InlinePtr #cards 4 size 8 Array Of Cards #cards 16 size 48 Howl #buckets 8 coarsen threshold 3686 Howl Bitmap #cards 512 size 80 coarsen threshold 460 Card regions per heap region 1 cards per card region 4096
 CPUs: 12 total, 12 available
 Memory: 16330M
 Large Page Support: Disabled
 NUMA Support: Disabled
 Compressed Oops: Enabled (Zero based)
 Heap Region Size: 2M
 Heap Min Capacity: 8M
 Heap Initial Capacity: 256M
 Heap Max Capacity: 4084M
 Pre-touch: Disabled
 Parallel Workers: 10
 Concurrent Workers: 3
 Concurrent Refinement Workers: 10
 Periodic GC: Disabled

Heap:
 garbage-first heap   total reserved 4182016K, committed 264192K, used 15509K [0x0000000700c00000, 0x0000000800000000)
  region size 2048K, 9 young (18432K), 0 survivors (0K)

Heap Regions: E=young(eden), S=young(survivor), O=old, HS=humongous(starts), HC=humongous(continues), CS=collection set, F=free, TAMS=top-at-mark-start, PB=parsable bottom
|   0|0x0000000700c00000, 0x0000000700c00000, 0x0000000700e00000|  0%| F|  |TAMS 0x0000000700c00000| PB 0x0000000700c00000| Untracked |  0
|   1|0x0000000700e00000, 0x0000000700e00000, 0x0000000701000000|  0%| F|  |TAMS 0x0000000700e00000| PB 0x0000000700e00000| Untracked |  0
|   2|0x0000000701000000, 0x0000000701000000, 0x0000000701200000|  0%| F|  |TAMS 0x0000000701000000| PB 0x0000000701000000| Untracked |  0
|   3|0x0000000701200000, 0x0000000701200000, 0x0000000701400000|  0%| F|  |TAMS 0x0000000701200000| PB 0x0000000701200000| Untracked |  0
|   4|0x0000000701400000, 0x0000000701400000, 0x0000000701600000|  0%| F|  |TAMS 0x0000000701400000| PB 0x0000000701400000| Untracked |  0
|   5|0x0000000701600000, 0x0000000701600000, 0x0000000701800000|  0%| F|  |TAMS 0x0000000701600000| PB 0x0000000701600000| Untracked |  0
|   6|0x0000000701800000, 0x0000000701800000, 0x0000000701a00000|  0%| F|  |TAMS 0x0000000701800000| PB 0x0000000701800000| Untracked |  0
|   7|0x0000000701a00000, 0x0000000701a00000, 0x0000000701c00000|  0%| F|  |TAMS 0x0000000701a00000| PB 0x0000000701a00000| Untracked |  0
|   8|0x0000000701c00000, 0x0000000701c00000, 0x0000000701e00000|  0%| F|  |TAMS 0x0000000701c00000| PB 0x0000000701c00000| Untracked |  0
|   9|0x0000000701e00000, 0x0000000701e00000, 0x0000000702000000|  0%| F|  |TAMS 0x0000000701e00000| PB 0x0000000701e00000| Untracked |  0
|  10|0x0000000702000000, 0x0000000702000000, 0x0000000702200000|  0%| F|  |TAMS 0x0000000702000000| PB 0x0000000702000000| Untracked |  0
|  11|0x0000000702200000, 0x0000000702200000, 0x0000000702400000|  0%| F|  |TAMS 0x0000000702200000| PB 0x0000000702200000| Untracked |  0
|  12|0x0000000702400000, 0x0000000702400000, 0x0000000702600000|  0%| F|  |TAMS 0x0000000702400000| PB 0x0000000702400000| Untracked |  0
|  13|0x0000000702600000, 0x0000000702600000, 0x0000000702800000|  0%| F|  |TAMS 0x0000000702600000| PB 0x0000000702600000| Untracked |  0
|  14|0x0000000702800000, 0x0000000702800000, 0x0000000702a00000|  0%| F|  |TAMS 0x0000000702800000| PB 0x0000000702800000| Untracked |  0
|  15|0x0000000702a00000, 0x0000000702a00000, 0x0000000702c00000|  0%| F|  |TAMS 0x0000000702a00000| PB 0x0000000702a00000| Untracked |  0
|  16|0x0000000702c00000, 0x0000000702c00000, 0x0000000702e00000|  0%| F|  |TAMS 0x0000000702c00000| PB 0x0000000702c00000| Untracked |  0
|  17|0x0000000702e00000, 0x0000000702e00000, 0x0000000703000000|  0%| F|  |TAMS 0x0000000702e00000| PB 0x0000000702e00000| Untracked |  0
|  18|0x0000000703000000, 0x0000000703000000, 0x0000000703200000|  0%| F|  |TAMS 0x0000000703000000| PB 0x0000000703000000| Untracked |  0
|  19|0x0000000703200000, 0x0000000703200000, 0x0000000703400000|  0%| F|  |TAMS 0x0000000703200000| PB 0x0000000703200000| Untracked |  0
|  20|0x0000000703400000, 0x0000000703400000, 0x0000000703600000|  0%| F|  |TAMS 0x0000000703400000| PB 0x0000000703400000| Untracked |  0
|  21|0x0000000703600000, 0x0000000703600000, 0x0000000703800000|  0%| F|  |TAMS 0x0000000703600000| PB 0x0000000703600000| Untracked |  0
|  22|0x0000000703800000, 0x0000000703800000, 0x0000000703a00000|  0%| F|  |TAMS 0x0000000703800000| PB 0x0000000703800000| Untracked |  0
|  23|0x0000000703a00000, 0x0000000703a00000, 0x0000000703c00000|  0%| F|  |TAMS 0x0000000703a00000| PB 0x0000000703a00000| Untracked |  0
|  24|0x0000000703c00000, 0x0000000703c00000, 0x0000000703e00000|  0%| F|  |TAMS 0x0000000703c00000| PB 0x0000000703c00000| Untracked |  0
|  25|0x0000000703e00000, 0x0000000703e00000, 0x0000000704000000|  0%| F|  |TAMS 0x0000000703e00000| PB 0x0000000703e00000| Untracked |  0
|  26|0x0000000704000000, 0x0000000704000000, 0x0000000704200000|  0%| F|  |TAMS 0x0000000704000000| PB 0x0000000704000000| Untracked |  0
|  27|0x0000000704200000, 0x0000000704200000, 0x0000000704400000|  0%| F|  |TAMS 0x0000000704200000| PB 0x0000000704200000| Untracked |  0
|  28|0x0000000704400000, 0x0000000704400000, 0x0000000704600000|  0%| F|  |TAMS 0x0000000704400000| PB 0x0000000704400000| Untracked |  0
|  29|0x0000000704600000, 0x0000000704600000, 0x0000000704800000|  0%| F|  |TAMS 0x0000000704600000| PB 0x0000000704600000| Untracked |  0
|  30|0x0000000704800000, 0x0000000704800000, 0x0000000704a00000|  0%| F|  |TAMS 0x0000000704800000| PB 0x0000000704800000| Untracked |  0
|  31|0x0000000704a00000, 0x0000000704a00000, 0x0000000704c00000|  0%| F|  |TAMS 0x0000000704a00000| PB 0x0000000704a00000| Untracked |  0
|  32|0x0000000704c00000, 0x0000000704c00000, 0x0000000704e00000|  0%| F|  |TAMS 0x0000000704c00000| PB 0x0000000704c00000| Untracked |  0
|  33|0x0000000704e00000, 0x0000000704e00000, 0x0000000705000000|  0%| F|  |TAMS 0x0000000704e00000| PB 0x0000000704e00000| Untracked |  0
|  34|0x0000000705000000, 0x0000000705000000, 0x0000000705200000|  0%| F|  |TAMS 0x0000000705000000| PB 0x0000000705000000| Untracked |  0
|  35|0x0000000705200000, 0x0000000705200000, 0x0000000705400000|  0%| F|  |TAMS 0x0000000705200000| PB 0x0000000705200000| Untracked |  0
|  36|0x0000000705400000, 0x0000000705400000, 0x0000000705600000|  0%| F|  |TAMS 0x0000000705400000| PB 0x0000000705400000| Untracked |  0
|  37|0x0000000705600000, 0x0000000705600000, 0x0000000705800000|  0%| F|  |TAMS 0x0000000705600000| PB 0x0000000705600000| Untracked |  0
|  38|0x0000000705800000, 0x0000000705800000, 0x0000000705a00000|  0%| F|  |TAMS 0x0000000705800000| PB 0x0000000705800000| Untracked |  0
|  39|0x0000000705a00000, 0x0000000705a00000, 0x0000000705c00000|  0%| F|  |TAMS 0x0000000705a00000| PB 0x0000000705a00000| Untracked |  0
|  40|0x0000000705c00000, 0x0000000705c00000, 0x0000000705e00000|  0%| F|  |TAMS 0x0000000705c00000| PB 0x0000000705c00000| Untracked |  0
|  41|0x0000000705e00000, 0x0000000705e00000, 0x0000000706000000|  0%| F|  |TAMS 0x0000000705e00000| PB 0x0000000705e00000| Untracked |  0
|  42|0x0000000706000000, 0x0000000706000000, 0x0000000706200000|  0%| F|  |TAMS 0x0000000706000000| PB 0x0000000706000000| Untracked |  0
|  43|0x0000000706200000, 0x0000000706200000, 0x0000000706400000|  0%| F|  |TAMS 0x0000000706200000| PB 0x0000000706200000| Untracked |  0
|  44|0x0000000706400000, 0x0000000706400000, 0x0000000706600000|  0%| F|  |TAMS 0x0000000706400000| PB 0x0000000706400000| Untracked |  0
|  45|0x0000000706600000, 0x0000000706600000, 0x0000000706800000|  0%| F|  |TAMS 0x0000000706600000| PB 0x0000000706600000| Untracked |  0
|  46|0x0000000706800000, 0x0000000706800000, 0x0000000706a00000|  0%| F|  |TAMS 0x0000000706800000| PB 0x0000000706800000| Untracked |  0
|  47|0x0000000706a00000, 0x0000000706a00000, 0x0000000706c00000|  0%| F|  |TAMS 0x0000000706a00000| PB 0x0000000706a00000| Untracked |  0
|  48|0x0000000706c00000, 0x0000000706c00000, 0x0000000706e00000|  0%| F|  |TAMS 0x0000000706c00000| PB 0x0000000706c00000| Untracked |  0
|  49|0x0000000706e00000, 0x0000000706e00000, 0x0000000707000000|  0%| F|  |TAMS 0x0000000706e00000| PB 0x0000000706e00000| Untracked |  0
|  50|0x0000000707000000, 0x0000000707000000, 0x0000000707200000|  0%| F|  |TAMS 0x0000000707000000| PB 0x0000000707000000| Untracked |  0
|  51|0x0000000707200000, 0x0000000707200000, 0x0000000707400000|  0%| F|  |TAMS 0x0000000707200000| PB 0x0000000707200000| Untracked |  0
|  52|0x0000000707400000, 0x0000000707400000, 0x0000000707600000|  0%| F|  |TAMS 0x0000000707400000| PB 0x0000000707400000| Untracked |  0
|  53|0x0000000707600000, 0x0000000707600000, 0x0000000707800000|  0%| F|  |TAMS 0x0000000707600000| PB 0x0000000707600000| Untracked |  0
|  54|0x0000000707800000, 0x0000000707800000, 0x0000000707a00000|  0%| F|  |TAMS 0x0000000707800000| PB 0x0000000707800000| Untracked |  0
|  55|0x0000000707a00000, 0x0000000707a00000, 0x0000000707c00000|  0%| F|  |TAMS 0x0000000707a00000| PB 0x0000000707a00000| Untracked |  0
|  56|0x0000000707c00000, 0x0000000707c00000, 0x0000000707e00000|  0%| F|  |TAMS 0x0000000707c00000| PB 0x0000000707c00000| Untracked |  0
|  57|0x0000000707e00000, 0x0000000707e00000, 0x0000000708000000|  0%| F|  |TAMS 0x0000000707e00000| PB 0x0000000707e00000| Untracked |  0
|  58|0x0000000708000000, 0x0000000708000000, 0x0000000708200000|  0%| F|  |TAMS 0x0000000708000000| PB 0x0000000708000000| Untracked |  0
|  59|0x0000000708200000, 0x0000000708200000, 0x0000000708400000|  0%| F|  |TAMS 0x0000000708200000| PB 0x0000000708200000| Untracked |  0
|  60|0x0000000708400000, 0x0000000708400000, 0x0000000708600000|  0%| F|  |TAMS 0x0000000708400000| PB 0x0000000708400000| Untracked |  0
|  61|0x0000000708600000, 0x0000000708600000, 0x0000000708800000|  0%| F|  |TAMS 0x0000000708600000| PB 0x0000000708600000| Untracked |  0
|  62|0x0000000708800000, 0x0000000708800000, 0x0000000708a00000|  0%| F|  |TAMS 0x0000000708800000| PB 0x0000000708800000| Untracked |  0
|  63|0x0000000708a00000, 0x0000000708a00000, 0x0000000708c00000|  0%| F|  |TAMS 0x0000000708a00000| PB 0x0000000708a00000| Untracked |  0
|  64|0x0000000708c00000, 0x0000000708c00000, 0x0000000708e00000|  0%| F|  |TAMS 0x0000000708c00000| PB 0x0000000708c00000| Untracked |  0
|  65|0x0000000708e00000, 0x0000000708e00000, 0x0000000709000000|  0%| F|  |TAMS 0x0000000708e00000| PB 0x0000000708e00000| Untracked |  0
|  66|0x0000000709000000, 0x0000000709000000, 0x0000000709200000|  0%| F|  |TAMS 0x0000000709000000| PB 0x0000000709000000| Untracked |  0
|  67|0x0000000709200000, 0x0000000709200000, 0x0000000709400000|  0%| F|  |TAMS 0x0000000709200000| PB 0x0000000709200000| Untracked |  0
|  68|0x0000000709400000, 0x0000000709400000, 0x0000000709600000|  0%| F|  |TAMS 0x0000000709400000| PB 0x0000000709400000| Untracked |  0
|  69|0x0000000709600000, 0x0000000709600000, 0x0000000709800000|  0%| F|  |TAMS 0x0000000709600000| PB 0x0000000709600000| Untracked |  0
|  70|0x0000000709800000, 0x0000000709800000, 0x0000000709a00000|  0%| F|  |TAMS 0x0000000709800000| PB 0x0000000709800000| Untracked |  0
|  71|0x0000000709a00000, 0x0000000709a00000, 0x0000000709c00000|  0%| F|  |TAMS 0x0000000709a00000| PB 0x0000000709a00000| Untracked |  0
|  72|0x0000000709c00000, 0x0000000709c00000, 0x0000000709e00000|  0%| F|  |TAMS 0x0000000709c00000| PB 0x0000000709c00000| Untracked |  0
|  73|0x0000000709e00000, 0x0000000709e00000, 0x000000070a000000|  0%| F|  |TAMS 0x0000000709e00000| PB 0x0000000709e00000| Untracked |  0
|  74|0x000000070a000000, 0x000000070a000000, 0x000000070a200000|  0%| F|  |TAMS 0x000000070a000000| PB 0x000000070a000000| Untracked |  0
|  75|0x000000070a200000, 0x000000070a200000, 0x000000070a400000|  0%| F|  |TAMS 0x000000070a200000| PB 0x000000070a200000| Untracked |  0
|  76|0x000000070a400000, 0x000000070a400000, 0x000000070a600000|  0%| F|  |TAMS 0x000000070a400000| PB 0x000000070a400000| Untracked |  0
|  77|0x000000070a600000, 0x000000070a600000, 0x000000070a800000|  0%| F|  |TAMS 0x000000070a600000| PB 0x000000070a600000| Untracked |  0
|  78|0x000000070a800000, 0x000000070a800000, 0x000000070aa00000|  0%| F|  |TAMS 0x000000070a800000| PB 0x000000070a800000| Untracked |  0
|  79|0x000000070aa00000, 0x000000070aa00000, 0x000000070ac00000|  0%| F|  |TAMS 0x000000070aa00000| PB 0x000000070aa00000| Untracked |  0
|  80|0x000000070ac00000, 0x000000070ac00000, 0x000000070ae00000|  0%| F|  |TAMS 0x000000070ac00000| PB 0x000000070ac00000| Untracked |  0
|  81|0x000000070ae00000, 0x000000070ae00000, 0x000000070b000000|  0%| F|  |TAMS 0x000000070ae00000| PB 0x000000070ae00000| Untracked |  0
|  82|0x000000070b000000, 0x000000070b000000, 0x000000070b200000|  0%| F|  |TAMS 0x000000070b000000| PB 0x000000070b000000| Untracked |  0
|  83|0x000000070b200000, 0x000000070b200000, 0x000000070b400000|  0%| F|  |TAMS 0x000000070b200000| PB 0x000000070b200000| Untracked |  0
|  84|0x000000070b400000, 0x000000070b400000, 0x000000070b600000|  0%| F|  |TAMS 0x000000070b400000| PB 0x000000070b400000| Untracked |  0
|  85|0x000000070b600000, 0x000000070b600000, 0x000000070b800000|  0%| F|  |TAMS 0x000000070b600000| PB 0x000000070b600000| Untracked |  0
|  86|0x000000070b800000, 0x000000070b800000, 0x000000070ba00000|  0%| F|  |TAMS 0x000000070b800000| PB 0x000000070b800000| Untracked |  0
|  87|0x000000070ba00000, 0x000000070ba00000, 0x000000070bc00000|  0%| F|  |TAMS 0x000000070ba00000| PB 0x000000070ba00000| Untracked |  0
|  88|0x000000070bc00000, 0x000000070bc00000, 0x000000070be00000|  0%| F|  |TAMS 0x000000070bc00000| PB 0x000000070bc00000| Untracked |  0
|  89|0x000000070be00000, 0x000000070be00000, 0x000000070c000000|  0%| F|  |TAMS 0x000000070be00000| PB 0x000000070be00000| Untracked |  0
|  90|0x000000070c000000, 0x000000070c000000, 0x000000070c200000|  0%| F|  |TAMS 0x000000070c000000| PB 0x000000070c000000| Untracked |  0
|  91|0x000000070c200000, 0x000000070c200000, 0x000000070c400000|  0%| F|  |TAMS 0x000000070c200000| PB 0x000000070c200000| Untracked |  0
|  92|0x000000070c400000, 0x000000070c400000, 0x000000070c600000|  0%| F|  |TAMS 0x000000070c400000| PB 0x000000070c400000| Untracked |  0
|  93|0x000000070c600000, 0x000000070c600000, 0x000000070c800000|  0%| F|  |TAMS 0x000000070c600000| PB 0x000000070c600000| Untracked |  0
|  94|0x000000070c800000, 0x000000070c800000, 0x000000070ca00000|  0%| F|  |TAMS 0x000000070c800000| PB 0x000000070c800000| Untracked |  0
|  95|0x000000070ca00000, 0x000000070ca00000, 0x000000070cc00000|  0%| F|  |TAMS 0x000000070ca00000| PB 0x000000070ca00000| Untracked |  0
|  96|0x000000070cc00000, 0x000000070cc00000, 0x000000070ce00000|  0%| F|  |TAMS 0x000000070cc00000| PB 0x000000070cc00000| Untracked |  0
|  97|0x000000070ce00000, 0x000000070ce00000, 0x000000070d000000|  0%| F|  |TAMS 0x000000070ce00000| PB 0x000000070ce00000| Untracked |  0
|  98|0x000000070d000000, 0x000000070d000000, 0x000000070d200000|  0%| F|  |TAMS 0x000000070d000000| PB 0x000000070d000000| Untracked |  0
|  99|0x000000070d200000, 0x000000070d200000, 0x000000070d400000|  0%| F|  |TAMS 0x000000070d200000| PB 0x000000070d200000| Untracked |  0
| 100|0x000000070d400000, 0x000000070d400000, 0x000000070d600000|  0%| F|  |TAMS 0x000000070d400000| PB 0x000000070d400000| Untracked |  0
| 101|0x000000070d600000, 0x000000070d600000, 0x000000070d800000|  0%| F|  |TAMS 0x000000070d600000| PB 0x000000070d600000| Untracked |  0
| 102|0x000000070d800000, 0x000000070d800000, 0x000000070da00000|  0%| F|  |TAMS 0x000000070d800000| PB 0x000000070d800000| Untracked |  0
| 103|0x000000070da00000, 0x000000070da00000, 0x000000070dc00000|  0%| F|  |TAMS 0x000000070da00000| PB 0x000000070da00000| Untracked |  0
| 104|0x000000070dc00000, 0x000000070dc00000, 0x000000070de00000|  0%| F|  |TAMS 0x000000070dc00000| PB 0x000000070dc00000| Untracked |  0
| 105|0x000000070de00000, 0x000000070de00000, 0x000000070e000000|  0%| F|  |TAMS 0x000000070de00000| PB 0x000000070de00000| Untracked |  0
| 106|0x000000070e000000, 0x000000070e000000, 0x000000070e200000|  0%| F|  |TAMS 0x000000070e000000| PB 0x000000070e000000| Untracked |  0
| 107|0x000000070e200000, 0x000000070e200000, 0x000000070e400000|  0%| F|  |TAMS 0x000000070e200000| PB 0x000000070e200000| Untracked |  0
| 108|0x000000070e400000, 0x000000070e400000, 0x000000070e600000|  0%| F|  |TAMS 0x000000070e400000| PB 0x000000070e400000| Untracked |  0
| 109|0x000000070e600000, 0x000000070e600000, 0x000000070e800000|  0%| F|  |TAMS 0x000000070e600000| PB 0x000000070e600000| Untracked |  0
| 110|0x000000070e800000, 0x000000070e800000, 0x000000070ea00000|  0%| F|  |TAMS 0x000000070e800000| PB 0x000000070e800000| Untracked |  0
| 111|0x000000070ea00000, 0x000000070ea00000, 0x000000070ec00000|  0%| F|  |TAMS 0x000000070ea00000| PB 0x000000070ea00000| Untracked |  0
| 112|0x000000070ec00000, 0x000000070ec00000, 0x000000070ee00000|  0%| F|  |TAMS 0x000000070ec00000| PB 0x000000070ec00000| Untracked |  0
| 113|0x000000070ee00000, 0x000000070ee00000, 0x000000070f000000|  0%| F|  |TAMS 0x000000070ee00000| PB 0x000000070ee00000| Untracked |  0
| 114|0x000000070f000000, 0x000000070f000000, 0x000000070f200000|  0%| F|  |TAMS 0x000000070f000000| PB 0x000000070f000000| Untracked |  0
| 115|0x000000070f200000, 0x000000070f200000, 0x000000070f400000|  0%| F|  |TAMS 0x000000070f200000| PB 0x000000070f200000| Untracked |  0
| 116|0x000000070f400000, 0x000000070f400000, 0x000000070f600000|  0%| F|  |TAMS 0x000000070f400000| PB 0x000000070f400000| Untracked |  0
| 117|0x000000070f600000, 0x000000070f600000, 0x000000070f800000|  0%| F|  |TAMS 0x000000070f600000| PB 0x000000070f600000| Untracked |  0
| 118|0x000000070f800000, 0x000000070f800000, 0x000000070fa00000|  0%| F|  |TAMS 0x000000070f800000| PB 0x000000070f800000| Untracked |  0
| 119|0x000000070fa00000, 0x000000070faf5c48, 0x000000070fc00000| 48%| E|  |TAMS 0x000000070fa00000| PB 0x000000070fa00000| Complete |  0
| 120|0x000000070fc00000, 0x000000070fe00000, 0x000000070fe00000|100%| E|CS|TAMS 0x000000070fc00000| PB 0x000000070fc00000| Complete |  0
| 121|0x000000070fe00000, 0x0000000710000000, 0x0000000710000000|100%| E|CS|TAMS 0x000000070fe00000| PB 0x000000070fe00000| Complete |  0
| 122|0x0000000710000000, 0x0000000710200000, 0x0000000710200000|100%| E|CS|TAMS 0x0000000710000000| PB 0x0000000710000000| Complete |  0
| 123|0x0000000710200000, 0x0000000710400000, 0x0000000710400000|100%| E|  |TAMS 0x0000000710200000| PB 0x0000000710200000| Complete |  0
| 124|0x0000000710400000, 0x0000000710600000, 0x0000000710600000|100%| E|CS|TAMS 0x0000000710400000| PB 0x0000000710400000| Complete |  0
| 125|0x0000000710600000, 0x0000000710800000, 0x0000000710800000|100%| E|CS|TAMS 0x0000000710600000| PB 0x0000000710600000| Complete |  0
| 126|0x0000000710800000, 0x0000000710a00000, 0x0000000710a00000|100%| E|CS|TAMS 0x0000000710800000| PB 0x0000000710800000| Complete |  0
| 127|0x0000000710a00000, 0x0000000710c00000, 0x0000000710c00000|100%| E|CS|TAMS 0x0000000710a00000| PB 0x0000000710a00000| Complete |  0
|2041|0x00000007ffe00000, 0x00000007fff256a0, 0x0000000800000000| 57%| O|  |TAMS 0x00000007ffe00000| PB 0x00000007ffe00000| Untracked |  0

Card table byte_map: [0x00000212309c0000,0x00000212311c0000] _byte_map_base: 0x000002122d1ba000

Marking Bits: (CMBitMap*) 0x0000021218445160
 Bits: [0x00000212311c0000, 0x0000021235190000)

Polling page: 0x0000021216150000

Metaspace:
Metaspace        used 7827K, committed 8000K, reserved 1114112K
 class space     used 319K, committed 384K, reserved 1048576K

Usage:
  Non-class:      7.33 MB used.
      Class:    319.07 KB used.
       Both:      7.64 MB used.

Virtual space:
  Non-class space:       64.00 MB reserved,       7.44 MB ( 12%) committed,  1 nodes.
      Class space:        1.00 GB reserved,     384.00 KB ( <1%) committed,  1 nodes.
             Both:        1.06 GB reserved,       7.81 MB ( <1%) committed. 

Chunk freelists:
   Non-Class:  6.53 MB
       Class:  15.51 MB
        Both:  22.05 MB

MaxMetaspaceSize: unlimited
CompressedClassSpaceSize: 1.00 GB
Initial GC threshold: 21.00 MB
Current GC threshold: 21.00 MB
CDS: on
 - commit_granule_bytes: 65536.
 - commit_granule_words: 8192.
 - virtual_space_node_default_size: 8388608.
 - enlarge_chunks_in_place: 1.
UseCompressedClassPointers 1, UseCompactObjectHeaders 0
Narrow klass pointer bits 32, Max shift 3
Narrow klass base: 0x0000000082000000, Narrow klass shift: 0
Encoding Range: [0x0000000082000000 - 0x0000000182000000), (4294967296 bytes)
Klass Range:    [0x0000000082010000 - 0x00000000c3000000), (1090453504 bytes)
Klass ID Range:  [65536 - 1090519033) (1090453497)
Protection zone: [0x0000000082000000 - 0x0000000082010000), (65536 bytes)


Internal statistics:

num_allocs_failed_limit: 0.
num_arena_births: 102.
num_arena_deaths: 0.
num_vsnodes_births: 2.
num_vsnodes_deaths: 0.
num_space_committed: 124.
num_space_uncommitted: 0.
num_chunks_returned_to_freelist: 0.
num_chunks_taken_from_freelist: 344.
num_chunk_merges: 0.
num_chunk_splits: 248.
num_chunks_enlarged: 186.
num_inconsistent_stats: 0.

CodeHeap 'non-profiled nmethods': size=120064Kb used=395Kb max_used=395Kb free=119669Kb
 bounds [0x0000021228720000, 0x0000021228990000, 0x000002122fc60000]
CodeHeap 'profiled nmethods': size=120000Kb used=2054Kb max_used=2054Kb free=117945Kb
 bounds [0x0000021220c60000, 0x0000021220ed0000, 0x0000021228190000]
CodeHeap 'non-nmethods': size=5696Kb used=2229Kb max_used=2244Kb free=3466Kb
 bounds [0x0000021228190000, 0x0000021228400000, 0x0000021228720000]
CodeCache: size=245760Kb, used=4678Kb, max_used=4693Kb, free=241080Kb
 total_blobs=3064, nmethods=1678, adapters=1290, full_count=0
Compilation: enabled, stopped_count=0, restarted_count=0

Compilation events (20 events):
Event: 2.295 Thread 0x0000021237dccbf0 1641       3       imgui.ImGui::sameLine (4 bytes)
Event: 2.295 Thread 0x0000021237dccbf0 nmethod 1641 0x0000021220e5ff88 code [0x0000021220e60080, 0x0000021220e60190]
Event: 2.295 Thread 0x0000021237dccbf0 1642       3       imgui.ImGui::sliderFloat (8 bytes)
Event: 2.295 Thread 0x0000021237dccbf0 nmethod 1642 0x0000021220e60288 code [0x0000021220e60380, 0x0000021220e60498]
Event: 2.394 Thread 0x0000021237dc6b10 1669       4       java.nio.Buffer::limit (65 bytes)
Event: 2.394 Thread 0x0000021237dc6b10 nmethod 1669 0x0000021228781208 code [0x0000021228781300, 0x00000212287813f8]
Event: 2.692 Thread 0x0000021237dc6b10 1672       4       java.util.HashMap::get (19 bytes)
Event: 2.695 Thread 0x0000021237dc6b10 nmethod 1672 0x0000021228781b08 code [0x0000021228781c00, 0x0000021228781fd8]
Event: 2.706 Thread 0x0000021237dc6b10 1673       4       java.util.concurrent.atomic.AtomicLong::compareAndSet (13 bytes)
Event: 2.706 Thread 0x0000021237dc6b10 nmethod 1673 0x0000021228782008 code [0x0000021228782100, 0x0000021228782188]
Event: 2.706 Thread 0x0000021237dc6b10 1674       4       java.util.concurrent.atomic.AtomicLong::addAndGet (14 bytes)
Event: 2.706 Thread 0x0000021237dc6b10 nmethod 1674 0x0000021228782308 code [0x0000021228782400, 0x0000021228782480]
Event: 2.706 Thread 0x0000021237dc6b10 1675       4       java.util.concurrent.atomic.AtomicLong::incrementAndGet (14 bytes)
Event: 2.707 Thread 0x0000021237dc6b10 nmethod 1675 0x0000021228782608 code [0x0000021228782700, 0x0000021228782780]
Event: 2.998 Thread 0x0000021237dc6b10 1676       4       org.lwjgl.opengl.GL11C::glGetIntegerv (30 bytes)
Event: 2.999 Thread 0x0000021237dc6b10 nmethod 1676 0x0000021228782908 code [0x0000021228782a00, 0x0000021228782b68]
Event: 3.164 Thread 0x0000021237dccbf0 1677       3       Rendering.Renderer::process (23 bytes)
Event: 3.165 Thread 0x0000021237dccbf0 nmethod 1677 0x0000021220e60588 code [0x0000021220e60680, 0x0000021220e60908]
Event: 3.165 Thread 0x0000021237dccbf0 1678       3       Rendering.RenderDebugger::drawRects (59 bytes)
Event: 3.165 Thread 0x0000021237dccbf0 nmethod 1678 0x0000021220e60988 code [0x0000021220e60a80, 0x0000021220e617f8]

GC Heap Usage History (0 events):
No events

Metaspace Usage History (0 events):
No events

Dll operation events (9 events):
Event: 0.004 Loaded shared library C:\Program Files\Java\jdk-25\bin\java.dll
Event: 0.047 Loaded shared library C:\Program Files\Java\jdk-25\bin\net.dll
Event: 0.048 Loaded shared library C:\Program Files\Java\jdk-25\bin\nio.dll
Event: 0.050 Loaded shared library C:\Program Files\Java\jdk-25\bin\zip.dll
Event: 0.096 Loaded shared library C:\Program Files\Java\jdk-25\bin\jimage.dll
Event: 0.108 Loaded shared library C:\Users\ciara\AppData\Local\Temp\lwjgl_ciara\3.3.6+1\x64\lwjgl.dll
Event: 0.335 Loaded shared library C:\Users\ciara\AppData\Local\Temp\lwjgl_ciara\3.3.6+1\x64\lwjgl_opengl.dll
Event: 0.391 Loaded shared library C:\Users\ciara\AppData\Local\Temp\imgui-java-natives\1.90.0\imgui-java64.dll
Event: 0.441 Loaded shared library C:\Program Files\Java\jdk-25\bin\verify.dll

Deoptimization events (20 events):
Event: 0.516 Thread 0x00000212161c1b50 Uncommon trap: trap_request=0xffffffde fr.pc=0x000002122875f964 relative=0x00000000000002e4
Event: 0.516 Thread 0x00000212161c1b50 Uncommon trap: reason=class_check action=maybe_recompile pc=0x000002122875f964 method=java.util.regex.Pattern$BmpCharPropertyGreedy.match(Ljava/util/regex/Matcher;ILjava/lang/CharSequence;)Z @ 26 c2
Event: 0.516 Thread 0x00000212161c1b50 DEOPT PACKING pc=0x000002122875f964 sp=0x00000037d33ff410
Event: 0.516 Thread 0x00000212161c1b50 DEOPT UNPACKING pc=0x00000212282afc02 sp=0x00000037d33ff3a8 mode 2
Event: 0.516 Thread 0x00000212161c1b50 Uncommon trap: trap_request=0xffffffde fr.pc=0x000002122875f964 relative=0x00000000000002e4
Event: 0.516 Thread 0x00000212161c1b50 Uncommon trap: reason=class_check action=maybe_recompile pc=0x000002122875f964 method=java.util.regex.Pattern$BmpCharPropertyGreedy.match(Ljava/util/regex/Matcher;ILjava/lang/CharSequence;)Z @ 26 c2
Event: 0.516 Thread 0x00000212161c1b50 DEOPT PACKING pc=0x000002122875f964 sp=0x00000037d33ff410
Event: 0.516 Thread 0x00000212161c1b50 DEOPT UNPACKING pc=0x00000212282afc02 sp=0x00000037d33ff3a8 mode 2
Event: 0.516 Thread 0x00000212161c1b50 Uncommon trap: trap_request=0xffffffde fr.pc=0x000002122875f964 relative=0x00000000000002e4
Event: 0.516 Thread 0x00000212161c1b50 Uncommon trap: reason=class_check action=maybe_recompile pc=0x000002122875f964 method=java.util.regex.Pattern$BmpCharPropertyGreedy.match(Ljava/util/regex/Matcher;ILjava/lang/CharSequence;)Z @ 26 c2
Event: 0.516 Thread 0x00000212161c1b50 DEOPT PACKING pc=0x000002122875f964 sp=0x00000037d33ff410
Event: 0.516 Thread 0x00000212161c1b50 DEOPT UNPACKING pc=0x00000212282afc02 sp=0x00000037d33ff3a8 mode 2
Event: 0.706 Thread 0x00000212161c1b50 Uncommon trap: trap_request=0xffffff4c fr.pc=0x0000021228766edc relative=0x000000000000005c
Event: 0.706 Thread 0x00000212161c1b50 Uncommon trap: reason=speculate_null_assert action=make_not_entrant pc=0x0000021228766edc method=sun.misc.Unsafe.putLong(Ljava/lang/Object;JJ)V @ 10 c2
Event: 0.706 Thread 0x00000212161c1b50 DEOPT PACKING pc=0x0000021228766edc sp=0x00000037d33ff330
Event: 0.706 Thread 0x00000212161c1b50 DEOPT UNPACKING pc=0x00000212282afc02 sp=0x00000037d33ff2a8 mode 2
Event: 0.796 Thread 0x00000212161c1b50 Uncommon trap: trap_request=0xffffff4c fr.pc=0x000002122876add8 relative=0x0000000000000058
Event: 0.796 Thread 0x00000212161c1b50 Uncommon trap: reason=speculate_null_assert action=make_not_entrant pc=0x000002122876add8 method=sun.misc.Unsafe.getLong(Ljava/lang/Object;J)J @ 8 c2
Event: 0.796 Thread 0x00000212161c1b50 DEOPT PACKING pc=0x000002122876add8 sp=0x00000037d33ff450
Event: 0.796 Thread 0x00000212161c1b50 DEOPT UNPACKING pc=0x00000212282afc02 sp=0x00000037d33ff3d8 mode 2

Classes loaded (20 events):
Event: 0.470 Loading class sun/text/resources/cldr/FormatData_en
Event: 0.471 Loading class sun/text/resources/cldr/FormatData_en done
Event: 0.471 Loading class jdk/internal/foreign/MemorySessionImpl
Event: 0.471 Loading class java/lang/foreign/MemorySegment$Scope
Event: 0.471 Loading class java/lang/foreign/MemorySegment$Scope done
Event: 0.471 Loading class jdk/internal/foreign/MemorySessionImpl done
Event: 0.479 Loading class java/lang/SecurityException
Event: 0.479 Loading class java/lang/SecurityException done
Event: 0.515 Loading class java/util/stream/IntStream
Event: 0.515 Loading class java/util/stream/IntStream done
Event: 0.515 Loading class java/util/stream/Streams$RangeIntSpliterator
Event: 0.515 Loading class java/util/Spliterator$OfInt
Event: 0.515 Loading class java/util/Spliterator$OfPrimitive
Event: 0.515 Loading class java/util/Spliterator$OfPrimitive done
Event: 0.515 Loading class java/util/Spliterator$OfInt done
Event: 0.515 Loading class java/util/stream/Streams$RangeIntSpliterator done
Event: 0.515 Loading class java/util/stream/IntPipeline$Head
Event: 0.515 Loading class java/util/stream/IntPipeline
Event: 0.515 Loading class java/util/stream/IntPipeline done
Event: 0.515 Loading class java/util/stream/IntPipeline$Head done

Classes unloaded (0 events):
No events

Classes redefined (0 events):
No events

Internal exceptions (20 events):
Event: 0.111 Thread 0x00000212161c1b50 Exception <a 'sun/nio/fs/WindowsException'{0x0000000710751190}> (0x0000000710751190) 
thrown [s\open\src\hotspot\share\prims\jni.cpp, line 516]
Event: 0.136 Thread 0x00000212161c1b50 Exception <a 'java/lang/NoSuchMethodError'{0x000000071042b790}: 'int java.lang.invoke.DirectMethodHandle$Holder.invokeStaticInit(java.lang.Object, java.lang.Object, int, long)'> (0x000000071042b790) 
thrown [s\open\src\hotspot\share\interpreter\linkResolver.cpp, line 804]
Event: 0.137 Thread 0x00000212161c1b50 Exception <a 'java/lang/NoSuchMethodError'{0x000000071043ab48}: 'java.lang.Object java.lang.invoke.DirectMethodHandle$Holder.newInvokeSpecial(java.lang.Object, java.lang.Object, int)'> (0x000000071043ab48) 
thrown [s\open\src\hotspot\share\interpreter\linkResolver.cpp, line 804]
Event: 0.142 Thread 0x00000212161c1b50 Exception <a 'java/lang/NoSuchMethodError'{0x0000000710487588}: 'int java.lang.invoke.DirectMethodHandle$Holder.invokeStaticInit(java.lang.Object, java.lang.Object, long, long)'> (0x0000000710487588) 
thrown [s\open\src\hotspot\share\interpreter\linkResolver.cpp, line 804]
Event: 0.143 Thread 0x00000212161c1b50 Exception <a 'java/lang/NoSuchMethodError'{0x0000000710496998}: 'java.lang.Object java.lang.invoke.DirectMethodHandle$Holder.newInvokeSpecial(java.lang.Object, java.lang.Object, long)'> (0x0000000710496998) 
thrown [s\open\src\hotspot\share\interpreter\linkResolver.cpp, line 804]
Event: 0.143 Thread 0x00000212161c1b50 Exception <a 'java/lang/NoSuchMethodError'{0x000000071049f708}: 'java.lang.Object java.lang.invoke.Invokers$Holder.linkToTargetMethod(java.lang.Object, long, java.lang.Object)'> (0x000000071049f708) 
thrown [s\open\src\hotspot\share\interpreter\linkResolver.cpp, line 804]
Event: 0.143 Thread 0x00000212161c1b50 Exception <a 'java/lang/NoSuchMethodError'{0x00000007104afd80}: 'int java.lang.invoke.DirectMethodHandle$Holder.invokeStaticInit(java.lang.Object, java.lang.Object, java.lang.Object, long)'> (0x00000007104afd80) 
thrown [s\open\src\hotspot\share\interpreter\linkResolver.cpp, line 804]
Event: 0.154 Thread 0x00000212161c1b50 Exception <a 'sun/nio/fs/WindowsException'{0x000000071054f840}> (0x000000071054f840) 
thrown [s\open\src\hotspot\share\prims\jni.cpp, line 516]
Event: 0.154 Thread 0x00000212161c1b50 Exception <a 'sun/nio/fs/WindowsException'{0x000000071054fba0}> (0x000000071054fba0) 
thrown [s\open\src\hotspot\share\prims\jni.cpp, line 516]
Event: 0.157 Thread 0x00000212161c1b50 Exception <a 'java/lang/NoSuchMethodError'{0x0000000710561220}: 'int java.lang.invoke.Invokers$Holder.invokeExact_MT(java.lang.Object, java.lang.Object)'> (0x0000000710561220) 
thrown [s\open\src\hotspot\share\interpreter\linkResolver.cpp, line 804]
Event: 0.314 Thread 0x00000212161c1b50 Exception <a 'java/lang/NoSuchMethodError'{0x00000007105b61d8}: 'void java.lang.invoke.DirectMethodHandle$Holder.invokeStaticInit(java.lang.Object, long, double, double)'> (0x00000007105b61d8) 
thrown [s\open\src\hotspot\share\interpreter\linkResolver.cpp, line 804]
Event: 0.315 Thread 0x00000212161c1b50 Exception <a 'java/lang/NoSuchMethodError'{0x00000007105ce3c0}: 'void java.lang.invoke.DirectMethodHandle$Holder.invokeStaticInit(java.lang.Object, long, int, int, int)'> (0x00000007105ce3c0) 
thrown [s\open\src\hotspot\share\interpreter\linkResolver.cpp, line 804]
Event: 0.317 Thread 0x00000212161c1b50 Exception <a 'java/lang/NoSuchMethodError'{0x00000007105f21e8}: 'void java.lang.invoke.DirectMethodHandle$Holder.invokeStaticInit(java.lang.Object, long, int, int, int, int)'> (0x00000007105f21e8) 
thrown [s\open\src\hotspot\share\interpreter\linkResolver.cpp, line 804]
Event: 0.330 Thread 0x00000212161c1b50 Exception <a 'java/lang/NoSuchMethodError'{0x00000007102174d0}: 'void java.lang.System.load(java.lang.String, java.lang.Class)'> (0x00000007102174d0) 
thrown [s\open\src\hotspot\share\interpreter\linkResolver.cpp, line 804]
Event: 0.331 Thread 0x00000212161c1b50 Exception <a 'java/lang/NoSuchMethodError'{0x000000071021f2b0}: 'void java.lang.System.loadLibrary(java.lang.String, java.lang.Class)'> (0x000000071021f2b0) 
thrown [s\open\src\hotspot\share\interpreter\linkResolver.cpp, line 804]
Event: 0.334 Thread 0x00000212161c1b50 Exception <a 'sun/nio/fs/WindowsException'{0x0000000710232f10}> (0x0000000710232f10) 
thrown [s\open\src\hotspot\share\prims\jni.cpp, line 516]
Event: 0.334 Thread 0x00000212161c1b50 Exception <a 'sun/nio/fs/WindowsException'{0x00000007102332b0}> (0x00000007102332b0) 
thrown [s\open\src\hotspot\share\prims\jni.cpp, line 516]
Event: 0.337 Thread 0x00000212161c1b50 Exception <a 'sun/nio/fs/WindowsException'{0x000000071023c430}> (0x000000071023c430) 
thrown [s\open\src\hotspot\share\prims\jni.cpp, line 516]
Event: 0.337 Thread 0x00000212161c1b50 Exception <a 'sun/nio/fs/WindowsException'{0x000000071023c700}> (0x000000071023c700) 
thrown [s\open\src\hotspot\share\prims\jni.cpp, line 516]
Event: 0.515 Thread 0x00000212161c1b50 Exception <a 'java/lang/NoSuchMethodError'{0x000000070fdc11c8}: 'void java.lang.invoke.DirectMethodHandle$Holder.invokeStatic(java.lang.Object, java.lang.Object, int)'> (0x000000070fdc11c8) 
thrown [s\open\src\hotspot\share\interpreter\linkResolver.cpp, line 804]

VM Operations (8 events):
Event: 0.052 Executing non-safepoint VM operation: HandshakeAllThreads (Deoptimize)
Event: 0.052 Executing non-safepoint VM operation: HandshakeAllThreads (Deoptimize) done
Event: 0.090 Executing non-safepoint VM operation: HandshakeAllThreads (Deoptimize)
Event: 0.090 Executing non-safepoint VM operation: HandshakeAllThreads (Deoptimize) done
Event: 0.104 Executing non-safepoint VM operation: HandshakeAllThreads (Deoptimize)
Event: 0.104 Executing non-safepoint VM operation: HandshakeAllThreads (Deoptimize) done
Event: 0.467 Executing non-safepoint VM operation: HandshakeAllThreads (Deoptimize)
Event: 0.467 Executing non-safepoint VM operation: HandshakeAllThreads (Deoptimize) done

Memory protections (0 events):
No events

Nmethod flushes (0 events):
No events

Events (13 events):
Event: 0.013 Thread 0x00000212161c1b50 Thread added: 0x00000212161c1b50
Event: 0.019 Thread 0x00000212161c1b50 Thread added: 0x0000021237db91b0
Event: 0.019 Thread 0x00000212161c1b50 Thread added: 0x0000021237db9c10
Event: 0.020 Thread 0x00000212161c1b50 Thread added: 0x0000021237dbbc80
Event: 0.020 Thread 0x00000212161c1b50 Thread added: 0x0000021237dbc840
Event: 0.020 Thread 0x00000212161c1b50 Thread added: 0x0000021237dbd810
Event: 0.020 Thread 0x00000212161c1b50 Thread added: 0x0000021237dc2a70
Event: 0.020 Thread 0x00000212161c1b50 Thread added: 0x0000021237dc6b10
Event: 0.020 Thread 0x00000212161c1b50 Thread added: 0x0000021237dccbf0
Event: 0.042 Thread 0x00000212161c1b50 Thread added: 0x0000021237dc22a0
Event: 0.043 Thread 0x00000212161c1b50 Thread added: 0x0000021237dc41e0
Event: 0.060 Thread 0x0000021237dc6b10 Thread added: 0x000002123c1cca10
Event: 0.313 Thread 0x000002123c1cca10 Thread exited: 0x000002123c1cca10


Dynamic libraries:
0x00007ff7234d0000 - 0x00007ff7234e0000 	C:\Program Files\Java\jdk-25\bin\java.exe
0x00007ffaf5770000 - 0x00007ffaf5968000 	C:\WINDOWS\SYSTEM32\ntdll.dll
0x00007ffaf4ab0000 - 0x00007ffaf4b72000 	C:\WINDOWS\System32\KERNEL32.DLL
0x00007ffaf32c0000 - 0x00007ffaf35b6000 	C:\WINDOWS\System32\KERNELBASE.dll
0x00007ffaf3130000 - 0x00007ffaf3230000 	C:\WINDOWS\System32\ucrtbase.dll
0x00007ffac3f70000 - 0x00007ffac3f87000 	C:\Program Files\Java\jdk-25\bin\jli.dll
0x00007ffac3fc0000 - 0x00007ffac3fde000 	C:\Program Files\Java\jdk-25\bin\VCRUNTIME140.dll
0x00007ffaf4290000 - 0x00007ffaf4431000 	C:\WINDOWS\System32\USER32.dll
0x00007ffaf35c0000 - 0x00007ffaf35e2000 	C:\WINDOWS\System32\win32u.dll
0x00007ffae6dc0000 - 0x00007ffae705b000 	C:\WINDOWS\WinSxS\amd64_microsoft.windows.common-controls_6595b64144ccf1df_6.0.19041.6456_none_60b8a6cb71f64256\COMCTL32.dll
0x00007ffaf3a00000 - 0x00007ffaf3a2b000 	C:\WINDOWS\System32\GDI32.dll
0x00007ffaf3a30000 - 0x00007ffaf3ace000 	C:\WINDOWS\System32\msvcrt.dll
0x00007ffaf2e00000 - 0x00007ffaf2f19000 	C:\WINDOWS\System32\gdi32full.dll
0x00007ffaf3670000 - 0x00007ffaf370d000 	C:\WINDOWS\System32\msvcp_win.dll
0x00007ffaf3bf0000 - 0x00007ffaf3c1f000 	C:\WINDOWS\System32\IMM32.DLL
0x00007ffac56c0000 - 0x00007ffac56cc000 	C:\Program Files\Java\jdk-25\bin\vcruntime140_1.dll
0x00007ffab8990000 - 0x00007ffab8a1d000 	C:\Program Files\Java\jdk-25\bin\msvcp140.dll
0x00007ffa165a0000 - 0x00007ffa173ff000 	C:\Program Files\Java\jdk-25\bin\server\jvm.dll
0x00007ffaf4450000 - 0x00007ffaf4501000 	C:\WINDOWS\System32\ADVAPI32.dll
0x00007ffaf4a10000 - 0x00007ffaf4aaf000 	C:\WINDOWS\System32\sechost.dll
0x00007ffaf3790000 - 0x00007ffaf38b0000 	C:\WINDOWS\System32\RPCRT4.dll
0x00007ffaf3710000 - 0x00007ffaf3737000 	C:\WINDOWS\System32\bcrypt.dll
0x00007ffaf56c0000 - 0x00007ffaf572b000 	C:\WINDOWS\System32\WS2_32.dll
0x00007ffae8e90000 - 0x00007ffae8eb7000 	C:\WINDOWS\SYSTEM32\WINMM.dll
0x00007ffaf2390000 - 0x00007ffaf23db000 	C:\WINDOWS\SYSTEM32\POWRPROF.dll
0x00007ffaece90000 - 0x00007ffaece9a000 	C:\WINDOWS\SYSTEM32\VERSION.dll
0x00007ffaf2200000 - 0x00007ffaf2212000 	C:\WINDOWS\SYSTEM32\UMPDC.dll
0x00007ffaf0c90000 - 0x00007ffaf0ca2000 	C:\WINDOWS\SYSTEM32\kernel.appcore.dll
0x00007ffac5500000 - 0x00007ffac550a000 	C:\Program Files\Java\jdk-25\bin\jimage.dll
0x00007ffae8530000 - 0x00007ffae8731000 	C:\WINDOWS\SYSTEM32\DBGHELP.DLL
0x00007ffaddeb0000 - 0x00007ffaddee4000 	C:\WINDOWS\SYSTEM32\dbgcore.DLL
0x00007ffaf3230000 - 0x00007ffaf32b2000 	C:\WINDOWS\System32\bcryptPrimitives.dll
0x00007ffac3f50000 - 0x00007ffac3f6f000 	C:\Program Files\Java\jdk-25\bin\java.dll
0x00007ffaf53c0000 - 0x00007ffaf54eb000 	C:\WINDOWS\System32\ole32.dll
0x00007ffaf45c0000 - 0x00007ffaf4914000 	C:\WINDOWS\System32\combase.dll
0x00007ffaf4b90000 - 0x00007ffaf5300000 	C:\WINDOWS\System32\SHELL32.dll
0x00007ffaf0e90000 - 0x00007ffaf1635000 	C:\WINDOWS\SYSTEM32\windows.storage.dll
0x00007ffaf2830000 - 0x00007ffaf285b000 	C:\WINDOWS\SYSTEM32\Wldp.dll
0x00007ffaf3930000 - 0x00007ffaf39fd000 	C:\WINDOWS\System32\OLEAUT32.dll
0x00007ffaf41e0000 - 0x00007ffaf428d000 	C:\WINDOWS\System32\SHCORE.dll
0x00007ffaf5300000 - 0x00007ffaf535b000 	C:\WINDOWS\System32\shlwapi.dll
0x00007ffaf2d30000 - 0x00007ffaf2d54000 	C:\WINDOWS\SYSTEM32\profapi.dll
0x00007ffac3f30000 - 0x00007ffac3f42000 	C:\Program Files\Java\jdk-25\bin\net.dll
0x00007ffaf2590000 - 0x00007ffaf25fa000 	C:\WINDOWS\system32\mswsock.dll
0x00007ffac3e40000 - 0x00007ffac3e56000 	C:\Program Files\Java\jdk-25\bin\nio.dll
0x00007ffac3490000 - 0x00007ffac34a7000 	C:\Program Files\Java\jdk-25\bin\zip.dll
0x00007ffab80f0000 - 0x00007ffab816e000 	C:\Users\ciara\AppData\Local\Temp\lwjgl_ciara\3.3.6+1\x64\lwjgl.dll
0x00007ffab3130000 - 0x00007ffab31b9000 	C:\Users\ciara\AppData\Local\Temp\lwjgl_ciara\3.3.6+1\x64\glfw.dll
0x00007ffacb8e0000 - 0x00007ffacb925000 	C:\WINDOWS\SYSTEM32\dinput8.dll
0x00007ffa825e0000 - 0x00007ffa825f1000 	C:\WINDOWS\SYSTEM32\xinput1_4.dll
0x00007ffaf3740000 - 0x00007ffaf378e000 	C:\WINDOWS\System32\cfgmgr32.dll
0x00007ffaf2b90000 - 0x00007ffaf2bc3000 	C:\WINDOWS\SYSTEM32\DEVOBJ.dll
0x00007ffaf0ab0000 - 0x00007ffaf0ade000 	C:\WINDOWS\SYSTEM32\dwmapi.dll
0x00007ffad09a0000 - 0x00007ffad0af2000 	C:\WINDOWS\SYSTEM32\inputhost.dll
0x00007ffaf01c0000 - 0x00007ffaf02b4000 	C:\WINDOWS\SYSTEM32\PROPSYS.dll
0x00007ffaef0d0000 - 0x00007ffaef1c2000 	C:\WINDOWS\SYSTEM32\CoreMessaging.dll
0x00007ffaef960000 - 0x00007ffaefab7000 	C:\WINDOWS\SYSTEM32\wintypes.dll
0x00007ffaeec70000 - 0x00007ffaeefcb000 	C:\WINDOWS\SYSTEM32\CoreUIComponents.dll
0x00007ffaf2090000 - 0x00007ffaf20c3000 	C:\WINDOWS\SYSTEM32\ntmarta.dll
0x00007ffaf0700000 - 0x00007ffaf079e000 	C:\WINDOWS\system32\uxtheme.dll
0x00007ffaf3ad0000 - 0x00007ffaf3be5000 	C:\WINDOWS\System32\MSCTF.dll
0x00007ffa86940000 - 0x00007ffa86a68000 	C:\WINDOWS\SYSTEM32\opengl32.dll
0x00007ffa86910000 - 0x00007ffa8693c000 	C:\WINDOWS\SYSTEM32\GLU32.dll
0x00007ffaf4510000 - 0x00007ffaf45b9000 	C:\WINDOWS\System32\clbcatq.dll
0x00007ffa56b00000 - 0x00007ffa59453000 	C:\WINDOWS\System32\DriverStore\FileRepository\nv_dispi.inf_amd64_d471cab2f241c3c2\nvoglv64.dll
0x00007ffaf3d00000 - 0x00007ffaf4170000 	C:\WINDOWS\System32\SETUPAPI.dll
0x00007ffaef280000 - 0x00007ffaef294000 	C:\WINDOWS\SYSTEM32\WTSAPI32.dll
0x00007ffaf29c0000 - 0x00007ffaf29d2000 	C:\WINDOWS\SYSTEM32\msasn1.dll
0x00007ffaec620000 - 0x00007ffaec651000 	C:\WINDOWS\SYSTEM32\cryptnet.dll
0x00007ffaf2f20000 - 0x00007ffaf307d000 	C:\WINDOWS\System32\CRYPT32.dll
0x00007ffaf27a0000 - 0x00007ffaf27ac000 	C:\WINDOWS\SYSTEM32\cryptbase.dll
0x00007ffaec920000 - 0x00007ffaeca67000 	C:\WINDOWS\SYSTEM32\drvstore.dll
0x00007ffaf35f0000 - 0x00007ffaf3663000 	C:\WINDOWS\System32\WINTRUST.dll
0x00007ffaf56a0000 - 0x00007ffaf56bd000 	C:\WINDOWS\System32\imagehlp.dll
0x00007ffaf2780000 - 0x00007ffaf2798000 	C:\WINDOWS\SYSTEM32\CRYPTSP.dll
0x00007ffaf1e40000 - 0x00007ffaf1e78000 	C:\WINDOWS\system32\rsaenh.dll
0x00007ffadf780000 - 0x00007ffae3514000 	C:\WINDOWS\System32\DriverStore\FileRepository\nv_dispi.inf_amd64_d471cab2f241c3c2\nvgpucomp64.dll
0x00007ffae84f0000 - 0x00007ffae852b000 	C:\WINDOWS\SYSTEM32\dxcore.dll
0x00007ffa72a60000 - 0x00007ffa72ba7000 	C:\WINDOWS\system32\nvspcap64.dll
0x00007ffaf1ab0000 - 0x00007ffaf1b13000 	C:\WINDOWS\SYSTEM32\WINSTA.dll
0x00007ffad4900000 - 0x00007ffad49f9000 	C:\WINDOWS\SYSTEM32\textinputframework.dll
0x00007ffab8090000 - 0x00007ffab80ed000 	C:\Users\ciara\AppData\Local\Temp\lwjgl_ciara\3.3.6+1\x64\lwjgl_opengl.dll
0x00007ffa1a350000 - 0x00007ffa1ab57000 	C:\Users\ciara\AppData\Local\Temp\imgui-java-natives\1.90.0\imgui-java64.dll
0x00007ffac4640000 - 0x00007ffac4650000 	C:\Program Files\Java\jdk-25\bin\verify.dll

JVMTI agents: none

dbghelp: loaded successfully - version: 4.0.5 - missing functions: none
symbol engine: initialized successfully - sym options: 0x614 - pdb path: .;C:\Program Files\Java\jdk-25\bin;C:\WINDOWS\SYSTEM32;C:\WINDOWS\WinSxS\amd64_microsoft.windows.common-controls_6595b64144ccf1df_6.0.19041.6456_none_60b8a6cb71f64256;C:\Program Files\Java\jdk-25\bin\server;C:\Users\ciara\AppData\Local\Temp\lwjgl_ciara\3.3.6+1\x64;C:\WINDOWS\System32\DriverStore\FileRepository\nv_dispi.inf_amd64_d471cab2f241c3c2;C:\Users\ciara\AppData\Local\Temp\imgui-java-natives\1.90.0

VM Arguments:
jvm_args: --enable-native-access=ALL-UNNAMED --add-opens=java.base/sun.misc=ALL-UNNAMED --add-opens=java.base/java.nio=ALL-UNNAMED --enable-preview --enable-preview -Dfile.encoding=UTF-8 -Duser.country=IE -Duser.language=en -Duser.variant -ea 
java_command: Main java.library.path=libs
java_class_path (initial): C:\Users\ciara\Desktop\Code\College Work\Year 4\FYP\PrototypeEngine\build\classes\java\main;C:\Users\ciara\Desktop\Code\College Work\Year 4\FYP\PrototypeEngine\build\resources\main;C:\Users\ciara\Desktop\Code\College Work\Year 4\FYP\PrototypeEngine\libs\imgui-app-1.90.0.jar;C:\Users\ciara\Desktop\Code\College Work\Year 4\FYP\PrototypeEngine\libs\imgui-binding-1.90.0.jar;C:\Users\ciara\Desktop\Code\College Work\Year 4\FYP\PrototypeEngine\libs\imgui-lwjgl3-1.90.0.jar;C:\Users\ciara\.gradle\caches\modules-2\files-2.1\org.lwjgl\lwjgl-assimp\3.3.6\931a8de55dd5ee546689119c85ed4d4af7fa68f2\lwjgl-assimp-3.3.6.jar;C:\Users\ciara\.gradle\caches\modules-2\files-2.1\org.lwjgl\lwjgl-assimp\3.3.6\486fa1e2db9fc903a0cab984604cef1a895b0e28\lwjgl-assimp-3.3.6-natives-windows.jar;C:\Users\ciara\.gradle\caches\modules-2\files-2.1\org.lwjgl\lwjgl-glfw\3.3.6\7119f7d0eeb1e5502ff0ca71d2b4d47317da015\lwjgl-glfw-3.3.6.jar;C:\Users\ciara\.gradle\caches\modules-2\files-2.1\org.lwjgl\lwjgl-glfw\3.3.6\99ef08056feb9627f90425a4d2a22cd9fae8e39b\lwjgl-glfw-3.3.6-natives-windows.jar;C:\Users\ciara\.gradle\caches\modules-2\files-2.1\org.lwjgl\lwjgl-openal\3.3.6\ad313317ff399fd2a7f4dd74716a68cf3976c6ad\lwjgl-openal-3.3.6.jar;C:\Users\ciara\.gradle\caches\modules-2\files-2.1\org.lwjgl\lwjgl-openal\3.3.6\9c2b9b660e085bb0b47a4453dc0e26f24a5475e4\lwjgl-openal-3.3.6-natives-windows.jar;C:\Users\ciara\.gradle\caches\modules-2\files-2.1\org.lwjgl\lwjgl-opengl\3.3.6\ac2532612a4df374e9a9282bcf8ce2573018ebbb\lwjgl-opengl-3.3.6.jar;C:\Users\ciara\.gradle\caches\modules-2\files-2.1\org.lwjgl\lwjgl-opengl\3.3.6\18dc639ebc94aa5202c2157f7490d28997b697c5\lwjgl-opengl-3.3.6-natives-windows.jar;C:\Users\ciara\.gradle\caches\modules-2\files-2.1\org.lwjgl\lwjgl-stb\3.3.6\e2d3739dcfe7b672b626ded66d94f6587083306e\lwjgl-stb-3.3.6.jar;C:\Users\ciara\.gradle\caches\modules-2\files-2.1\org.lwjgl\lwjgl-stb\3.3.6\334cf885b39e2db9070c39e70e65efb136435f10\lwjgl-stb-3.3.6-natives-windows.jar;C:\Users\ciara\.gradle\caches\modules-2\files-2.1\org.lwjgl\lwjgl\3.3.6\ce7721d30cfaf47feaed10213e0c43eb55c49d68\lwjgl-3.3.6.jar;C:\Users\ciara\.gradle\caches\modules-2\files-2.1\org.lwjgl\lwjgl\3.3.6\9a29b6a22fc5184604b8cb434ee5d5ecc4bfcbee\lwjgl-3.3.6-natives-windows.jar;C:\Users\ciara\.gradle\caches\modules-2\files-2.1\org.joml\joml\1.10.8\fc0a71dad90a2cf41d82a76156a0e700af8e4f8d\joml-1.10.8.jar;C:\Users\ciara\.gradle\caches\modules-2\files-2.1\com.code-disaster.steamworks4j\steamworks4j\1.9.0\d69b7f7540745a8d569a5400554e34d42e035da8\steamworks4j-1.9.0.jar;C:\Users\ciara\.gradle\caches\modules-2\files-2.1\org.jetbrains.kotlin\kotlin-stdlib-jdk8\1.8.20\73576ddf378c5b4f1f6b449fe6b119b8183fc078\kotlin-stdlib-jdk8-1.8.20.jar;C:\Users\ciara\.gradle\caches\modules-2\files-2.1\org.jetbrains.kotlin\kotlin-stdlib-jdk7\1.8.20\3aa51faf20aae8b31e1a4bc54f8370673d7b7df4\kotlin-stdlib-jdk7-1.8.20.jar;C:\Users\ciara\.gradle\caches\modules-2\files-2.1\org.jetbrains.kotlin\kotlin-stdlib\1.8.20\e72fc5e03ec6c064c678a6bd0d955c88d55b0c4a\kotlin-stdlib-1.8.20.jar;C:\Users\ciara\.gradle\caches\modules-2\files-2.1\org.jetbrains.kotlin\kotlin-stdlib-common\1.8.20\5eddaaf234c8c49d03eebeb6a14feb7f90faca71\kotlin-stdlib-common-1.8.20.jar;C:\Users\ciara\.gradle\caches\modules-2\files-2.1\org.jetbrains\annotations\13.0\919f0dfe192fb4e063e7dacadee7f8bb9a2672a9\annotations-13.0.jar
Launcher Type: SUN_STANDARD

[Global flags]
     intx CICompilerCount                          = 4                                         {product} {ergonomic}
     uint ConcGCThreads                            = 3                                         {product} {ergonomic}
     uint G1ConcRefinementThreads                  = 10                                        {product} {ergonomic}
   size_t G1HeapRegionSize                         = 2097152                                   {product} {ergonomic}
   size_t InitialHeapSize                          = 268435456                                 {product} {ergonomic}
   size_t MarkStackSize                            = 4194304                                   {product} {ergonomic}
   size_t MarkStackSizeMax                         = 536870912                                 {product} {ergonomic}
   size_t MaxHeapSize                              = 4282384384                                {product} {ergonomic}
   size_t MaxNewSize                               = 2569011200                                {product} {ergonomic}
   size_t MinHeapDeltaBytes                        = 2097152                                   {product} {ergonomic}
   size_t MinHeapSize                              = 8388608                                   {product} {ergonomic}
    uintx NonNMethodCodeHeapSize                   = 5832704                                {pd product} {ergonomic}
    uintx NonProfiledCodeHeapSize                  = 122945536                              {pd product} {ergonomic}
    uintx ProfiledCodeHeapSize                     = 122880000                              {pd product} {ergonomic}
    uintx ReservedCodeCacheSize                    = 251658240                              {pd product} {ergonomic}
     bool SegmentedCodeCache                       = true                                      {product} {ergonomic}
   size_t SoftMaxHeapSize                          = 4282384384                             {manageable} {ergonomic}
     bool UseCompressedOops                        = true                           {product lp64_product} {ergonomic}
     bool UseG1GC                                  = true                                      {product} {ergonomic}
     bool UseLargePagesIndividualAllocation        = false                                  {pd product} {ergonomic}

Logging:
Log output configuration:
 #0: stdout all=warning uptime,level,tags foldmultilines=false
 #1: stderr all=off uptime,level,tags foldmultilines=false

Release file:
IMPLEMENTOR="Oracle Corporation" 
JAVA_RUNTIME_VERSION="25.0.1+8-LTS-27" 
JAVA_VERSION="25.0.1" 
JAVA_VERSION_DATE="2025-10-21" 
LIBC="default" 
MODULES="java.base java.compiler java.datatransfer java.xml java.prefs java.desktop java.instrument java.logging java.management java.security.sasl java.naming java.rmi java.management.rmi java.net.http java.scripting java.security.jgss java.transaction.xa java.sql java.sql.rowset java.xml.crypto java.se java.smartcardio jdk.accessibility jdk.internal.jvmstat jdk.attach jdk.charsets jdk.internal.opt jdk.zipfs jdk.compiler jdk.crypto.cryptoki jdk.crypto.ec jdk.crypto.mscapi jdk.dynalink jdk.internal.ed jdk.editpad jdk.internal.vm.ci jdk.graal.compiler jdk.graal.compiler.management jdk.hotspot.agent jdk.httpserver jdk.incubator.vector jdk.internal.le jdk.internal.md jdk.jartool jdk.javadoc jdk.jcmd jdk.management jdk.management.agent jdk.jconsole jdk.jdeps jdk.jdwp.agent jdk.jdi jdk.jfr jdk.jlink jdk.jpackage jdk.jshell jdk.jsobject jdk.jstatd jdk.localedata jdk.management.jfr jdk.naming.dns jdk.naming.rmi jdk.net jdk.nio.mapmode jdk.sctp jdk.security.auth jdk.security.jgss jdk.unsupported jdk.unsupported.desktop jdk.xml.dom" 
OS_ARCH="x86_64" 
OS_NAME="Windows" 
SOURCE=".:git:862c85bc42b7 open:git:78770bfaefd2" 

Environment Variables:
PATH=C:\Program Files\Common Files\Oracle\Java\javapath;C:\WINDOWS\system32;C:\WINDOWS;C:\WINDOWS\System32\Wbem;C:\WINDOWS\System32\WindowsPowerShell\v1.0\;C:\WINDOWS\System32\OpenSSH\;C:\Program Files\NVIDIA Corporation\NVIDIA App\NvDLISR;C:\Program Files (x86)\NVIDIA Corporation\PhysX\Common;C:\Program Files\Git\cmd;C:\Users\ciara\AppData\Local\Android\Sdk\platform-tools;C:\Program Files\ytDLP;C:\WINDOWS\system32\config\systemprofile\AppData\Local\Muse Hub\lib;C:\Users\ciara\AppData\Local\Microsoft\WindowsApps;C:\Users\ciara\AppData\Local\Programs\Microsoft VS Code\bin;C:\Users\ciara\AppData\Local\Python\bin
USERNAME=ciara
OS=Windows_NT
PROCESSOR_IDENTIFIER=AMD64 Family 25 Model 33 Stepping 0, AuthenticAMD
TMP=C:\Users\ciara\AppData\Local\Temp
TEMP=C:\Users\ciara\AppData\Local\Temp




Compilation memory statistics disabled.

Periodic native trim disabled

---------------  S Y S T E M  ---------------

OS:
 Windows 10 , 64 bit Build 19041 (10.0.19041.5915)
OS uptime: 1 days 23:53 hours

CPU: total 12 (initial active 12) (12 cores per cpu, 2 threads per core) family 25 model 33 stepping 0 microcode 0x0, cx8, cmov, fxsr, ht, mmx, 3dnowpref, sse, sse2, sse3, ssse3, sse4a, sse4.1, sse4.2, popcnt, lzcnt, tsc, tscinvbit, avx, avx2, aes, erms, clmul, bmi1, bmi2, adx, sha, fma, vzeroupper, clflush, clflushopt, clwb, rdtscp, rdpid, fsrm, f16c, pku, cet_ss
Processor Information for the first 12 processors :
  Max Mhz: 3701, Current Mhz: 3701, Mhz Limit: 3701

Memory: 4k page, system-wide physical 16330M (3036M free)
TotalPageFile size 28438M (AvailPageFile size 3218M)
current process WorkingSet (physical memory assigned to process): 146M, peak: 151M
current process commit charge ("private bytes"): 508M, peak: 516M

vm_info: Java HotSpot(TM) 64-Bit Server VM (25.0.1+8-LTS-27) for windows-amd64 JRE (25.0.1+8-LTS-27), built on 2025-09-25T16:41:16Z with unknown MS VC++:1943

END.
