#
# A fatal error has been detected by the Java Runtime Environment:
#
#  EXCEPTION_ACCESS_VIOLATION (0xc0000005) at pc=0x00007ffa1a4fe771, pid=20452, tid=26308
#
# JRE version: Java(TM) SE Runtime Environment (25.0.1+8) (build 25.0.1+8-LTS-27)
# Java VM: Java HotSpot(TM) 64-Bit Server VM (25.0.1+8-LTS-27, mixed mode, sharing, tiered, compressed oops, compressed class ptrs, g1 gc, windows-amd64)
# Problematic frame:
# C  [imgui-java64.dll+0x1ae771]
#
# No core dump will be written. Minidumps are not enabled by default on client versions of Windows
#
# If you would like to submit a bug report, please visit:
#   https://bugreport.java.com/bugreport/crash.jsp
# The crash happened outside the Java Virtual Machine in native code.
# See problematic frame for where to report the bug.
#

---------------  S U M M A R Y ------------

Command Line: -Ddebugger.agent.enable.coroutines=true -Dkotlinx.coroutines.debug.enable.creation.stack.trace=false -Dkotlinx.coroutines.debug.enable.flows.stack.trace=true -Dkotlinx.coroutines.debug.enable.mutable.state.flows.stack.trace=true --enable-native-access=ALL-UNNAMED --add-opens=java.base/sun.misc=ALL-UNNAMED --add-opens=java.base/java.nio=ALL-UNNAMED --enable-preview --enable-preview -agentlib:jdwp=transport=dt_socket,server=n,suspend=y,address=127.0.0.1:64765 -javaagent:C:\Users\ciara\AppData\Local\JetBrains\IntelliJIdea2025.2\captureAgent\debugger-agent.jar=file:///C:/Users/ciara/AppData/Local/Temp/capture16114539689324508568.props -Dfile.encoding=UTF-8 -Duser.country=IE -Duser.language=en -Duser.variant -ea Main java.library.path=libs

Host: AMD Ryzen 5 5600X 6-Core Processor             , 12 cores, 15G,  Windows 10 , 64 bit Build 19041 (10.0.19041.5915)
Time: Sun Feb 15 00:48:25 2026 GMT Standard Time elapsed time: 35.522551 seconds (0d 0h 0m 35s)

---------------  T H R E A D  ---------------

Current thread (0x0000023b46243aa0):  JavaThread "main"             [_thread_in_native, id=26308, stack(0x000000d749400000,0x000000d749500000) (1024K)]

Stack: [0x000000d749400000,0x000000d749500000],  sp=0x000000d7494ff210,  free space=1020k
Native frames: (J=compiled Java code, j=interpreted, Vv=VM code, C=native code)
C  [imgui-java64.dll+0x1ae771]  (no source info available)
C  0x0000023b56000abe  (no source info available)

The last pc belongs to native method entry point (kind = native) (printed below).
Java frames: (J=compiled Java code, j=interpreted, Vv=VM code)
j  imgui.ImGui.nEndMenu()V+0
j  imgui.ImGui.endMenu()V+0
j  Rendering.ImGui.ImGuiMenubar.render()V+104
J 1756 c1 Rendering.ImGui.ImGuiEditor.render()V (89 bytes) @ 0x0000023b4ece46bc [0x0000023b4ece4620+0x000000000000009c]
J 1726 c1 Rendering.ImGui.ImGuiWindow.render()V (29 bytes) @ 0x0000023b4ecdba04 [0x0000023b4ecdb780+0x0000000000000284]
j  Jade.Window.loop()V+58
j  Jade.Window.run()V+16
j  Main.main([Ljava/lang/String;)V+5
v  ~StubRoutines::call_stub 0x0000023b55ff12ed

siginfo: EXCEPTION_ACCESS_VIOLATION (0xc0000005), reading address 0x0000000000004180


Registers:
RAX=0x00007ffa1a93c788, RBX=0x0000023b668853b8, RCX=0x0000023b46243ee8, RDX=0x000000d7494ff2c8
RSP=0x000000d7494ff210, RBP=0x000000d7494ff2b8, RSI=0x0000000000000000, RDI=0x0000023b6b70cce0
R8 =0x0000000000000001, R9 =0x0000023b43f8dcb0, R10=0x0000023b56000b5e, R11=0x000000070fae0d80
R12=0x0000000000000000, R13=0x0000023b668853b8, R14=0x000000d7494ff2d0, R15=0x0000023b46243aa0
RIP=0x00007ffa1a4fe771, EFLAGS=0x0000000000010202

XMM[0]=0x0000000000000000 0x000000d7494ff270
XMM[1]=0x000000d7494ff2b8 0x0000000000000000
XMM[2]=0x0000000000000000 0x0000023b55ff8408
XMM[3]=0x0000023b560005f0 0x000000d7494ff270
XMM[4]=0x0000000000000c00 0x0000000000000000
XMM[5]=0x0000023b46243aa0 0x0000000000000000
XMM[6]=0x0000000000000000 0x0000000000000000
XMM[7]=0x8000000080000000 0x80000000c2480000
XMM[8]=0x0000000000000000 0x0000000042480000
XMM[9]=0x0000000000000000 0x0000000000000000
XMM[10]=0x0000000000000000 0x000000003f800000
XMM[11]=0x0000000000000000 0x0000000000000000
XMM[12]=0x0000000000000000 0x000000003f800000
XMM[13]=0x0000000000000000 0x000000003ca0a0a1
XMM[14]=0x0000000000000000 0x000000003f800000
XMM[15]=0x0000000000000000 0x0000000000000000
  MXCSR=0x00001fa0


Register to memory mapping:

RAX=0x00007ffa1a93c788 imgui-java64.dll
RBX={method} {0x0000023b668853c0} 'nEndMenu' '()V' in 'imgui/ImGui'
RCX=0x0000023b46243ee8 points into unknown readable memory: 0x0000023b6b5f6430 | 30 64 5f 6b 3b 02 00 00
RDX=0x000000d7494ff2c8 is pointing into the stack for thread: 0x0000023b46243aa0
RSP=0x000000d7494ff210 is pointing into the stack for thread: 0x0000023b46243aa0
RBP=0x000000d7494ff2b8 is pointing into the stack for thread: 0x0000023b46243aa0
RSI=0x0 is null
RDI=0x0000023b6b70cce0 points into unknown readable memory: 0x0000000800000080 | 80 00 00 00 08 00 00 00
R8 =0x0000000000000001 is an unknown value
R9 =0x0000023b43f8dcb0 points into unknown readable memory: 0x0000004000000001 | 01 00 00 00 40 00 00 00
R10=0x0000023b56000b5e is at code_begin+2046 in an Interpreter codelet
native method entry point (kind = native)  [0x0000023b56000360, 0x0000023b56001570]  4624 bytes
R11=0x000000070fae0d80 is an oop: java.lang.Class 
{0x000000070fae0d80} - klass: 'java/lang/Class' - flags: 

 - ---- fields (total size 21 words):
 - private volatile transient 'classRedefinedCount' 'I' @12  0 (0x00000000)
 - injected 'klass' 'J' @16  2500389776 (0x000000009508eb90)
 - injected 'array_klass' 'J' @24  0 (0x0000000000000000)
 - injected 'oop_size' 'I' @32  21 (0x00000015)
 - injected 'static_oop_field_count' 'I' @36  12 (0x0000000c)
 - private final transient 'modifiers' 'C' @40    1 (0x0001)
 - private final transient 'primitive' 'Z' @42  false (0x00)
 - private volatile transient 'cachedConstructor' 'Ljava/lang/reflect/Constructor;' @44  null (0x00000000)
 - private transient 'name' 'Ljava/lang/String;' @48  "imgui.ImGui"{0x000000070fae0f30} (0xe1f5c1e6)
 - private transient 'module' 'Ljava/lang/Module;' @52  a 'java/lang/Module'{0x0000000710a24f58} (0xe21449eb)
 - private final 'classLoader' 'Ljava/lang/ClassLoader;' @56  a 'jdk/internal/loader/ClassLoaders$AppClassLoader'{0x0000000710a24de0} (0xe21449bc)
 - private transient 'classData' 'Ljava/lang/Object;' @60  null (0x00000000)
 - private transient 'signers' '[Ljava/lang/Object;' @64  null (0x00000000)
 - private transient 'packageName' 'Ljava/lang/String;' @68  "imgui"{0x0000000710534778} (0xe20a68ef)
 - private final transient 'componentType' 'Ljava/lang/Class;' @72  null (0x00000000)
 - private final transient 'protectionDomain' 'Ljava/security/ProtectionDomain;' @76  a 'java/security/ProtectionDomain'{0x00000007104d8f00} (0xe209b1e0)
 - private volatile transient 'reflectionData' 'Ljava/lang/ref/SoftReference;' @80  null (0x00000000)
 - private volatile transient 'genericInfo' 'Lsun/reflect/generics/repository/ClassRepository;' @84  null (0x00000000)
 - private volatile transient 'enumConstants' '[Ljava/lang/Object;' @88  null (0x00000000)
 - private volatile transient 'enumConstantDirectory' 'Ljava/util/Map;' @92  null (0x00000000)
 - private volatile transient 'annotationData' 'Ljava/lang/Class$AnnotationData;' @96  null (0x00000000)
 - private volatile transient 'annotationType' 'Lsun/reflect/annotation/AnnotationType;' @100  null (0x00000000)
 - transient 'classValueMap' 'Ljava/lang/ClassValue$ClassValueMap;' @104  null (0x00000000)
 - injected 'source_file' 'Ljava/lang/Object;' @108  null (0x00000000)
 - injected '<init_lock>' 'Ljava/lang/Object;' @112  null (0x00000000)
 - signature: Limgui/ImGui;
 - ---- static fields (12):
 - private static final 'LIB_PATH_PROP' 'Ljava/lang/String;' @120  "imgui.library.path"{0x000000070fae0e38} (0xe1f5c1c7)
 - private static final 'LIB_NAME_PROP' 'Ljava/lang/String;' @124  "imgui.library.name"{0x000000070fae0e78} (0xe1f5c1cf)
 - private static final 'LIB_NAME_DEFAULT' 'Ljava/lang/String;' @128  "imgui-java64"{0x000000070fae0eb8} (0xe1f5c1d7)
 - private static final 'LIB_TMP_DIR_PREFIX' 'Ljava/lang/String;' @132  "imgui-java-natives"{0x000000070fae0ef0} (0xe1f5c1de)
 - private static final '_GETIO_1' 'Limgui/ImGuiIO;' @136  a 'imgui/ImGuiIO'{0x000000070fb8a7f0} (0xe1f714fe)
 - private static final '_GETSTYLE_1' 'Limgui/ImGuiStyle;' @140  a 'imgui/ImGuiStyle'{0x000000070fb9d298} (0xe1f73a53)
 - private static final '_GETDRAWDATA_1' 'Limgui/ImDrawData;' @144  a 'imgui/ImDrawData'{0x000000070fba1f10} (0xe1f743e2)
 - private static final '_GETFONT_1' 'Limgui/ImFont;' @148  a 'imgui/ImFont'{0x000000070fbaeb38} (0xe1f75d67)
 - private static 'payloadRef' 'Ljava/lang/ref/WeakReference;' @152  null (0x00000000)
 - private static final 'PAYLOAD_PLACEHOLDER_DATA' '[B' @156  [B{0x000000070fbaeb50} (0xe1f75d6a)
 - private static final '_GETMAINVIEWPORT_1' 'Limgui/ImGuiViewport;' @160  a 'imgui/ImGuiViewport'{0x000000070fbaeb68} (0xe1f75d6d)
 - private static final '_GETPLATFORMIO_1' 'Limgui/ImGuiPlatformIO;' @164  a 'imgui/ImGuiPlatformIO'{0x000000070fbaeb80} (0xe1f75d70)
R12=0x0 is null
R13={method} {0x0000023b668853c0} 'nEndMenu' '()V' in 'imgui/ImGui'
R14=0x000000d7494ff2d0 is pointing into the stack for thread: 0x0000023b46243aa0
R15=0x0000023b46243aa0 is a thread

Top of Stack: (sp=0x000000d7494ff210)
0x000000d7494ff210:   0000000000000000 000000d7494ff2b8   ..........OI....
0x000000d7494ff220:   000000d7494ff270 0000023b55fff0a1   p.OI.......U;...
0x000000d7494ff230:   0000023b668853b8 0000023b6b674e98   .S.f;....Ngk;...
0x000000d7494ff240:   0000023b6b70cce0 0000023b56000abe   ..pk;......V;...
0x000000d7494ff250:   0000000000000000 000000d7494ff320   ........ .OI....
0x000000d7494ff260:   000000d7494ff2d8 0000023b560005f0   ..OI.......V;...
0x000000d7494ff270:   fffffffffffffff7 0000023b668853b8   .........S.f;...
0x000000d7494ff280:   0000000000000003 0000023b668a6398   .........c.f;...
0x000000d7494ff290:   0000000000000000 000000070fae0d80   ................
0x000000d7494ff2a0:   0000023b668853b8 0000000000000000   .S.f;...........
0x000000d7494ff2b0:   000000d7494ff2d8 000000d7494ff320   ..OI.... .OI....
0x000000d7494ff2c0:   0000023b55ff946c 000000070fae0d80   l..U;...........
0x000000d7494ff2d0:   0000023b55ffca57 fffffffffffffff7   W..U;...........
0x000000d7494ff2e0:   0000023b66885318 0000000000000001   .S.f;...........
0x000000d7494ff2f0:   0000023b668a6398 0000023b66c0acc8   .c.f;......f;...
0x000000d7494ff300:   000000070fae0d80 0000023b66885328   ........(S.f;...
0x000000d7494ff310:   fffffffffffffff7 000000d7494ff330   ........0.OI....
0x000000d7494ff320:   000000d7494ff378 0000023b55ff946c   x.OI....l..U;...
0x000000d7494ff330:   fffffffffffffff7 0000023b6643f940   ........@.Cf;...
0x000000d7494ff340:   0000000000000002 0000023b6643fc10   ..........Cf;...
0x000000d7494ff350:   0000023b66c09a58 000000071055eb98   X..f;.....U.....
0x000000d7494ff360:   0000023b6643f9c0 fffffffffffffff7   ..Cf;...........
0x000000d7494ff370:   000000d7494ff390 000000d7494ff600   ..OI......OI....
0x000000d7494ff380:   0000023b4ece6fec 000000071055ed58   .o.N;...X.U.....
0x000000d7494ff390:   000000003f800000 0000000000000000   ...?............
0x000000d7494ff3a0:   0000000000000000 0000000000000000   ................
0x000000d7494ff3b0:   000000007f7fffff 0000023b65e66ca0   .........l.e;...
0x000000d7494ff3c0:   0000023b65e66ca0 0000000000000000   .l.e;...........
0x000000d7494ff3d0:   0000000000000000 0000000000000000   ................
0x000000d7494ff3e0:   0000000000000000 0000000000000000   ................
0x000000d7494ff3f0:   0000023b65e66ca0 00007ffa1a3b62ae   .l.e;....b;.....
0x000000d7494ff400:   00007ffa1a87f19b 0000000000000000   ................

Instructions: (pc=0x00007ffa1a4fe771)
  0x00007ffa1a4fe671:   84 9b fc ff ff c6 44 24 44 00 e9 c0 fd ff ff f3
  0x00007ffa1a4fe681:   44 0f 10 15 07 18 3a 00 f3 0f 10 0d ef 17 3a 00
  0x00007ffa1a4fe691:   44 0f 10 c0 f3 0f 10 3d 83 17 3a 00 e9 ed fe ff
  0x00007ffa1a4fe6a1:   ff 8b 93 ec 41 00 00 85 d2 74 0a 44 22 6c 24 44
  0x00007ffa1a4fe6b1:   e9 75 f9 ff ff 44 0f b6 6c 24 30 44 22 6c 24 44
  0x00007ffa1a4fe6c1:   41 39 c7 0f 84 2a fd ff ff 44 88 6c 24 44 e9 7c
  0x00007ffa1a4fe6d1:   f9 ff ff 0f b6 44 24 43 c6 44 24 48 00 41 bd 01
  0x00007ffa1a4fe6e1:   00 00 00 83 f0 01 88 44 24 44 e9 60 f9 ff ff 0f
  0x00007ffa1a4fe6f1:   b6 44 24 43 34 01 74 48 80 7c 24 30 00 0f 85 9b
  0x00007ffa1a4fe701:   fb ff ff 45 84 ed 74 38 80 7c 24 44 00 0f 84 8b
  0x00007ffa1a4fe711:   fb ff ff f3 0f 10 83 e0 41 00 00 0f 2f 05 05 18
  0x00007ffa1a4fe721:   3a 00 0f 82 17 fd ff ff f3 0f 10 83 04 51 00 00
  0x00007ffa1a4fe731:   0f 2f 05 f0 17 3a 00 41 0f 93 c5 e9 ea f8 ff ff
  0x00007ffa1a4fe741:   88 44 24 44 e9 f6 fc ff ff 66 0f 1f 44 00 00 44
  0x00007ffa1a4fe751:   0f b6 c2 31 d2 e9 d5 f1 ff ff 0f 1f 44 00 00 57
  0x00007ffa1a4fe761:   56 53 48 83 ec 20 48 8b 05 42 df 3c 00 48 8b 30
=>0x00007ffa1a4fe771:   48 8b 9e 80 41 00 00 f6 43 17 04 74 7a 48 8b bb
  0x00007ffa1a4fe781:   b8 03 00 00 0f b7 83 10 01 00 00 66 39 83 0e 01
  0x00007ffa1a4fe791:   00 00 74 13 48 83 c4 20 5b 5e 5f e9 df df e8 ff
  0x00007ffa1a4fe7a1:   0f 1f 80 00 00 00 00 8b 86 f0 4d 00 00 85 c0 75
  0x00007ffa1a4fe7b1:   e3 e8 e9 9b e8 ff 84 c0 74 da 48 8b 86 48 4d 00
  0x00007ffa1a4fe7c1:   00 48 85 c0 74 ce 48 39 98 e8 03 00 00 75 c5 83
  0x00007ffa1a4fe7d1:   bf fc 01 00 00 01 75 bc 8b 8e a8 4c 00 00 ba 01
  0x00007ffa1a4fe7e1:   00 00 00 83 e9 01 e8 e4 8a e9 ff e8 6f 9f e8 ff
  0x00007ffa1a4fe7f1:   eb a2 0f 1f 44 00 00 e8 d3 91 05 00 84 c0 75 27
  0x00007ffa1a4fe801:   f6 43 17 04 0f 85 73 ff ff ff 41 b8 40 1e 00 00
  0x00007ffa1a4fe811:   48 8d 15 e8 f7 39 00 48 8d 0d 89 09 3a 00 ff 15
  0x00007ffa1a4fe821:   5b 1e 65 00 0f 1f 00 4c 8d 05 d1 f7 39 00 ba 40
  0x00007ffa1a4fe831:   1e 00 00 48 8d 0d 6d 09 3a 00 e8 d0 90 05 00 e9
  0x00007ffa1a4fe841:   39 ff ff ff 66 66 2e 0f 1f 84 00 00 00 00 00 41
  0x00007ffa1a4fe851:   57 41 56 41 55 41 54 55 57 56 53 48 81 ec b8 00
  0x00007ffa1a4fe861:   00 00 0f 11 74 24 40 0f 11 7c 24 50 44 0f 11 44


Stack slot to memory mapping:

stack at sp + 0 slots: 0x0 is null
stack at sp + 1 slots: 0x000000d7494ff2b8 is pointing into the stack for thread: 0x0000023b46243aa0
stack at sp + 2 slots: 0x000000d7494ff270 is pointing into the stack for thread: 0x0000023b46243aa0
stack at sp + 3 slots: 0x0000023b55fff0a1 is at code_begin+865 in an Interpreter codelet
method entry point (kind = zerolocals)  [0x0000023b55ffed40, 0x0000023b55fff370]  1584 bytes
stack at sp + 4 slots: {method} {0x0000023b668853c0} 'nEndMenu' '()V' in 'imgui/ImGui'
stack at sp + 5 slots: 0x0000023b6b674e98 points into unknown readable memory: 0x88007919bfb49986 | 86 99 b4 bf 19 79 00 88
stack at sp + 6 slots: 0x0000023b6b70cce0 points into unknown readable memory: 0x0000000800000080 | 80 00 00 00 08 00 00 00
stack at sp + 7 slots: 0x0000023b56000abe is at code_begin+1886 in an Interpreter codelet
native method entry point (kind = native)  [0x0000023b56000360, 0x0000023b56001570]  4624 bytes

Lock stack of current Java thread (top to bottom):

native method entry point (kind = native)  [0x0000023b56000360, 0x0000023b56001570]  4624 bytes
[MachCode]
  0x0000023b56000360: 488b 4b08 | 0fb7 492e | 584c 8d74 | ccf8 6800 | 0000 0068 | 0000 0000 | 5055 488b | ec41 5548 
  0x0000023b56000380: 8b43 084c | 8d68 3848 | 8b40 0868 | 0000 0000 | 5348 8b50 | 1848 8b52 | 7048 8b12 | 5248 8b53 
  0x0000023b560003a0: 1048 85d2 | 7407 4881 | c2d0 0000 | 0052 488b | 5010 5249 | 8bc6 482b | c548 c1e8 | 0350 6800 
  0x0000023b560003c0: 0000 0068 | f7ff ffff | 41c6 87f1 | 0400 0001 | 488b 4310 | 4885 c074 | 208b 8890 | 0000 0083 
  0x0000023b560003e0: c102 8988 | 9000 0000 | 2388 a400 | 0000 0f84 | 1110 0000 | e986 0100 | 0048 8b43 | 1848 85c0 
  0x0000023b56000400: 0f85 6701 | 0000 e805 | 0000 00e9 | 5001 0000 | 488b d348 | 8d44 2408 | 4c89 6dc0 | 498b cfc5 
  0x0000023b56000420: f877 4989 | af38 0400 | 0049 8987 | 2804 0000 | 4883 ec20 | 40f6 c40f | 0f84 1900 | 0000 4883 
  0x0000023b56000440: ec08 48b8 | 401f a116 | fa7f 0000 | ffd0 4883 | c408 e90c | 0000 0048 | b840 1fa1 | 16fa 7f00 
  0x0000023b56000460: 00ff d048 | 83c4 2049 | c787 2804 | 0000 0000 | 0000 49c7 | 8738 0400 | 0000 0000 | 0049 c787 
  0x0000023b56000480: 3004 0000 | 0000 0000 | c5f8 7741 | 8b8f b405 | 0000 f6c1 | 010f 8442 | 0000 00f6 | c102 0f85 
  0x0000023b560004a0: 3900 0000 | 4883 ec20 | 40f6 c40f | 0f84 1900 | 0000 4883 | ec08 48b8 | d0f0 a016 | fa7f 0000 
  0x0000023b560004c0: ffd0 4883 | c408 e90c | 0000 0048 | b8d0 f0a0 | 16fa 7f00 | 00ff d048 | 83c4 20ff | e049 8b8f 
  0x0000023b560004e0: 7806 0000 | 4885 c90f | 8455 0000 | 008b 899c | 0000 0083 | f901 0f85 | 4600 0000 | 498b 8f78 
  0x0000023b56000500: 0600 008b | 89a0 0000 | 0048 83ec | 2040 f6c4 | 0f0f 8419 | 0000 0048 | 83ec 0848 | b8c0 f0a0 
  0x0000023b56000520: 16fa 7f00 | 00ff d048 | 83c4 08e9 | 0c00 0000 | 48b8 c0f0 | a016 fa7f | 0000 ffd0 | 4883 c420 
  0x0000023b56000540: ffe0 4983 | 7f08 000f | 8405 0000 | 00e9 8e0c | ffff 4c8b | 6dc0 4c8b | 75c8 4e8d | 74f5 00c3 
  0x0000023b56000560: 488b 4318 | 4885 c00f | 8412 0000 | 008b 4808 | 83c1 0289 | 4808 2348 | 2c0f 8486 | 0e00 0049 
  0x0000023b56000580: 3ba7 7005 | 0000 0f87 | 4800 0000 | 8984 2400 | f0ff ff89 | 8424 00e0 | ffff 8984 | 2400 d0ff 
  0x0000023b560005a0: ff89 8424 | 00c0 ffff | 8984 2400 | b0ff ff89 | 8424 00a0 | ffff 8984 | 2400 90ff | ff89 8424 
  0x0000023b560005c0: 0080 ffff | 493b a768 | 0500 0076 | 0749 89a7 | 7005 0000 | 41c6 87f1 | 0400 0000 | 418b 9780 
  0x0000023b560005e0: 0600 0085 | d20f 8457 | 0100 00e8 | 0500 0000 | e94d 0100 | 0048 8d44 | 2408 4c89 | 6dc0 498b 
  0x0000023b56000600: cfc5 f877 | 4989 af38 | 0400 0049 | 8987 2804 | 0000 4883 | ec20 40f6 | c40f 0f84 | 1900 0000 
  0x0000023b56000620: 4883 ec08 | 48b8 7046 | a116 fa7f | 0000 ffd0 | 4883 c408 | e90c 0000 | 0048 b870 | 46a1 16fa 
  0x0000023b56000640: 7f00 00ff | d048 83c4 | 2049 c787 | 2804 0000 | 0000 0000 | 49c7 8738 | 0400 0000 | 0000 0049 
  0x0000023b56000660: c787 3004 | 0000 0000 | 0000 c5f8 | 7741 8b8f | b405 0000 | f6c1 010f | 8442 0000 | 00f6 c102 
  0x0000023b56000680: 0f85 3900 | 0000 4883 | ec20 40f6 | c40f 0f84 | 1900 0000 | 4883 ec08 | 48b8 d0f0 | a016 fa7f 
  0x0000023b560006a0: 0000 ffd0 | 4883 c408 | e90c 0000 | 0048 b8d0 | f0a0 16fa | 7f00 00ff | d048 83c4 | 20ff e049 
  0x0000023b560006c0: 8b8f 7806 | 0000 4885 | c90f 8455 | 0000 008b | 899c 0000 | 0083 f901 | 0f85 4600 | 0000 498b 
  0x0000023b560006e0: 8f78 0600 | 008b 89a0 | 0000 0048 | 83ec 2040 | f6c4 0f0f | 8419 0000 | 0048 83ec | 0848 b8c0 
  0x0000023b56000700: f0a0 16fa | 7f00 00ff | d048 83c4 | 08e9 0c00 | 0000 48b8 | c0f0 a016 | fa7f 0000 | ffd0 4883 
  0x0000023b56000720: c420 ffe0 | 4983 7f08 | 000f 8405 | 0000 00e9 | ac0a ffff | 4c8b 6dc0 | 4c8b 75c8 | 4e8d 74f5 
  0x0000023b56000740: 00c3 488b | 5de8 4c8b | 5b08 450f | b75b 2e41 | c1e3 0349 | 2be3 4883 | ec20 4883 | e4f0 4c8b 
  0x0000023b56000760: 5b60 4d85 | db0f 8562 | 0100 00e8 | 0500 0000 | e950 0100 | 0048 8bd3 | 488d 4424 | 084c 896d 
  0x0000023b56000780: c049 8bcf | c5f8 7749 | 89af 3804 | 0000 4989 | 8728 0400 | 0048 83ec | 2040 f6c4 | 0f0f 8419 
  0x0000023b560007a0: 0000 0048 | 83ec 0848 | b870 48a1 | 16fa 7f00 | 00ff d048 | 83c4 08e9 | 0c00 0000 | 48b8 7048 
  0x0000023b560007c0: a116 fa7f | 0000 ffd0 | 4883 c420 | 49c7 8728 | 0400 0000 | 0000 0049 | c787 3804 | 0000 0000 
  0x0000023b560007e0: 0000 49c7 | 8730 0400 | 0000 0000 | 00c5 f877 | 418b 8fb4 | 0500 00f6 | c101 0f84 | 4200 0000 
  0x0000023b56000800: f6c1 020f | 8539 0000 | 0048 83ec | 2040 f6c4 | 0f0f 8419 | 0000 0048 | 83ec 0848 | b8d0 f0a0 
  0x0000023b56000820: 16fa 7f00 | 00ff d048 | 83c4 08e9 | 0c00 0000 | 48b8 d0f0 | a016 fa7f | 0000 ffd0 | 4883 c420 
  0x0000023b56000840: ffe0 498b | 8f78 0600 | 0048 85c9 | 0f84 5500 | 0000 8b89 | 9c00 0000 | 83f9 010f | 8546 0000 
  0x0000023b56000860: 0049 8b8f | 7806 0000 | 8b89 a000 | 0000 4883 | ec20 40f6 | c40f 0f84 | 1900 0000 | 4883 ec08 
  0x0000023b56000880: 48b8 c0f0 | a016 fa7f | 0000 ffd0 | 4883 c408 | e90c 0000 | 0048 b8c0 | f0a0 16fa | 7f00 00ff 
  0x0000023b560008a0: d048 83c4 | 20ff e049 | 837f 0800 | 0f84 0500 | 0000 e929 | 09ff ff4c | 8b6d c04c | 8b75 c84e 
  0x0000023b560008c0: 8d74 f500 | c348 8b5d | e84c 8b5b | 6041 ffd3 | 488b 5de8 | 4889 4518 | 440f b75b | 2c41 f6c3 
  0x0000023b560008e0: 080f 841b | 0000 004c | 8b5b 084d | 8b5b 084d | 8b5b 184d | 8b5b 704d | 8b1b 4c89 | 5d10 488d 
  0x0000023b56000900: 5510 488b | 4358 49ba | a00f dc16 | fa7f 0000 | 493b c20f | 8562 0100 | 00e8 0500 | 0000 e950 
  0x0000023b56000920: 0100 0048 | 8bd3 488d | 4424 084c | 896d c049 | 8bcf c5f8 | 7749 89af | 3804 0000 | 4989 8728 
  0x0000023b56000940: 0400 0048 | 83ec 2040 | f6c4 0f0f | 8419 0000 | 0048 83ec | 0848 b870 | 48a1 16fa | 7f00 00ff 
  0x0000023b56000960: d048 83c4 | 08e9 0c00 | 0000 48b8 | 7048 a116 | fa7f 0000 | ffd0 4883 | c420 49c7 | 8728 0400 
  0x0000023b56000980: 0000 0000 | 0049 c787 | 3804 0000 | 0000 0000 | 49c7 8730 | 0400 0000 | 0000 00c5 | f877 418b 
  0x0000023b560009a0: 8fb4 0500 | 00f6 c101 | 0f84 4200 | 0000 f6c1 | 020f 8539 | 0000 0048 | 83ec 2040 | f6c4 0f0f 
  0x0000023b560009c0: 8419 0000 | 0048 83ec | 0848 b8d0 | f0a0 16fa | 7f00 00ff | d048 83c4 | 08e9 0c00 | 0000 48b8 
  0x0000023b560009e0: d0f0 a016 | fa7f 0000 | ffd0 4883 | c420 ffe0 | 498b 8f78 | 0600 0048 | 85c9 0f84 | 5500 0000 
  0x0000023b56000a00: 8b89 9c00 | 0000 83f9 | 010f 8546 | 0000 0049 | 8b8f 7806 | 0000 8b89 | a000 0000 | 4883 ec20 
  0x0000023b56000a20: 40f6 c40f | 0f84 1900 | 0000 4883 | ec08 48b8 | c0f0 a016 | fa7f 0000 | ffd0 4883 | c408 e90c 
  0x0000023b56000a40: 0000 0048 | b8c0 f0a0 | 16fa 7f00 | 00ff d048 | 83c4 20ff | e049 837f | 0800 0f84 | 0500 0000 
  0x0000023b56000a60: e97b 07ff | ff4c 8b6d | c04c 8b75 | c84e 8d74 | f500 c348 | 8b5d e848 | 8b43 5849 | 8d8f 4804 
  0x0000023b56000a80: 0000 4c8d | 15d5 0000 | 004d 8997 | 3004 0000 | c5f8 7749 | 89af 3804 | 0000 4989 | a728 0400 
  0x0000023b56000aa0: 0041 c787 | d404 0000 | 0400 0000 | 493b a7c8 | 0500 0076 | 0749 89a7 | c805 0000 | ffd0 493b 
  0x0000023b56000ac0: a7c8 0500 | 0072 0b49 | c787 c805 | 0000 0000 | 0000 c5f8 | 7748 83ec | 10c5 fb11 | 0424 4883 
  0x0000023b56000ae0: ec10 4889 | 0424 48c7 | 4424 0800 | 0000 0041 | c787 d404 | 0000 0500 | 0000 f083 | 4424 c000 
  0x0000023b56000b00: 493b 6f28 | 0f87 0e00 | 0000 4183 | bfd0 0400 | 0000 0f84 | 2000 0000 | 498b cf4c | 8be4 4883 
  0x0000023b56000b20: ec20 4883 | e4f0 48b8 | a0ac a216 | fa7f 0000 | ffd0 498b | e44d 33e4 | 41c7 87d4 | 0400 0008 
  0x0000023b56000b40: 0000 004d | 8b97 f005 | 0000 4983 | fa00 7435 | 49c7 87f0 | 0500 0000 | 0000 0041 | ffe2 49ba 
  0x0000023b56000b60: 00ed ff55 | 3b02 0000 | 41ff d248 | 83ec 10c5 | fb11 0424 | 4883 ec10 | 4889 0424 | 48c7 4424 
  0x0000023b56000b80: 0800 0000 | 0049 c787 | 2804 0000 | 0000 0000 | 49c7 8738 | 0400 0000 | 0000 0049 | c787 3004 
  0x0000023b56000ba0: 0000 0000 | 0000 c5f8 | 774d 8b9f | b804 0000 | 41c7 8300 | 0100 0000 | 0000 0049 | bb5a caff 
  0x0000023b56000bc0: 553b 0200 | 004c 3b5d | 180f 8555 | 0100 0048 | 8b04 2448 | 83c4 1048 | 85c0 0f84 | 2f01 0000 
  0x0000023b56000be0: a803 0f85 | 0800 0000 | 488b 00e9 | 1f01 0000 | a801 0f85 | 0900 0000 | 488b 40fe | e90e 0100 
  0x0000023b56000c00: 0048 8b40 | ff41 807f | 4800 0f84 | ff00 0000 | 4883 f800 | 0f84 f500 | 0000 4d8b | 5f38 4d85 
  0x0000023b56000c20: db0f 8414 | 0000 0049 | 83eb 084d | 895f 384d | 035f 4049 | 8903 e9d4 | 0000 0048 | 83ec 7048 
  0x0000023b56000c40: 8904 2448 | 894c 2408 | 4889 5424 | 104c 8944 | 2418 4c89 | 4c24 204c | 8954 2428 | 4c89 5c24 
  0x0000023b56000c60: 30c5 fb11 | 4424 40c5 | fb11 4c24 | 48c5 fb11 | 5424 50c5 | fb11 5c24 | 58c5 fb11 | 6424 60c5 
  0x0000023b56000c80: fb11 6c24 | 6849 8bd7 | 488b c848 | 83ec 2040 | f6c4 0f0f | 8419 0000 | 0048 83ec | 0848 b820 
  0x0000023b56000ca0: 7695 16fa | 7f00 00ff | d048 83c4 | 08e9 0c00 | 0000 48b8 | 2076 9516 | fa7f 0000 | ffd0 4883 
  0x0000023b56000cc0: c420 c5fb | 106c 2468 | c5fb 1064 | 2460 c5fb | 105c 2458 | c5fb 1054 | 2450 c5fb | 104c 2448 
  0x0000023b56000ce0: c5fb 1044 | 2440 4c8b | 5c24 304c | 8b54 2428 | 4c8b 4c24 | 204c 8b44 | 2418 488b | 5424 1048 
  0x0000023b56000d00: 8b4c 2408 | 488b 0424 | 4883 c470 | c5f8 7748 | 8945 1048 | 83ec 1048 | 8904 2448 | c744 2408 
  0x0000023b56000d20: 0000 0000 | 4183 bf50 | 0500 0002 | 0f85 bf00 | 0000 4881 | ec80 0000 | 0048 8944 | 2478 4889 
  0x0000023b56000d40: 4c24 7048 | 8954 2468 | 4889 5c24 | 6048 896c | 2450 4889 | 7424 4848 | 897c 2440 | 4c89 4424 
  0x0000023b56000d60: 384c 894c | 2430 4c89 | 5424 284c | 895c 2420 | 4c89 6424 | 184c 896c | 2410 4c89 | 7424 084c 
  0x0000023b56000d80: 893c 244c | 8be4 4883 | ec20 4883 | e4f0 48b8 | 10f7 db16 | fa7f 0000 | ffd0 498b | e44c 8b3c 
  0x0000023b56000da0: 244c 8b74 | 2408 4c8b | 6c24 104c | 8b64 2418 | 4c8b 5c24 | 204c 8b54 | 2428 4c8b | 4c24 304c 
  0x0000023b56000dc0: 8b44 2438 | 488b 7c24 | 4048 8b74 | 2448 488b | 6c24 5048 | 8b5c 2460 | 488b 5424 | 6848 8b4c 
  0x0000023b56000de0: 2470 488b | 4424 7848 | 81c4 8000 | 0000 4d33 | e448 8b5d | e84c 8b6b | 084d 8d6d | 3849 837f 
  0x0000023b56000e00: 0800 0f84 | 7201 0000 | e805 0000 | 00e9 4d01 | 0000 488d | 4424 084c | 896d c049 | 8bcf c5f8 
  0x0000023b56000e20: 7749 89af | 3804 0000 | 4989 8728 | 0400 0048 | 83ec 2040 | f6c4 0f0f | 8419 0000 | 0048 83ec 
  0x0000023b56000e40: 0848 b8b0 | 66a1 16fa | 7f00 00ff | d048 83c4 | 08e9 0c00 | 0000 48b8 | b066 a116 | fa7f 0000 
  0x0000023b56000e60: ffd0 4883 | c420 49c7 | 8728 0400 | 0000 0000 | 0049 c787 | 3804 0000 | 0000 0000 | 49c7 8730 
  0x0000023b56000e80: 0400 0000 | 0000 00c5 | f877 418b | 8fb4 0500 | 00f6 c101 | 0f84 4200 | 0000 f6c1 | 020f 8539 
  0x0000023b56000ea0: 0000 0048 | 83ec 2040 | f6c4 0f0f | 8419 0000 | 0048 83ec | 0848 b8d0 | f0a0 16fa | 7f00 00ff 
  0x0000023b56000ec0: d048 83c4 | 08e9 0c00 | 0000 48b8 | d0f0 a016 | fa7f 0000 | ffd0 4883 | c420 ffe0 | 498b 8f78 
  0x0000023b56000ee0: 0600 0048 | 85c9 0f84 | 5500 0000 | 8b89 9c00 | 0000 83f9 | 010f 8546 | 0000 0049 | 8b8f 7806 
  0x0000023b56000f00: 0000 8b89 | a000 0000 | 4883 ec20 | 40f6 c40f | 0f84 1900 | 0000 4883 | ec08 48b8 | c0f0 a016 
  0x0000023b56000f20: fa7f 0000 | ffd0 4883 | c408 e90c | 0000 0048 | b8c0 f0a0 | 16fa 7f00 | 00ff d048 | 83c4 20ff 
  0x0000023b56000f40: e049 837f | 0800 0f84 | 0500 0000 | e98f 02ff | ff4c 8b6d | c04c 8b75 | c84e 8d74 | f500 c348 
  0x0000023b56000f60: b948 0805 | 17fa 7f00 | 0048 83e4 | f048 b800 | 8dc8 16fa | 7f00 00ff | d0f4 440f | b75b 2c41 
  0x0000023b56000f80: f6c3 200f | 8429 0200 | 0048 8d55 | a84c 8b5a | 084d 85db | 0f85 7201 | 0000 e805 | 0000 00e9 
  0x0000023b56000fa0: 4d01 0000 | 488d 4424 | 084c 896d | c049 8bcf | c5f8 7749 | 89af 3804 | 0000 4989 | 8728 0400 
  0x0000023b56000fc0: 0048 83ec | 2040 f6c4 | 0f0f 8419 | 0000 0048 | 83ec 0848 | b8e0 65a1 | 16fa 7f00 | 00ff d048 
  0x0000023b56000fe0: 83c4 08e9 | 0c00 0000 | 48b8 e065 | a116 fa7f | 0000 ffd0 | 4883 c420 | 49c7 8728 | 0400 0000 
  0x0000023b56001000: 0000 0049 | c787 3804 | 0000 0000 | 0000 49c7 | 8730 0400 | 0000 0000 | 00c5 f877 | 418b 8fb4 
  0x0000023b56001020: 0500 00f6 | c101 0f84 | 4200 0000 | f6c1 020f | 8539 0000 | 0048 83ec | 2040 f6c4 | 0f0f 8419 
  0x0000023b56001040: 0000 0048 | 83ec 0848 | b8d0 f0a0 | 16fa 7f00 | 00ff d048 | 83c4 08e9 | 0c00 0000 | 48b8 d0f0 
  0x0000023b56001060: a016 fa7f | 0000 ffd0 | 4883 c420 | ffe0 498b | 8f78 0600 | 0048 85c9 | 0f84 5500 | 0000 8b89 
  0x0000023b56001080: 9c00 0000 | 83f9 010f | 8546 0000 | 0049 8b8f | 7806 0000 | 8b89 a000 | 0000 4883 | ec20 40f6 
  0x0000023b560010a0: c40f 0f84 | 1900 0000 | 4883 ec08 | 48b8 c0f0 | a016 fa7f | 0000 ffd0 | 4883 c408 | e90c 0000 
  0x0000023b560010c0: 0048 b8c0 | f0a0 16fa | 7f00 00ff | d048 83c4 | 20ff e049 | 837f 0800 | 0f84 0500 | 0000 e9fd 
  0x0000023b560010e0: 00ff ff4c | 8b6d c04c | 8b75 c84e | 8d74 f500 | c348 b948 | 0805 17fa | 7f00 0048 | 83e4 f048 
  0x0000023b56001100: b800 8dc8 | 16fa 7f00 | 00ff d0f4 | 4c89 6dc0 | 4c8b 4a08 | 48c7 4208 | 0000 0000 | 458b 87d8 
  0x0000023b56001120: 0600 004f | 3b4c 07f8 | 0f85 4200 | 0000 4183 | afd8 0600 | 0008 4f3b | 4c07 f00f | 842a 0000 
  0x0000023b56001140: 0049 8b01 | a802 0f85 | 1200 0000 | 4c8b c049 | 83c8 01f0 | 4d0f b101 | 0f84 0d00 | 0000 4183 
  0x0000023b56001160: 87d8 0600 | 0008 e905 | 0000 00e9 | 3e00 0000 | 4c89 4a08 | 488b ca48 | 83ec 2040 | f6c4 0f0f 
  0x0000023b56001180: 8419 0000 | 0048 83ec | 0848 b830 | 38a1 16fa | 7f00 00ff | d048 83c4 | 08e9 0c00 | 0000 48b8 
  0x0000023b560011a0: 3038 a116 | fa7f 0000 | ffd0 4883 | c420 4c8b | 6dc0 41c6 | 8796 0300 | 0001 493b | 6f28 0f87 
  0x0000023b560011c0: 0500 0000 | e9ab 0000 | 0048 83ec | 10c5 fb11 | 0424 4883 | ec10 4889 | 0424 48c7 | 4424 0800 
  0x0000023b560011e0: 0000 00c5 | f877 4989 | af38 0400 | 0049 bae3 | 1100 563b | 0200 004d | 8997 3004 | 0000 4989 
  0x0000023b56001200: a728 0400 | 0049 8bcf | 4883 ec20 | 40f6 c40f | 0f84 1900 | 0000 4883 | ec08 48b8 | d01e a116 
  0x0000023b56001220: fa7f 0000 | ffd0 4883 | c408 e90c | 0000 0048 | b8d0 1ea1 | 16fa 7f00 | 00ff d048 | 83c4 2049 
  0x0000023b56001240: c787 2804 | 0000 0000 | 0000 49c7 | 8738 0400 | 0000 0000 | 0049 c787 | 3004 0000 | 0000 0000 
  0x0000023b56001260: c5f8 7748 | 8b04 2448 | 83c4 10c5 | fb10 0424 | 4883 c410 | 418b 9780 | 0600 0085 | d20f 8457 
  0x0000023b56001280: 0100 00e8 | 0500 0000 | e94d 0100 | 0048 8d44 | 2408 4c89 | 6dc0 498b | cfc5 f877 | 4989 af38 
  0x0000023b560012a0: 0400 0049 | 8987 2804 | 0000 4883 | ec20 40f6 | c40f 0f84 | 1900 0000 | 4883 ec08 | 48b8 a047 
  0x0000023b560012c0: a116 fa7f | 0000 ffd0 | 4883 c408 | e90c 0000 | 0048 b8a0 | 47a1 16fa | 7f00 00ff | d048 83c4 
  0x0000023b560012e0: 2049 c787 | 2804 0000 | 0000 0000 | 49c7 8738 | 0400 0000 | 0000 0049 | c787 3004 | 0000 0000 
  0x0000023b56001300: 0000 c5f8 | 7741 8b8f | b405 0000 | f6c1 010f | 8442 0000 | 00f6 c102 | 0f85 3900 | 0000 4883 
  0x0000023b56001320: ec20 40f6 | c40f 0f84 | 1900 0000 | 4883 ec08 | 48b8 d0f0 | a016 fa7f | 0000 ffd0 | 4883 c408 
  0x0000023b56001340: e90c 0000 | 0048 b8d0 | f0a0 16fa | 7f00 00ff | d048 83c4 | 20ff e049 | 8b8f 7806 | 0000 4885 
  0x0000023b56001360: c90f 8455 | 0000 008b | 899c 0000 | 0083 f901 | 0f85 4600 | 0000 498b | 8f78 0600 | 008b 89a0 
  0x0000023b56001380: 0000 0048 | 83ec 2040 | f6c4 0f0f | 8419 0000 | 0048 83ec | 0848 b8c0 | f0a0 16fa | 7f00 00ff 
  0x0000023b560013a0: d048 83c4 | 08e9 0c00 | 0000 48b8 | c0f0 a016 | fa7f 0000 | ffd0 4883 | c420 ffe0 | 4983 7f08 
  0x0000023b560013c0: 000f 8405 | 0000 00e9 | 14fe feff | 4c8b 6dc0 | 4c8b 75c8 | 4e8d 74f5 | 00c3 488b | 0424 4883 
  0x0000023b560013e0: c410 c5fb | 1004 2448 | 83c4 104c | 8b5d 1841 | ffd3 4c8b | 5df8 c941 | c687 9603 | 0000 005f 
  0x0000023b56001400: 498b e3ff | e7ba 0000 | 0000 e805 | 0000 00e9 | 4d01 0000 | 488d 4424 | 084c 896d | c049 8bcf 
  0x0000023b56001420: c5f8 7749 | 89af 3804 | 0000 4989 | 8728 0400 | 0048 83ec | 2040 f6c4 | 0f0f 8419 | 0000 0048 
  0x0000023b56001440: 83ec 0848 | b820 2ea1 | 16fa 7f00 | 00ff d048 | 83c4 08e9 | 0c00 0000 | 48b8 202e | a116 fa7f 
  0x0000023b56001460: 0000 ffd0 | 4883 c420 | 49c7 8728 | 0400 0000 | 0000 0049 | c787 3804 | 0000 0000 | 0000 49c7 
  0x0000023b56001480: 8730 0400 | 0000 0000 | 00c5 f877 | 418b 8fb4 | 0500 00f6 | c101 0f84 | 4200 0000 | f6c1 020f 
  0x0000023b560014a0: 8539 0000 | 0048 83ec | 2040 f6c4 | 0f0f 8419 | 0000 0048 | 83ec 0848 | b8d0 f0a0 | 16fa 7f00 
  0x0000023b560014c0: 00ff d048 | 83c4 08e9 | 0c00 0000 | 48b8 d0f0 | a016 fa7f | 0000 ffd0 | 4883 c420 | ffe0 498b 
  0x0000023b560014e0: 8f78 0600 | 0048 85c9 | 0f84 5500 | 0000 8b89 | 9c00 0000 | 83f9 010f | 8546 0000 | 0049 8b8f 
  0x0000023b56001500: 7806 0000 | 8b89 a000 | 0000 4883 | ec20 40f6 | c40f 0f84 | 1900 0000 | 4883 ec08 | 48b8 c0f0 
  0x0000023b56001520: a016 fa7f | 0000 ffd0 | 4883 c408 | e90c 0000 | 0048 b8c0 | f0a0 16fa | 7f00 00ff | d048 83c4 
  0x0000023b56001540: 20ff e049 | 837f 0800 | 0f84 0500 | 0000 e98d | fcfe ff4c | 8b6d c04c | 8b75 c84e | 8d74 f500 
  0x0000023b56001560: c348 8b5d | e8e9 15f0 | ffff 660f | 1f44 0000 
[/MachCode]

Compiled method (c1) 35609 1756       3       Rendering.ImGui.ImGuiEditor::render (89 bytes)
 total in heap  [0x0000023b4ece4508,0x0000023b4ece7088] = 11136
 constants      [0x0000023b4ece4600,0x0000023b4ece4620] = 32
 main code      [0x0000023b4ece4620,0x0000023b4ece6ea8] = 10376
 stub code      [0x0000023b4ece6ea8,0x0000023b4ece7000] = 344
 oops           [0x0000023b4ece7000,0x0000023b4ece7088] = 136
 mutable data [0x0000023b6baad340,0x0000023b6baad878] = 1336
 relocation     [0x0000023b6baad340,0x0000023b6baad740] = 1024
 metadata       [0x0000023b6baad740,0x0000023b6baad878] = 312
 immutable data [0x0000023b6bb90d30,0x0000023b6bb91b08] = 3544
 dependencies   [0x0000023b6bb90d30,0x0000023b6bb90d80] = 80
 nul chk table  [0x0000023b6bb90d80,0x0000023b6bb90de0] = 96
 scopes pcs     [0x0000023b6bb90de0,0x0000023b6bb91400] = 1568
 scopes data    [0x0000023b6bb91400,0x0000023b6bb91b08] = 1800


[Constant Pool]
             Address          hex4                    hex8      
  0x0000023b4ece4600:   0x3f800000      0xf4f4f4f43f800000      
  0x0000023b4ece4604:   0xf4f4f4f4                              
  0x0000023b4ece4608:   0xf4f4f4f4      0xf4f4f4f4f4f4f4f4      
  0x0000023b4ece460c:   0xf4f4f4f4                              
  0x0000023b4ece4610:   0xf4f4f4f4      0xf4f4f4f4f4f4f4f4      
  0x0000023b4ece4614:   0xf4f4f4f4                              
  0x0000023b4ece4618:   0xf4f4f4f4      0xf4f4f4f4f4f4f4f4      
  0x0000023b4ece461c:   0xf4f4f4f4                              

[MachCode]
[Instructions begin]
  0x0000023b4ece4620: ;   {other}
  0x0000023b4ece4620: 660f 1f84 | 0000 0000 | 0066 0f1f | 8400 0000 | 0000 448b | 5208 443b 

  0x0000023b4ece4638: ;   {runtime_call Shared Runtime ic_miss_blob}
  0x0000023b4ece4638: 5008 0f85 | a0a4 3507 
[Verified Entry Point]
  0x0000023b4ece4640: 8984 2400 | 80ff ff55 | 4881 ecc0 | 0100 0090 | 4181 7f20 | 0100 0000 

  0x0000023b4ece4658: ;   {runtime_call Stub::method_entry_barrier}
  0x0000023b4ece4658: 7405 e8e1 | fb33 0748 | 8994 2420 

  0x0000023b4ece4664: ;   {metadata(method data for {method} {0x0000023b6643dcb0} 'render' '()V' in 'Rendering/ImGui/ImGuiEditor')}
  0x0000023b4ece4664: 0100 0048 | be68 17c0 | 663b 0200 | 008b be90 | 0000 0083 | c702 89be | 9000 0000 | 81e7 fe07 
  0x0000023b4ece4684: 0000 85ff | 0f84 de20 | 0000 8b72 | 1848 c1e6 | 0348 3b06 

  0x0000023b4ece4698: ;   {metadata(method data for {method} {0x0000023b6643dcb0} 'render' '()V' in 'Rendering/ImGui/ImGuiEditor')}
  0x0000023b4ece4698: 488b fe48 | bb68 17c0 | 663b 0200 | 0048 8383 | e800 0000 | 0148 8bd6 | 0f1f 8000 

  0x0000023b4ece46b4: ;   {optimized virtual_call}
  0x0000023b4ece46b4: 0000 00e8 

  0x0000023b4ece46b8: ; ImmutableOopMap {[288]=Oop }
                      ;*invokevirtual render {reexecute=0 rethrow=0 return_oop=0}
                      ; - Rendering.ImGui.ImGuiEditor::render@4 (line 19)
  0x0000023b4ece46b8: 642b 0000 

  0x0000023b4ece46bc: ;   {post_call_nop}
  0x0000023b4ece46bc: 0f1f 8400 | b401 0000 

  0x0000023b4ece46c4: ;   {metadata(method data for {method} {0x0000023b6643dcb0} 'render' '()V' in 'Rendering/ImGui/ImGuiEditor')}
  0x0000023b4ece46c4: 48ba 6817 | c066 3b02 | 0000 4883 | 8208 0100 

  0x0000023b4ece46d4: ;   {metadata(method data for {method} {0x0000023b668473c0} 'begin' '(Ljava/lang/String;I)Z' in 'imgui/ImGui')}
  0x0000023b4ece46d4: 0001 48ba | 709b c066 | 3b02 0000 | 448b 8290 | 0000 0041 | 83c0 0244 | 8982 9000 | 0000 4181 
  0x0000023b4ece46f4: e0fe ff1f | 0045 85c0 | 0f84 9020 

  0x0000023b4ece4700: ;   {metadata(method data for {method} {0x0000023b668473c0} 'begin' '(Ljava/lang/String;I)Z' in 'imgui/ImGui')}
  0x0000023b4ece4700: 0000 48ba | 709b c066 | 3b02 0000 | 4883 82d8 | 0000 0001 

  0x0000023b4ece4714: ;   {oop("Editor Þ"{0x000000070f31dc18})}
  0x0000023b4ece4714: 48ba 18dc | 310f 0700 | 0000 41b8 | 4000 0000 

  0x0000023b4ece4724: ;   {static_call}
  0x0000023b4ece4724: 6666 90e8 

  0x0000023b4ece4728: ; ImmutableOopMap {[288]=Oop }
                      ;*invokestatic nBegin {reexecute=0 rethrow=0 return_oop=0}
                      ; - imgui.ImGui::begin@2 (line 581)
                      ; - Rendering.ImGui.ImGuiEditor::render@11 (line 21)
  0x0000023b4ece4728: e4ee 8f07 

  0x0000023b4ece472c: ;   {post_call_nop}
  0x0000023b4ece472c: 0f1f 8400 | 2402 0001 | 83e0 0185 

  0x0000023b4ece4738: ;   {metadata(method data for {method} {0x0000023b6643dcb0} 'render' '()V' in 'Rendering/ImGui/ImGuiEditor')}
  0x0000023b4ece4738: c048 ba68 | 17c0 663b | 0200 00be | 1801 0000 | 7405 be28 | 0100 0048 | 8b3c 3248 | 8d7f 0148 
  0x0000023b4ece4758: 893c 320f | 84a3 1d00 

  0x0000023b4ece4760: ;   {metadata(method data for {method} {0x0000023b6643dcb0} 'render' '()V' in 'Rendering/ImGui/ImGuiEditor')}
  0x0000023b4ece4760: 0048 ba68 | 17c0 663b | 0200 0048 | 8382 3801 

  0x0000023b4ece4770: ;   {metadata(method data for {method} {0x0000000094194230} 'getProperty' '(Ljava/lang/String;)Ljava/lang/String;' in 'java/lang/System')}
  0x0000023b4ece4770: 0000 0148 | ba58 d0bc | 663b 0200 | 008b b290 | 0000 0083 | c602 89b2 | 9000 0000 | 81e6 feff 
  0x0000023b4ece4790: 1f00 85f6 | 0f84 1920 

  0x0000023b4ece4798: ;   {metadata(method data for {method} {0x0000000094194230} 'getProperty' '(Ljava/lang/String;)Ljava/lang/String;' in 'java/lang/System')}
  0x0000023b4ece4798: 0000 48ba | 58d0 bc66 | 3b02 0000 | 4883 82d8 | 0000 0001 

  0x0000023b4ece47ac: ;   {oop("os.name"{0x00000007ffe3e528})}
  0x0000023b4ece47ac: 48be 28e5 | e3ff 0700 | 0000 488b | d648 89b4 | 2428 0100 | 0066 0f1f 

  0x0000023b4ece47c4: ;   {static_call}
  0x0000023b4ece47c4: 4400 00e8 

  0x0000023b4ece47c8: ; ImmutableOopMap {[288]=Oop [296]=Oop }
                      ;*invokestatic checkKey {reexecute=0 rethrow=0 return_oop=0}
                      ; - java.lang.System::getProperty@1 (line 742)
                      ; - Rendering.ImGui.ImGuiEditor::render@19 (line 22)
  0x0000023b4ece47c8: b410 e1ff 

  0x0000023b4ece47cc: ;   {post_call_nop}
  0x0000023b4ece47cc: 0f1f 8400 | c402 0002 

  0x0000023b4ece47d4: ;   {oop(a 'java/lang/Class'{0x00000007ffe7e828} = 'java/lang/System')}
  0x0000023b4ece47d4: 48be 28e8 | e7ff 0700 | 0000 8b96 | 9400 0000 | 48c1 e203 

  0x0000023b4ece47e8: ; implicit exception: dispatches to 0x0000023b4ece67d4
  0x0000023b4ece47e8: 483b 024c 

  0x0000023b4ece47ec: ;   {metadata(method data for {method} {0x0000000094194230} 'getProperty' '(Ljava/lang/String;)Ljava/lang/String;' in 'java/lang/System')}
  0x0000023b4ece47ec: 8bc2 48bf | 58d0 bc66 | 3b02 0000 | 458b 4008 | 41ba 0000 | 0094 4d03 | c24c 3b87 | f000 0000 
  0x0000023b4ece480c: 750d 4883 | 87f8 0000 | 0001 e960 | 0000 004c | 3b87 0001 | 0000 750d | 4883 8708 | 0100 0001 
  0x0000023b4ece482c: e94a 0000 | 0048 83bf | f000 0000 | 0075 174c | 8987 f000 | 0000 48c7 | 87f8 0000 | 0001 0000 
  0x0000023b4ece484c: 00e9 2900 | 0000 4883 | bf00 0100 | 0000 7517 | 4c89 8700 | 0100 0048 | c787 0801 | 0000 0100 
  0x0000023b4ece486c: 0000 e908 | 0000 0048 | 8387 e800 | 0000 014c | 8b84 2428 | 0100 0048 | 89b4 2430 | 0100 0066 
  0x0000023b4ece488c: 9048 b8e0 | 22aa 6b3b 

  0x0000023b4ece4894: ;   {virtual_call}
  0x0000023b4ece4894: 0200 00e8 

  0x0000023b4ece4898: ; ImmutableOopMap {[288]=Oop [304]=Oop }
                      ;*invokevirtual getProperty {reexecute=0 rethrow=0 return_oop=0}
                      ; - java.lang.System::getProperty@8 (line 743)
                      ; - Rendering.ImGui.ImGuiEditor::render@19 (line 22)
  0x0000023b4ece4898: f618 ebff 

  0x0000023b4ece489c: ;   {post_call_nop}
  0x0000023b4ece489c: 0f1f 8400 | 9403 0003 | 4889 8424 | 4001 0000 

  0x0000023b4ece48ac: ;   {metadata(method data for {method} {0x0000023b6643dcb0} 'render' '()V' in 'Rendering/ImGui/ImGuiEditor')}
  0x0000023b4ece48ac: 48ba 6817 | c066 3b02 | 0000 4883 | 8248 0100 

  0x0000023b4ece48bc: ;   {metadata(method data for {method} {0x0000000094194230} 'getProperty' '(Ljava/lang/String;)Ljava/lang/String;' in 'java/lang/System')}
  0x0000023b4ece48bc: 0001 48ba | 58d0 bc66 | 3b02 0000 | 8bb2 9000 | 0000 83c6 | 0289 b290 | 0000 0081 | e6fe ff1f 
  0x0000023b4ece48dc: 0085 f60f | 84f4 1e00 

  0x0000023b4ece48e4: ;   {metadata(method data for {method} {0x0000000094194230} 'getProperty' '(Ljava/lang/String;)Ljava/lang/String;' in 'java/lang/System')}
  0x0000023b4ece48e4: 0048 ba58 | d0bc 663b | 0200 0048 | 8382 d800 

  0x0000023b4ece48f4: ;   {oop("os.arch"{0x00000007ffe67568})}
  0x0000023b4ece48f4: 0000 0148 | be68 75e6 | ff07 0000 | 0048 8bd6 | 4889 b424 | 3801 0000 

  0x0000023b4ece490c: ;   {static_call}
  0x0000023b4ece490c: 6666 90e8 

  0x0000023b4ece4910: ; ImmutableOopMap {[288]=Oop [304]=Oop [312]=Oop [320]=Oop }
                      ;*invokestatic checkKey {reexecute=0 rethrow=0 return_oop=0}
                      ; - java.lang.System::getProperty@1 (line 742)
                      ; - Rendering.ImGui.ImGuiEditor::render@24 (line 22)
  0x0000023b4ece4910: 6c0f e1ff 

  0x0000023b4ece4914: ;   {post_call_nop}
  0x0000023b4ece4914: 0f1f 8400 | 0c04 0004 | 488b b424 | 3001 0000 | 8b96 9400 | 0000 48c1 | e203 483b | 024c 8bc2 
  0x0000023b4ece4934: ;   {metadata(method data for {method} {0x0000000094194230} 'getProperty' '(Ljava/lang/String;)Ljava/lang/String;' in 'java/lang/System')}
  0x0000023b4ece4934: 48be 58d0 | bc66 3b02 | 0000 458b | 4008 41ba | 0000 0094 | 4d03 c24c | 3b86 f000 | 0000 750d 
  0x0000023b4ece4954: 4883 86f8 | 0000 0001 | e960 0000 | 004c 3b86 | 0001 0000 | 750d 4883 | 8608 0100 | 0001 e94a 
  0x0000023b4ece4974: 0000 0048 | 83be f000 | 0000 0075 | 174c 8986 | f000 0000 | 48c7 86f8 | 0000 0001 | 0000 00e9 
  0x0000023b4ece4994: 2900 0000 | 4883 be00 | 0100 0000 | 7517 4c89 | 8600 0100 | 0048 c786 | 0801 0000 | 0100 0000 
  0x0000023b4ece49b4: e908 0000 | 0048 8386 | e800 0000 | 014c 8b84 | 2438 0100 | 000f 1f40 | 0048 b808 | 23aa 6b3b 
  0x0000023b4ece49d4: ;   {virtual_call}
  0x0000023b4ece49d4: 0200 00e8 

  0x0000023b4ece49d8: ; ImmutableOopMap {[288]=Oop [320]=Oop }
                      ;*invokevirtual getProperty {reexecute=0 rethrow=0 return_oop=0}
                      ; - java.lang.System::getProperty@8 (line 743)
                      ; - Rendering.ImGui.ImGuiEditor::render@24 (line 22)
  0x0000023b4ece49d8: b617 ebff 

  0x0000023b4ece49dc: ;   {post_call_nop}
  0x0000023b4ece49dc: 0f1f 8400 | d404 0005 | 4889 8424 | 6001 0000 

  0x0000023b4ece49ec: ;   {metadata(method data for {method} {0x0000023b6643dcb0} 'render' '()V' in 'Rendering/ImGui/ImGuiEditor')}
  0x0000023b4ece49ec: 48ba 6817 | c066 3b02 | 0000 488d | 9268 0100 | 0048 8bb4 | 2440 0100 | 0048 85f6 | 750c f642 
  0x0000023b4ece4a0c: 0801 7506 | f048 834a | 0801 4885 | c075 0cf6 | 4218 0175 | 06f0 4883 

  0x0000023b4ece4a24: ;   {metadata(method data for {method} {0x0000000094212e98} 'linkToTargetMethod' '(Ljava/lang/Object;Ljava/lang/Object;Ljava/lang/Object;)Ljava/lang/Object;' in 'java/lang/invoke/Invokers$Holder')}
  0x0000023b4ece4a24: 4a18 0148 | baa0 44bd | 663b 0200 | 0048 8d92 | d001 0000 | 4885 f675 | 0af6 0201 | 7505 f048 
  0x0000023b4ece4a44: 830a 0148 | 85c0 750c | f642 1001 | 7506 f048 | 834a 1001 

  0x0000023b4ece4a58: ;   {metadata(method data for {method} {0x0000023b6643dcb0} 'render' '()V' in 'Rendering/ImGui/ImGuiEditor')}
  0x0000023b4ece4a58: 48ba 6817 | c066 3b02 | 0000 4883 | 8258 0100 

  0x0000023b4ece4a68: ;   {metadata(method data for {method} {0x0000000094212e98} 'linkToTargetMethod' '(Ljava/lang/Object;Ljava/lang/Object;Ljava/lang/Object;)Ljava/lang/Object;' in 'java/lang/invoke/Invokers$Holder')}
  0x0000023b4ece4a68: 0001 48ba | a044 bd66 | 3b02 0000 | 8bba 9000 | 0000 83c7 | 0289 ba90 | 0000 0081 | e7fe ff1f 
  0x0000023b4ece4a88: 0085 ff0f | 846e 1d00 

  0x0000023b4ece4a90: ;   {metadata(method data for {method} {0x0000000094212e98} 'linkToTargetMethod' '(Ljava/lang/Object;Ljava/lang/Object;Ljava/lang/Object;)Ljava/lang/Object;' in 'java/lang/invoke/Invokers$Holder')}
  0x0000023b4ece4a90: 0048 baa0 | 44bd 663b | 0200 0048 | 8d92 3801 | 0000 4885 | f675 0cf6 | 4208 0175 | 06f0 4883 
  0x0000023b4ece4ab0: ;   {metadata(method data for {method} {0x0000023b6649ee90} 'invoke' '(Ljava/lang/Object;Ljava/lang/Object;Ljava/lang/Object;)Ljava/lang/Object;' in 'java/lang/invoke/LambdaForm$MH+0x0000000095081400')}
  0x0000023b4ece4ab0: 4a08 0148 | ba10 f149 | 663b 0200 | 0048 8d92 | 0002 0000 | 4885 f675 | 0cf6 4210 | 0175 06f0 
  0x0000023b4ece4ad0: 4883 4a10 

  0x0000023b4ece4ad4: ;   {metadata(method data for {method} {0x0000000094212e98} 'linkToTargetMethod' '(Ljava/lang/Object;Ljava/lang/Object;Ljava/lang/Object;)Ljava/lang/Object;' in 'java/lang/invoke/Invokers$Holder')}
  0x0000023b4ece4ad4: 0148 baa0 | 44bd 663b | 0200 0048 | 8382 0801 

  0x0000023b4ece4ae4: ;   {metadata(method data for {method} {0x0000023b6649ee90} 'invoke' '(Ljava/lang/Object;Ljava/lang/Object;Ljava/lang/Object;)Ljava/lang/Object;' in 'java/lang/invoke/LambdaForm$MH+0x0000000095081400')}
  0x0000023b4ece4ae4: 0000 0148 | ba10 f149 | 663b 0200 | 008b ba90 | 0000 0083 | c702 89ba | 9000 0000 | 81e7 feff 
  0x0000023b4ece4b04: 1f00 85ff | 0f84 121d 

  0x0000023b4ece4b0c: ;   {metadata(method data for {method} {0x0000023b6649ee90} 'invoke' '(Ljava/lang/Object;Ljava/lang/Object;Ljava/lang/Object;)Ljava/lang/Object;' in 'java/lang/invoke/LambdaForm$MH+0x0000000095081400')}
  0x0000023b4ece4b0c: 0000 48ba | 10f1 4966 | 3b02 0000 | 4883 8238 | 0100 0001 

  0x0000023b4ece4b20: ;   {metadata(method data for {method} {0x0000000094215400} 'invokeSpecial' '(Ljava/lang/Object;Ljava/lang/Object;Ljava/lang/Object;Ljava/lang/Object;)Ljava/lang/Object;' in 'java/lang/invoke/DirectMethodHandle$Holder')}
  0x0000023b4ece4b20: 48ba 604a | bd66 3b02 | 0000 8bba | 9000 0000 | 83c7 0289 | ba90 0000 | 0081 e7fe | ff1f 0085 
  0x0000023b4ece4b40: ff0f 84fa 

  0x0000023b4ece4b44: ;   {metadata(method data for {method} {0x0000000094215400} 'invokeSpecial' '(Ljava/lang/Object;Ljava/lang/Object;Ljava/lang/Object;Ljava/lang/Object;)Ljava/lang/Object;' in 'java/lang/invoke/DirectMethodHandle$Holder')}
  0x0000023b4ece4b44: 1c00 0048 | ba60 4abd | 663b 0200 | 0048 8382 | d800 0000 

  0x0000023b4ece4b58: ;   {metadata(method data for {method} {0x0000000094206588} 'internalMemberName' '(Ljava/lang/Object;)Ljava/lang/Object;' in 'java/lang/invoke/DirectMethodHandle')}
  0x0000023b4ece4b58: 0148 ba58 | 16bd 663b | 0200 008b | ba90 0000 | 0083 c702 | 89ba 9000 | 0000 81e7 | feff 1f00 
  0x0000023b4ece4b78: 85ff 0f84 | e21c 0000 

  0x0000023b4ece4b80: ;   {metadata(method data for {method} {0x0000000094215400} 'invokeSpecial' '(Ljava/lang/Object;Ljava/lang/Object;Ljava/lang/Object;Ljava/lang/Object;)Ljava/lang/Object;' in 'java/lang/invoke/DirectMethodHandle$Holder')}
  0x0000023b4ece4b80: 48ba 604a | bd66 3b02 | 0000 488d | 9248 0100 | 0048 85f6 | 750c f642 | 1801 7506 | f048 834a 
  0x0000023b4ece4ba0: ;   {oop(a 'java/lang/String$$StringConcat+0x0000000095081000'{0x000000070f31e220})}
  0x0000023b4ece4ba0: 1801 48ba | 20e2 310f | 0700 0000 

  0x0000023b4ece4bac: ;   {metadata(method data for {method} {0x0000000094215400} 'invokeSpecial' '(Ljava/lang/Object;Ljava/lang/Object;Ljava/lang/Object;Ljava/lang/Object;)Ljava/lang/Object;' in 'java/lang/invoke/DirectMethodHandle$Holder')}
  0x0000023b4ece4bac: 48bf 604a | bd66 3b02 | 0000 4883 | 8738 0100 

  0x0000023b4ece4bbc: ;   {metadata(method data for {method} {0x0000023b6649e5a0} 'concat' '(Ljava/lang/Object;Ljava/lang/Object;)Ljava/lang/String;' in 'java/lang/String$$StringConcat+0x0000000095081000')}
  0x0000023b4ece4bbc: 0001 48ba | d0e9 4966 | 3b02 0000 | 8bba 9000 | 0000 83c7 | 0289 ba90 | 0000 0081 | e7fe ff1f 
  0x0000023b4ece4bdc: 0085 ff0f | 849e 1c00 

  0x0000023b4ece4be4: ;   {metadata(method data for {method} {0x0000023b6649e5a0} 'concat' '(Ljava/lang/Object;Ljava/lang/Object;)Ljava/lang/String;' in 'java/lang/String$$StringConcat+0x0000000095081000')}
  0x0000023b4ece4be4: 0048 bad0 | e949 663b | 0200 0048 | 8382 d800 

  0x0000023b4ece4bf4: ;   {metadata(method data for {method} {0x000000009449a860} 'stringOf' '(Ljava/lang/Object;)Ljava/lang/String;' in 'java/lang/StringConcatHelper')}
  0x0000023b4ece4bf4: 0000 0148 | ba60 c83a | 663b 0200 | 008b ba90 | 0000 0083 | c702 89ba | 9000 0000 | 81e7 feff 
  0x0000023b4ece4c14: 1f00 85ff | 0f84 861c | 0000 4885 

  0x0000023b4ece4c20: ;   {metadata(method data for {method} {0x000000009449a860} 'stringOf' '(Ljava/lang/Object;)Ljava/lang/String;' in 'java/lang/StringConcatHelper')}
  0x0000023b4ece4c20: f648 ba60 | c83a 663b | 0200 00bf | d800 0000 | 7405 bfe8 | 0000 0048 | 8b1c 3a48 | 8d5b 0148 
  0x0000023b4ece4c40: 891c 3a0f | 846a 0000 | 0048 3b06 

  0x0000023b4ece4c4c: ;   {metadata(method data for {method} {0x000000009449a860} 'stringOf' '(Ljava/lang/Object;)Ljava/lang/String;' in 'java/lang/StringConcatHelper')}
  0x0000023b4ece4c4c: 488b d648 | bf60 c83a | 663b 0200 | 0048 8387 | 0801 0000 

  0x0000023b4ece4c60: ;   {metadata(method data for {method} {0x0000000094188140} 'toString' '()Ljava/lang/String;' in 'java/lang/String')}
  0x0000023b4ece4c60: 0148 bac0 | c525 663b | 0200 008b | ba90 0000 | 0083 c702 | 89ba 9000 | 0000 81e7 | feff 1f00 
  0x0000023b4ece4c80: 85ff 0f84 | 421c 0000 

  0x0000023b4ece4c88: ;   {metadata(method data for {method} {0x000000009449a860} 'stringOf' '(Ljava/lang/Object;)Ljava/lang/String;' in 'java/lang/StringConcatHelper')}
  0x0000023b4ece4c88: 4885 f648 | ba60 c83a | 663b 0200 | 00bf 2801 | 0000 7505 | bf38 0100 | 0048 8b1c | 3a48 8d5b 
  0x0000023b4ece4ca8: 0148 891c | 3a0f 851f 

  0x0000023b4ece4cb0: ;   {metadata(method data for {method} {0x000000009449a860} 'stringOf' '(Ljava/lang/Object;)Ljava/lang/String;' in 'java/lang/StringConcatHelper')}
  0x0000023b4ece4cb0: 0000 0048 | ba60 c83a | 663b 0200 | 00ff 8248 

  0x0000023b4ece4cc0: ;   {oop("null"{0x00000007ffe3a780})}
  0x0000023b4ece4cc0: 0100 0048 | bf80 a7e3 | ff07 0000 | 00e9 0300 | 0000 488b 

  0x0000023b4ece4cd4: ;   {metadata(method data for {method} {0x0000023b6649e5a0} 'concat' '(Ljava/lang/Object;Ljava/lang/Object;)Ljava/lang/String;' in 'java/lang/String$$StringConcat+0x0000000095081000')}
  0x0000023b4ece4cd4: fe48 bad0 | e949 663b | 0200 0048 | 8382 e800 

  0x0000023b4ece4ce4: ;   {metadata(method data for {method} {0x000000009449a860} 'stringOf' '(Ljava/lang/Object;)Ljava/lang/String;' in 'java/lang/StringConcatHelper')}
  0x0000023b4ece4ce4: 0000 0148 | ba60 c83a | 663b 0200 | 008b 9a90 | 0000 0083 | c302 899a | 9000 0000 | 81e3 feff 
  0x0000023b4ece4d04: 1f00 85db | 0f84 dd1b | 0000 4885 

  0x0000023b4ece4d10: ;   {metadata(method data for {method} {0x000000009449a860} 'stringOf' '(Ljava/lang/Object;)Ljava/lang/String;' in 'java/lang/StringConcatHelper')}
  0x0000023b4ece4d10: c048 ba60 | c83a 663b | 0200 00bb | d800 0000 | 7405 bbe8 | 0000 0048 | 8b0c 1a48 | 8d49 0148 
  0x0000023b4ece4d30: 890c 1a0f | 846a 0000 | 0048 3b00 

  0x0000023b4ece4d3c: ;   {metadata(method data for {method} {0x000000009449a860} 'stringOf' '(Ljava/lang/Object;)Ljava/lang/String;' in 'java/lang/StringConcatHelper')}
  0x0000023b4ece4d3c: 488b d048 | bb60 c83a | 663b 0200 | 0048 8383 | 0801 0000 

  0x0000023b4ece4d50: ;   {metadata(method data for {method} {0x0000000094188140} 'toString' '()Ljava/lang/String;' in 'java/lang/String')}
  0x0000023b4ece4d50: 0148 bac0 | c525 663b | 0200 008b | 9a90 0000 | 0083 c302 | 899a 9000 | 0000 81e3 | feff 1f00 
  0x0000023b4ece4d70: 85db 0f84 | 991b 0000 

  0x0000023b4ece4d78: ;   {metadata(method data for {method} {0x000000009449a860} 'stringOf' '(Ljava/lang/Object;)Ljava/lang/String;' in 'java/lang/StringConcatHelper')}
  0x0000023b4ece4d78: 4885 c048 | ba60 c83a | 663b 0200 | 00bb 2801 | 0000 7505 | bb38 0100 | 0048 8b0c | 1a48 8d49 
  0x0000023b4ece4d98: 0148 890c | 1a0f 851f 

  0x0000023b4ece4da0: ;   {metadata(method data for {method} {0x000000009449a860} 'stringOf' '(Ljava/lang/Object;)Ljava/lang/String;' in 'java/lang/StringConcatHelper')}
  0x0000023b4ece4da0: 0000 0048 | ba60 c83a | 663b 0200 | 00ff 8248 

  0x0000023b4ece4db0: ;   {oop("null"{0x00000007ffe3a780})}
  0x0000023b4ece4db0: 0100 0048 | bb80 a7e3 | ff07 0000 | 00e9 0300 | 0000 488b 

  0x0000023b4ece4dc4: ;   {metadata(method data for {method} {0x0000023b6649e5a0} 'concat' '(Ljava/lang/Object;Ljava/lang/Object;)Ljava/lang/String;' in 'java/lang/String$$StringConcat+0x0000000095081000')}
  0x0000023b4ece4dc4: d848 bad0 | e949 663b | 0200 0048 | 8382 f800 

  0x0000023b4ece4dd4: ;   {metadata(method data for {method} {0x0000023b6649e658} 'coder' '(ILjava/lang/String;Ljava/lang/String;)I' in 'java/lang/String$$StringConcat+0x0000000095081000')}
  0x0000023b4ece4dd4: 0000 0148 | ba00 00c0 | 663b 0200 | 008b 8a90 | 0000 0083 | c102 898a | 9000 0000 | 81e1 feff 
  0x0000023b4ece4df4: 1f00 85c9 | 0f84 341b | 0000 483b | 0748 8bd7 

  0x0000023b4ece4e04: ;   {metadata(method data for {method} {0x0000023b6649e658} 'coder' '(ILjava/lang/String;Ljava/lang/String;)I' in 'java/lang/String$$StringConcat+0x0000000095081000')}
  0x0000023b4ece4e04: 48b9 0000 | c066 3b02 | 0000 8b52 | 0841 ba00 | 0000 9449 | 03d2 483b | 91e0 0000 | 0075 0d48 
  0x0000023b4ece4e24: 8381 e800 | 0000 01e9 | 6000 0000 | 483b 91f0 | 0000 0075 | 0d48 8381 | f800 0000 | 01e9 4a00 
  0x0000023b4ece4e44: 0000 4883 | b9e0 0000 | 0000 7517 | 4889 91e0 | 0000 0048 | c781 e800 | 0000 0100 | 0000 e929 
  0x0000023b4ece4e64: 0000 0048 | 83b9 f000 | 0000 0075 | 1748 8991 | f000 0000 | 48c7 81f8 | 0000 0001 | 0000 00e9 
  0x0000023b4ece4e84: 0800 0000 | 4883 81d8 | 0000 0001 

  0x0000023b4ece4e90: ;   {metadata(method data for {method} {0x00000000944af4b0} 'coder' '()B' in 'java/lang/String')}
  0x0000023b4ece4e90: 48ba a8f9 | 0066 3b02 | 0000 8b8a | 9000 0000 | 83c1 0289 | 8a90 0000 | 0081 e1fe | ff1f 0085 
  0x0000023b4ece4eb0: c90f 84a1 

  0x0000023b4ece4eb4: ;   {metadata(method data for {method} {0x00000000944af4b0} 'coder' '()B' in 'java/lang/String')}
  0x0000023b4ece4eb4: 1a00 0048 | baa8 f900 | 663b 0200 | 00ff 82e8 | 0000 000f 

  0x0000023b4ece4ec8: ;   {metadata(method data for {method} {0x00000000944af4b0} 'coder' '()B' in 'java/lang/String')}
  0x0000023b4ece4ec8: be57 1048 | b9a8 f900 | 663b 0200 | 00ff 81f8 | 0000 00c1 | e218 c1fa | 1848 3b03 

  0x0000023b4ece4ee4: ;   {metadata(method data for {method} {0x0000023b6649e658} 'coder' '(ILjava/lang/String;Ljava/lang/String;)I' in 'java/lang/String$$StringConcat+0x0000000095081000')}
  0x0000023b4ece4ee4: 488b cb49 | b800 00c0 | 663b 0200 | 008b 4908 | 41ba 0000 | 0094 4903 | ca49 3b88 | 1001 0000 
  0x0000023b4ece4f04: 750d 4983 | 8018 0100 | 0001 e960 | 0000 0049 | 3b88 2001 | 0000 750d | 4983 8028 | 0100 0001 
  0x0000023b4ece4f24: e94a 0000 | 0049 83b8 | 1001 0000 | 0075 1749 | 8988 1001 | 0000 49c7 | 8018 0100 | 0001 0000 
  0x0000023b4ece4f44: 00e9 2900 | 0000 4983 | b820 0100 | 0000 7517 | 4989 8820 | 0100 0049 | c780 2801 | 0000 0100 
  0x0000023b4ece4f64: 0000 e908 | 0000 0049 | 8380 0801 

  0x0000023b4ece4f70: ;   {metadata(method data for {method} {0x00000000944af4b0} 'coder' '()B' in 'java/lang/String')}
  0x0000023b4ece4f70: 0000 0148 | b9a8 f900 | 663b 0200 | 0044 8b81 | 9000 0000 | 4183 c002 | 4489 8190 | 0000 0041 
  0x0000023b4ece4f90: 81e0 feff | 1f00 4585 | c00f 84df 

  0x0000023b4ece4f9c: ;   {metadata(method data for {method} {0x00000000944af4b0} 'coder' '()B' in 'java/lang/String')}
  0x0000023b4ece4f9c: 1900 0048 | b9a8 f900 | 663b 0200 | 00ff 81e8 | 0000 000f 

  0x0000023b4ece4fb0: ;   {metadata(method data for {method} {0x00000000944af4b0} 'coder' '()B' in 'java/lang/String')}
  0x0000023b4ece4fb0: be4b 1049 | b8a8 f900 | 663b 0200 | 0041 ff80 | f800 0000 | c1e1 18c1 | f918 480b | ca89 8c24 
  0x0000023b4ece4fd0: 4c01 0000 | 4889 9c24 | 5001 0000 

  0x0000023b4ece4fdc: ;   {metadata(method data for {method} {0x0000023b6649e5a0} 'concat' '(Ljava/lang/Object;Ljava/lang/Object;)Ljava/lang/String;' in 'java/lang/String$$StringConcat+0x0000000095081000')}
  0x0000023b4ece4fdc: 48ba d0e9 | 4966 3b02 | 0000 4883 | 8208 0100 

  0x0000023b4ece4fec: ;   {metadata(method data for {method} {0x0000023b6649e3d8} 'length' '(ILjava/lang/String;Ljava/lang/String;)I' in 'java/lang/String$$StringConcat+0x0000000095081000')}
  0x0000023b4ece4fec: 0001 48ba | 8801 c066 | 3b02 0000 | 448b 8290 | 0000 0041 | 83c0 0244 | 8982 9000 | 0000 4181 
  0x0000023b4ece500c: e0fe ff1f | 0045 85c0 | 0f84 8519 

  0x0000023b4ece5018: ;   {metadata(method data for {method} {0x0000023b6649e3d8} 'length' '(ILjava/lang/String;Ljava/lang/String;)I' in 'java/lang/String$$StringConcat+0x0000000095081000')}
  0x0000023b4ece5018: 0000 48ba | 8801 c066 | 3b02 0000 | 4883 82d8 | 0000 0001 

  0x0000023b4ece502c: ;   {metadata(method data for {method} {0x000000009449acd8} 'stringSize' '(ILjava/lang/String;)I' in 'java/lang/StringConcatHelper')}
  0x0000023b4ece502c: 48ba 701c | bd66 3b02 | 0000 448b | 8290 0000 | 0041 83c0 | 0244 8982 | 9000 0000 | 4181 e0fe 
  0x0000023b4ece504c: ff1f 0045 | 85c0 0f84 | 6819 0000 

  0x0000023b4ece5058: ;   {metadata(method data for {method} {0x000000009449acd8} 'stringSize' '(ILjava/lang/String;)I' in 'java/lang/StringConcatHelper')}
  0x0000023b4ece5058: 488b d749 | b870 1cbd | 663b 0200 | 008b 5208 | 41ba 0000 | 0094 4903 | d249 3b90 | e000 0000 
  0x0000023b4ece5078: 750d 4983 | 80e8 0000 | 0001 e960 | 0000 0049 | 3b90 f000 | 0000 750d | 4983 80f8 | 0000 0001 
  0x0000023b4ece5098: e94a 0000 | 0049 83b8 | e000 0000 | 0075 1749 | 8990 e000 | 0000 49c7 | 80e8 0000 | 0001 0000 
  0x0000023b4ece50b8: 00e9 2900 | 0000 4983 | b8f0 0000 | 0000 7517 | 4989 90f0 | 0000 0049 | c780 f800 | 0000 0100 
  0x0000023b4ece50d8: 0000 e908 | 0000 0049 | 8380 d800 

  0x0000023b4ece50e4: ;   {metadata(method data for {method} {0x0000000094188868} 'length' '()I' in 'java/lang/String')}
  0x0000023b4ece50e4: 0000 0148 | bae8 fa00 | 663b 0200 | 0044 8b82 | 9000 0000 | 4183 c002 | 4489 8290 | 0000 0041 
  0x0000023b4ece5104: 81e0 feff | 1f00 4585 | c00f 84ce | 1800 008b | 5714 48c1 | e203 448b | 420c 488b 

  0x0000023b4ece5120: ;   {metadata(method data for {method} {0x0000000094188868} 'length' '()I' in 'java/lang/String')}
  0x0000023b4ece5120: d749 b9e8 | fa00 663b | 0200 008b | 5208 41ba | 0000 0094 | 4903 d249 | 3b91 e000 | 0000 750d 
  0x0000023b4ece5140: 4983 81e8 | 0000 0001 | e960 0000 | 0049 3b91 | f000 0000 | 750d 4983 | 81f8 0000 | 0001 e94a 
  0x0000023b4ece5160: 0000 0049 | 83b9 e000 | 0000 0075 | 1749 8991 | e000 0000 | 49c7 81e8 | 0000 0001 | 0000 00e9 
  0x0000023b4ece5180: 2900 0000 | 4983 b9f0 | 0000 0000 | 7517 4989 | 91f0 0000 | 0049 c781 | f800 0000 | 0100 0000 
  0x0000023b4ece51a0: e908 0000 | 0049 8381 | d800 0000 | 0148 8bd7 | 4889 bc24 | 5801 0000 | 4489 8424 | 4801 0000 
  0x0000023b4ece51c0: 0f1f 8000 

  0x0000023b4ece51c4: ;   {optimized virtual_call}
  0x0000023b4ece51c4: 0000 00e8 

  0x0000023b4ece51c8: ; ImmutableOopMap {[288]=Oop [320]=Oop [336]=Oop [344]=Oop [352]=Oop }
                      ;*invokevirtual coder {reexecute=0 rethrow=0 return_oop=0}
                      ; - java.lang.String::length@6 (line 1583)
                      ; - java.lang.StringConcatHelper::stringSize@2 (line 530)
                      ; - java.lang.String$$StringConcat/0x0000000095081000::length@2
                      ; - java.lang.String$$StringConcat/0x0000000095081000::concat@33
                      ; - java.lang.invoke.DirectMethodHandle$Holder::invokeSpecial@14
                      ; - java.lang.invoke.LambdaForm$MH/0x0000000095081400::invoke@24
                      ; - java.lang.invoke.Invokers$Holder::linkToTargetMethod@6
                      ; - Rendering.ImGui.ImGuiEditor::render@27 (line 22)
  0x0000023b4ece51c8: 4411 8b07 

  0x0000023b4ece51cc: ;   {post_call_nop}
  0x0000023b4ece51cc: 0f1f 8400 | c40c 0006 | 488b c844 | 8b84 2448 | 0100 0041 | d3f8 4183 | c00f 4489 | 8424 6c01 
  0x0000023b4ece51ec: ;   {metadata(method data for {method} {0x000000009449acd8} 'stringSize' '(ILjava/lang/String;)I' in 'java/lang/StringConcatHelper')}
  0x0000023b4ece51ec: 0000 48ba | 701c bd66 | 3b02 0000 | 4883 8208 | 0100 0001 

  0x0000023b4ece5200: ;   {metadata(method data for {method} {0x000000009449a968} 'checkOverflow' '(I)I' in 'java/lang/StringConcatHelper')}
  0x0000023b4ece5200: 48ba e01a | 2666 3b02 | 0000 8bb2 | 9000 0000 | 83c6 0289 | b290 0000 | 0081 e6fe | ff1f 0085 
  0x0000023b4ece5220: f60f 84e0 | 1700 0045 

  0x0000023b4ece5228: ;   {metadata(method data for {method} {0x000000009449a968} 'checkOverflow' '(I)I' in 'java/lang/StringConcatHelper')}
  0x0000023b4ece5228: 85c0 48ba | e01a 2666 | 3b02 0000 | bed8 0000 | 007c 05be | e800 0000 | 488b 3c32 | 488d 7f01 
  0x0000023b4ece5248: 4889 3c32 | 0f8c 7214 | 0000 488b | 9c24 5001 

  0x0000023b4ece5258: ;   {metadata(method data for {method} {0x0000023b6649e3d8} 'length' '(ILjava/lang/String;Ljava/lang/String;)I' in 'java/lang/String$$StringConcat+0x0000000095081000')}
  0x0000023b4ece5258: 0000 48ba | 8801 c066 | 3b02 0000 | 4883 82e8 | 0000 0001 

  0x0000023b4ece526c: ;   {metadata(method data for {method} {0x000000009449acd8} 'stringSize' '(ILjava/lang/String;)I' in 'java/lang/StringConcatHelper')}
  0x0000023b4ece526c: 48ba 701c | bd66 3b02 | 0000 8bb2 | 9000 0000 | 83c6 0289 | b290 0000 | 0081 e6fe | ff1f 0085 
  0x0000023b4ece528c: f60f 8495 | 1700 0048 

  0x0000023b4ece5294: ;   {metadata(method data for {method} {0x000000009449acd8} 'stringSize' '(ILjava/lang/String;)I' in 'java/lang/StringConcatHelper')}
  0x0000023b4ece5294: 8bd3 48be | 701c bd66 | 3b02 0000 | 8b52 0841 | ba00 0000 | 9449 03d2 | 483b 96e0 | 0000 0075 
  0x0000023b4ece52b4: 0d48 8386 | e800 0000 | 01e9 6000 | 0000 483b | 96f0 0000 | 0075 0d48 | 8386 f800 | 0000 01e9 
  0x0000023b4ece52d4: 4a00 0000 | 4883 bee0 | 0000 0000 | 7517 4889 | 96e0 0000 | 0048 c786 | e800 0000 | 0100 0000 
  0x0000023b4ece52f4: e929 0000 | 0048 83be | f000 0000 | 0075 1748 | 8996 f000 | 0000 48c7 | 86f8 0000 | 0001 0000 
  0x0000023b4ece5314: 00e9 0800 | 0000 4883 | 86d8 0000 

  0x0000023b4ece5320: ;   {metadata(method data for {method} {0x0000000094188868} 'length' '()I' in 'java/lang/String')}
  0x0000023b4ece5320: 0001 48ba | e8fa 0066 | 3b02 0000 | 8bb2 9000 | 0000 83c6 | 0289 b290 | 0000 0081 | e6fe ff1f 
  0x0000023b4ece5340: 0085 f60f | 8400 1700 | 008b 5314 | 48c1 e203 

  0x0000023b4ece5350: ; implicit exception: dispatches to 0x0000023b4ece6a6a
  0x0000023b4ece5350: 8b72 0c48 

  0x0000023b4ece5354: ;   {metadata(method data for {method} {0x0000000094188868} 'length' '()I' in 'java/lang/String')}
  0x0000023b4ece5354: 8bd3 48bf | e8fa 0066 | 3b02 0000 | 8b52 0841 | ba00 0000 | 9449 03d2 | 483b 97e0 | 0000 0075 
  0x0000023b4ece5374: 0d48 8387 | e800 0000 | 01e9 6000 | 0000 483b | 97f0 0000 | 0075 0d48 | 8387 f800 | 0000 01e9 
  0x0000023b4ece5394: 4a00 0000 | 4883 bfe0 | 0000 0000 | 7517 4889 | 97e0 0000 | 0048 c787 | e800 0000 | 0100 0000 
  0x0000023b4ece53b4: e929 0000 | 0048 83bf | f000 0000 | 0075 1748 | 8997 f000 | 0000 48c7 | 87f8 0000 | 0001 0000 
  0x0000023b4ece53d4: 00e9 0800 | 0000 4883 | 87d8 0000 | 0001 488b | d348 899c | 2450 0100 | 0089 b424 | 6801 0000 
  0x0000023b4ece53f4: ;   {optimized virtual_call}
  0x0000023b4ece53f4: 6666 90e8 

  0x0000023b4ece53f8: ; ImmutableOopMap {[288]=Oop [320]=Oop [336]=Oop [344]=Oop [352]=Oop }
                      ;*invokevirtual coder {reexecute=0 rethrow=0 return_oop=0}
                      ; - java.lang.String::length@6 (line 1583)
                      ; - java.lang.StringConcatHelper::stringSize@2 (line 530)
                      ; - java.lang.String$$StringConcat/0x0000000095081000::length@6
                      ; - java.lang.String$$StringConcat/0x0000000095081000::concat@33
                      ; - java.lang.invoke.DirectMethodHandle$Holder::invokeSpecial@14
                      ; - java.lang.invoke.LambdaForm$MH/0x0000000095081400::invoke@24
                      ; - java.lang.invoke.Invokers$Holder::linkToTargetMethod@6
                      ; - Rendering.ImGui.ImGuiEditor::render@27 (line 22)
  0x0000023b4ece53f8: 140f 8b07 

  0x0000023b4ece53fc: ;   {post_call_nop}
  0x0000023b4ece53fc: 0f1f 8400 | f40e 0007 | 488b c88b | b424 6801 | 0000 d3fe | 03b4 246c 

  0x0000023b4ece5414: ;   {metadata(method data for {method} {0x000000009449acd8} 'stringSize' '(ILjava/lang/String;)I' in 'java/lang/StringConcatHelper')}
  0x0000023b4ece5414: 0100 0048 | b970 1cbd | 663b 0200 | 0048 8381 | 0801 0000 

  0x0000023b4ece5428: ;   {metadata(method data for {method} {0x000000009449a968} 'checkOverflow' '(I)I' in 'java/lang/StringConcatHelper')}
  0x0000023b4ece5428: 0148 b9e0 | 1a26 663b | 0200 0044 | 8b81 9000 | 0000 4183 | c002 4489 | 8190 0000 | 0041 81e0 
  0x0000023b4ece5448: feff 1f00 | 4585 c00f | 841a 1600 

  0x0000023b4ece5454: ;   {metadata(method data for {method} {0x000000009449a968} 'checkOverflow' '(I)I' in 'java/lang/StringConcatHelper')}
  0x0000023b4ece5454: 0085 f648 | b9e0 1a26 | 663b 0200 | 0041 b8d8 | 0000 007c | 0641 b8e8 | 0000 004e | 8b0c 014d 
  0x0000023b4ece5474: 8d49 014e | 890c 010f | 8c93 1100 

  0x0000023b4ece5480: ;   {oop("]"{0x000000070f31e190})}
  0x0000023b4ece5480: 0048 b990 | e131 0f07 | 0000 004c 

  0x0000023b4ece548c: ;   {metadata(method data for {method} {0x0000023b6649e5a0} 'concat' '(Ljava/lang/Object;Ljava/lang/Object;)Ljava/lang/String;' in 'java/lang/String$$StringConcat+0x0000000095081000')}
  0x0000023b4ece548c: 8bc1 49b9 | d0e9 4966 | 3b02 0000 | 458b 4008 | 41ba 0000 | 0094 4d03 | c24d 3b81 | 2001 0000 
  0x0000023b4ece54ac: 750d 4983 | 8128 0100 | 0001 e960 | 0000 004d | 3b81 3001 | 0000 750d | 4983 8138 | 0100 0001 
  0x0000023b4ece54cc: e94a 0000 | 0049 83b9 | 2001 0000 | 0075 174d | 8981 2001 | 0000 49c7 | 8128 0100 | 0001 0000 
  0x0000023b4ece54ec: 00e9 2900 | 0000 4983 | b930 0100 | 0000 7517 | 4d89 8130 | 0100 0049 | c781 3801 | 0000 0100 
  0x0000023b4ece550c: 0000 e908 | 0000 0049 | 8381 1801 

  0x0000023b4ece5518: ;   {metadata(method data for {method} {0x0000000094188868} 'length' '()I' in 'java/lang/String')}
  0x0000023b4ece5518: 0000 0149 | b8e8 fa00 | 663b 0200 | 0045 8b88 | 9000 0000 | 4183 c102 | 4589 8890 | 0000 0041 
  0x0000023b4ece5538: 81e1 feff | 1f00 4585 | c90f 8449 

  0x0000023b4ece5544: ;   {metadata(method data for {method} {0x0000000094188868} 'length' '()I' in 'java/lang/String')}
  0x0000023b4ece5544: 1500 0049 | b8e8 fa00 | 663b 0200 | 008b 4908 | 41ba 0000 | 0094 4903 | ca49 3b88 | e000 0000 
  0x0000023b4ece5564: 750d 4983 | 80e8 0000 | 0001 e960 | 0000 0049 | 3b88 f000 | 0000 750d | 4983 80f8 | 0000 0001 
  0x0000023b4ece5584: e94a 0000 | 0049 83b8 | e000 0000 | 0075 1749 | 8988 e000 | 0000 49c7 | 80e8 0000 | 0001 0000 
  0x0000023b4ece55a4: 00e9 2900 | 0000 4983 | b8f0 0000 | 0000 7517 | 4989 88f0 | 0000 0049 | c780 f800 | 0000 0100 
  0x0000023b4ece55c4: 0000 e908 | 0000 0049 | 8380 d800 

  0x0000023b4ece55d0: ;   {metadata(method data for {method} {0x00000000944af4b0} 'coder' '()B' in 'java/lang/String')}
  0x0000023b4ece55d0: 0000 0148 | b9a8 f900 | 663b 0200 | 0044 8b81 | 9000 0000 | 4183 c002 | 4489 8190 | 0000 0041 
  0x0000023b4ece55f0: 81e0 feff | 1f00 4585 | c00f 84b2 

  0x0000023b4ece55fc: ;   {metadata(method data for {method} {0x00000000944af4b0} 'coder' '()B' in 'java/lang/String')}
  0x0000023b4ece55fc: 1400 0048 | b9a8 f900 | 663b 0200 | 00ff 81e8 

  0x0000023b4ece560c: ;   {metadata(method data for {method} {0x00000000944af4b0} 'coder' '()B' in 'java/lang/String')}
  0x0000023b4ece560c: 0000 0048 | b9a8 f900 | 663b 0200 | 00ff 81f8 | 0000 00ff | ce89 b424 | 7001 0000 

  0x0000023b4ece5628: ;   {metadata(method data for {method} {0x0000023b6649e5a0} 'concat' '(Ljava/lang/Object;Ljava/lang/Object;)Ljava/lang/String;' in 'java/lang/String$$StringConcat+0x0000000095081000')}
  0x0000023b4ece5628: 48b9 d0e9 | 4966 3b02 | 0000 4883 | 8148 0100 

  0x0000023b4ece5638: ;   {metadata(method data for {method} {0x000000009449a758} 'newArrayWithSuffix' '(Ljava/lang/String;IB)[B' in 'java/lang/StringConcatHelper')}
  0x0000023b4ece5638: 0001 48b9 | f8ce 3a66 | 3b02 0000 | 448b 8190 | 0000 0041 | 83c0 0244 | 8981 9000 | 0000 4181 
  0x0000023b4ece5658: e0fe ff1f | 0045 85c0 | 0f84 6c14 

  0x0000023b4ece5664: ;   {oop("]"{0x000000070f31e190})}
  0x0000023b4ece5664: 0000 48b9 | 90e1 310f | 0700 0000 

  0x0000023b4ece5670: ;   {metadata(method data for {method} {0x000000009449a758} 'newArrayWithSuffix' '(Ljava/lang/String;IB)[B' in 'java/lang/StringConcatHelper')}
  0x0000023b4ece5670: 4c8b c149 | b9f8 ce3a | 663b 0200 | 0045 8b40 | 0841 ba00 | 0000 944d | 03c2 4d3b | 81e0 0000 
  0x0000023b4ece5690: 0075 0d49 | 8381 e800 | 0000 01e9 | 6000 0000 | 4d3b 81f0 | 0000 0075 | 0d49 8381 | f800 0000 
  0x0000023b4ece56b0: 01e9 4a00 | 0000 4983 | b9e0 0000 | 0000 7517 | 4d89 81e0 | 0000 0049 | c781 e800 | 0000 0100 
  0x0000023b4ece56d0: 0000 e929 | 0000 0049 | 83b9 f000 | 0000 0075 | 174d 8981 | f000 0000 | 49c7 81f8 | 0000 0001 
  0x0000023b4ece56f0: 0000 00e9 | 0800 0000 | 4983 81d8 | 0000 0001 

  0x0000023b4ece5700: ;   {metadata(method data for {method} {0x0000000094188868} 'length' '()I' in 'java/lang/String')}
  0x0000023b4ece5700: 49b8 e8fa | 0066 3b02 | 0000 458b | 8890 0000 | 0041 83c1 | 0245 8988 | 9000 0000 | 4181 e1fe 
  0x0000023b4ece5720: ff1f 0045 | 85c9 0f84 | c713 0000 

  0x0000023b4ece572c: ;   {metadata(method data for {method} {0x0000000094188868} 'length' '()I' in 'java/lang/String')}
  0x0000023b4ece572c: 49b8 e8fa | 0066 3b02 | 0000 8b49 | 0841 ba00 | 0000 9449 | 03ca 493b | 88e0 0000 | 0075 0d49 
  0x0000023b4ece574c: 8380 e800 | 0000 01e9 | 6000 0000 | 493b 88f0 | 0000 0075 | 0d49 8380 | f800 0000 | 01e9 4a00 
  0x0000023b4ece576c: 0000 4983 | b8e0 0000 | 0000 7517 | 4989 88e0 | 0000 0049 | c780 e800 | 0000 0100 | 0000 e929 
  0x0000023b4ece578c: 0000 0049 | 83b8 f000 | 0000 0075 | 1749 8988 | f000 0000 | 49c7 80f8 | 0000 0001 | 0000 00e9 
  0x0000023b4ece57ac: 0800 0000 | 4983 80d8 | 0000 0001 

  0x0000023b4ece57b8: ;   {metadata(method data for {method} {0x00000000944af4b0} 'coder' '()B' in 'java/lang/String')}
  0x0000023b4ece57b8: 48b9 a8f9 | 0066 3b02 | 0000 448b | 8190 0000 | 0041 83c0 | 0244 8981 | 9000 0000 | 4181 e0fe 
  0x0000023b4ece57d8: ff1f 0045 | 85c0 0f84 | 3013 0000 

  0x0000023b4ece57e4: ;   {metadata(method data for {method} {0x00000000944af4b0} 'coder' '()B' in 'java/lang/String')}
  0x0000023b4ece57e4: 48b9 a8f9 | 0066 3b02 | 0000 ff81 | e800 0000 

  0x0000023b4ece57f4: ;   {metadata(method data for {method} {0x00000000944af4b0} 'coder' '()B' in 'java/lang/String')}
  0x0000023b4ece57f4: 48b9 a8f9 | 0066 3b02 | 0000 ff81 | f800 0000 | 4c8b c641 | ffc0 8b8c | 244c 0100 | 0041 d3e0 
  0x0000023b4ece5814: 4489 8424 | 7401 0000 

  0x0000023b4ece581c: ;   {metadata(method data for {method} {0x000000009449a758} 'newArrayWithSuffix' '(Ljava/lang/String;IB)[B' in 'java/lang/StringConcatHelper')}
  0x0000023b4ece581c: 49b9 f8ce | 3a66 3b02 | 0000 4983 | 8108 0100 

  0x0000023b4ece582c: ;   {metadata(method data for {method} {0x000000009449b308} 'newArray' '(I)[B' in 'java/lang/StringConcatHelper')}
  0x0000023b4ece582c: 0001 49b9 | 70da 0766 | 3b02 0000 | 418b 9190 | 0000 0083 | c202 4189 | 9190 0000 | 0081 e2fe 
  0x0000023b4ece584c: ff1f 0085 | d20f 84de | 1200 0045 

  0x0000023b4ece5858: ;   {metadata(method data for {method} {0x000000009449b308} 'newArray' '(I)[B' in 'java/lang/StringConcatHelper')}
  0x0000023b4ece5858: 85c0 49b9 | 70da 0766 | 3b02 0000 | bae8 0000 | 007c 05ba | d800 0000 | 498b 3c11 | 488d 7f01 
  0x0000023b4ece5878: 4989 3c11 | 0f8c ed0c 

  0x0000023b4ece5880: ;   {oop(a 'jdk/internal/misc/Unsafe'{0x0000000710a048b0})}
  0x0000023b4ece5880: 0000 48ba | b048 a010 | 0700 0000 

  0x0000023b4ece588c: ;   {metadata(method data for {method} {0x000000009449b308} 'newArray' '(I)[B' in 'java/lang/StringConcatHelper')}
  0x0000023b4ece588c: 4c8b ca48 | bf70 da07 | 663b 0200 | 0045 8b49 | 0841 ba00 | 0000 944d | 03ca 4c3b | 8f10 0100 
  0x0000023b4ece58ac: 0075 0d48 | 8387 1801 | 0000 01e9 | 6000 0000 | 4c3b 8f20 | 0100 0075 | 0d48 8387 | 2801 0000 
  0x0000023b4ece58cc: 01e9 4a00 | 0000 4883 | bf10 0100 | 0000 7517 | 4c89 8f10 | 0100 0048 | c787 1801 | 0000 0100 
  0x0000023b4ece58ec: 0000 e929 | 0000 0048 | 83bf 2001 | 0000 0075 | 174c 898f | 2001 0000 | 48c7 8728 | 0100 0001 
  0x0000023b4ece590c: 0000 00e9 | 0800 0000 | 4883 8708 | 0100 0001 

  0x0000023b4ece591c: ;   {oop(a 'java/lang/Class'{0x00000007ffeb4b10} = byte)}
  0x0000023b4ece591c: 498b f849 | b810 4beb | ff07 0000 | 004c 8bcf 

  0x0000023b4ece592c: ;   {optimized virtual_call}
  0x0000023b4ece592c: 6666 90e8 

  0x0000023b4ece5930: ; ImmutableOopMap {[288]=Oop [320]=Oop [336]=Oop [344]=Oop [352]=Oop }
                      ;*invokevirtual allocateUninitializedArray {reexecute=0 rethrow=0 return_oop=0}
                      ; - java.lang.StringConcatHelper::newArray@21 (line 578)
                      ; - java.lang.StringConcatHelper::newArrayWithSuffix@8 (line 611)
                      ; - java.lang.String$$StringConcat/0x0000000095081000::concat@58
                      ; - java.lang.invoke.DirectMethodHandle$Holder::invokeSpecial@14
                      ; - java.lang.invoke.LambdaForm$MH/0x0000000095081400::invoke@24
                      ; - java.lang.invoke.Invokers$Holder::linkToTargetMethod@6
                      ; - Rendering.ImGui.ImGuiEditor::render@27 (line 22)
  0x0000023b4ece5930: 6ccf e0ff 

  0x0000023b4ece5934: ;   {post_call_nop}
  0x0000023b4ece5934: 0f1f 8400 | 2c14 0008 

  0x0000023b4ece593c: ;   {metadata(method data for {method} {0x000000009449b308} 'newArray' '(I)[B' in 'java/lang/StringConcatHelper')}
  0x0000023b4ece593c: 4885 c049 | b970 da07 | 663b 0200 | 0075 0d41 | 8089 3101 | 0000 01e9 | a800 0000 | 8b78 0841 
  0x0000023b4ece595c: ba00 0000 | 9449 03fa | 493b b940 | 0100 0075 | 0d49 8381 | 4801 0000 | 01e9 6000 | 0000 493b 
  0x0000023b4ece597c: b950 0100 | 0075 0d49 | 8381 5801 | 0000 01e9 | 4a00 0000 | 4983 b940 | 0100 0000 | 7517 4989 
  0x0000023b4ece599c: b940 0100 | 0049 c781 | 4801 0000 | 0100 0000 | e929 0000 | 0049 83b9 | 5001 0000 | 0075 1749 
  0x0000023b4ece59bc: 89b9 5001 | 0000 49c7 | 8158 0100 | 0001 0000 | 00e9 0800 | 0000 4983 | 8138 0100 

  0x0000023b4ece59d8: ;   {metadata({type array byte})}
  0x0000023b4ece59d8: 0001 48bf | 604e 1894 | 0000 0000 | 448b 4808 | 41ba 0000 | 0094 4d03 | ca49 3b79 | 380f 855b 
  0x0000023b4ece59f8: 1100 00e9 | 0000 0000 | 488b f048 | 89b4 2478 | 0100 008b | 8c24 4c01 | 0000 85c9 

  0x0000023b4ece5a14: ;   {metadata(method data for {method} {0x000000009449a758} 'newArrayWithSuffix' '(Ljava/lang/String;IB)[B' in 'java/lang/StringConcatHelper')}
  0x0000023b4ece5a14: 49b8 f8ce | 3a66 3b02 | 0000 41b9 | 1801 0000 | 7506 41b9 | 2801 0000 | 4b8b 3c08 | 488d 7f01 
  0x0000023b4ece5a34: 4b89 3c08 | 0f85 d400 

  0x0000023b4ece5a3c: ;   {oop("]"{0x000000070f31e190})}
  0x0000023b4ece5a3c: 0000 48ba | 90e1 310f | 0700 0000 

  0x0000023b4ece5a48: ;   {metadata(method data for {method} {0x000000009449a758} 'newArrayWithSuffix' '(Ljava/lang/String;IB)[B' in 'java/lang/StringConcatHelper')}
  0x0000023b4ece5a48: 4c8b c249 | b9f8 ce3a | 663b 0200 | 0045 8b40 | 0841 ba00 | 0000 944d | 03c2 4d3b | 8140 0100 
  0x0000023b4ece5a68: 0075 0d49 | 8381 4801 | 0000 01e9 | 6000 0000 | 4d3b 8150 | 0100 0075 | 0d49 8381 | 5801 0000 
  0x0000023b4ece5a88: 01e9 4a00 | 0000 4983 | b940 0100 | 0000 7517 | 4d89 8140 | 0100 0049 | c781 4801 | 0000 0100 
  0x0000023b4ece5aa8: 0000 e929 | 0000 0049 | 83b9 5001 | 0000 0075 | 174d 8981 | 5001 0000 | 49c7 8158 | 0100 0001 
  0x0000023b4ece5ac8: 0000 00e9 | 0800 0000 | 4983 8138 | 0100 0001 | 4c8b c644 | 8b8c 2470 | 0100 00bf | 0000 0000 
  0x0000023b4ece5ae8: 0f1f 8000 

  0x0000023b4ece5aec: ;   {optimized virtual_call}
  0x0000023b4ece5aec: 0000 00e8 

  0x0000023b4ece5af0: ; ImmutableOopMap {[288]=Oop [320]=Oop [336]=Oop [344]=Oop [352]=Oop [376]=Oop }
                      ;*invokevirtual getBytes {reexecute=0 rethrow=0 return_oop=0}
                      ; - java.lang.StringConcatHelper::newArrayWithSuffix@20 (line 613)
                      ; - java.lang.String$$StringConcat/0x0000000095081000::concat@58
                      ; - java.lang.invoke.DirectMethodHandle$Holder::invokeSpecial@14
                      ; - java.lang.invoke.LambdaForm$MH/0x0000000095081400::invoke@24
                      ; - java.lang.invoke.Invokers$Holder::linkToTargetMethod@6
                      ; - Rendering.ImGui.ImGuiEditor::render@27 (line 22)
  0x0000023b4ece5af0: 1c10 8d07 

  0x0000023b4ece5af4: ;   {post_call_nop}
  0x0000023b4ece5af4: 0f1f 8400 | ec15 0009 

  0x0000023b4ece5afc: ;   {metadata(method data for {method} {0x000000009449a758} 'newArrayWithSuffix' '(Ljava/lang/String;IB)[B' in 'java/lang/StringConcatHelper')}
  0x0000023b4ece5afc: 49b8 f8ce | 3a66 3b02 | 0000 41ff | 8068 0100 | 00e9 c200 

  0x0000023b4ece5b10: ;   {oop("]"{0x000000070f31e190})}
  0x0000023b4ece5b10: 0000 48ba | 90e1 310f | 0700 0000 

  0x0000023b4ece5b1c: ;   {metadata(method data for {method} {0x000000009449a758} 'newArrayWithSuffix' '(Ljava/lang/String;IB)[B' in 'java/lang/StringConcatHelper')}
  0x0000023b4ece5b1c: 4c8b c249 | b9f8 ce3a | 663b 0200 | 0045 8b40 | 0841 ba00 | 0000 944d | 03c2 4d3b | 8188 0100 
  0x0000023b4ece5b3c: 0075 0d49 | 8381 9001 | 0000 01e9 | 6000 0000 | 4d3b 8198 | 0100 0075 | 0d49 8381 | a001 0000 
  0x0000023b4ece5b5c: 01e9 4a00 | 0000 4983 | b988 0100 | 0000 7517 | 4d89 8188 | 0100 0049 | c781 9001 | 0000 0100 
  0x0000023b4ece5b7c: 0000 e929 | 0000 0049 | 83b9 9801 | 0000 0075 | 174d 8981 | 9801 0000 | 49c7 81a0 | 0100 0001 
  0x0000023b4ece5b9c: 0000 00e9 | 0800 0000 | 4983 8180 | 0100 0001 | 4c8b 8424 | 7801 0000 | 448b 8c24 | 7001 0000 
  0x0000023b4ece5bbc: bf01 0000 | 0066 0f1f 

  0x0000023b4ece5bc4: ;   {optimized virtual_call}
  0x0000023b4ece5bc4: 4400 00e8 

  0x0000023b4ece5bc8: ; ImmutableOopMap {[288]=Oop [320]=Oop [336]=Oop [344]=Oop [352]=Oop [376]=Oop }
                      ;*invokevirtual getBytes {reexecute=0 rethrow=0 return_oop=0}
                      ; - java.lang.StringConcatHelper::newArrayWithSuffix@30 (line 615)
                      ; - java.lang.String$$StringConcat/0x0000000095081000::concat@58
                      ; - java.lang.invoke.DirectMethodHandle$Holder::invokeSpecial@14
                      ; - java.lang.invoke.LambdaForm$MH/0x0000000095081400::invoke@24
                      ; - java.lang.invoke.Invokers$Holder::linkToTargetMethod@6
                      ; - Rendering.ImGui.ImGuiEditor::render@27 (line 22)
  0x0000023b4ece5bc8: 1492 3507 

  0x0000023b4ece5bcc: ;   {post_call_nop}
  0x0000023b4ece5bcc: 0f1f 8400 | c416 000a | 488b b424 | 7801 0000 

  0x0000023b4ece5bdc: ;   {metadata(method data for {method} {0x0000023b6649e5a0} 'concat' '(Ljava/lang/Object;Ljava/lang/Object;)Ljava/lang/String;' in 'java/lang/String$$StringConcat+0x0000000095081000')}
  0x0000023b4ece5bdc: 48ba d0e9 | 4966 3b02 | 0000 4883 | 8258 0100 

  0x0000023b4ece5bec: ;   {metadata(method data for {method} {0x0000023b6649e498} 'prepend' '(IB[B[Ljava/lang/String;Ljava/lang/String;Ljava/lang/String;)I' in 'java/lang/String$$StringConcat+0x0000000095081000')}
  0x0000023b4ece5bec: 0001 48ba | d002 c066 | 3b02 0000 | 448b 8290 | 0000 0041 | 83c0 0244 | 8982 9000 | 0000 4181 
  0x0000023b4ece5c0c: e0fe ff1f | 0045 85c0 | 0f84 450f 

  0x0000023b4ece5c18: ;   {metadata(method data for {method} {0x0000023b6649e498} 'prepend' '(IB[B[Ljava/lang/String;Ljava/lang/String;Ljava/lang/String;)I' in 'java/lang/String$$StringConcat+0x0000000095081000')}
  0x0000023b4ece5c18: 0000 48ba | d002 c066 | 3b02 0000 | 4883 82d8 | 0000 0001 | 8b94 2470 | 0100 0044 | 8b84 244c 
  0x0000023b4ece5c38: 0100 004c | 8bce 488b | bc24 5001 

  0x0000023b4ece5c44: ;   {oop("] Arch: ["{0x000000070f31e158})}
  0x0000023b4ece5c44: 0000 48be | 58e1 310f | 0700 0000 | 0f1f 8000 

  0x0000023b4ece5c54: ;   {static_call}
  0x0000023b4ece5c54: 0000 00e8 

  0x0000023b4ece5c58: ; ImmutableOopMap {[288]=Oop [320]=Oop [336]=Oop [344]=Oop [352]=Oop [376]=Oop }
                      ;*invokestatic prepend {reexecute=0 rethrow=0 return_oop=0}
                      ; - java.lang.String$$StringConcat/0x0000000095081000::prepend@8
                      ; - java.lang.String$$StringConcat/0x0000000095081000::concat@74
                      ; - java.lang.invoke.DirectMethodHandle$Holder::invokeSpecial@14
                      ; - java.lang.invoke.LambdaForm$MH/0x0000000095081400::invoke@24
                      ; - java.lang.invoke.Invokers$Holder::linkToTargetMethod@6
                      ; - Rendering.ImGui.ImGuiEditor::render@27 (line 22)
  0x0000023b4ece5c58: 244e eaff 

  0x0000023b4ece5c5c: ;   {post_call_nop}
  0x0000023b4ece5c5c: 0f1f 8400 | 5417 000b 

  0x0000023b4ece5c64: ;   {metadata(method data for {method} {0x0000023b6649e498} 'prepend' '(IB[B[Ljava/lang/String;Ljava/lang/String;Ljava/lang/String;)I' in 'java/lang/String$$StringConcat+0x0000000095081000')}
  0x0000023b4ece5c64: 48ba d002 | c066 3b02 | 0000 4883 | 82e8 0000 | 0001 488b | d044 8b84 | 244c 0100 | 004c 8b8c 
  0x0000023b4ece5c84: 2478 0100 | 0048 8bbc | 2458 0100 

  0x0000023b4ece5c90: ;   {oop("OS: ["{0x000000070f31e128})}
  0x0000023b4ece5c90: 0048 be28 | e131 0f07 | 0000 000f 

  0x0000023b4ece5c9c: ;   {static_call}
  0x0000023b4ece5c9c: 1f40 00e8 

  0x0000023b4ece5ca0: ; ImmutableOopMap {[288]=Oop [320]=Oop [336]=Oop [344]=Oop [352]=Oop [376]=Oop }
                      ;*invokestatic prepend {reexecute=0 rethrow=0 return_oop=0}
                      ; - java.lang.String$$StringConcat/0x0000000095081000::prepend@18
                      ; - java.lang.String$$StringConcat/0x0000000095081000::concat@74
                      ; - java.lang.invoke.DirectMethodHandle$Holder::invokeSpecial@14
                      ; - java.lang.invoke.LambdaForm$MH/0x0000000095081400::invoke@24
                      ; - java.lang.invoke.Invokers$Holder::linkToTargetMethod@6
                      ; - Rendering.ImGui.ImGuiEditor::render@27 (line 22)
  0x0000023b4ece5ca0: dc4d eaff 

  0x0000023b4ece5ca4: ;   {post_call_nop}
  0x0000023b4ece5ca4: 0f1f 8400 | 9c17 000c 

  0x0000023b4ece5cac: ;   {metadata('java/lang/String')}
  0x0000023b4ece5cac: 488b d848 | ba30 7e18 | 9400 0000 | 0049 8b87 | c801 0000 | 488d 7818 | 493b bfd8 | 0100 000f 
  0x0000023b4ece5ccc: 87af 0e00 | 0049 89bf | c801 0000 | 48c7 0001 | 0000 0048 | 8bca 41ba | 0000 0094 | 492b ca89 
  0x0000023b4ece5cec: 4808 4833 | c989 480c | 4833 c948 | 8948 1048 

  0x0000023b4ece5cfc: ;   {metadata(method data for {method} {0x0000023b6649e5a0} 'concat' '(Ljava/lang/Object;Ljava/lang/Object;)Ljava/lang/String;' in 'java/lang/String$$StringConcat+0x0000000095081000')}
  0x0000023b4ece5cfc: 8bd0 48be | d0e9 4966 | 3b02 0000 | 4883 8668 | 0100 0001 

  0x0000023b4ece5d10: ;   {metadata(method data for {method} {0x00000000944afea8} '<init>' '([BB)V' in 'java/lang/String')}
  0x0000023b4ece5d10: 48ba 6870 | 0366 3b02 | 0000 8bb2 | 9000 0000 | 83c6 0289 | b290 0000 | 0081 e6fe | ff1f 0085 
  0x0000023b4ece5d30: f60f 8456 | 0e00 0048 

  0x0000023b4ece5d38: ;   {metadata(method data for {method} {0x00000000944afea8} '<init>' '([BB)V' in 'java/lang/String')}
  0x0000023b4ece5d38: 8bd0 48be | 6870 0366 | 3b02 0000 | 4883 86d8 | 0000 0001 

  0x0000023b4ece5d4c: ;   {metadata(method data for {method} {0x00000000944b4c90} '<init>' '()V' in 'java/lang/Object')}
  0x0000023b4ece5d4c: 48ba f8dc | 0066 3b02 | 0000 8bb2 | 9000 0000 | 83c6 0289 | b290 0000 | 0081 e6fe | ff1f 0085 
  0x0000023b4ece5d6c: f60f 843b | 0e00 0041 | 0fbe 5748 | 85d2 0f85 | 4f0e 0000 | 488b b424 | 7801 0000 | 4c8b d649 
  0x0000023b4ece5d8c: c1ea 0344 | 8950 1448 | 8bd0 4833 | d648 c1ea | 1548 83fa | 000f 8547 | 0e00 008b | 8c24 4c01 
  0x0000023b4ece5dac: 0000 8848 

  0x0000023b4ece5db0: ;   {metadata(method data for {method} {0x0000023b6643dcb0} 'render' '()V' in 'Rendering/ImGui/ImGuiEditor')}
  0x0000023b4ece5db0: 1048 ba68 | 17c0 663b | 0200 0048 | 8382 9801 

  0x0000023b4ece5dc0: ;   {metadata(method data for {method} {0x0000023b66853438} 'text' '(Ljava/lang/String;)V' in 'imgui/ImGui')}
  0x0000023b4ece5dc0: 0000 0148 | bac0 72bb | 663b 0200 | 008b b290 | 0000 0083 | c602 89b2 | 9000 0000 | 81e6 feff 
  0x0000023b4ece5de0: 1f00 85f6 | 0f84 1c0e 

  0x0000023b4ece5de8: ;   {metadata(method data for {method} {0x0000023b66853438} 'text' '(Ljava/lang/String;)V' in 'imgui/ImGui')}
  0x0000023b4ece5de8: 0000 48ba | c072 bb66 | 3b02 0000 | 4883 82d8 | 0000 0001 | 488b d048 | 8984 2480 

  0x0000023b4ece5e04: ;   {static_call}
  0x0000023b4ece5e04: 0100 00e8 

  0x0000023b4ece5e08: ; ImmutableOopMap {[288]=Oop [384]=Oop }
                      ;*invokestatic nText {reexecute=0 rethrow=0 return_oop=0}
                      ; - imgui.ImGui::text@1 (line 2909)
                      ; - Rendering.ImGui.ImGuiEditor::render@32 (line 22)
  0x0000023b4ece5e08: 84ea 8e07 

  0x0000023b4ece5e0c: ;   {post_call_nop}
  0x0000023b4ece5e0c: 0f1f 8400 | 0419 000d 

  0x0000023b4ece5e14: ;   {metadata(method data for {method} {0x0000023b6643dcb0} 'render' '()V' in 'Rendering/ImGui/ImGuiEditor')}
  0x0000023b4ece5e14: 48ba 6817 | c066 3b02 | 0000 4883 | 82a8 0100 

  0x0000023b4ece5e24: ;   {metadata(method data for {method} {0x0000023b66853fa0} 'button' '(Ljava/lang/String;)Z' in 'imgui/ImGui')}
  0x0000023b4ece5e24: 0001 48ba | a09c c066 | 3b02 0000 | 8bb2 9000 | 0000 83c6 | 0289 b290 | 0000 0081 | e6fe ff1f 
  0x0000023b4ece5e44: 0085 f60f | 84da 0d00 

  0x0000023b4ece5e4c: ;   {metadata(method data for {method} {0x0000023b66853fa0} 'button' '(Ljava/lang/String;)Z' in 'imgui/ImGui')}
  0x0000023b4ece5e4c: 0048 baa0 | 9cc0 663b | 0200 0048 | 8382 d800 

  0x0000023b4ece5e5c: ;   {oop("Ç Save"{0x000000070f31e440})}
  0x0000023b4ece5e5c: 0000 0148 | ba40 e431 | 0f07 0000 | 0066 0f1f 

  0x0000023b4ece5e6c: ;   {static_call}
  0x0000023b4ece5e6c: 4400 00e8 

  0x0000023b4ece5e70: ; ImmutableOopMap {[288]=Oop }
                      ;*invokestatic nButton {reexecute=0 rethrow=0 return_oop=0}
                      ; - imgui.ImGui::button@1 (line 3030)
                      ; - Rendering.ImGui.ImGuiEditor::render@37 (line 23)
  0x0000023b4ece5e70: 9cda 8f07 

  0x0000023b4ece5e74: ;   {post_call_nop}
  0x0000023b4ece5e74: 0f1f 8400 | 6c19 000e | 83e0 0185 

  0x0000023b4ece5e80: ;   {metadata(method data for {method} {0x0000023b6643dcb0} 'render' '()V' in 'Rendering/ImGui/ImGuiEditor')}
  0x0000023b4ece5e80: c048 be68 | 17c0 663b | 0200 00bf | b801 0000 | 7405 bfc8 | 0100 0048 | 8b1c 3e48 | 8d5b 0148 
  0x0000023b4ece5ea0: 891c 3e0f | 8410 0000 | 0048 8b94 | 2420 0100 | 008b 720c | ffc6 8972 

  0x0000023b4ece5eb8: ;   {metadata(method data for {method} {0x0000023b6643dcb0} 'render' '()V' in 'Rendering/ImGui/ImGuiEditor')}
  0x0000023b4ece5eb8: 0c48 be68 | 17c0 663b | 0200 0048 | 8386 d801 

  0x0000023b4ece5ec8: ;   {metadata(method data for {method} {0x0000023b668510c0} 'sameLine' '()V' in 'imgui/ImGui')}
  0x0000023b4ece5ec8: 0000 0148 | bec8 9dc0 | 663b 0200 | 008b be90 | 0000 0083 | c702 89be | 9000 0000 | 81e7 feff 
  0x0000023b4ece5ee8: 1f00 85ff | 0f84 560d 

  0x0000023b4ece5ef0: ;   {metadata(method data for {method} {0x0000023b668510c0} 'sameLine' '()V' in 'imgui/ImGui')}
  0x0000023b4ece5ef0: 0000 48be | c89d c066 | 3b02 0000 | 4883 86d8 | 0000 0001 

  0x0000023b4ece5f04: ;   {static_call}
  0x0000023b4ece5f04: 6666 90e8 

  0x0000023b4ece5f08: ; ImmutableOopMap {[288]=Oop }
                      ;*invokestatic nSameLine {reexecute=0 rethrow=0 return_oop=0}
                      ; - imgui.ImGui::sameLine@0 (line 2561)
                      ; - Rendering.ImGui.ImGuiEditor::render@53 (line 26)
  0x0000023b4ece5f08: 04dd 8f07 

  0x0000023b4ece5f0c: ;   {post_call_nop}
  0x0000023b4ece5f0c: 0f1f 8400 | 041a 000f | 488b 9424 | 2001 0000 

  0x0000023b4ece5f1c: ;   {metadata(method data for {method} {0x0000023b6643dcb0} 'render' '()V' in 'Rendering/ImGui/ImGuiEditor')}
  0x0000023b4ece5f1c: 8b72 0c48 | bf68 17c0 | 663b 0200 | 0048 8387 | e801 0000 

  0x0000023b4ece5f30: ;   {metadata(method data for {method} {0x00000000944af718} 'valueOf' '(I)Ljava/lang/String;' in 'java/lang/String')}
  0x0000023b4ece5f30: 0148 bf60 | 4cbd 663b | 0200 008b | 9f90 0000 | 0083 c302 | 899f 9000 | 0000 81e3 | feff 1f00 
  0x0000023b4ece5f50: 85db 0f84 | 110d 0000 

  0x0000023b4ece5f58: ;   {metadata(method data for {method} {0x00000000944af718} 'valueOf' '(I)Ljava/lang/String;' in 'java/lang/String')}
  0x0000023b4ece5f58: 48bf 604c | bd66 3b02 | 0000 4883 | 87d8 0000 | 0001 488b | d689 b424 | 8801 0000 

  0x0000023b4ece5f74: ;   {static_call}
  0x0000023b4ece5f74: 6666 90e8 

  0x0000023b4ece5f78: ; ImmutableOopMap {[288]=Oop }
                      ;*invokestatic toString {reexecute=0 rethrow=0 return_oop=0}
                      ; - java.lang.String::valueOf@1 (line 4643)
                      ; - Rendering.ImGui.ImGuiEditor::render@60 (line 27)
  0x0000023b4ece5f78: 04cd fdff 

  0x0000023b4ece5f7c: ;   {post_call_nop}
  0x0000023b4ece5f7c: 0f1f 8400 | 741a 0010 

  0x0000023b4ece5f84: ;   {metadata(method data for {method} {0x0000023b6643dcb0} 'render' '()V' in 'Rendering/ImGui/ImGuiEditor')}
  0x0000023b4ece5f84: 48ba 6817 | c066 3b02 | 0000 4883 | 82f8 0100 

  0x0000023b4ece5f94: ;   {metadata(method data for {method} {0x0000023b66853438} 'text' '(Ljava/lang/String;)V' in 'imgui/ImGui')}
  0x0000023b4ece5f94: 0001 48ba | c072 bb66 | 3b02 0000 | 8bb2 9000 | 0000 83c6 | 0289 b290 | 0000 0081 | e6fe ff1f 
  0x0000023b4ece5fb4: 0085 f60f | 84cd 0c00 

  0x0000023b4ece5fbc: ;   {metadata(method data for {method} {0x0000023b66853438} 'text' '(Ljava/lang/String;)V' in 'imgui/ImGui')}
  0x0000023b4ece5fbc: 0048 bac0 | 72bb 663b | 0200 0048 | 8382 d800 | 0000 0148 | 8bd0 4889 | 8424 9001 | 0000 0f1f 
  0x0000023b4ece5fdc: ;   {static_call}
  0x0000023b4ece5fdc: 4400 00e8 

  0x0000023b4ece5fe0: ; ImmutableOopMap {[288]=Oop [400]=Oop }
                      ;*invokestatic nText {reexecute=0 rethrow=0 return_oop=0}
                      ; - imgui.ImGui::text@1 (line 2909)
                      ; - Rendering.ImGui.ImGuiEditor::render@63 (line 27)
  0x0000023b4ece5fe0: ace8 8e07 

  0x0000023b4ece5fe4: ;   {post_call_nop}
  0x0000023b4ece5fe4: 0f1f 8400 | dc1a 0011 | 488b 9424 | 2001 0000 | 8b72 1448 

  0x0000023b4ece5ff8: ;   {metadata(method data for {method} {0x0000023b6643dcb0} 'render' '()V' in 'Rendering/ImGui/ImGuiEditor')}
  0x0000023b4ece5ff8: c1e6 0349 | b868 17c0 | 663b 0200 | 0049 8380 | 0802 0000 

  0x0000023b4ece600c: ;   {metadata(method data for {method} {0x0000023b66863f40} 'sliderFloat' '(Ljava/lang/String;[FFF)Z' in 'imgui/ImGui')}
  0x0000023b4ece600c: 0149 b8e8 | 9ec0 663b | 0200 0041 | 8bb8 9000 | 0000 83c7 | 0241 89b8 | 9000 0000 | 81e7 feff 
  0x0000023b4ece602c: 1f00 85ff | 0f84 750c 

  0x0000023b4ece6034: ;   {metadata(method data for {method} {0x0000023b66863f40} 'sliderFloat' '(Ljava/lang/String;[FFF)Z' in 'imgui/ImGui')}
  0x0000023b4ece6034: 0000 49b8 | e89e c066 | 3b02 0000 | 4983 80d8 | 0000 0001 

  0x0000023b4ece6048: ;   {oop("float"{0x00000007ffe3b118})}
  0x0000023b4ece6048: 48ba 18b1 | e3ff 0700 | 0000 4c8b | c6c5 f857 

  0x0000023b4ece6058: ;   {section_word}
  0x0000023b4ece6058: c0c5 fa10 | 0d9f e5ff | ff48 89b4 | 2498 0100 | 0066 0f1f 

  0x0000023b4ece606c: ;   {static_call}
  0x0000023b4ece606c: 4400 00e8 

  0x0000023b4ece6070: ; ImmutableOopMap {[288]=Oop [408]=Oop }
                      ;*invokestatic nSliderFloat {reexecute=0 rethrow=0 return_oop=0}
                      ; - imgui.ImGui::sliderFloat@4 (line 5409)
                      ; - Rendering.ImGui.ImGuiEditor::render@74 (line 28)
  0x0000023b4ece6070: 9cde 8f07 

  0x0000023b4ece6074: ;   {post_call_nop}
  0x0000023b4ece6074: 0f1f 8400 | 6c1b 0012 

  0x0000023b4ece607c: ;   {metadata(method data for {method} {0x0000023b6643dcb0} 'render' '()V' in 'Rendering/ImGui/ImGuiEditor')}
  0x0000023b4ece607c: 48be 6817 | c066 3b02 | 0000 4883 | 8618 0200 

  0x0000023b4ece608c: ;   {metadata(method data for {method} {0x0000023b66850f80} 'separator' '()V' in 'imgui/ImGui')}
  0x0000023b4ece608c: 0001 48be | a0d6 bb66 | 3b02 0000 | 8bbe 9000 | 0000 83c7 | 0289 be90 | 0000 0081 | e7fe ff1f 
  0x0000023b4ece60ac: 0085 ff0f | 8417 0c00 

  0x0000023b4ece60b4: ;   {metadata(method data for {method} {0x0000023b66850f80} 'separator' '()V' in 'imgui/ImGui')}
  0x0000023b4ece60b4: 0048 bea0 | d6bb 663b | 0200 0048 | 8386 d800 

  0x0000023b4ece60c4: ;   {static_call}
  0x0000023b4ece60c4: 0000 01e8 

  0x0000023b4ece60c8: ; ImmutableOopMap {[288]=Oop }
                      ;*invokestatic nSeparator {reexecute=0 rethrow=0 return_oop=0}
                      ; - imgui.ImGui::separator@0 (line 2550)
                      ; - Rendering.ImGui.ImGuiEditor::render@78 (line 29)
  0x0000023b4ece60c8: 44e1 8f07 

  0x0000023b4ece60cc: ;   {post_call_nop}
  0x0000023b4ece60cc: 0f1f 8400 | c41b 0013 | 488b 9424 | 2001 0000 

  0x0000023b4ece60dc: ;   {metadata(method data for {method} {0x0000023b6643dcb0} 'render' '()V' in 'Rendering/ImGui/ImGuiEditor')}
  0x0000023b4ece60dc: 48be 6817 | c066 3b02 | 0000 4883 | 8628 0200 

  0x0000023b4ece60ec: ;   {metadata(method data for {method} {0x0000023b6643dd88} 'showExtras' '()V' in 'Rendering/ImGui/ImGuiEditor')}
  0x0000023b4ece60ec: 0001 48ba | 28a0 c066 | 3b02 0000 | 8bb2 9000 | 0000 83c6 | 0289 b290 | 0000 0081 | e6fe ff1f 
  0x0000023b4ece610c: 0085 f60f | 84d8 0b00 

  0x0000023b4ece6114: ;   {metadata(method data for {method} {0x0000023b6643dd88} 'showExtras' '()V' in 'Rendering/ImGui/ImGuiEditor')}
  0x0000023b4ece6114: 0048 ba28 | a0c0 663b | 0200 0048 | 8382 d800 

  0x0000023b4ece6124: ;   {metadata(method data for {method} {0x0000023b66853438} 'text' '(Ljava/lang/String;)V' in 'imgui/ImGui')}
  0x0000023b4ece6124: 0000 0148 | bac0 72bb | 663b 0200 | 008b b290 | 0000 0083 | c602 89b2 | 9000 0000 | 81e6 feff 
  0x0000023b4ece6144: 1f00 85f6 | 0f84 c00b 

  0x0000023b4ece614c: ;   {metadata(method data for {method} {0x0000023b66853438} 'text' '(Ljava/lang/String;)V' in 'imgui/ImGui')}
  0x0000023b4ece614c: 0000 48ba | c072 bb66 | 3b02 0000 | 4883 82d8 | 0000 0001 

  0x0000023b4ece6160: ;   {oop("Extras"{0x000000070f31e9c0})}
  0x0000023b4ece6160: 48ba c0e9 | 310f 0700 | 0000 0f1f 

  0x0000023b4ece616c: ;   {static_call}
  0x0000023b4ece616c: 4400 00e8 

  0x0000023b4ece6170: ; ImmutableOopMap {[288]=Oop }
                      ;*invokestatic nText {reexecute=0 rethrow=0 return_oop=0}
                      ; - imgui.ImGui::text@1 (line 2909)
                      ; - Rendering.ImGui.ImGuiEditor::showExtras@2 (line 36)
                      ; - Rendering.ImGui.ImGuiEditor::render@82 (line 30)
  0x0000023b4ece6170: 1ce7 8e07 

  0x0000023b4ece6174: ;   {post_call_nop}
  0x0000023b4ece6174: 0f1f 8400 | 6c1c 0014 

  0x0000023b4ece617c: ;   {metadata(method data for {method} {0x0000023b6643dd88} 'showExtras' '()V' in 'Rendering/ImGui/ImGuiEditor')}
  0x0000023b4ece617c: 48ba 28a0 | c066 3b02 | 0000 4883 | 82e8 0000 

  0x0000023b4ece618c: ;   {metadata(method data for {method} {0x0000023b66854b88} 'checkbox' '(Ljava/lang/String;Limgui/type/ImBoolean;)Z' in 'imgui/ImGui')}
  0x0000023b4ece618c: 0001 48ba | e0a1 c066 | 3b02 0000 | 448b 8290 | 0000 0041 | 83c0 0244 | 8982 9000 | 0000 4181 
  0x0000023b4ece61ac: e0fe ff1f | 0045 85c0 | 0f84 750b 

  0x0000023b4ece61b8: ;   {metadata(method data for {method} {0x0000023b66854b88} 'checkbox' '(Ljava/lang/String;Limgui/type/ImBoolean;)Z' in 'imgui/ImGui')}
  0x0000023b4ece61b8: 0000 48ba | e0a1 c066 | 3b02 0000 | ff82 e800 

  0x0000023b4ece61c8: ;   {oop(a 'imgui/type/ImBoolean'{0x000000071055d2b8})}
  0x0000023b4ece61c8: 0000 48ba | b8d2 5510 | 0700 0000 

  0x0000023b4ece61d4: ;   {metadata(method data for {method} {0x0000023b66854b88} 'checkbox' '(Ljava/lang/String;Limgui/type/ImBoolean;)Z' in 'imgui/ImGui')}
  0x0000023b4ece61d4: 4c8b c248 | bee0 a1c0 | 663b 0200 | 0045 8b40 | 0841 ba00 | 0000 944d | 03c2 4c3b | 8600 0100 
  0x0000023b4ece61f4: 0075 0d48 | 8386 0801 | 0000 01e9 | 6000 0000 | 4c3b 8610 | 0100 0075 | 0d48 8386 | 1801 0000 
  0x0000023b4ece6214: 01e9 4a00 | 0000 4883 | be00 0100 | 0000 7517 | 4c89 8600 | 0100 0048 | c786 0801 | 0000 0100 
  0x0000023b4ece6234: 0000 e929 | 0000 0048 | 83be 1001 | 0000 0075 | 174c 8986 | 1001 0000 | 48c7 8618 | 0100 0001 
  0x0000023b4ece6254: 0000 00e9 | 0800 0000 | 4883 86f8 | 0000 0001 | 448b 420c | 49c1 e003 

  0x0000023b4ece626c: ;   {metadata(method data for {method} {0x0000023b66854b88} 'checkbox' '(Ljava/lang/String;Limgui/type/ImBoolean;)Z' in 'imgui/ImGui')}
  0x0000023b4ece626c: 48ba e0a1 | c066 3b02 | 0000 ff82 | 2801 0000 

  0x0000023b4ece627c: ;   {metadata(method data for {method} {0x0000023b66854b88} 'checkbox' '(Ljava/lang/String;Limgui/type/ImBoolean;)Z' in 'imgui/ImGui')}
  0x0000023b4ece627c: 48ba e0a1 | c066 3b02 | 0000 4883 | 8240 0100 

  0x0000023b4ece628c: ;   {oop("Show Demo Window"{0x000000070f31e9f0})}
  0x0000023b4ece628c: 0001 48ba | f0e9 310f | 0700 0000 | 0f1f 8000 

  0x0000023b4ece629c: ;   {static_call}
  0x0000023b4ece629c: 0000 00e8 

  0x0000023b4ece62a0: ; ImmutableOopMap {[288]=Oop }
                      ;*invokestatic nCheckbox {reexecute=0 rethrow=0 return_oop=0}
                      ; - imgui.ImGui::checkbox@13 (line 3144)
                      ; - Rendering.ImGui.ImGuiEditor::showExtras@10 (line 37)
                      ; - Rendering.ImGui.ImGuiEditor::render@82 (line 30)
  0x0000023b4ece62a0: 6ce2 8f07 

  0x0000023b4ece62a4: ;   {post_call_nop}
  0x0000023b4ece62a4: 0f1f 8400 | 9c1d 0015 

  0x0000023b4ece62ac: ;   {oop(a 'imgui/type/ImBoolean'{0x000000071055d2b8})}
  0x0000023b4ece62ac: 83e0 0148 | bab8 d255 | 1007 0000 | 0048 8bf2 

  0x0000023b4ece62bc: ;   {metadata(method data for {method} {0x0000023b6643dd88} 'showExtras' '()V' in 'Rendering/ImGui/ImGuiEditor')}
  0x0000023b4ece62bc: 48bf 28a0 | c066 3b02 | 0000 8b76 | 0841 ba00 | 0000 9449 | 03f2 483b | b700 0100 | 0075 0d48 
  0x0000023b4ece62dc: 8387 0801 | 0000 01e9 | 6000 0000 | 483b b710 | 0100 0075 | 0d48 8387 | 1801 0000 | 01e9 4a00 
  0x0000023b4ece62fc: 0000 4883 | bf00 0100 | 0000 7517 | 4889 b700 | 0100 0048 | c787 0801 | 0000 0100 | 0000 e929 
  0x0000023b4ece631c: 0000 0048 | 83bf 1001 | 0000 0075 | 1748 89b7 | 1001 0000 | 48c7 8718 | 0100 0001 | 0000 00e9 
  0x0000023b4ece633c: 0800 0000 | 4883 87f8 | 0000 0001 

  0x0000023b4ece6348: ;   {metadata(method data for {method} {0x0000023b6643e988} 'get' '()Z' in 'imgui/type/ImBoolean')}
  0x0000023b4ece6348: 48be 78a3 | c066 3b02 | 0000 8bbe | 9000 0000 | 83c7 0289 | be90 0000 | 0081 e7fe | ff1f 0085 
  0x0000023b4ece6368: ff0f 84e1 | 0900 008b | 520c 48c1 | e203 837a | 0c00 0f86 | fb09 0000 | 0fbe 7210 | 83e6 0185 
  0x0000023b4ece6388: ;   {metadata(method data for {method} {0x0000023b6643dd88} 'showExtras' '()V' in 'Rendering/ImGui/ImGuiEditor')}
  0x0000023b4ece6388: f648 be28 | a0c0 663b | 0200 00bf | 2801 0000 | 7405 bf38 | 0100 0048 | 8b1c 3e48 | 8d5b 0148 
  0x0000023b4ece63a8: 891c 3e0f | 8453 0100 | 0048 8bb4 | 2420 0100 

  0x0000023b4ece63b8: ;   {metadata(method data for {method} {0x0000023b6643dd88} 'showExtras' '()V' in 'Rendering/ImGui/ImGuiEditor')}
  0x0000023b4ece63b8: 0048 bf28 | a0c0 663b | 0200 0048 | 8387 4801 

  0x0000023b4ece63c8: ;   {metadata(method data for {method} {0x0000023b6643de48} 'showDemo' '()V' in 'Rendering/ImGui/ImGuiEditor')}
  0x0000023b4ece63c8: 0000 0148 | be80 a4c0 | 663b 0200 | 008b be90 | 0000 0083 | c702 89be | 9000 0000 | 81e7 feff 
  0x0000023b4ece63e8: 1f00 85ff | 0f84 9b09 

  0x0000023b4ece63f0: ;   {metadata(method data for {method} {0x0000023b6643de48} 'showDemo' '()V' in 'Rendering/ImGui/ImGuiEditor')}
  0x0000023b4ece63f0: 0000 48be | 80a4 c066 | 3b02 0000 | 4883 86d8 | 0000 0001 

  0x0000023b4ece6404: ;   {metadata(method data for {method} {0x0000023b66845570} 'showDemoWindow' '(Limgui/type/ImBoolean;)V' in 'imgui/ImGui')}
  0x0000023b4ece6404: 48be a8a5 | c066 3b02 | 0000 8bbe | 9000 0000 | 83c7 0289 | be90 0000 | 0081 e7fe | ff1f 0085 
  0x0000023b4ece6424: ff0f 8483 

  0x0000023b4ece6428: ;   {metadata(method data for {method} {0x0000023b66845570} 'showDemoWindow' '(Limgui/type/ImBoolean;)V' in 'imgui/ImGui')}
  0x0000023b4ece6428: 0900 0048 | bea8 a5c0 | 663b 0200 | 00ff 86e8 

  0x0000023b4ece6438: ;   {oop(a 'imgui/type/ImBoolean'{0x000000071055d2b8})}
  0x0000023b4ece6438: 0000 0048 | beb8 d255 | 1007 0000 

  0x0000023b4ece6444: ;   {metadata(method data for {method} {0x0000023b66845570} 'showDemoWindow' '(Limgui/type/ImBoolean;)V' in 'imgui/ImGui')}
  0x0000023b4ece6444: 0048 bfa8 | a5c0 663b | 0200 008b | 7608 41ba | 0000 0094 | 4903 f248 | 3bb7 0001 | 0000 750d 
  0x0000023b4ece6464: 4883 8708 | 0100 0001 | e960 0000 | 0048 3bb7 | 1001 0000 | 750d 4883 | 8718 0100 | 0001 e94a 
  0x0000023b4ece6484: 0000 0048 | 83bf 0001 | 0000 0075 | 1748 89b7 | 0001 0000 | 48c7 8708 | 0100 0001 | 0000 00e9 
  0x0000023b4ece64a4: 2900 0000 | 4883 bf10 | 0100 0000 | 7517 4889 | b710 0100 | 0048 c787 | 1801 0000 | 0100 0000 
  0x0000023b4ece64c4: e908 0000 | 0048 8387 | f800 0000 

  0x0000023b4ece64d0: ;   {metadata(method data for {method} {0x0000023b66845570} 'showDemoWindow' '(Limgui/type/ImBoolean;)V' in 'imgui/ImGui')}
  0x0000023b4ece64d0: 0148 bea8 | a5c0 663b | 0200 00ff | 8628 0100 

  0x0000023b4ece64e0: ;   {metadata(method data for {method} {0x0000023b66845570} 'showDemoWindow' '(Limgui/type/ImBoolean;)V' in 'imgui/ImGui')}
  0x0000023b4ece64e0: 0048 bea8 | a5c0 663b | 0200 0048 | 8386 4001 | 0000 010f 

  0x0000023b4ece64f4: ;   {static_call}
  0x0000023b4ece64f4: 1f40 00e8 

  0x0000023b4ece64f8: ; ImmutableOopMap {[288]=Oop }
                      ;*invokestatic nShowDemoWindow {reexecute=0 rethrow=0 return_oop=0}
                      ; - imgui.ImGui::showDemoWindow@12 (line 305)
                      ; - Rendering.ImGui.ImGuiEditor::showDemo@3 (line 46)
                      ; - Rendering.ImGui.ImGuiEditor::showExtras@24 (line 40)
                      ; - Rendering.ImGui.ImGuiEditor::render@82 (line 30)
  0x0000023b4ece64f8: e48e 3507 

  0x0000023b4ece64fc: ;   {post_call_nop}
  0x0000023b4ece64fc: 0f1f 8400 | f41f 0016 

  0x0000023b4ece6504: ;   {metadata(method data for {method} {0x0000023b6643dcb0} 'render' '()V' in 'Rendering/ImGui/ImGuiEditor')}
  0x0000023b4ece6504: 48be 6817 | c066 3b02 | 0000 4883 | 8658 0200 

  0x0000023b4ece6514: ;   {metadata(method data for {method} {0x0000023b668476e0} 'end' '()V' in 'imgui/ImGui')}
  0x0000023b4ece6514: 0001 48be | 38a7 c066 | 3b02 0000 | 8bbe 9000 | 0000 83c7 | 0289 be90 | 0000 0081 | e7fe ff1f 
  0x0000023b4ece6534: 0085 ff0f | 8492 0800 

  0x0000023b4ece653c: ;   {metadata(method data for {method} {0x0000023b668476e0} 'end' '()V' in 'imgui/ImGui')}
  0x0000023b4ece653c: 0048 be38 | a7c0 663b | 0200 0048 | 8386 d800 

  0x0000023b4ece654c: ;   {static_call}
  0x0000023b4ece654c: 0000 01e8 

  0x0000023b4ece6550: ; ImmutableOopMap {[288]=Oop }
                      ;*invokestatic nEnd {reexecute=0 rethrow=0 return_oop=0}
                      ; - imgui.ImGui::end@0 (line 617)
                      ; - Rendering.ImGui.ImGuiEditor::render@85 (line 32)
  0x0000023b4ece6550: bce2 8f07 

  0x0000023b4ece6554: ;   {post_call_nop}
  0x0000023b4ece6554: 0f1f 8400 | 4c20 0017 | 4881 c4c0 | 0100 005d 

  0x0000023b4ece6564: ;   {poll_return}
  0x0000023b4ece6564: 493b 6728 | 0f87 8208 | 0000 c390 

  0x0000023b4ece6570: ;   {other}
  0x0000023b4ece6570: e9a0 0800 | 0000 0000 | 0000 498b | 87c8 0100 | 0048 8d78 | 2849 3bbf | d801 0000 | 0f87 8d08 
  0x0000023b4ece6590: 0000 4989 | bfc8 0100 | 0048 c700 | 0100 0000 | 488b ca41 | ba00 0000 | 9449 2bca | 8948 0848 
  0x0000023b4ece65b0: 33c9 8948 | 0c48 33c9 | 4889 4810 | 4889 4818 | 4889 4820 

  0x0000023b4ece65c4: ;   {metadata(method data for {method} {0x000000009449b308} 'newArray' '(I)[B' in 'java/lang/StringConcatHelper')}
  0x0000023b4ece65c4: 488b d048 | be70 da07 | 663b 0200 | 0048 8386 | f800 0000 

  0x0000023b4ece65d8: ;   {oop("Overflow: String length out of range"{0x00000007ffe53c08})}
  0x0000023b4ece65d8: 0149 b808 | 3ce5 ff07 | 0000 0048 | 8bd0 4889 | 8424 a001 

  0x0000023b4ece65ec: ;   {optimized virtual_call}
  0x0000023b4ece65ec: 0000 90e8 

  0x0000023b4ece65f0: ; ImmutableOopMap {[288]=Oop [320]=Oop [336]=Oop [344]=Oop [352]=Oop [416]=Oop }
                      ;*invokespecial <init> {reexecute=0 rethrow=0 return_oop=0}
                      ; - java.lang.StringConcatHelper::newArray@10 (line 576)
                      ; - java.lang.StringConcatHelper::newArrayWithSuffix@8 (line 611)
                      ; - java.lang.String$$StringConcat/0x0000000095081000::concat@58
                      ; - java.lang.invoke.DirectMethodHandle$Holder::invokeSpecial@14
                      ; - java.lang.invoke.LambdaForm$MH/0x0000000095081400::invoke@24
                      ; - java.lang.invoke.Invokers$Holder::linkToTargetMethod@6
                      ; - Rendering.ImGui.ImGuiEditor::render@27 (line 22)
  0x0000023b4ece65f0: ec87 3507 

  0x0000023b4ece65f4: ;   {post_call_nop}
  0x0000023b4ece65f4: 0f1f 8400 | ec20 0018 | 488b 8424 

  0x0000023b4ece6600: ; ImmutableOopMap {rax=Oop [288]=Oop [320]=Oop [336]=Oop [344]=Oop [352]=Oop }
                      ;*athrow {reexecute=1 rethrow=0 return_oop=0}
                      ; - (reexecute) java.lang.StringConcatHelper::newArray@13 (line 576)
                      ; - java.lang.StringConcatHelper::newArrayWithSuffix@8 (line 611)
                      ; - java.lang.String$$StringConcat/0x0000000095081000::concat@58
                      ; - java.lang.invoke.DirectMethodHandle$Holder::invokeSpecial@14
                      ; - java.lang.invoke.LambdaForm$MH/0x0000000095081400::invoke@24
                      ; - java.lang.invoke.Invokers$Holder::linkToTargetMethod@6
                      ; - Rendering.ImGui.ImGuiEditor::render@27 (line 22)
  0x0000023b4ece6600: a001 0000 

  0x0000023b4ece6604: ;   {section_word}
  0x0000023b4ece6604: 48ba 0466 | ce4e 3b02 

  0x0000023b4ece660c: ;   {runtime_call C1 Runtime handle_exception_blob}
  0x0000023b4ece660c: 0000 e8cd | 3a43 0790 | 89b4 248c | 0100 000f | 1f44 0000 

  0x0000023b4ece6620: ;   {other}
  0x0000023b4ece6620: e916 0800 | 0000 0000 | 0000 498b | 87c8 0100 | 0048 8d78 | 2849 3bbf | d801 0000 | 0f87 0308 
  0x0000023b4ece6640: 0000 4989 | bfc8 0100 | 0048 c700 | 0100 0000 | 488b ca41 | ba00 0000 | 9449 2bca | 8948 0848 
  0x0000023b4ece6660: 33c9 8948 | 0c48 33c9 | 4889 4810 | 4889 4818 | 4889 4820 

  0x0000023b4ece6674: ;   {metadata(method data for {method} {0x000000009449a968} 'checkOverflow' '(I)I' in 'java/lang/StringConcatHelper')}
  0x0000023b4ece6674: 4c8b c048 | bae0 1a26 | 663b 0200 | 0048 8382 | f800 0000 

  0x0000023b4ece6688: ;   {oop("Overflow: String length out of range"{0x00000007ffe53c08})}
  0x0000023b4ece6688: 0149 b808 | 3ce5 ff07 | 0000 0048 | 8bd0 4889 | 8424 a801 

  0x0000023b4ece669c: ;   {optimized virtual_call}
  0x0000023b4ece669c: 0000 90e8 

  0x0000023b4ece66a0: ; ImmutableOopMap {[288]=Oop [320]=Oop [336]=Oop [344]=Oop [352]=Oop [424]=Oop }
                      ;*invokespecial <init> {reexecute=0 rethrow=0 return_oop=0}
                      ; - java.lang.StringConcatHelper::checkOverflow@12 (line 787)
                      ; - java.lang.StringConcatHelper::stringSize@6 (line 530)
                      ; - java.lang.String$$StringConcat/0x0000000095081000::length@6
                      ; - java.lang.String$$StringConcat/0x0000000095081000::concat@33
                      ; - java.lang.invoke.DirectMethodHandle$Holder::invokeSpecial@14
                      ; - java.lang.invoke.LambdaForm$MH/0x0000000095081400::invoke@24
                      ; - java.lang.invoke.Invokers$Holder::linkToTargetMethod@6
                      ; - Rendering.ImGui.ImGuiEditor::render@27 (line 22)
  0x0000023b4ece66a0: 3c87 3507 

  0x0000023b4ece66a4: ;   {post_call_nop}
  0x0000023b4ece66a4: 0f1f 8400 | 9c21 001a | 488b 8424 

  0x0000023b4ece66b0: ; ImmutableOopMap {rax=Oop [288]=Oop [320]=Oop [336]=Oop [344]=Oop [352]=Oop }
                      ;*athrow {reexecute=1 rethrow=0 return_oop=0}
                      ; - (reexecute) java.lang.StringConcatHelper::checkOverflow@15 (line 787)
                      ; - java.lang.StringConcatHelper::stringSize@6 (line 530)
                      ; - java.lang.String$$StringConcat/0x0000000095081000::length@6
                      ; - java.lang.String$$StringConcat/0x0000000095081000::concat@33
                      ; - java.lang.invoke.DirectMethodHandle$Holder::invokeSpecial@14
                      ; - java.lang.invoke.LambdaForm$MH/0x0000000095081400::invoke@24
                      ; - java.lang.invoke.Invokers$Holder::linkToTargetMethod@6
                      ; - Rendering.ImGui.ImGuiEditor::render@27 (line 22)
  0x0000023b4ece66b0: a801 0000 

  0x0000023b4ece66b4: ;   {section_word}
  0x0000023b4ece66b4: 48ba b466 | ce4e 3b02 

  0x0000023b4ece66bc: ;   {runtime_call C1 Runtime handle_exception_blob}
  0x0000023b4ece66bc: 0000 e81d | 3a43 0790 | 0f1f 4000 

  0x0000023b4ece66c8: ;   {other}
  0x0000023b4ece66c8: e994 0700 | 0000 0000 | 0000 498b | 87c8 0100 | 0048 8d78 | 2849 3bbf | d801 0000 | 0f87 8107 
  0x0000023b4ece66e8: 0000 4989 | bfc8 0100 | 0048 c700 | 0100 0000 | 488b ca41 | ba00 0000 | 9449 2bca | 8948 0848 
  0x0000023b4ece6708: 33c9 8948 | 0c48 33c9 | 4889 4810 | 4889 4818 | 4889 4820 

  0x0000023b4ece671c: ;   {metadata(method data for {method} {0x000000009449a968} 'checkOverflow' '(I)I' in 'java/lang/StringConcatHelper')}
  0x0000023b4ece671c: 488b d048 | bee0 1a26 | 663b 0200 | 0048 8386 | f800 0000 

  0x0000023b4ece6730: ;   {oop("Overflow: String length out of range"{0x00000007ffe53c08})}
  0x0000023b4ece6730: 0149 b808 | 3ce5 ff07 | 0000 0048 | 8bd0 4889 | 8424 b001 

  0x0000023b4ece6744: ;   {optimized virtual_call}
  0x0000023b4ece6744: 0000 90e8 

  0x0000023b4ece6748: ; ImmutableOopMap {[288]=Oop [320]=Oop [336]=Oop [344]=Oop [352]=Oop [432]=Oop }
                      ;*invokespecial <init> {reexecute=0 rethrow=0 return_oop=0}
                      ; - java.lang.StringConcatHelper::checkOverflow@12 (line 787)
                      ; - java.lang.StringConcatHelper::stringSize@6 (line 530)
                      ; - java.lang.String$$StringConcat/0x0000000095081000::length@2
                      ; - java.lang.String$$StringConcat/0x0000000095081000::concat@33
                      ; - java.lang.invoke.DirectMethodHandle$Holder::invokeSpecial@14
                      ; - java.lang.invoke.LambdaForm$MH/0x0000000095081400::invoke@24
                      ; - java.lang.invoke.Invokers$Holder::linkToTargetMethod@6
                      ; - Rendering.ImGui.ImGuiEditor::render@27 (line 22)
  0x0000023b4ece6748: 9486 3507 

  0x0000023b4ece674c: ;   {post_call_nop}
  0x0000023b4ece674c: 0f1f 8400 | 4422 001c | 488b 8424 

  0x0000023b4ece6758: ; ImmutableOopMap {rax=Oop [288]=Oop [320]=Oop [336]=Oop [344]=Oop [352]=Oop }
                      ;*athrow {reexecute=1 rethrow=0 return_oop=0}
                      ; - (reexecute) java.lang.StringConcatHelper::checkOverflow@15 (line 787)
                      ; - java.lang.StringConcatHelper::stringSize@6 (line 530)
                      ; - java.lang.String$$StringConcat/0x0000000095081000::length@2
                      ; - java.lang.String$$StringConcat/0x0000000095081000::concat@33
                      ; - java.lang.invoke.DirectMethodHandle$Holder::invokeSpecial@14
                      ; - java.lang.invoke.LambdaForm$MH/0x0000000095081400::invoke@24
                      ; - java.lang.invoke.Invokers$Holder::linkToTargetMethod@6
                      ; - Rendering.ImGui.ImGuiEditor::render@27 (line 22)
  0x0000023b4ece6758: b001 0000 

  0x0000023b4ece675c: ;   {section_word}
  0x0000023b4ece675c: 48ba 5c67 | ce4e 3b02 

  0x0000023b4ece6764: ;   {runtime_call C1 Runtime handle_exception_blob}
  0x0000023b4ece6764: 0000 e875 | 3943 0790 

  0x0000023b4ece676c: ;   {metadata({method} {0x0000023b6643dcb0} 'render' '()V' in 'Rendering/ImGui/ImGuiEditor')}
  0x0000023b4ece676c: 49ba a8dc | 4366 3b02 | 0000 4c89 | 5424 0848 | c704 24ff 

  0x0000023b4ece6780: ;   {runtime_call C1 Runtime counter_overflow_blob}
  0x0000023b4ece6780: ffff ffe8 

  0x0000023b4ece6784: ; ImmutableOopMap {rdx=Oop [288]=Oop }
                      ;*synchronization entry
                      ; - Rendering.ImGui.ImGuiEditor::render@-1 (line 19)
  0x0000023b4ece6784: d87a 4307 | e901 dfff 

  0x0000023b4ece678c: ;   {runtime_call C1 Runtime throw_null_pointer_exception_blob}
  0x0000023b4ece678c: ffe8 ce1a 

  0x0000023b4ece6790: ; ImmutableOopMap {rdx=Oop rsi=Oop [288]=Oop }
                      ;*invokevirtual render {reexecute=0 rethrow=0 return_oop=0}
                      ; - Rendering.ImGui.ImGuiEditor::render@4 (line 19)
                      ;   {metadata({method} {0x0000023b668473c0} 'begin' '(Ljava/lang/String;I)Z' in 'imgui/ImGui')}
  0x0000023b4ece6790: 4307 49ba | b873 8466 | 3b02 0000 | 4c89 5424 | 0848 c704 | 24ff ffff 

  0x0000023b4ece67a8: ;   {runtime_call C1 Runtime counter_overflow_blob}
  0x0000023b4ece67a8: ffe8 b27a 

  0x0000023b4ece67ac: ; ImmutableOopMap {[288]=Oop }
                      ;*synchronization entry
                      ; - imgui.ImGui::begin@-1 (line 581)
                      ; - Rendering.ImGui.ImGuiEditor::render@11 (line 21)
  0x0000023b4ece67ac: 4307 e94f 

  0x0000023b4ece67b0: ;   {metadata({method} {0x0000000094194230} 'getProperty' '(Ljava/lang/String;)Ljava/lang/String;' in 'java/lang/System')}
  0x0000023b4ece67b0: dfff ff49 | ba28 4219 | 9400 0000 | 004c 8954 | 2408 48c7 | 0424 ffff 

  0x0000023b4ece67c8: ;   {runtime_call C1 Runtime counter_overflow_blob}
  0x0000023b4ece67c8: ffff e891 

  0x0000023b4ece67cc: ; ImmutableOopMap {[288]=Oop }
                      ;*synchronization entry
                      ; - java.lang.System::getProperty@-1 (line 742)
                      ; - Rendering.ImGui.ImGuiEditor::render@19 (line 22)
  0x0000023b4ece67cc: 7a43 07e9 | c6df ffff 

  0x0000023b4ece67d4: ;   {runtime_call C1 Runtime throw_null_pointer_exception_blob}
  0x0000023b4ece67d4: e887 1a43 

  0x0000023b4ece67d8: ; ImmutableOopMap {rsi=Oop rdx=Oop [288]=Oop [296]=Oop }
                      ;*invokevirtual getProperty {reexecute=0 rethrow=0 return_oop=0}
                      ; - java.lang.System::getProperty@8 (line 743)
                      ; - Rendering.ImGui.ImGuiEditor::render@19 (line 22)
                      ;   {metadata({method} {0x0000000094194230} 'getProperty' '(Ljava/lang/String;)Ljava/lang/String;' in 'java/lang/System')}
  0x0000023b4ece67d8: 0749 ba28 | 4219 9400 | 0000 004c | 8954 2408 | 48c7 0424 | ffff ffff 

  0x0000023b4ece67f0: ;   {runtime_call C1 Runtime counter_overflow_blob}
  0x0000023b4ece67f0: e86b 7a43 

  0x0000023b4ece67f4: ; ImmutableOopMap {rax=Oop [288]=Oop [304]=Oop [320]=Oop }
                      ;*synchronization entry
                      ; - java.lang.System::getProperty@-1 (line 742)
                      ; - Rendering.ImGui.ImGuiEditor::render@24 (line 22)
  0x0000023b4ece67f4: 07e9 ebe0 

  0x0000023b4ece67f8: ;   {runtime_call C1 Runtime throw_null_pointer_exception_blob}
  0x0000023b4ece67f8: ffff e861 

  0x0000023b4ece67fc: ; ImmutableOopMap {rdx=Oop [288]=Oop [312]=Oop [320]=Oop }
                      ;*invokevirtual getProperty {reexecute=0 rethrow=0 return_oop=0}
                      ; - java.lang.System::getProperty@8 (line 743)
                      ; - Rendering.ImGui.ImGuiEditor::render@24 (line 22)
                      ;   {metadata({method} {0x0000000094212e98} 'linkToTargetMethod' '(Ljava/lang/Object;Ljava/lang/Object;Ljava/lang/Object;)Ljava/lang/Object;' in 'java/lang/invoke/Invokers$Holder')}
  0x0000023b4ece67fc: 1a43 0749 | ba90 2e21 | 9400 0000 | 004c 8954 | 2408 48c7 | 0424 ffff 

  0x0000023b4ece6814: ;   {runtime_call C1 Runtime counter_overflow_blob}
  0x0000023b4ece6814: ffff e845 

  0x0000023b4ece6818: ; ImmutableOopMap {rax=Oop rsi=Oop [288]=Oop [320]=Oop [352]=Oop }
                      ;*synchronization entry
                      ; - java.lang.invoke.Invokers$Holder::linkToTargetMethod@-1
                      ; - Rendering.ImGui.ImGuiEditor::render@27 (line 22)
  0x0000023b4ece6818: 7a43 07e9 | 71e2 ffff 

  0x0000023b4ece6820: ;   {metadata({method} {0x0000023b6649ee90} 'invoke' '(Ljava/lang/Object;Ljava/lang/Object;Ljava/lang/Object;)Ljava/lang/Object;' in 'java/lang/invoke/LambdaForm$MH+0x0000000095081400')}
  0x0000023b4ece6820: 49ba 88ee | 4966 3b02 | 0000 4c89 | 5424 0848 | c704 24ff 

  0x0000023b4ece6834: ;   {runtime_call C1 Runtime counter_overflow_blob}
  0x0000023b4ece6834: ffff ffe8 

  0x0000023b4ece6838: ; ImmutableOopMap {rax=Oop rsi=Oop [288]=Oop [320]=Oop [352]=Oop }
                      ;*synchronization entry
                      ; - java.lang.invoke.LambdaForm$MH/0x0000000095081400::invoke@-1
                      ; - java.lang.invoke.Invokers$Holder::linkToTargetMethod@6
                      ; - Rendering.ImGui.ImGuiEditor::render@27 (line 22)
  0x0000023b4ece6838: 247a 4307 | e9cd e2ff 

  0x0000023b4ece6840: ;   {metadata({method} {0x0000000094215400} 'invokeSpecial' '(Ljava/lang/Object;Ljava/lang/Object;Ljava/lang/Object;Ljava/lang/Object;)Ljava/lang/Object;' in 'java/lang/invoke/DirectMethodHandle$Holder')}
  0x0000023b4ece6840: ff49 baf8 | 5321 9400 | 0000 004c | 8954 2408 | 48c7 0424 | ffff ffff 

  0x0000023b4ece6858: ;   {runtime_call C1 Runtime counter_overflow_blob}
  0x0000023b4ece6858: e803 7a43 

  0x0000023b4ece685c: ; ImmutableOopMap {rax=Oop rsi=Oop [288]=Oop [320]=Oop [352]=Oop }
                      ;*synchronization entry
                      ; - java.lang.invoke.DirectMethodHandle$Holder::invokeSpecial@-1
                      ; - java.lang.invoke.LambdaForm$MH/0x0000000095081400::invoke@24
                      ; - java.lang.invoke.Invokers$Holder::linkToTargetMethod@6
                      ; - Rendering.ImGui.ImGuiEditor::render@27 (line 22)
  0x0000023b4ece685c: 07e9 e5e2 

  0x0000023b4ece6860: ;   {metadata({method} {0x0000000094206588} 'internalMemberName' '(Ljava/lang/Object;)Ljava/lang/Object;' in 'java/lang/invoke/DirectMethodHandle')}
  0x0000023b4ece6860: ffff 49ba | 8065 2094 | 0000 0000 | 4c89 5424 | 0848 c704 | 24ff ffff 

  0x0000023b4ece6878: ;   {runtime_call C1 Runtime counter_overflow_blob}
  0x0000023b4ece6878: ffe8 e279 

  0x0000023b4ece687c: ; ImmutableOopMap {rax=Oop rsi=Oop [288]=Oop [320]=Oop [352]=Oop }
                      ;*synchronization entry
                      ; - java.lang.invoke.DirectMethodHandle::internalMemberName@-1 (line 326)
                      ; - java.lang.invoke.DirectMethodHandle$Holder::invokeSpecial@1
                      ; - java.lang.invoke.LambdaForm$MH/0x0000000095081400::invoke@24
                      ; - java.lang.invoke.Invokers$Holder::linkToTargetMethod@6
                      ; - Rendering.ImGui.ImGuiEditor::render@27 (line 22)
  0x0000023b4ece687c: 4307 e9fd 

  0x0000023b4ece6880: ;   {metadata({method} {0x0000023b6649e5a0} 'concat' '(Ljava/lang/Object;Ljava/lang/Object;)Ljava/lang/String;' in 'java/lang/String$$StringConcat+0x0000000095081000')}
  0x0000023b4ece6880: e2ff ff49 | ba98 e549 | 663b 0200 | 004c 8954 | 2408 48c7 | 0424 ffff 

  0x0000023b4ece6898: ;   {runtime_call C1 Runtime counter_overflow_blob}
  0x0000023b4ece6898: ffff e8c1 

  0x0000023b4ece689c: ; ImmutableOopMap {rax=Oop rsi=Oop [288]=Oop [320]=Oop [352]=Oop }
                      ;*synchronization entry
                      ; - java.lang.String$$StringConcat/0x0000000095081000::concat@-1
                      ; - java.lang.invoke.DirectMethodHandle$Holder::invokeSpecial@14
                      ; - java.lang.invoke.LambdaForm$MH/0x0000000095081400::invoke@24
                      ; - java.lang.invoke.Invokers$Holder::linkToTargetMethod@6
                      ; - Rendering.ImGui.ImGuiEditor::render@27 (line 22)
  0x0000023b4ece689c: 7943 07e9 | 41e3 ffff 

  0x0000023b4ece68a4: ;   {metadata({method} {0x000000009449a860} 'stringOf' '(Ljava/lang/Object;)Ljava/lang/String;' in 'java/lang/StringConcatHelper')}
  0x0000023b4ece68a4: 49ba 58a8 | 4994 0000 | 0000 4c89 | 5424 0848 | c704 24ff 

  0x0000023b4ece68b8: ;   {runtime_call C1 Runtime counter_overflow_blob}
  0x0000023b4ece68b8: ffff ffe8 

  0x0000023b4ece68bc: ; ImmutableOopMap {rax=Oop rsi=Oop [288]=Oop [320]=Oop [352]=Oop }
                      ;*synchronization entry
                      ; - java.lang.StringConcatHelper::stringOf@-1 (line 466)
                      ; - java.lang.String$$StringConcat/0x0000000095081000::concat@1
                      ; - java.lang.invoke.DirectMethodHandle$Holder::invokeSpecial@14
                      ; - java.lang.invoke.LambdaForm$MH/0x0000000095081400::invoke@24
                      ; - java.lang.invoke.Invokers$Holder::linkToTargetMethod@6
                      ; - Rendering.ImGui.ImGuiEditor::render@27 (line 22)
  0x0000023b4ece68bc: a079 4307 | e959 e3ff 

  0x0000023b4ece68c4: ;   {runtime_call C1 Runtime throw_null_pointer_exception_blob}
  0x0000023b4ece68c4: ffe8 9619 

  0x0000023b4ece68c8: ; ImmutableOopMap {rax=Oop rsi=Oop [288]=Oop [320]=Oop [352]=Oop }
                      ;*invokevirtual toString {reexecute=0 rethrow=0 return_oop=0}
                      ; - java.lang.StringConcatHelper::stringOf@5 (line 466)
                      ; - java.lang.String$$StringConcat/0x0000000095081000::concat@1
                      ; - java.lang.invoke.DirectMethodHandle$Holder::invokeSpecial@14
                      ; - java.lang.invoke.LambdaForm$MH/0x0000000095081400::invoke@24
                      ; - java.lang.invoke.Invokers$Holder::linkToTargetMethod@6
                      ; - Rendering.ImGui.ImGuiEditor::render@27 (line 22)
                      ;   {metadata({method} {0x0000000094188140} 'toString' '()Ljava/lang/String;' in 'java/lang/String')}
  0x0000023b4ece68c8: 4307 49ba | 3881 1894 | 0000 0000 | 4c89 5424 | 0848 c704 | 24ff ffff 

  0x0000023b4ece68e0: ;   {runtime_call C1 Runtime counter_overflow_blob}
  0x0000023b4ece68e0: ffe8 7a79 

  0x0000023b4ece68e4: ; ImmutableOopMap {rax=Oop rsi=Oop [288]=Oop [320]=Oop [352]=Oop }
                      ;*synchronization entry
                      ; - java.lang.String::toString@-1 (line 4365)
                      ; - java.lang.StringConcatHelper::stringOf@5 (line 466)
                      ; - java.lang.String$$StringConcat/0x0000000095081000::concat@1
                      ; - java.lang.invoke.DirectMethodHandle$Holder::invokeSpecial@14
                      ; - java.lang.invoke.LambdaForm$MH/0x0000000095081400::invoke@24
                      ; - java.lang.invoke.Invokers$Holder::linkToTargetMethod@6
                      ; - Rendering.ImGui.ImGuiEditor::render@27 (line 22)
  0x0000023b4ece68e4: 4307 e99d 

  0x0000023b4ece68e8: ;   {metadata({method} {0x000000009449a860} 'stringOf' '(Ljava/lang/Object;)Ljava/lang/String;' in 'java/lang/StringConcatHelper')}
  0x0000023b4ece68e8: e3ff ff49 | ba58 a849 | 9400 0000 | 004c 8954 | 2408 48c7 | 0424 ffff 

  0x0000023b4ece6900: ;   {runtime_call C1 Runtime counter_overflow_blob}
  0x0000023b4ece6900: ffff e859 

  0x0000023b4ece6904: ; ImmutableOopMap {rax=Oop rsi=Oop rdi=Oop [288]=Oop [320]=Oop [352]=Oop }
                      ;*synchronization entry
                      ; - java.lang.StringConcatHelper::stringOf@-1 (line 466)
                      ; - java.lang.String$$StringConcat/0x0000000095081000::concat@7
                      ; - java.lang.invoke.DirectMethodHandle$Holder::invokeSpecial@14
                      ; - java.lang.invoke.LambdaForm$MH/0x0000000095081400::invoke@24
                      ; - java.lang.invoke.Invokers$Holder::linkToTargetMethod@6
                      ; - Rendering.ImGui.ImGuiEditor::render@27 (line 22)
  0x0000023b4ece6904: 7943 07e9 | 02e4 ffff 

  0x0000023b4ece690c: ;   {runtime_call C1 Runtime throw_null_pointer_exception_blob}
  0x0000023b4ece690c: e84f 1943 

  0x0000023b4ece6910: ; ImmutableOopMap {rax=Oop rsi=Oop rdi=Oop [288]=Oop [320]=Oop [352]=Oop }
                      ;*invokevirtual toString {reexecute=0 rethrow=0 return_oop=0}
                      ; - java.lang.StringConcatHelper::stringOf@5 (line 466)
                      ; - java.lang.String$$StringConcat/0x0000000095081000::concat@7
                      ; - java.lang.invoke.DirectMethodHandle$Holder::invokeSpecial@14
                      ; - java.lang.invoke.LambdaForm$MH/0x0000000095081400::invoke@24
                      ; - java.lang.invoke.Invokers$Holder::linkToTargetMethod@6
                      ; - Rendering.ImGui.ImGuiEditor::render@27 (line 22)
                      ;   {metadata({method} {0x0000000094188140} 'toString' '()Ljava/lang/String;' in 'java/lang/String')}
  0x0000023b4ece6910: 0749 ba38 | 8118 9400 | 0000 004c | 8954 2408 | 48c7 0424 | ffff ffff 

  0x0000023b4ece6928: ;   {runtime_call C1 Runtime counter_overflow_blob}
  0x0000023b4ece6928: e833 7943 

  0x0000023b4ece692c: ; ImmutableOopMap {rax=Oop rsi=Oop rdi=Oop [288]=Oop [320]=Oop [352]=Oop }
                      ;*synchronization entry
                      ; - java.lang.String::toString@-1 (line 4365)
                      ; - java.lang.StringConcatHelper::stringOf@5 (line 466)
                      ; - java.lang.String$$StringConcat/0x0000000095081000::concat@7
                      ; - java.lang.invoke.DirectMethodHandle$Holder::invokeSpecial@14
                      ; - java.lang.invoke.LambdaForm$MH/0x0000000095081400::invoke@24
                      ; - java.lang.invoke.Invokers$Holder::linkToTargetMethod@6
                      ; - Rendering.ImGui.ImGuiEditor::render@27 (line 22)
  0x0000023b4ece692c: 07e9 46e4 

  0x0000023b4ece6930: ;   {metadata({method} {0x0000023b6649e658} 'coder' '(ILjava/lang/String;Ljava/lang/String;)I' in 'java/lang/String$$StringConcat+0x0000000095081000')}
  0x0000023b4ece6930: ffff 49ba | 50e6 4966 | 3b02 0000 | 4c89 5424 | 0848 c704 | 24ff ffff 

  0x0000023b4ece6948: ;   {runtime_call C1 Runtime counter_overflow_blob}
  0x0000023b4ece6948: ffe8 1279 

  0x0000023b4ece694c: ; ImmutableOopMap {rax=Oop rsi=Oop rdi=Oop rbx=Oop [288]=Oop [320]=Oop [352]=Oop }
                      ;*synchronization entry
                      ; - java.lang.String$$StringConcat/0x0000000095081000::coder@-1
                      ; - java.lang.String$$StringConcat/0x0000000095081000::concat@20
                      ; - java.lang.invoke.DirectMethodHandle$Holder::invokeSpecial@14
                      ; - java.lang.invoke.LambdaForm$MH/0x0000000095081400::invoke@24
                      ; - java.lang.invoke.Invokers$Holder::linkToTargetMethod@6
                      ; - Rendering.ImGui.ImGuiEditor::render@27 (line 22)
  0x0000023b4ece694c: 4307 e9ab 

  0x0000023b4ece6950: ;   {runtime_call C1 Runtime throw_null_pointer_exception_blob}
  0x0000023b4ece6950: e4ff ffe8 

  0x0000023b4ece6954: ; ImmutableOopMap {rax=Oop rsi=Oop rdi=Oop rbx=Oop [288]=Oop [320]=Oop [352]=Oop }
                      ;*invokevirtual coder {reexecute=0 rethrow=0 return_oop=0}
                      ; - java.lang.String$$StringConcat/0x0000000095081000::coder@2
                      ; - java.lang.String$$StringConcat/0x0000000095081000::concat@20
                      ; - java.lang.invoke.DirectMethodHandle$Holder::invokeSpecial@14
                      ; - java.lang.invoke.LambdaForm$MH/0x0000000095081400::invoke@24
                      ; - java.lang.invoke.Invokers$Holder::linkToTargetMethod@6
                      ; - Rendering.ImGui.ImGuiEditor::render@27 (line 22)
  0x0000023b4ece6954: 0819 4307 

  0x0000023b4ece6958: ;   {metadata({method} {0x00000000944af4b0} 'coder' '()B' in 'java/lang/String')}
  0x0000023b4ece6958: 49ba a8f4 | 4a94 0000 | 0000 4c89 | 5424 0848 | c704 24ff 

  0x0000023b4ece696c: ;   {runtime_call C1 Runtime counter_overflow_blob}
  0x0000023b4ece696c: ffff ffe8 

  0x0000023b4ece6970: ; ImmutableOopMap {rax=Oop rsi=Oop rdi=Oop rbx=Oop [288]=Oop [320]=Oop [352]=Oop }
                      ;*synchronization entry
                      ; - java.lang.String::coder@-1 (line 4885)
                      ; - java.lang.String$$StringConcat/0x0000000095081000::coder@2
                      ; - java.lang.String$$StringConcat/0x0000000095081000::concat@20
                      ; - java.lang.invoke.DirectMethodHandle$Holder::invokeSpecial@14
                      ; - java.lang.invoke.LambdaForm$MH/0x0000000095081400::invoke@24
                      ; - java.lang.invoke.Invokers$Holder::linkToTargetMethod@6
                      ; - Rendering.ImGui.ImGuiEditor::render@27 (line 22)
  0x0000023b4ece6970: ec78 4307 | e93e e5ff 

  0x0000023b4ece6978: ;   {runtime_call C1 Runtime throw_null_pointer_exception_blob}
  0x0000023b4ece6978: ffe8 e218 

  0x0000023b4ece697c: ; ImmutableOopMap {rax=Oop rsi=Oop rdi=Oop rbx=Oop [288]=Oop [320]=Oop [352]=Oop }
                      ;*invokevirtual coder {reexecute=0 rethrow=0 return_oop=0}
                      ; - java.lang.String$$StringConcat/0x0000000095081000::coder@7
                      ; - java.lang.String$$StringConcat/0x0000000095081000::concat@20
                      ; - java.lang.invoke.DirectMethodHandle$Holder::invokeSpecial@14
                      ; - java.lang.invoke.LambdaForm$MH/0x0000000095081400::invoke@24
                      ; - java.lang.invoke.Invokers$Holder::linkToTargetMethod@6
                      ; - Rendering.ImGui.ImGuiEditor::render@27 (line 22)
                      ;   {metadata({method} {0x00000000944af4b0} 'coder' '()B' in 'java/lang/String')}
  0x0000023b4ece697c: 4307 49ba | a8f4 4a94 | 0000 0000 | 4c89 5424 | 0848 c704 | 24ff ffff 

  0x0000023b4ece6994: ;   {runtime_call C1 Runtime counter_overflow_blob}
  0x0000023b4ece6994: ffe8 c678 

  0x0000023b4ece6998: ; ImmutableOopMap {rax=Oop rsi=Oop rdi=Oop rbx=Oop [288]=Oop [320]=Oop [352]=Oop }
                      ;*synchronization entry
                      ; - java.lang.String::coder@-1 (line 4885)
                      ; - java.lang.String$$StringConcat/0x0000000095081000::coder@7
                      ; - java.lang.String$$StringConcat/0x0000000095081000::concat@20
                      ; - java.lang.invoke.DirectMethodHandle$Holder::invokeSpecial@14
                      ; - java.lang.invoke.LambdaForm$MH/0x0000000095081400::invoke@24
                      ; - java.lang.invoke.Invokers$Holder::linkToTargetMethod@6
                      ; - Rendering.ImGui.ImGuiEditor::render@27 (line 22)
  0x0000023b4ece6998: 4307 e900 

  0x0000023b4ece699c: ;   {metadata({method} {0x0000023b6649e3d8} 'length' '(ILjava/lang/String;Ljava/lang/String;)I' in 'java/lang/String$$StringConcat+0x0000000095081000')}
  0x0000023b4ece699c: e6ff ff49 | bad0 e349 | 663b 0200 | 004c 8954 | 2408 48c7 | 0424 ffff 

  0x0000023b4ece69b4: ;   {runtime_call C1 Runtime counter_overflow_blob}
  0x0000023b4ece69b4: ffff e8a5 

  0x0000023b4ece69b8: ; ImmutableOopMap {rdi=Oop [288]=Oop [320]=Oop [336]=Oop [352]=Oop }
                      ;*synchronization entry
                      ; - java.lang.String$$StringConcat/0x0000000095081000::length@-1
                      ; - java.lang.String$$StringConcat/0x0000000095081000::concat@33
                      ; - java.lang.invoke.DirectMethodHandle$Holder::invokeSpecial@14
                      ; - java.lang.invoke.LambdaForm$MH/0x0000000095081400::invoke@24
                      ; - java.lang.invoke.Invokers$Holder::linkToTargetMethod@6
                      ; - Rendering.ImGui.ImGuiEditor::render@27 (line 22)
  0x0000023b4ece69b8: 7843 07e9 | 5ae6 ffff 

  0x0000023b4ece69c0: ;   {metadata({method} {0x000000009449acd8} 'stringSize' '(ILjava/lang/String;)I' in 'java/lang/StringConcatHelper')}
  0x0000023b4ece69c0: 49ba d0ac | 4994 0000 | 0000 4c89 | 5424 0848 | c704 24ff 

  0x0000023b4ece69d4: ;   {runtime_call C1 Runtime counter_overflow_blob}
  0x0000023b4ece69d4: ffff ffe8 

  0x0000023b4ece69d8: ; ImmutableOopMap {rdi=Oop [288]=Oop [320]=Oop [336]=Oop [352]=Oop }
                      ;*synchronization entry
                      ; - java.lang.StringConcatHelper::stringSize@-1 (line 530)
                      ; - java.lang.String$$StringConcat/0x0000000095081000::length@2
                      ; - java.lang.String$$StringConcat/0x0000000095081000::concat@33
                      ; - java.lang.invoke.DirectMethodHandle$Holder::invokeSpecial@14
                      ; - java.lang.invoke.LambdaForm$MH/0x0000000095081400::invoke@24
                      ; - java.lang.invoke.Invokers$Holder::linkToTargetMethod@6
                      ; - Rendering.ImGui.ImGuiEditor::render@27 (line 22)
  0x0000023b4ece69d8: 8478 4307 | e977 e6ff 

  0x0000023b4ece69e0: ;   {metadata({method} {0x0000000094188868} 'length' '()I' in 'java/lang/String')}
  0x0000023b4ece69e0: ff49 ba60 | 8818 9400 | 0000 004c | 8954 2408 | 48c7 0424 | ffff ffff 

  0x0000023b4ece69f8: ;   {runtime_call C1 Runtime counter_overflow_blob}
  0x0000023b4ece69f8: e863 7843 

  0x0000023b4ece69fc: ; ImmutableOopMap {rdi=Oop [288]=Oop [320]=Oop [336]=Oop [352]=Oop }
                      ;*synchronization entry
                      ; - java.lang.String::length@-1 (line 1583)
                      ; - java.lang.StringConcatHelper::stringSize@2 (line 530)
                      ; - java.lang.String$$StringConcat/0x0000000095081000::length@2
                      ; - java.lang.String$$StringConcat/0x0000000095081000::concat@33
                      ; - java.lang.invoke.DirectMethodHandle$Holder::invokeSpecial@14
                      ; - java.lang.invoke.LambdaForm$MH/0x0000000095081400::invoke@24
                      ; - java.lang.invoke.Invokers$Holder::linkToTargetMethod@6
                      ; - Rendering.ImGui.ImGuiEditor::render@27 (line 22)
  0x0000023b4ece69fc: 07e9 11e7 

  0x0000023b4ece6a00: ;   {runtime_call C1 Runtime throw_null_pointer_exception_blob}
  0x0000023b4ece6a00: ffff e859 

  0x0000023b4ece6a04: ; ImmutableOopMap {rdi=Oop [288]=Oop [320]=Oop [336]=Oop [352]=Oop }
                      ;*arraylength {reexecute=0 rethrow=0 return_oop=0}
                      ; - java.lang.String::length@4 (line 1583)
                      ; - java.lang.StringConcatHelper::stringSize@2 (line 530)
                      ; - java.lang.String$$StringConcat/0x0000000095081000::length@2
                      ; - java.lang.String$$StringConcat/0x0000000095081000::concat@33
                      ; - java.lang.invoke.DirectMethodHandle$Holder::invokeSpecial@14
                      ; - java.lang.invoke.LambdaForm$MH/0x0000000095081400::invoke@24
                      ; - java.lang.invoke.Invokers$Holder::linkToTargetMethod@6
                      ; - Rendering.ImGui.ImGuiEditor::render@27 (line 22)
                      ;   {metadata({method} {0x000000009449a968} 'checkOverflow' '(I)I' in 'java/lang/StringConcatHelper')}
  0x0000023b4ece6a04: 1843 0749 | ba60 a949 | 9400 0000 | 004c 8954 | 2408 48c7 | 0424 ffff 

  0x0000023b4ece6a1c: ;   {runtime_call C1 Runtime counter_overflow_blob}
  0x0000023b4ece6a1c: ffff e83d 

  0x0000023b4ece6a20: ; ImmutableOopMap {[288]=Oop [320]=Oop [336]=Oop [344]=Oop [352]=Oop }
                      ;*synchronization entry
                      ; - java.lang.StringConcatHelper::checkOverflow@-1 (line 784)
                      ; - java.lang.StringConcatHelper::stringSize@6 (line 530)
                      ; - java.lang.String$$StringConcat/0x0000000095081000::length@2
                      ; - java.lang.String$$StringConcat/0x0000000095081000::concat@33
                      ; - java.lang.invoke.DirectMethodHandle$Holder::invokeSpecial@14
                      ; - java.lang.invoke.LambdaForm$MH/0x0000000095081400::invoke@24
                      ; - java.lang.invoke.Invokers$Holder::linkToTargetMethod@6
                      ; - Rendering.ImGui.ImGuiEditor::render@27 (line 22)
  0x0000023b4ece6a20: 7843 07e9 | ffe7 ffff 

  0x0000023b4ece6a28: ;   {metadata({method} {0x000000009449acd8} 'stringSize' '(ILjava/lang/String;)I' in 'java/lang/StringConcatHelper')}
  0x0000023b4ece6a28: 49ba d0ac | 4994 0000 | 0000 4c89 | 5424 0848 | c704 24ff 

  0x0000023b4ece6a3c: ;   {runtime_call C1 Runtime counter_overflow_blob}
  0x0000023b4ece6a3c: ffff ffe8 

  0x0000023b4ece6a40: ; ImmutableOopMap {rbx=Oop [288]=Oop [320]=Oop [344]=Oop [352]=Oop }
                      ;*synchronization entry
                      ; - java.lang.StringConcatHelper::stringSize@-1 (line 530)
                      ; - java.lang.String$$StringConcat/0x0000000095081000::length@6
                      ; - java.lang.String$$StringConcat/0x0000000095081000::concat@33
                      ; - java.lang.invoke.DirectMethodHandle$Holder::invokeSpecial@14
                      ; - java.lang.invoke.LambdaForm$MH/0x0000000095081400::invoke@24
                      ; - java.lang.invoke.Invokers$Holder::linkToTargetMethod@6
                      ; - Rendering.ImGui.ImGuiEditor::render@27 (line 22)
  0x0000023b4ece6a40: 1c78 4307 | e94a e8ff 

  0x0000023b4ece6a48: ;   {metadata({method} {0x0000000094188868} 'length' '()I' in 'java/lang/String')}
  0x0000023b4ece6a48: ff49 ba60 | 8818 9400 | 0000 004c | 8954 2408 | 48c7 0424 | ffff ffff 

  0x0000023b4ece6a60: ;   {runtime_call C1 Runtime counter_overflow_blob}
  0x0000023b4ece6a60: e8fb 7743 

  0x0000023b4ece6a64: ; ImmutableOopMap {rbx=Oop [288]=Oop [320]=Oop [344]=Oop [352]=Oop }
                      ;*synchronization entry
                      ; - java.lang.String::length@-1 (line 1583)
                      ; - java.lang.StringConcatHelper::stringSize@2 (line 530)
                      ; - java.lang.String$$StringConcat/0x0000000095081000::length@6
                      ; - java.lang.String$$StringConcat/0x0000000095081000::concat@33
                      ; - java.lang.invoke.DirectMethodHandle$Holder::invokeSpecial@14
                      ; - java.lang.invoke.LambdaForm$MH/0x0000000095081400::invoke@24
                      ; - java.lang.invoke.Invokers$Holder::linkToTargetMethod@6
                      ; - Rendering.ImGui.ImGuiEditor::render@27 (line 22)
  0x0000023b4ece6a64: 07e9 dfe8 

  0x0000023b4ece6a68: ;   {runtime_call C1 Runtime throw_null_pointer_exception_blob}
  0x0000023b4ece6a68: ffff e8f1 

  0x0000023b4ece6a6c: ; ImmutableOopMap {rbx=Oop [288]=Oop [320]=Oop [344]=Oop [352]=Oop }
                      ;*arraylength {reexecute=0 rethrow=0 return_oop=0}
                      ; - java.lang.String::length@4 (line 1583)
                      ; - java.lang.StringConcatHelper::stringSize@2 (line 530)
                      ; - java.lang.String$$StringConcat/0x0000000095081000::length@6
                      ; - java.lang.String$$StringConcat/0x0000000095081000::concat@33
                      ; - java.lang.invoke.DirectMethodHandle$Holder::invokeSpecial@14
                      ; - java.lang.invoke.LambdaForm$MH/0x0000000095081400::invoke@24
                      ; - java.lang.invoke.Invokers$Holder::linkToTargetMethod@6
                      ; - Rendering.ImGui.ImGuiEditor::render@27 (line 22)
                      ;   {metadata({method} {0x000000009449a968} 'checkOverflow' '(I)I' in 'java/lang/StringConcatHelper')}
  0x0000023b4ece6a6c: 1743 0749 | ba60 a949 | 9400 0000 | 004c 8954 | 2408 48c7 | 0424 ffff 

  0x0000023b4ece6a84: ;   {runtime_call C1 Runtime counter_overflow_blob}
  0x0000023b4ece6a84: ffff e8d5 

  0x0000023b4ece6a88: ; ImmutableOopMap {[288]=Oop [320]=Oop [336]=Oop [344]=Oop [352]=Oop }
                      ;*synchronization entry
                      ; - java.lang.StringConcatHelper::checkOverflow@-1 (line 784)
                      ; - java.lang.StringConcatHelper::stringSize@6 (line 530)
                      ; - java.lang.String$$StringConcat/0x0000000095081000::length@6
                      ; - java.lang.String$$StringConcat/0x0000000095081000::concat@33
                      ; - java.lang.invoke.DirectMethodHandle$Holder::invokeSpecial@14
                      ; - java.lang.invoke.LambdaForm$MH/0x0000000095081400::invoke@24
                      ; - java.lang.invoke.Invokers$Holder::linkToTargetMethod@6
                      ; - Rendering.ImGui.ImGuiEditor::render@27 (line 22)
  0x0000023b4ece6a88: 7743 07e9 | c5e9 ffff 

  0x0000023b4ece6a90: ;   {metadata({method} {0x0000000094188868} 'length' '()I' in 'java/lang/String')}
  0x0000023b4ece6a90: 49ba 6088 | 1894 0000 | 0000 4c89 | 5424 0848 | c704 24ff 

  0x0000023b4ece6aa4: ;   {runtime_call C1 Runtime counter_overflow_blob}
  0x0000023b4ece6aa4: ffff ffe8 

  0x0000023b4ece6aa8: ; ImmutableOopMap {rcx=Oop [288]=Oop [320]=Oop [336]=Oop [344]=Oop [352]=Oop }
                      ;*synchronization entry
                      ; - java.lang.String::length@-1 (line 1583)
                      ; - java.lang.String$$StringConcat/0x0000000095081000::concat@48
                      ; - java.lang.invoke.DirectMethodHandle$Holder::invokeSpecial@14
                      ; - java.lang.invoke.LambdaForm$MH/0x0000000095081400::invoke@24
                      ; - java.lang.invoke.Invokers$Holder::linkToTargetMethod@6
                      ; - Rendering.ImGui.ImGuiEditor::render@27 (line 22)
  0x0000023b4ece6aa8: b477 4307 | e996 eaff 

  0x0000023b4ece6ab0: ;   {metadata({method} {0x00000000944af4b0} 'coder' '()B' in 'java/lang/String')}
  0x0000023b4ece6ab0: ff49 baa8 | f44a 9400 | 0000 004c | 8954 2408 | 48c7 0424 | ffff ffff 

  0x0000023b4ece6ac8: ;   {runtime_call C1 Runtime counter_overflow_blob}
  0x0000023b4ece6ac8: e893 7743 

  0x0000023b4ece6acc: ; ImmutableOopMap {[288]=Oop [320]=Oop [336]=Oop [344]=Oop [352]=Oop }
                      ;*synchronization entry
                      ; - java.lang.String::coder@-1 (line 4885)
                      ; - java.lang.String::length@6 (line 1583)
                      ; - java.lang.String$$StringConcat/0x0000000095081000::concat@48
                      ; - java.lang.invoke.DirectMethodHandle$Holder::invokeSpecial@14
                      ; - java.lang.invoke.LambdaForm$MH/0x0000000095081400::invoke@24
                      ; - java.lang.invoke.Invokers$Holder::linkToTargetMethod@6
                      ; - Rendering.ImGui.ImGuiEditor::render@27 (line 22)
  0x0000023b4ece6acc: 07e9 2deb 

  0x0000023b4ece6ad0: ;   {metadata({method} {0x000000009449a758} 'newArrayWithSuffix' '(Ljava/lang/String;IB)[B' in 'java/lang/StringConcatHelper')}
  0x0000023b4ece6ad0: ffff 49ba | 50a7 4994 | 0000 0000 | 4c89 5424 | 0848 c704 | 24ff ffff 

  0x0000023b4ece6ae8: ;   {runtime_call C1 Runtime counter_overflow_blob}
  0x0000023b4ece6ae8: ffe8 7277 

  0x0000023b4ece6aec: ; ImmutableOopMap {[288]=Oop [320]=Oop [336]=Oop [344]=Oop [352]=Oop }
                      ;*synchronization entry
                      ; - java.lang.StringConcatHelper::newArrayWithSuffix@-1 (line 611)
                      ; - java.lang.String$$StringConcat/0x0000000095081000::concat@58
                      ; - java.lang.invoke.DirectMethodHandle$Holder::invokeSpecial@14
                      ; - java.lang.invoke.LambdaForm$MH/0x0000000095081400::invoke@24
                      ; - java.lang.invoke.Invokers$Holder::linkToTargetMethod@6
                      ; - Rendering.ImGui.ImGuiEditor::render@27 (line 22)
  0x0000023b4ece6aec: 4307 e973 

  0x0000023b4ece6af0: ;   {metadata({method} {0x0000000094188868} 'length' '()I' in 'java/lang/String')}
  0x0000023b4ece6af0: ebff ff49 | ba60 8818 | 9400 0000 | 004c 8954 | 2408 48c7 | 0424 ffff 

  0x0000023b4ece6b08: ;   {runtime_call C1 Runtime counter_overflow_blob}
  0x0000023b4ece6b08: ffff e851 

  0x0000023b4ece6b0c: ; ImmutableOopMap {rcx=Oop [288]=Oop [320]=Oop [336]=Oop [344]=Oop [352]=Oop }
                      ;*synchronization entry
                      ; - java.lang.String::length@-1 (line 1583)
                      ; - java.lang.StringConcatHelper::newArrayWithSuffix@2 (line 611)
                      ; - java.lang.String$$StringConcat/0x0000000095081000::concat@58
                      ; - java.lang.invoke.DirectMethodHandle$Holder::invokeSpecial@14
                      ; - java.lang.invoke.LambdaForm$MH/0x0000000095081400::invoke@24
                      ; - java.lang.invoke.Invokers$Holder::linkToTargetMethod@6
                      ; - Rendering.ImGui.ImGuiEditor::render@27 (line 22)
  0x0000023b4ece6b0c: 7743 07e9 | 18ec ffff 

  0x0000023b4ece6b14: ;   {metadata({method} {0x00000000944af4b0} 'coder' '()B' in 'java/lang/String')}
  0x0000023b4ece6b14: 49ba a8f4 | 4a94 0000 | 0000 4c89 | 5424 0848 | c704 24ff 

  0x0000023b4ece6b28: ;   {runtime_call C1 Runtime counter_overflow_blob}
  0x0000023b4ece6b28: ffff ffe8 

  0x0000023b4ece6b2c: ; ImmutableOopMap {[288]=Oop [320]=Oop [336]=Oop [344]=Oop [352]=Oop }
                      ;*synchronization entry
                      ; - java.lang.String::coder@-1 (line 4885)
                      ; - java.lang.String::length@6 (line 1583)
                      ; - java.lang.StringConcatHelper::newArrayWithSuffix@2 (line 611)
                      ; - java.lang.String$$StringConcat/0x0000000095081000::concat@58
                      ; - java.lang.invoke.DirectMethodHandle$Holder::invokeSpecial@14
                      ; - java.lang.invoke.LambdaForm$MH/0x0000000095081400::invoke@24
                      ; - java.lang.invoke.Invokers$Holder::linkToTargetMethod@6
                      ; - Rendering.ImGui.ImGuiEditor::render@27 (line 22)
  0x0000023b4ece6b2c: 3077 4307 | e9af ecff 

  0x0000023b4ece6b34: ;   {metadata({method} {0x000000009449b308} 'newArray' '(I)[B' in 'java/lang/StringConcatHelper')}
  0x0000023b4ece6b34: ff49 ba00 | b349 9400 | 0000 004c | 8954 2408 | 48c7 0424 | ffff ffff 

  0x0000023b4ece6b4c: ;   {runtime_call C1 Runtime counter_overflow_blob}
  0x0000023b4ece6b4c: e80f 7743 

  0x0000023b4ece6b50: ; ImmutableOopMap {[288]=Oop [320]=Oop [336]=Oop [344]=Oop [352]=Oop }
                      ;*synchronization entry
                      ; - java.lang.StringConcatHelper::newArray@-1 (line 575)
                      ; - java.lang.StringConcatHelper::newArrayWithSuffix@8 (line 611)
                      ; - java.lang.String$$StringConcat/0x0000000095081000::concat@58
                      ; - java.lang.invoke.DirectMethodHandle$Holder::invokeSpecial@14
                      ; - java.lang.invoke.LambdaForm$MH/0x0000000095081400::invoke@24
                      ; - java.lang.invoke.Invokers$Holder::linkToTargetMethod@6
                      ; - Rendering.ImGui.ImGuiEditor::render@27 (line 22)
  0x0000023b4ece6b50: 07e9 01ed | ffff 4889 

  0x0000023b4ece6b58: ;   {runtime_call C1 Runtime throw_class_cast_exception_blob}
  0x0000023b4ece6b58: 0424 e801 

  0x0000023b4ece6b5c: ; ImmutableOopMap {[288]=Oop [320]=Oop [336]=Oop [344]=Oop [352]=Oop }
                      ;*checkcast {reexecute=0 rethrow=0 return_oop=0}
                      ; - java.lang.StringConcatHelper::newArray@24 (line 578)
                      ; - java.lang.StringConcatHelper::newArrayWithSuffix@8 (line 611)
                      ; - java.lang.String$$StringConcat/0x0000000095081000::concat@58
                      ; - java.lang.invoke.DirectMethodHandle$Holder::invokeSpecial@14
                      ; - java.lang.invoke.LambdaForm$MH/0x0000000095081400::invoke@24
                      ; - java.lang.invoke.Invokers$Holder::linkToTargetMethod@6
                      ; - Rendering.ImGui.ImGuiEditor::render@27 (line 22)
                      ;   {metadata({method} {0x0000023b6649e498} 'prepend' '(IB[B[Ljava/lang/String;Ljava/lang/String;Ljava/lang/String;)I' in 'java/lang/String$$StringConcat+0x0000000095081000')}
  0x0000023b4ece6b5c: 4343 0749 | ba90 e449 | 663b 0200 | 004c 8954 | 2408 48c7 | 0424 ffff 

  0x0000023b4ece6b74: ;   {runtime_call C1 Runtime counter_overflow_blob}
  0x0000023b4ece6b74: ffff e8e5 

  0x0000023b4ece6b78: ; ImmutableOopMap {rsi=Oop [288]=Oop [320]=Oop [336]=Oop [344]=Oop [352]=Oop [376]=Oop }
                      ;*synchronization entry
                      ; - java.lang.String$$StringConcat/0x0000000095081000::prepend@-1
                      ; - java.lang.String$$StringConcat/0x0000000095081000::concat@74
                      ; - java.lang.invoke.DirectMethodHandle$Holder::invokeSpecial@14
                      ; - java.lang.invoke.LambdaForm$MH/0x0000000095081400::invoke@24
                      ; - java.lang.invoke.Invokers$Holder::linkToTargetMethod@6
                      ; - Rendering.ImGui.ImGuiEditor::render@27 (line 22)
  0x0000023b4ece6b78: 7643 07e9 | 9af0 ffff 

  0x0000023b4ece6b80: ;   {runtime_call C1 Runtime fast_new_instance_blob}
  0x0000023b4ece6b80: 488b d2e8 

  0x0000023b4ece6b84: ; ImmutableOopMap {[288]=Oop [320]=Oop [336]=Oop [344]=Oop [352]=Oop [376]=Oop }
                      ;*new {reexecute=0 rethrow=0 return_oop=0}
                      ; - java.lang.String$$StringConcat/0x0000000095081000::concat@77
                      ; - java.lang.invoke.DirectMethodHandle$Holder::invokeSpecial@14
                      ; - java.lang.invoke.LambdaForm$MH/0x0000000095081400::invoke@24
                      ; - java.lang.invoke.Invokers$Holder::linkToTargetMethod@6
                      ; - Rendering.ImGui.ImGuiEditor::render@27 (line 22)
  0x0000023b4ece6b84: d81f 4307 | e96e f1ff 

  0x0000023b4ece6b8c: ;   {metadata({method} {0x00000000944afea8} '<init>' '([BB)V' in 'java/lang/String')}
  0x0000023b4ece6b8c: ff49 baa0 | fe4a 9400 | 0000 004c | 8954 2408 | 48c7 0424 | ffff ffff 

  0x0000023b4ece6ba4: ;   {runtime_call C1 Runtime counter_overflow_blob}
  0x0000023b4ece6ba4: e8b7 7643 

  0x0000023b4ece6ba8: ; ImmutableOopMap {rax=Oop [288]=Oop [320]=Oop [336]=Oop [344]=Oop [352]=Oop [376]=Oop }
                      ;*synchronization entry
                      ; - java.lang.String::<init>@-1 (line 4879)
                      ; - java.lang.String$$StringConcat/0x0000000095081000::concat@85
                      ; - java.lang.invoke.DirectMethodHandle$Holder::invokeSpecial@14
                      ; - java.lang.invoke.LambdaForm$MH/0x0000000095081400::invoke@24
                      ; - java.lang.invoke.Invokers$Holder::linkToTargetMethod@6
                      ; - Rendering.ImGui.ImGuiEditor::render@27 (line 22)
  0x0000023b4ece6ba8: 07e9 89f1 

  0x0000023b4ece6bac: ;   {metadata({method} {0x00000000944b4c90} '<init>' '()V' in 'java/lang/Object')}
  0x0000023b4ece6bac: ffff 49ba | 884c 4b94 | 0000 0000 | 4c89 5424 | 0848 c704 | 24ff ffff 

  0x0000023b4ece6bc4: ;   {runtime_call C1 Runtime counter_overflow_blob}
  0x0000023b4ece6bc4: ffe8 9676 

  0x0000023b4ece6bc8: ; ImmutableOopMap {rax=Oop [288]=Oop [320]=Oop [336]=Oop [344]=Oop [352]=Oop [376]=Oop }
                      ;*synchronization entry
                      ; - java.lang.Object::<init>@-1 (line 44)
                      ; - java.lang.String::<init>@1 (line 4879)
                      ; - java.lang.String$$StringConcat/0x0000000095081000::concat@85
                      ; - java.lang.invoke.DirectMethodHandle$Holder::invokeSpecial@14
                      ; - java.lang.invoke.LambdaForm$MH/0x0000000095081400::invoke@24
                      ; - java.lang.invoke.Invokers$Holder::linkToTargetMethod@6
                      ; - Rendering.ImGui.ImGuiEditor::render@27 (line 22)
  0x0000023b4ece6bc8: 4307 e9a4 | f1ff ff8b | 5014 48c1 | e203 4883 | fa00 0f84 | a0f1 ffff | 4889 1424 

  0x0000023b4ece6be4: ;   {runtime_call g1_pre_barrier_slow}
  0x0000023b4ece6be4: e877 7c43 | 07e9 92f1 | ffff 4883 | fe00 0f84 | aff1 ffff | 4889 0424 

  0x0000023b4ece6bfc: ;   {runtime_call g1_post_barrier_slow}
  0x0000023b4ece6bfc: e85f 7f43 | 07e9 a1f1 

  0x0000023b4ece6c04: ;   {metadata({method} {0x0000023b66853438} 'text' '(Ljava/lang/String;)V' in 'imgui/ImGui')}
  0x0000023b4ece6c04: ffff 49ba | 3034 8566 | 3b02 0000 | 4c89 5424 | 0848 c704 | 24ff ffff 

  0x0000023b4ece6c1c: ;   {runtime_call C1 Runtime counter_overflow_blob}
  0x0000023b4ece6c1c: ffe8 3e76 

  0x0000023b4ece6c20: ; ImmutableOopMap {rax=Oop [288]=Oop }
                      ;*synchronization entry
                      ; - imgui.ImGui::text@-1 (line 2909)
                      ; - Rendering.ImGui.ImGuiEditor::render@32 (line 22)
  0x0000023b4ece6c20: 4307 e9c3 

  0x0000023b4ece6c24: ;   {metadata({method} {0x0000023b66853fa0} 'button' '(Ljava/lang/String;)Z' in 'imgui/ImGui')}
  0x0000023b4ece6c24: f1ff ff49 | ba98 3f85 | 663b 0200 | 004c 8954 | 2408 48c7 | 0424 ffff 

  0x0000023b4ece6c3c: ;   {runtime_call C1 Runtime counter_overflow_blob}
  0x0000023b4ece6c3c: ffff e81d 

  0x0000023b4ece6c40: ; ImmutableOopMap {[288]=Oop }
                      ;*synchronization entry
                      ; - imgui.ImGui::button@-1 (line 3030)
                      ; - Rendering.ImGui.ImGuiEditor::render@37 (line 23)
  0x0000023b4ece6c40: 7643 07e9 | 05f2 ffff 

  0x0000023b4ece6c48: ;   {metadata({method} {0x0000023b668510c0} 'sameLine' '()V' in 'imgui/ImGui')}
  0x0000023b4ece6c48: 49ba b810 | 8566 3b02 | 0000 4c89 | 5424 0848 | c704 24ff 

  0x0000023b4ece6c5c: ;   {runtime_call C1 Runtime counter_overflow_blob}
  0x0000023b4ece6c5c: ffff ffe8 

  0x0000023b4ece6c60: ; ImmutableOopMap {[288]=Oop }
                      ;*synchronization entry
                      ; - imgui.ImGui::sameLine@-1 (line 2561)
                      ; - Rendering.ImGui.ImGuiEditor::render@53 (line 26)
  0x0000023b4ece6c60: fc75 4307 | e989 f2ff 

  0x0000023b4ece6c68: ;   {metadata({method} {0x00000000944af718} 'valueOf' '(I)Ljava/lang/String;' in 'java/lang/String')}
  0x0000023b4ece6c68: ff49 ba10 | f74a 9400 | 0000 004c | 8954 2408 | 48c7 0424 | ffff ffff 

  0x0000023b4ece6c80: ;   {runtime_call C1 Runtime counter_overflow_blob}
  0x0000023b4ece6c80: e8db 7543 

  0x0000023b4ece6c84: ; ImmutableOopMap {rdx=Oop [288]=Oop }
                      ;*synchronization entry
                      ; - java.lang.String::valueOf@-1 (line 4643)
                      ; - Rendering.ImGui.ImGuiEditor::render@60 (line 27)
  0x0000023b4ece6c84: 07e9 cef2 

  0x0000023b4ece6c88: ;   {metadata({method} {0x0000023b66853438} 'text' '(Ljava/lang/String;)V' in 'imgui/ImGui')}
  0x0000023b4ece6c88: ffff 49ba | 3034 8566 | 3b02 0000 | 4c89 5424 | 0848 c704 | 24ff ffff 

  0x0000023b4ece6ca0: ;   {runtime_call C1 Runtime counter_overflow_blob}
  0x0000023b4ece6ca0: ffe8 ba75 

  0x0000023b4ece6ca4: ; ImmutableOopMap {rax=Oop [288]=Oop }
                      ;*synchronization entry
                      ; - imgui.ImGui::text@-1 (line 2909)
                      ; - Rendering.ImGui.ImGuiEditor::render@63 (line 27)
  0x0000023b4ece6ca4: 4307 e912 

  0x0000023b4ece6ca8: ;   {metadata({method} {0x0000023b66863f40} 'sliderFloat' '(Ljava/lang/String;[FFF)Z' in 'imgui/ImGui')}
  0x0000023b4ece6ca8: f3ff ff49 | ba38 3f86 | 663b 0200 | 004c 8954 | 2408 48c7 | 0424 ffff 

  0x0000023b4ece6cc0: ;   {runtime_call C1 Runtime counter_overflow_blob}
  0x0000023b4ece6cc0: ffff e899 

  0x0000023b4ece6cc4: ; ImmutableOopMap {rdx=Oop rsi=Oop [288]=Oop }
                      ;*synchronization entry
                      ; - imgui.ImGui::sliderFloat@-1 (line 5409)
                      ; - Rendering.ImGui.ImGuiEditor::render@74 (line 28)
  0x0000023b4ece6cc4: 7543 07e9 | 6af3 ffff 

  0x0000023b4ece6ccc: ;   {metadata({method} {0x0000023b66850f80} 'separator' '()V' in 'imgui/ImGui')}
  0x0000023b4ece6ccc: 49ba 780f | 8566 3b02 | 0000 4c89 | 5424 0848 | c704 24ff 

  0x0000023b4ece6ce0: ;   {runtime_call C1 Runtime counter_overflow_blob}
  0x0000023b4ece6ce0: ffff ffe8 

  0x0000023b4ece6ce4: ; ImmutableOopMap {[288]=Oop }
                      ;*synchronization entry
                      ; - imgui.ImGui::separator@-1 (line 2550)
                      ; - Rendering.ImGui.ImGuiEditor::render@78 (line 29)
  0x0000023b4ece6ce4: 7875 4307 | e9c8 f3ff 

  0x0000023b4ece6cec: ;   {metadata({method} {0x0000023b6643dd88} 'showExtras' '()V' in 'Rendering/ImGui/ImGuiEditor')}
  0x0000023b4ece6cec: ff49 ba80 | dd43 663b | 0200 004c | 8954 2408 | 48c7 0424 | ffff ffff 

  0x0000023b4ece6d04: ;   {runtime_call C1 Runtime counter_overflow_blob}
  0x0000023b4ece6d04: e857 7543 

  0x0000023b4ece6d08: ; ImmutableOopMap {[288]=Oop }
                      ;*synchronization entry
                      ; - Rendering.ImGui.ImGuiEditor::showExtras@-1 (line 36)
                      ; - Rendering.ImGui.ImGuiEditor::render@82 (line 30)
  0x0000023b4ece6d08: 07e9 07f4 

  0x0000023b4ece6d0c: ;   {metadata({method} {0x0000023b66853438} 'text' '(Ljava/lang/String;)V' in 'imgui/ImGui')}
  0x0000023b4ece6d0c: ffff 49ba | 3034 8566 | 3b02 0000 | 4c89 5424 | 0848 c704 | 24ff ffff 

  0x0000023b4ece6d24: ;   {runtime_call C1 Runtime counter_overflow_blob}
  0x0000023b4ece6d24: ffe8 3675 

  0x0000023b4ece6d28: ; ImmutableOopMap {[288]=Oop }
                      ;*synchronization entry
                      ; - imgui.ImGui::text@-1 (line 2909)
                      ; - Rendering.ImGui.ImGuiEditor::showExtras@2 (line 36)
                      ; - Rendering.ImGui.ImGuiEditor::render@82 (line 30)
  0x0000023b4ece6d28: 4307 e91f 

  0x0000023b4ece6d2c: ;   {metadata({method} {0x0000023b66854b88} 'checkbox' '(Ljava/lang/String;Limgui/type/ImBoolean;)Z' in 'imgui/ImGui')}
  0x0000023b4ece6d2c: f4ff ff49 | ba80 4b85 | 663b 0200 | 004c 8954 | 2408 48c7 | 0424 ffff 

  0x0000023b4ece6d44: ;   {runtime_call C1 Runtime counter_overflow_blob}
  0x0000023b4ece6d44: ffff e815 

  0x0000023b4ece6d48: ; ImmutableOopMap {[288]=Oop }
                      ;*synchronization entry
                      ; - imgui.ImGui::checkbox@-1 (line 3144)
                      ; - Rendering.ImGui.ImGuiEditor::showExtras@10 (line 37)
                      ; - Rendering.ImGui.ImGuiEditor::render@82 (line 30)
  0x0000023b4ece6d48: 7543 07e9 | 6af4 ffff 

  0x0000023b4ece6d50: ;   {metadata({method} {0x0000023b6643e988} 'get' '()Z' in 'imgui/type/ImBoolean')}
  0x0000023b4ece6d50: 49ba 80e9 | 4366 3b02 | 0000 4c89 | 5424 0848 | c704 24ff 

  0x0000023b4ece6d64: ;   {runtime_call C1 Runtime counter_overflow_blob}
  0x0000023b4ece6d64: ffff ffe8 

  0x0000023b4ece6d68: ; ImmutableOopMap {rdx=Oop [288]=Oop }
                      ;*synchronization entry
                      ; - imgui.type.ImBoolean::get@-1 (line 18)
                      ; - Rendering.ImGui.ImGuiEditor::showExtras@17 (line 39)
                      ; - Rendering.ImGui.ImGuiEditor::render@82 (line 30)
  0x0000023b4ece6d68: f474 4307 | e9fe f5ff 

  0x0000023b4ece6d70: ;   {runtime_call C1 Runtime throw_null_pointer_exception_blob}
  0x0000023b4ece6d70: ffe8 ea14 

  0x0000023b4ece6d74: ; ImmutableOopMap {rdx=Oop [288]=Oop }
                      ;*baload {reexecute=0 rethrow=0 return_oop=0}
                      ; - imgui.type.ImBoolean::get@5 (line 18)
                      ; - Rendering.ImGui.ImGuiEditor::showExtras@17 (line 39)
                      ; - Rendering.ImGui.ImGuiEditor::render@82 (line 30)
                      ;   {runtime_call C1 Runtime throw_null_pointer_exception_blob}
  0x0000023b4ece6d74: 4307 e8e5 

  0x0000023b4ece6d78: ; ImmutableOopMap {rdx=Oop [288]=Oop }
                      ;*baload {reexecute=0 rethrow=0 return_oop=0}
                      ; - imgui.type.ImBoolean::get@5 (line 18)
                      ; - Rendering.ImGui.ImGuiEditor::showExtras@17 (line 39)
                      ; - Rendering.ImGui.ImGuiEditor::render@82 (line 30)
  0x0000023b4ece6d78: 1443 0748 | c704 2400 | 0000 0048 | 8954 2408 

  0x0000023b4ece6d88: ;   {runtime_call C1 Runtime throw_range_check_failed_blob}
  0x0000023b4ece6d88: e8d3 0b43 

  0x0000023b4ece6d8c: ; ImmutableOopMap {rdx=Oop [288]=Oop }
                      ;*baload {reexecute=0 rethrow=0 return_oop=0}
                      ; - imgui.type.ImBoolean::get@5 (line 18)
                      ; - Rendering.ImGui.ImGuiEditor::showExtras@17 (line 39)
                      ; - Rendering.ImGui.ImGuiEditor::render@82 (line 30)
                      ;   {metadata({method} {0x0000023b6643de48} 'showDemo' '()V' in 'Rendering/ImGui/ImGuiEditor')}
  0x0000023b4ece6d8c: 0749 ba40 | de43 663b | 0200 004c | 8954 2408 | 48c7 0424 | ffff ffff 

  0x0000023b4ece6da4: ;   {runtime_call C1 Runtime counter_overflow_blob}
  0x0000023b4ece6da4: e8b7 7443 

  0x0000023b4ece6da8: ; ImmutableOopMap {rdx=Oop [288]=Oop }
                      ;*synchronization entry
                      ; - Rendering.ImGui.ImGuiEditor::showDemo@-1 (line 46)
                      ; - Rendering.ImGui.ImGuiEditor::showExtras@24 (line 40)
                      ; - Rendering.ImGui.ImGuiEditor::render@82 (line 30)
  0x0000023b4ece6da8: 07e9 44f6 

  0x0000023b4ece6dac: ;   {metadata({method} {0x0000023b66845570} 'showDemoWindow' '(Limgui/type/ImBoolean;)V' in 'imgui/ImGui')}
  0x0000023b4ece6dac: ffff 49ba | 6855 8466 | 3b02 0000 | 4c89 5424 | 0848 c704 | 24ff ffff 

  0x0000023b4ece6dc4: ;   {runtime_call C1 Runtime counter_overflow_blob}
  0x0000023b4ece6dc4: ffe8 9674 

  0x0000023b4ece6dc8: ; ImmutableOopMap {rdx=Oop [288]=Oop }
                      ;*synchronization entry
                      ; - imgui.ImGui::showDemoWindow@-1 (line 305)
                      ; - Rendering.ImGui.ImGuiEditor::showDemo@3 (line 46)
                      ; - Rendering.ImGui.ImGuiEditor::showExtras@24 (line 40)
                      ; - Rendering.ImGui.ImGuiEditor::render@82 (line 30)
  0x0000023b4ece6dc8: 4307 e95c 

  0x0000023b4ece6dcc: ;   {metadata({method} {0x0000023b668476e0} 'end' '()V' in 'imgui/ImGui')}
  0x0000023b4ece6dcc: f6ff ff49 | bad8 7684 | 663b 0200 | 004c 8954 | 2408 48c7 | 0424 ffff 

  0x0000023b4ece6de4: ;   {runtime_call C1 Runtime counter_overflow_blob}
  0x0000023b4ece6de4: ffff e875 

  0x0000023b4ece6de8: ; ImmutableOopMap {[288]=Oop }
                      ;*synchronization entry
                      ; - imgui.ImGui::end@-1 (line 617)
                      ; - Rendering.ImGui.ImGuiEditor::render@85 (line 32)
  0x0000023b4ece6de8: 7443 07e9 | 4df7 ffff 

  0x0000023b4ece6df0: ;   {internal_word}
  0x0000023b4ece6df0: 49ba 6465 | ce4e 3b02 | 0000 4d89 | 97e0 0400 

  0x0000023b4ece6e00: ;   {runtime_call SafepointBlob}
  0x0000023b4ece6e00: 00e9 5aa1 

  0x0000023b4ece6e04: ;   {metadata(nullptr)}
  0x0000023b4ece6e04: 3507 48ba | 0000 0000 | 0000 0000 | b800 0f05 

  0x0000023b4ece6e14: ;   {runtime_call C1 Runtime load_klass_patching_blob}
  0x0000023b4ece6e14: 0ae8 c663 

  0x0000023b4ece6e18: ; ImmutableOopMap {[288]=Oop [320]=Oop [336]=Oop [344]=Oop [352]=Oop }
                      ;*new {reexecute=1 rethrow=0 return_oop=0}
                      ; - (reexecute) java.lang.StringConcatHelper::newArray@4 (line 576)
                      ; - java.lang.StringConcatHelper::newArrayWithSuffix@8 (line 611)
                      ; - java.lang.String$$StringConcat/0x0000000095081000::concat@58
                      ; - java.lang.invoke.DirectMethodHandle$Holder::invokeSpecial@14
                      ; - java.lang.invoke.LambdaForm$MH/0x0000000095081400::invoke@24
                      ; - java.lang.invoke.Invokers$Holder::linkToTargetMethod@6
                      ; - Rendering.ImGui.ImGuiEditor::render@27 (line 22)
  0x0000023b4ece6e18: 4307 e951 | f7ff ff48 

  0x0000023b4ece6e20: ;   {runtime_call C1 Runtime fast_new_instance_blob}
  0x0000023b4ece6e20: 8bd2 e839 

  0x0000023b4ece6e24: ; ImmutableOopMap {[288]=Oop [320]=Oop [336]=Oop [344]=Oop [352]=Oop }
                      ;*new {reexecute=0 rethrow=0 return_oop=0}
                      ; - java.lang.StringConcatHelper::newArray@4 (line 576)
                      ; - java.lang.StringConcatHelper::newArrayWithSuffix@8 (line 611)
                      ; - java.lang.String$$StringConcat/0x0000000095081000::concat@58
                      ; - java.lang.invoke.DirectMethodHandle$Holder::invokeSpecial@14
                      ; - java.lang.invoke.LambdaForm$MH/0x0000000095081400::invoke@24
                      ; - java.lang.invoke.Invokers$Holder::linkToTargetMethod@6
                      ; - Rendering.ImGui.ImGuiEditor::render@27 (line 22)
  0x0000023b4ece6e24: 1d43 07e9 | 98f7 ffff 

  0x0000023b4ece6e2c: ;   {metadata(nullptr)}
  0x0000023b4ece6e2c: 48ba 0000 | 0000 0000 | 0000 b800 

  0x0000023b4ece6e38: ;   {runtime_call C1 Runtime load_klass_patching_blob}
  0x0000023b4ece6e38: 0f05 0ae8 

  0x0000023b4ece6e3c: ; ImmutableOopMap {[288]=Oop [320]=Oop [336]=Oop [344]=Oop [352]=Oop }
                      ;*new {reexecute=1 rethrow=0 return_oop=0}
                      ; - (reexecute) java.lang.StringConcatHelper::checkOverflow@6 (line 787)
                      ; - java.lang.StringConcatHelper::stringSize@6 (line 530)
                      ; - java.lang.String$$StringConcat/0x0000000095081000::length@6
                      ; - java.lang.String$$StringConcat/0x0000000095081000::concat@33
                      ; - java.lang.invoke.DirectMethodHandle$Holder::invokeSpecial@14
                      ; - java.lang.invoke.LambdaForm$MH/0x0000000095081400::invoke@24
                      ; - java.lang.invoke.Invokers$Holder::linkToTargetMethod@6
                      ; - Rendering.ImGui.ImGuiEditor::render@27 (line 22)
  0x0000023b4ece6e3c: a063 4307 | e9db f7ff | ff48 8bd2 

  0x0000023b4ece6e48: ;   {runtime_call C1 Runtime fast_new_instance_blob}
  0x0000023b4ece6e48: e813 1d43 

  0x0000023b4ece6e4c: ; ImmutableOopMap {[288]=Oop [320]=Oop [336]=Oop [344]=Oop [352]=Oop }
                      ;*new {reexecute=0 rethrow=0 return_oop=0}
                      ; - java.lang.StringConcatHelper::checkOverflow@6 (line 787)
                      ; - java.lang.StringConcatHelper::stringSize@6 (line 530)
                      ; - java.lang.String$$StringConcat/0x0000000095081000::length@6
                      ; - java.lang.String$$StringConcat/0x0000000095081000::concat@33
                      ; - java.lang.invoke.DirectMethodHandle$Holder::invokeSpecial@14
                      ; - java.lang.invoke.LambdaForm$MH/0x0000000095081400::invoke@24
                      ; - java.lang.invoke.Invokers$Holder::linkToTargetMethod@6
                      ; - Rendering.ImGui.ImGuiEditor::render@27 (line 22)
  0x0000023b4ece6e4c: 07e9 22f8 

  0x0000023b4ece6e50: ;   {metadata(nullptr)}
  0x0000023b4ece6e50: ffff 48ba | 0000 0000 | 0000 0000 | b800 0f05 

  0x0000023b4ece6e60: ;   {runtime_call C1 Runtime load_klass_patching_blob}
  0x0000023b4ece6e60: 0ae8 7a63 

  0x0000023b4ece6e64: ; ImmutableOopMap {[288]=Oop [320]=Oop [336]=Oop [344]=Oop [352]=Oop }
                      ;*new {reexecute=1 rethrow=0 return_oop=0}
                      ; - (reexecute) java.lang.StringConcatHelper::checkOverflow@6 (line 787)
                      ; - java.lang.StringConcatHelper::stringSize@6 (line 530)
                      ; - java.lang.String$$StringConcat/0x0000000095081000::length@2
                      ; - java.lang.String$$StringConcat/0x0000000095081000::concat@33
                      ; - java.lang.invoke.DirectMethodHandle$Holder::invokeSpecial@14
                      ; - java.lang.invoke.LambdaForm$MH/0x0000000095081400::invoke@24
                      ; - java.lang.invoke.Invokers$Holder::linkToTargetMethod@6
                      ; - Rendering.ImGui.ImGuiEditor::render@27 (line 22)
  0x0000023b4ece6e64: 4307 e95d | f8ff ff48 

  0x0000023b4ece6e6c: ;   {runtime_call C1 Runtime fast_new_instance_blob}
  0x0000023b4ece6e6c: 8bd2 e8ed 

  0x0000023b4ece6e70: ; ImmutableOopMap {[288]=Oop [320]=Oop [336]=Oop [344]=Oop [352]=Oop }
                      ;*new {reexecute=0 rethrow=0 return_oop=0}
                      ; - java.lang.StringConcatHelper::checkOverflow@6 (line 787)
                      ; - java.lang.StringConcatHelper::stringSize@6 (line 530)
                      ; - java.lang.String$$StringConcat/0x0000000095081000::length@2
                      ; - java.lang.String$$StringConcat/0x0000000095081000::concat@33
                      ; - java.lang.invoke.DirectMethodHandle$Holder::invokeSpecial@14
                      ; - java.lang.invoke.LambdaForm$MH/0x0000000095081400::invoke@24
                      ; - java.lang.invoke.Invokers$Holder::linkToTargetMethod@6
                      ; - Rendering.ImGui.ImGuiEditor::render@27 (line 22)
  0x0000023b4ece6e70: 1c43 07e9 | a4f8 ffff | 498b 8788 | 0500 0049 | c787 8805 | 0000 0000 | 0000 49c7 | 8790 0500 
  0x0000023b4ece6e90: 0000 0000 | 0048 81c4 | c001 0000 

  0x0000023b4ece6e9c: ;   {runtime_call C1 Runtime unwind_exception_blob}
  0x0000023b4ece6e9c: 5de9 be04 | 4307 f4f4 | f4f4 f4f4 
[Stub Code]
  0x0000023b4ece6ea8: ;   {other}
  0x0000023b4ece6ea8: 0f1f 4400 

  0x0000023b4ece6eac: ;   {static_stub}
  0x0000023b4ece6eac: 0048 bb00 | 0000 0000 

  0x0000023b4ece6eb4: ;   {runtime_call nmethod}
  0x0000023b4ece6eb4: 0000 00e9 | fbff ffff 

  0x0000023b4ece6ebc: ;   {static_stub}
  0x0000023b4ece6ebc: 9048 bb00 | 0000 0000 

  0x0000023b4ece6ec4: ;   {runtime_call nmethod}
  0x0000023b4ece6ec4: 0000 00e9 | fbff ffff 

  0x0000023b4ece6ecc: ;   {static_stub}
  0x0000023b4ece6ecc: 9048 bb00 | 0000 0000 

  0x0000023b4ece6ed4: ;   {runtime_call nmethod}
  0x0000023b4ece6ed4: 0000 00e9 | fbff ffff 

  0x0000023b4ece6edc: ;   {static_stub}
  0x0000023b4ece6edc: 48bb 0000 | 0000 0000 

  0x0000023b4ece6ee4: ;   {runtime_call nmethod}
  0x0000023b4ece6ee4: 0000 e9fb 

  0x0000023b4ece6ee8: ;   {static_stub}
  0x0000023b4ece6ee8: ffff ff48 | bb00 0000 | 0000 0000 

  0x0000023b4ece6ef4: ;   {runtime_call nmethod}
  0x0000023b4ece6ef4: 00e9 fbff 

  0x0000023b4ece6ef8: ;   {static_stub}
  0x0000023b4ece6ef8: ffff 48bb | 0000 0000 | 0000 0000 

  0x0000023b4ece6f04: ;   {runtime_call nmethod}
  0x0000023b4ece6f04: e9fb ffff 

  0x0000023b4ece6f08: ;   {static_stub}
  0x0000023b4ece6f08: ff48 bb00 | 0000 0000 

  0x0000023b4ece6f10: ;   {runtime_call nmethod}
  0x0000023b4ece6f10: 0000 00e9 | fbff ffff 

  0x0000023b4ece6f18: ;   {static_stub}
  0x0000023b4ece6f18: 48bb 0000 | 0000 0000 

  0x0000023b4ece6f20: ;   {runtime_call nmethod}
  0x0000023b4ece6f20: 0000 e9fb 

  0x0000023b4ece6f24: ;   {static_stub}
  0x0000023b4ece6f24: ffff ff48 | bb00 0000 | 0000 0000 

  0x0000023b4ece6f30: ;   {runtime_call nmethod}
  0x0000023b4ece6f30: 00e9 fbff 

  0x0000023b4ece6f34: ;   {static_stub}
  0x0000023b4ece6f34: ffff 48bb | 0000 0000 | 0000 0000 

  0x0000023b4ece6f40: ;   {runtime_call nmethod}
  0x0000023b4ece6f40: e9fb ffff 

  0x0000023b4ece6f44: ;   {static_stub}
  0x0000023b4ece6f44: ff48 bb00 | 0000 0000 

  0x0000023b4ece6f4c: ;   {runtime_call nmethod}
  0x0000023b4ece6f4c: 0000 00e9 | fbff ffff 

  0x0000023b4ece6f54: ;   {static_stub}
  0x0000023b4ece6f54: 48bb 0000 | 0000 0000 

  0x0000023b4ece6f5c: ;   {runtime_call nmethod}
  0x0000023b4ece6f5c: 0000 e9fb 

  0x0000023b4ece6f60: ;   {static_stub}
  0x0000023b4ece6f60: ffff ff48 | bb00 0000 | 0000 0000 

  0x0000023b4ece6f6c: ;   {runtime_call nmethod}
  0x0000023b4ece6f6c: 00e9 fbff 

  0x0000023b4ece6f70: ;   {static_stub}
  0x0000023b4ece6f70: ffff 48bb | 0000 0000 | 0000 0000 

  0x0000023b4ece6f7c: ;   {runtime_call nmethod}
  0x0000023b4ece6f7c: e9fb ffff 

  0x0000023b4ece6f80: ;   {static_stub}
  0x0000023b4ece6f80: ff48 bb00 | 0000 0000 

  0x0000023b4ece6f88: ;   {runtime_call nmethod}
  0x0000023b4ece6f88: 0000 00e9 | fbff ffff 

  0x0000023b4ece6f90: ;   {static_stub}
  0x0000023b4ece6f90: 48bb 0000 | 0000 0000 

  0x0000023b4ece6f98: ;   {runtime_call nmethod}
  0x0000023b4ece6f98: 0000 e9fb 

  0x0000023b4ece6f9c: ;   {static_stub}
  0x0000023b4ece6f9c: ffff ff48 | bb00 0000 | 0000 0000 

  0x0000023b4ece6fa8: ;   {runtime_call nmethod}
  0x0000023b4ece6fa8: 00e9 fbff 

  0x0000023b4ece6fac: ;   {static_stub}
  0x0000023b4ece6fac: ffff 48bb | 0000 0000 | 0000 0000 

  0x0000023b4ece6fb8: ;   {runtime_call nmethod}
  0x0000023b4ece6fb8: e9fb ffff 

  0x0000023b4ece6fbc: ;   {static_stub}
  0x0000023b4ece6fbc: ff48 bb00 | 0000 0000 

  0x0000023b4ece6fc4: ;   {runtime_call nmethod}
  0x0000023b4ece6fc4: 0000 00e9 | fbff ffff 
[Exception Handler]
  0x0000023b4ece6fcc: ;   {runtime_call C1 Runtime handle_exception_from_callee_blob}
  0x0000023b4ece6fcc: e88f 3843 

  0x0000023b4ece6fd0: ;   {external_word}
  0x0000023b4ece6fd0: 0748 b948 | 0805 17fa | 7f00 0048 

  0x0000023b4ece6fdc: ;   {runtime_call}
  0x0000023b4ece6fdc: 83e4 f048 | b800 8dc8 | 16fa 7f00 | 00ff d0f4 
[Deopt Handler Code]
  0x0000023b4ece6fec: ;   {section_word}
  0x0000023b4ece6fec: 49ba ec6f | ce4e 3b02 | 0000 4152 

  0x0000023b4ece6ff8: ;   {runtime_call DeoptimizationBlob}
  0x0000023b4ece6ff8: e963 a235 | 07f4 f4f4 
[/MachCode]


Compiled method (c1) 35680 1726       3       Rendering.ImGui.ImGuiWindow::render (29 bytes)
 total in heap  [0x0000023b4ecdb688,0x0000023b4ecdbba8] = 1312
 main code      [0x0000023b4ecdb780,0x0000023b4ecdbb08] = 904
 stub code      [0x0000023b4ecdbb08,0x0000023b4ecdbba0] = 152
 oops           [0x0000023b4ecdbba0,0x0000023b4ecdbba8] = 8
 mutable data [0x0000023b6ae5e600,0x0000023b6ae5e6f0] = 240
 relocation     [0x0000023b6ae5e600,0x0000023b6ae5e6b8] = 184
 metadata       [0x0000023b6ae5e6b8,0x0000023b6ae5e6f0] = 56
 immutable data [0x0000023b6b768440,0x0000023b6b7685f0] = 432
 dependencies   [0x0000023b6b768440,0x0000023b6b768450] = 16
 nul chk table  [0x0000023b6b768450,0x0000023b6b768480] = 48
 scopes pcs     [0x0000023b6b768480,0x0000023b6b768580] = 256
 scopes data    [0x0000023b6b768580,0x0000023b6b7685f0] = 112

[Constant Pool (empty)]

[MachCode]
[Instructions begin]
  0x0000023b4ecdb780: 660f 1f84 | 0000 0000 | 0066 0f1f | 8400 0000 | 0000 448b | 5208 443b 

  0x0000023b4ecdb798: ;   {runtime_call Shared Runtime ic_miss_blob}
  0x0000023b4ecdb798: 5008 0f85 | 4033 3607 
[Verified Entry Point]
  0x0000023b4ecdb7a0: 8984 2400 | 80ff ff55 | 4883 ec40 | 4181 7f20 | 0100 0000 

  0x0000023b4ecdb7b4: ;   {runtime_call Stub::method_entry_barrier}
  0x0000023b4ecdb7b4: 7405 e885 | 8a34 0748 | 8954 2428 

  0x0000023b4ecdb7c0: ;   {metadata(method data for {method} {0x0000023b664079d8} 'render' '()V' in 'Rendering/ImGui/ImGuiWindow')}
  0x0000023b4ecdb7c0: 48be 8033 | c066 3b02 | 0000 8bbe | 9000 0000 | 83c7 0289 | be90 0000 | 0081 e7fe | 0700 0085 
  0x0000023b4ecdb7e0: ff0f 8465 | 0200 008b | 7218 48c1 | e603 4889 | 7424 2048 | 3b06 488b 

  0x0000023b4ecdb7f8: ;   {metadata(method data for {method} {0x0000023b664079d8} 'render' '()V' in 'Rendering/ImGui/ImGuiWindow')}
  0x0000023b4ecdb7f8: fe48 bb80 | 33c0 663b 

  0x0000023b4ecdb800: ;   {metadata('imgui/gl3/ImGuiImplGl3')}
  0x0000023b4ecdb800: 0200 0049 | ba20 5704 | 9500 0000 | 004c 8993 | e000 0000 | 4883 83e8 | 0000 0001 

  0x0000023b4ecdb81c: ;   {metadata(method data for {method} {0x0000023b66435670} 'newFrame' '()V' in 'imgui/gl3/ImGuiImplGl3')}
  0x0000023b4ecdb81c: 48bf 6835 | c066 3b02 | 0000 8b9f | 9000 0000 | 83c3 0289 | 9f90 0000 | 0081 e3fe | ff1f 0085 
  0x0000023b4ecdb83c: db0f 842f | 0200 008b | 7e0c 48c1 | e703 8b7f 

  0x0000023b4ecdb84c: ;   {metadata(method data for {method} {0x0000023b66435670} 'newFrame' '()V' in 'imgui/gl3/ImGuiImplGl3')}
  0x0000023b4ecdb84c: 1885 ff48 | bf68 35c0 | 663b 0200 | 00bb d800 | 0000 7505 | bbe8 0000 | 0048 8b04 | 1f48 8d40 
  0x0000023b4ecdb86c: 0148 8904 | 1f0f 8542 | 0000 0048 

  0x0000023b4ecdb878: ;   {metadata(method data for {method} {0x0000023b66435670} 'newFrame' '()V' in 'imgui/gl3/ImGuiImplGl3')}
  0x0000023b4ecdb878: 8bfe 48bb | 6835 c066 | 3b02 0000 

  0x0000023b4ecdb884: ;   {metadata('imgui/gl3/ImGuiImplGl3')}
  0x0000023b4ecdb884: 49ba 2057 | 0495 0000 | 0000 4c89 | 9300 0100 | 0048 8383 | 0801 0000 | 0148 8bd6 | 0f1f 8000 
  0x0000023b4ecdb8a4: ;   {optimized virtual_call}
  0x0000023b4ecdb8a4: 0000 00e8 

  0x0000023b4ecdb8a8: ; ImmutableOopMap {[32]=Oop [40]=Oop }
                      ;*invokevirtual createDeviceObjects {reexecute=0 rethrow=0 return_oop=0}
                      ; - imgui.gl3.ImGuiImplGl3::newFrame@11 (line 339)
                      ; - Rendering.ImGui.ImGuiWindow::render@4 (line 99)
  0x0000023b4ecdb8a8: 3435 3607 

  0x0000023b4ecdb8ac: ;   {post_call_nop}
  0x0000023b4ecdb8ac: 0f1f 8400 | 2402 0000 | 488b 7424 | 208b 560c | 48c1 e203 

  0x0000023b4ecdb8c0: ; implicit exception: dispatches to 0x0000023b4ecdba98
  0x0000023b4ecdb8c0: 8b52 1485 

  0x0000023b4ecdb8c4: ;   {metadata(method data for {method} {0x0000023b66435670} 'newFrame' '()V' in 'imgui/gl3/ImGuiImplGl3')}
  0x0000023b4ecdb8c4: d248 ba68 | 35c0 663b | 0200 00bf | 2801 0000 | 7505 bf38 | 0100 0048 | 8b1c 3a48 | 8d5b 0148 
  0x0000023b4ecdb8e4: 891c 3a0f | 8537 0000 | 0048 8bd6 

  0x0000023b4ecdb8f0: ;   {metadata(method data for {method} {0x0000023b66435670} 'newFrame' '()V' in 'imgui/gl3/ImGuiImplGl3')}
  0x0000023b4ecdb8f0: 48bf 6835 | c066 3b02 

  0x0000023b4ecdb8f8: ;   {metadata('imgui/gl3/ImGuiImplGl3')}
  0x0000023b4ecdb8f8: 0000 49ba | 2057 0495 | 0000 0000 | 4c89 9750 | 0100 0048 | 8387 5801 | 0000 0148 

  0x0000023b4ecdb914: ;   {optimized virtual_call}
  0x0000023b4ecdb914: 8bd6 90e8 

  0x0000023b4ecdb918: ; ImmutableOopMap {[32]=Oop [40]=Oop }
                      ;*invokevirtual createFontsTexture {reexecute=0 rethrow=0 return_oop=0}
                      ; - imgui.gl3.ImGuiImplGl3::newFrame@26 (line 342)
                      ; - Rendering.ImGui.ImGuiWindow::render@4 (line 99)
  0x0000023b4ecdb918: c434 3607 

  0x0000023b4ecdb91c: ;   {post_call_nop}
  0x0000023b4ecdb91c: 0f1f 8400 | 9402 0001 | 488b 5424 | 288b 720c | 48c1 e603 

  0x0000023b4ecdb930: ; implicit exception: dispatches to 0x0000023b4ecdba9d
  0x0000023b4ecdb930: 483b 0648 

  0x0000023b4ecdb934: ;   {metadata(method data for {method} {0x0000023b664079d8} 'render' '()V' in 'Rendering/ImGui/ImGuiWindow')}
  0x0000023b4ecdb934: 8bfe 48bb | 8033 c066 | 3b02 0000 

  0x0000023b4ecdb940: ;   {metadata('imgui/glfw/ImGuiImplGlfw')}
  0x0000023b4ecdb940: 49ba a026 | 0495 0000 | 0000 4c89 | 9310 0100 | 0048 8383 | 1801 0000 | 0148 8bd6 

  0x0000023b4ecdb95c: ;   {optimized virtual_call}
  0x0000023b4ecdb95c: 6666 90e8 

  0x0000023b4ecdb960: ; ImmutableOopMap {[40]=Oop }
                      ;*invokevirtual newFrame {reexecute=0 rethrow=0 return_oop=0}
                      ; - Rendering.ImGui.ImGuiWindow::render@11 (line 100)
  0x0000023b4ecdb960: 5c07 0000 

  0x0000023b4ecdb964: ;   {post_call_nop}
  0x0000023b4ecdb964: 0f1f 8400 | dc02 0002 

  0x0000023b4ecdb96c: ;   {metadata(method data for {method} {0x0000023b664079d8} 'render' '()V' in 'Rendering/ImGui/ImGuiWindow')}
  0x0000023b4ecdb96c: 48be 8033 | c066 3b02 | 0000 4883 | 8638 0100 

  0x0000023b4ecdb97c: ;   {metadata(method data for {method} {0x0000023b66844fb0} 'newFrame' '()V' in 'imgui/ImGui')}
  0x0000023b4ecdb97c: 0001 48be | 903d c066 | 3b02 0000 | 8bbe 9000 | 0000 83c7 | 0289 be90 | 0000 0081 | e7fe ff1f 
  0x0000023b4ecdb99c: 0085 ff0f | 84fd 0000 

  0x0000023b4ecdb9a4: ;   {metadata(method data for {method} {0x0000023b66844fb0} 'newFrame' '()V' in 'imgui/ImGui')}
  0x0000023b4ecdb9a4: 0048 be90 | 3dc0 663b | 0200 0048 | 8386 d800 

  0x0000023b4ecdb9b4: ;   {static_call}
  0x0000023b4ecdb9b4: 0000 01e8 

  0x0000023b4ecdb9b8: ; ImmutableOopMap {[40]=Oop }
                      ;*invokestatic nNewFrame {reexecute=0 rethrow=0 return_oop=0}
                      ; - imgui.ImGui::newFrame@0 (line 248)
                      ; - Rendering.ImGui.ImGuiWindow::render@14 (line 101)
  0x0000023b4ecdb9b8: 5473 9007 

  0x0000023b4ecdb9bc: ;   {post_call_nop}
  0x0000023b4ecdb9bc: 0f1f 8400 | 3403 0003 | 488b 5424 | 288b 7220 | 48c1 e603 

  0x0000023b4ecdb9d0: ; implicit exception: dispatches to 0x0000023b4ecdbac3
  0x0000023b4ecdb9d0: 483b 0648 

  0x0000023b4ecdb9d4: ;   {metadata(method data for {method} {0x0000023b664079d8} 'render' '()V' in 'Rendering/ImGui/ImGuiWindow')}
  0x0000023b4ecdb9d4: 8bfe 48bb | 8033 c066 | 3b02 0000 

  0x0000023b4ecdb9e0: ;   {metadata('Rendering/ImGui/ImGuiEditor')}
  0x0000023b4ecdb9e0: 49ba 5862 | 0495 0000 | 0000 4c89 | 9350 0100 | 0048 8383 | 5801 0000 | 0148 8bd6 

  0x0000023b4ecdb9fc: ;   {optimized virtual_call}
  0x0000023b4ecdb9fc: 6666 90e8 

  0x0000023b4ecdba00: ; ImmutableOopMap {[40]=Oop }
                      ;*invokevirtual render {reexecute=0 rethrow=0 return_oop=0}
                      ; - Rendering.ImGui.ImGuiWindow::render@21 (line 104)
  0x0000023b4ecdba00: 3c8c 0000 

  0x0000023b4ecdba04: ;   {post_call_nop}
  0x0000023b4ecdba04: 0f1f 8400 | 7c03 0004 | 488b 5424 

  0x0000023b4ecdba10: ;   {metadata(method data for {method} {0x0000023b664079d8} 'render' '()V' in 'Rendering/ImGui/ImGuiWindow')}
  0x0000023b4ecdba10: 2848 be80 | 33c0 663b | 0200 0048 | 8386 7801 | 0000 0148 | 8b54 2428 | 0f1f 8000 

  0x0000023b4ecdba2c: ;   {optimized virtual_call}
  0x0000023b4ecdba2c: 0000 00e8 

  0x0000023b4ecdba30: ; ImmutableOopMap {[40]=Oop }
                      ;*invokevirtual endFrame {reexecute=0 rethrow=0 return_oop=0}
                      ; - Rendering.ImGui.ImGuiWindow::render@25 (line 106)
  0x0000023b4ecdba30: 6cee 0000 

  0x0000023b4ecdba34: ;   {post_call_nop}
  0x0000023b4ecdba34: 0f1f 8400 | ac03 0005 | 4883 c440 

  0x0000023b4ecdba40: ;   {poll_return}
  0x0000023b4ecdba40: 5d49 3b67 | 280f 877d | 0000 00c3 

  0x0000023b4ecdba4c: ;   {metadata({method} {0x0000023b664079d8} 'render' '()V' in 'Rendering/ImGui/ImGuiWindow')}
  0x0000023b4ecdba4c: 49ba d079 | 4066 3b02 | 0000 4c89 | 5424 0848 | c704 24ff 

  0x0000023b4ecdba60: ;   {runtime_call C1 Runtime counter_overflow_blob}
  0x0000023b4ecdba60: ffff ffe8 

  0x0000023b4ecdba64: ; ImmutableOopMap {rdx=Oop [40]=Oop }
                      ;*synchronization entry
                      ; - Rendering.ImGui.ImGuiWindow::render@-1 (line 99)
  0x0000023b4ecdba64: f827 4407 | e97a fdff 

  0x0000023b4ecdba6c: ;   {runtime_call C1 Runtime throw_null_pointer_exception_blob}
  0x0000023b4ecdba6c: ffe8 eec7 

  0x0000023b4ecdba70: ; ImmutableOopMap {rdx=Oop rsi=Oop [32]=Oop [40]=Oop }
                      ;*invokevirtual newFrame {reexecute=0 rethrow=0 return_oop=0}
                      ; - Rendering.ImGui.ImGuiWindow::render@4 (line 99)
                      ;   {metadata({method} {0x0000023b66435670} 'newFrame' '()V' in 'imgui/gl3/ImGuiImplGl3')}
  0x0000023b4ecdba70: 4307 49ba | 6856 4366 | 3b02 0000 | 4c89 5424 | 0848 c704 | 24ff ffff 

  0x0000023b4ecdba88: ;   {runtime_call C1 Runtime counter_overflow_blob}
  0x0000023b4ecdba88: ffe8 d227 

  0x0000023b4ecdba8c: ; ImmutableOopMap {rdx=Oop rsi=Oop [32]=Oop [40]=Oop }
                      ;*synchronization entry
                      ; - imgui.gl3.ImGuiImplGl3::newFrame@-1 (line 338)
                      ; - Rendering.ImGui.ImGuiWindow::render@4 (line 99)
  0x0000023b4ecdba8c: 4407 e9b0 

  0x0000023b4ecdba90: ;   {runtime_call C1 Runtime throw_null_pointer_exception_blob}
  0x0000023b4ecdba90: fdff ffe8 

  0x0000023b4ecdba94: ; ImmutableOopMap {rdx=Oop rsi=Oop [32]=Oop [40]=Oop }
                      ;*getfield shaderHandle {reexecute=1 rethrow=0 return_oop=0}
                      ; - (reexecute) imgui.gl3.ImGuiImplGl3::newFrame@4 (line 338)
                      ; - Rendering.ImGui.ImGuiWindow::render@4 (line 99)
  0x0000023b4ecdba94: c8c7 4307 

  0x0000023b4ecdba98: ;   {runtime_call C1 Runtime throw_null_pointer_exception_blob}
  0x0000023b4ecdba98: e8c3 c743 

  0x0000023b4ecdba9c: ; ImmutableOopMap {rsi=Oop [32]=Oop [40]=Oop }
                      ;*getfield fontTexture {reexecute=1 rethrow=0 return_oop=0}
                      ; - (reexecute) imgui.gl3.ImGuiImplGl3::newFrame@19 (line 341)
                      ; - Rendering.ImGui.ImGuiWindow::render@4 (line 99)
                      ;   {runtime_call C1 Runtime throw_null_pointer_exception_blob}
  0x0000023b4ecdba9c: 07e8 bec7 

  0x0000023b4ecdbaa0: ; ImmutableOopMap {rdx=Oop rsi=Oop [40]=Oop }
                      ;*invokevirtual newFrame {reexecute=0 rethrow=0 return_oop=0}
                      ; - Rendering.ImGui.ImGuiWindow::render@11 (line 100)
                      ;   {metadata({method} {0x0000023b66844fb0} 'newFrame' '()V' in 'imgui/ImGui')}
  0x0000023b4ecdbaa0: 4307 49ba | a84f 8466 | 3b02 0000 | 4c89 5424 | 0848 c704 | 24ff ffff 

  0x0000023b4ecdbab8: ;   {runtime_call C1 Runtime counter_overflow_blob}
  0x0000023b4ecdbab8: ffe8 a227 

  0x0000023b4ecdbabc: ; ImmutableOopMap {[40]=Oop }
                      ;*synchronization entry
                      ; - imgui.ImGui::newFrame@-1 (line 248)
                      ; - Rendering.ImGui.ImGuiWindow::render@14 (line 101)
  0x0000023b4ecdbabc: 4407 e9e2 

  0x0000023b4ecdbac0: ;   {runtime_call C1 Runtime throw_null_pointer_exception_blob}
  0x0000023b4ecdbac0: feff ffe8 

  0x0000023b4ecdbac4: ; ImmutableOopMap {rdx=Oop rsi=Oop [40]=Oop }
                      ;*invokevirtual render {reexecute=0 rethrow=0 return_oop=0}
                      ; - Rendering.ImGui.ImGuiWindow::render@21 (line 104)
  0x0000023b4ecdbac4: 98c7 4307 

  0x0000023b4ecdbac8: ;   {internal_word}
  0x0000023b4ecdbac8: 49ba 41ba | cd4e 3b02 | 0000 4d89 | 97e0 0400 

  0x0000023b4ecdbad8: ;   {runtime_call SafepointBlob}
  0x0000023b4ecdbad8: 00e9 8254 | 3607 498b | 8788 0500 | 0049 c787 | 8805 0000 | 0000 0000 | 49c7 8790 | 0500 0000 
  0x0000023b4ecdbaf8: 0000 0048 | 83c4 405d 

  0x0000023b4ecdbb00: ;   {runtime_call C1 Runtime unwind_exception_blob}
  0x0000023b4ecdbb00: e95b b843 | 07f4 f4f4 
[Stub Code]
  0x0000023b4ecdbb08: ;   {other}
  0x0000023b4ecdbb08: 0f1f 4400 

  0x0000023b4ecdbb0c: ;   {static_stub}
  0x0000023b4ecdbb0c: 0048 bb00 | 0000 0000 

  0x0000023b4ecdbb14: ;   {runtime_call nmethod}
  0x0000023b4ecdbb14: 0000 00e9 | fbff ffff 

  0x0000023b4ecdbb1c: ;   {static_stub}
  0x0000023b4ecdbb1c: 9048 bb00 | 0000 0000 

  0x0000023b4ecdbb24: ;   {runtime_call nmethod}
  0x0000023b4ecdbb24: 0000 00e9 | fbff ffff 

  0x0000023b4ecdbb2c: ;   {static_stub}
  0x0000023b4ecdbb2c: 9048 bb00 | 0000 0000 

  0x0000023b4ecdbb34: ;   {runtime_call nmethod}
  0x0000023b4ecdbb34: 0000 00e9 | fbff ffff 

  0x0000023b4ecdbb3c: ;   {static_stub}
  0x0000023b4ecdbb3c: 9048 bba8 | dc43 663b 

  0x0000023b4ecdbb44: ;   {runtime_call I2C/C2I adapters}
  0x0000023b4ecdbb44: 0200 00e9 | e648 3607 

  0x0000023b4ecdbb4c: ;   {static_stub}
  0x0000023b4ecdbb4c: 48bb 0000 | 0000 0000 

  0x0000023b4ecdbb54: ;   {runtime_call nmethod}
  0x0000023b4ecdbb54: 0000 e9fb 

  0x0000023b4ecdbb58: ;   {static_stub}
  0x0000023b4ecdbb58: ffff ff48 | bbb0 7a40 | 663b 0200 

  0x0000023b4ecdbb64: ;   {runtime_call I2C/C2I adapters}
  0x0000023b4ecdbb64: 00e9 c848 

  0x0000023b4ecdbb68: ;   {runtime_call C1 Runtime handle_exception_from_callee_blob}
  0x0000023b4ecdbb68: 3607 e8f1 

  0x0000023b4ecdbb6c: ;   {external_word}
  0x0000023b4ecdbb6c: ec43 0748 | b948 0805 | 17fa 7f00 | 0048 83e4 

  0x0000023b4ecdbb7c: ;   {runtime_call}
  0x0000023b4ecdbb7c: f048 b800 | 8dc8 16fa | 7f00 00ff 

  0x0000023b4ecdbb88: ;   {section_word}
  0x0000023b4ecdbb88: d0f4 49ba | 8abb cd4e | 3b02 0000 

  0x0000023b4ecdbb94: ;   {runtime_call DeoptimizationBlob}
  0x0000023b4ecdbb94: 4152 e9c5 | 5636 07f4 | f4f4 f4f4 
[/MachCode]


---------------  P R O C E S S  ---------------

Threads class SMR info:
_java_thread_list=0x0000023b6a288b40, length=15, elements={
0x0000023b46243aa0, 0x0000023b65c0ded0, 0x0000023b65c10940, 0x0000023b65c146f0,
0x0000023b65c18550, 0x0000023b65c198b0, 0x0000023b65c1ac10, 0x0000023b65c1c2a0,
0x0000023b65c20b10, 0x0000023b6a1c3150, 0x0000023b6a1c4370, 0x0000023b6a137c40,
0x0000023b6a1e3400, 0x0000023b6a3743d0, 0x0000023b6a287cd0
}

Java Threads: ( => current thread )
=>0x0000023b46243aa0 JavaThread "main"                              [_thread_in_native, id=26308, stack(0x000000d749400000,0x000000d749500000) (1024K)]
  0x0000023b65c0ded0 JavaThread "Reference Handler"          daemon [_thread_blocked, id=26244, stack(0x000000d749c00000,0x000000d749d00000) (1024K)]
  0x0000023b65c10940 JavaThread "Finalizer"                  daemon [_thread_blocked, id=26256, stack(0x000000d749d00000,0x000000d749e00000) (1024K)]
  0x0000023b65c146f0 JavaThread "Signal Dispatcher"          daemon [_thread_blocked, id=26304, stack(0x000000d749e00000,0x000000d749f00000) (1024K)]
  0x0000023b65c18550 JavaThread "Attach Listener"            daemon [_thread_blocked, id=26260, stack(0x000000d749f00000,0x000000d74a000000) (1024K)]
  0x0000023b65c198b0 JavaThread "Service Thread"             daemon [_thread_blocked, id=22752, stack(0x000000d74a000000,0x000000d74a100000) (1024K)]
  0x0000023b65c1ac10 JavaThread "Monitor Deflation Thread"   daemon [_thread_blocked, id=8552, stack(0x000000d74a100000,0x000000d74a200000) (1024K)]
  0x0000023b65c1c2a0 JavaThread "C2 CompilerThread0"         daemon [_thread_blocked, id=12844, stack(0x000000d74a200000,0x000000d74a300000) (1024K)]
  0x0000023b65c20b10 JavaThread "C1 CompilerThread0"         daemon [_thread_blocked, id=24968, stack(0x000000d74a300000,0x000000d74a400000) (1024K)]
  0x0000023b6a1c3150 JavaThread "JDWP Transport Listener: dt_socket" daemon [_thread_blocked, id=26512, stack(0x000000d74a400000,0x000000d74a500000) (1024K)]
  0x0000023b6a1c4370 JavaThread "JDWP Event Helper Thread"   daemon [_thread_blocked, id=22724, stack(0x000000d74a500000,0x000000d74a600000) (1024K)]
  0x0000023b6a137c40 JavaThread "JDWP Command Reader"        daemon [_thread_in_native, id=19144, stack(0x000000d74a600000,0x000000d74a700000) (1024K)]
  0x0000023b6a1e3400 JavaThread "Common-Cleaner"             daemon [_thread_blocked, id=25948, stack(0x000000d74a700000,0x000000d74a800000) (1024K)]
  0x0000023b6a3743d0 JavaThread "IntelliJ Suspend Helper"    daemon [_thread_blocked, id=3180, stack(0x000000d74a800000,0x000000d74a900000) (1024K)]
  0x0000023b6a287cd0 JavaThread "Notification Thread"        daemon [_thread_blocked, id=25060, stack(0x000000d74a900000,0x000000d74aa00000) (1024K)]
Total: 15

Other Threads:
  0x0000023b65bff570 VMThread "VM Thread"                           [id=26248, stack(0x000000d749b00000,0x000000d749c00000) (1024K)]
  0x0000023b65bf1050 WatcherThread "VM Periodic Task Thread"        [id=11916, stack(0x000000d749a00000,0x000000d749b00000) (1024K)]
  0x0000023b462acd70 WorkerThread "GC Thread#0"                     [id=26324, stack(0x000000d749500000,0x000000d749600000) (1024K)]
  0x0000023b462c5ea0 ConcurrentGCThread "G1 Main Marker"            [id=26320, stack(0x000000d749600000,0x000000d749700000) (1024K)]
  0x0000023b462c71e0 WorkerThread "G1 Conc#0"                       [id=26336, stack(0x000000d749700000,0x000000d749800000) (1024K)]
  0x0000023b65ac1180 ConcurrentGCThread "G1 Refine#0"               [id=19548, stack(0x000000d749800000,0x000000d749900000) (1024K)]
  0x0000023b65ac1c90 ConcurrentGCThread "G1 Service"                [id=26228, stack(0x000000d749900000,0x000000d749a00000) (1024K)]
Total: 7

Threads with active compile tasks:
Total: 0

VM state: not at safepoint (normal execution)

VM Mutex/Monitor currently owned by a thread: None

Heap address: 0x0000000700c00000, size: 4084 MB, Compressed Oops mode: Zero based, Oop shift amount: 3

CDS archive(s) mapped at: [0x0000000094000000-0x0000000094dd0000-0x0000000094dd0000), size 14483456, SharedBaseAddress: 0x0000000094000000, ArchiveRelocationMode: 1.
Compressed class space mapped at: 0x0000000095000000-0x00000000d5000000, reserved size: 1073741824
UseCompressedClassPointers 1, UseCompactObjectHeaders 0
Narrow klass pointer bits 32, Max shift 3
Narrow klass base: 0x0000000094000000, Narrow klass shift: 0
Encoding Range: [0x0000000094000000 - 0x0000000194000000), (4294967296 bytes)
Klass Range:    [0x0000000094010000 - 0x00000000d5000000), (1090453504 bytes)
Klass ID Range:  [65536 - 1090519033) (1090453497)
Protection zone: [0x0000000094000000 - 0x0000000094010000), (65536 bytes)

GC Precious Log:
 CardTable entry size: 512
 Card Set container configuration: InlinePtr #cards 4 size 8 Array Of Cards #cards 16 size 48 Howl #buckets 8 coarsen threshold 3686 Howl Bitmap #cards 512 size 80 coarsen threshold 460 Card regions per heap region 1 cards per card region 4096
 CPUs: 12 total, 12 available
 Memory: 16330M
 Large Page Support: Disabled
 NUMA Support: Disabled
 Compressed Oops: Enabled (Zero based)
 Heap Region Size: 2M
 Heap Min Capacity: 8M
 Heap Initial Capacity: 256M
 Heap Max Capacity: 4084M
 Pre-touch: Disabled
 Parallel Workers: 10
 Concurrent Workers: 3
 Concurrent Refinement Workers: 10
 Periodic GC: Disabled

Heap:
 garbage-first heap   total reserved 4182016K, committed 264192K, used 25749K [0x0000000700c00000, 0x0000000800000000)
  region size 2048K, 14 young (28672K), 0 survivors (0K)

Heap Regions: E=young(eden), S=young(survivor), O=old, HS=humongous(starts), HC=humongous(continues), CS=collection set, F=free, TAMS=top-at-mark-start, PB=parsable bottom
|   0|0x0000000700c00000, 0x0000000700c00000, 0x0000000700e00000|  0%| F|  |TAMS 0x0000000700c00000| PB 0x0000000700c00000| Untracked |  0
|   1|0x0000000700e00000, 0x0000000700e00000, 0x0000000701000000|  0%| F|  |TAMS 0x0000000700e00000| PB 0x0000000700e00000| Untracked |  0
|   2|0x0000000701000000, 0x0000000701000000, 0x0000000701200000|  0%| F|  |TAMS 0x0000000701000000| PB 0x0000000701000000| Untracked |  0
|   3|0x0000000701200000, 0x0000000701200000, 0x0000000701400000|  0%| F|  |TAMS 0x0000000701200000| PB 0x0000000701200000| Untracked |  0
|   4|0x0000000701400000, 0x0000000701400000, 0x0000000701600000|  0%| F|  |TAMS 0x0000000701400000| PB 0x0000000701400000| Untracked |  0
|   5|0x0000000701600000, 0x0000000701600000, 0x0000000701800000|  0%| F|  |TAMS 0x0000000701600000| PB 0x0000000701600000| Untracked |  0
|   6|0x0000000701800000, 0x0000000701800000, 0x0000000701a00000|  0%| F|  |TAMS 0x0000000701800000| PB 0x0000000701800000| Untracked |  0
|   7|0x0000000701a00000, 0x0000000701a00000, 0x0000000701c00000|  0%| F|  |TAMS 0x0000000701a00000| PB 0x0000000701a00000| Untracked |  0
|   8|0x0000000701c00000, 0x0000000701c00000, 0x0000000701e00000|  0%| F|  |TAMS 0x0000000701c00000| PB 0x0000000701c00000| Untracked |  0
|   9|0x0000000701e00000, 0x0000000701e00000, 0x0000000702000000|  0%| F|  |TAMS 0x0000000701e00000| PB 0x0000000701e00000| Untracked |  0
|  10|0x0000000702000000, 0x0000000702000000, 0x0000000702200000|  0%| F|  |TAMS 0x0000000702000000| PB 0x0000000702000000| Untracked |  0
|  11|0x0000000702200000, 0x0000000702200000, 0x0000000702400000|  0%| F|  |TAMS 0x0000000702200000| PB 0x0000000702200000| Untracked |  0
|  12|0x0000000702400000, 0x0000000702400000, 0x0000000702600000|  0%| F|  |TAMS 0x0000000702400000| PB 0x0000000702400000| Untracked |  0
|  13|0x0000000702600000, 0x0000000702600000, 0x0000000702800000|  0%| F|  |TAMS 0x0000000702600000| PB 0x0000000702600000| Untracked |  0
|  14|0x0000000702800000, 0x0000000702800000, 0x0000000702a00000|  0%| F|  |TAMS 0x0000000702800000| PB 0x0000000702800000| Untracked |  0
|  15|0x0000000702a00000, 0x0000000702a00000, 0x0000000702c00000|  0%| F|  |TAMS 0x0000000702a00000| PB 0x0000000702a00000| Untracked |  0
|  16|0x0000000702c00000, 0x0000000702c00000, 0x0000000702e00000|  0%| F|  |TAMS 0x0000000702c00000| PB 0x0000000702c00000| Untracked |  0
|  17|0x0000000702e00000, 0x0000000702e00000, 0x0000000703000000|  0%| F|  |TAMS 0x0000000702e00000| PB 0x0000000702e00000| Untracked |  0
|  18|0x0000000703000000, 0x0000000703000000, 0x0000000703200000|  0%| F|  |TAMS 0x0000000703000000| PB 0x0000000703000000| Untracked |  0
|  19|0x0000000703200000, 0x0000000703200000, 0x0000000703400000|  0%| F|  |TAMS 0x0000000703200000| PB 0x0000000703200000| Untracked |  0
|  20|0x0000000703400000, 0x0000000703400000, 0x0000000703600000|  0%| F|  |TAMS 0x0000000703400000| PB 0x0000000703400000| Untracked |  0
|  21|0x0000000703600000, 0x0000000703600000, 0x0000000703800000|  0%| F|  |TAMS 0x0000000703600000| PB 0x0000000703600000| Untracked |  0
|  22|0x0000000703800000, 0x0000000703800000, 0x0000000703a00000|  0%| F|  |TAMS 0x0000000703800000| PB 0x0000000703800000| Untracked |  0
|  23|0x0000000703a00000, 0x0000000703a00000, 0x0000000703c00000|  0%| F|  |TAMS 0x0000000703a00000| PB 0x0000000703a00000| Untracked |  0
|  24|0x0000000703c00000, 0x0000000703c00000, 0x0000000703e00000|  0%| F|  |TAMS 0x0000000703c00000| PB 0x0000000703c00000| Untracked |  0
|  25|0x0000000703e00000, 0x0000000703e00000, 0x0000000704000000|  0%| F|  |TAMS 0x0000000703e00000| PB 0x0000000703e00000| Untracked |  0
|  26|0x0000000704000000, 0x0000000704000000, 0x0000000704200000|  0%| F|  |TAMS 0x0000000704000000| PB 0x0000000704000000| Untracked |  0
|  27|0x0000000704200000, 0x0000000704200000, 0x0000000704400000|  0%| F|  |TAMS 0x0000000704200000| PB 0x0000000704200000| Untracked |  0
|  28|0x0000000704400000, 0x0000000704400000, 0x0000000704600000|  0%| F|  |TAMS 0x0000000704400000| PB 0x0000000704400000| Untracked |  0
|  29|0x0000000704600000, 0x0000000704600000, 0x0000000704800000|  0%| F|  |TAMS 0x0000000704600000| PB 0x0000000704600000| Untracked |  0
|  30|0x0000000704800000, 0x0000000704800000, 0x0000000704a00000|  0%| F|  |TAMS 0x0000000704800000| PB 0x0000000704800000| Untracked |  0
|  31|0x0000000704a00000, 0x0000000704a00000, 0x0000000704c00000|  0%| F|  |TAMS 0x0000000704a00000| PB 0x0000000704a00000| Untracked |  0
|  32|0x0000000704c00000, 0x0000000704c00000, 0x0000000704e00000|  0%| F|  |TAMS 0x0000000704c00000| PB 0x0000000704c00000| Untracked |  0
|  33|0x0000000704e00000, 0x0000000704e00000, 0x0000000705000000|  0%| F|  |TAMS 0x0000000704e00000| PB 0x0000000704e00000| Untracked |  0
|  34|0x0000000705000000, 0x0000000705000000, 0x0000000705200000|  0%| F|  |TAMS 0x0000000705000000| PB 0x0000000705000000| Untracked |  0
|  35|0x0000000705200000, 0x0000000705200000, 0x0000000705400000|  0%| F|  |TAMS 0x0000000705200000| PB 0x0000000705200000| Untracked |  0
|  36|0x0000000705400000, 0x0000000705400000, 0x0000000705600000|  0%| F|  |TAMS 0x0000000705400000| PB 0x0000000705400000| Untracked |  0
|  37|0x0000000705600000, 0x0000000705600000, 0x0000000705800000|  0%| F|  |TAMS 0x0000000705600000| PB 0x0000000705600000| Untracked |  0
|  38|0x0000000705800000, 0x0000000705800000, 0x0000000705a00000|  0%| F|  |TAMS 0x0000000705800000| PB 0x0000000705800000| Untracked |  0
|  39|0x0000000705a00000, 0x0000000705a00000, 0x0000000705c00000|  0%| F|  |TAMS 0x0000000705a00000| PB 0x0000000705a00000| Untracked |  0
|  40|0x0000000705c00000, 0x0000000705c00000, 0x0000000705e00000|  0%| F|  |TAMS 0x0000000705c00000| PB 0x0000000705c00000| Untracked |  0
|  41|0x0000000705e00000, 0x0000000705e00000, 0x0000000706000000|  0%| F|  |TAMS 0x0000000705e00000| PB 0x0000000705e00000| Untracked |  0
|  42|0x0000000706000000, 0x0000000706000000, 0x0000000706200000|  0%| F|  |TAMS 0x0000000706000000| PB 0x0000000706000000| Untracked |  0
|  43|0x0000000706200000, 0x0000000706200000, 0x0000000706400000|  0%| F|  |TAMS 0x0000000706200000| PB 0x0000000706200000| Untracked |  0
|  44|0x0000000706400000, 0x0000000706400000, 0x0000000706600000|  0%| F|  |TAMS 0x0000000706400000| PB 0x0000000706400000| Untracked |  0
|  45|0x0000000706600000, 0x0000000706600000, 0x0000000706800000|  0%| F|  |TAMS 0x0000000706600000| PB 0x0000000706600000| Untracked |  0
|  46|0x0000000706800000, 0x0000000706800000, 0x0000000706a00000|  0%| F|  |TAMS 0x0000000706800000| PB 0x0000000706800000| Untracked |  0
|  47|0x0000000706a00000, 0x0000000706a00000, 0x0000000706c00000|  0%| F|  |TAMS 0x0000000706a00000| PB 0x0000000706a00000| Untracked |  0
|  48|0x0000000706c00000, 0x0000000706c00000, 0x0000000706e00000|  0%| F|  |TAMS 0x0000000706c00000| PB 0x0000000706c00000| Untracked |  0
|  49|0x0000000706e00000, 0x0000000706e00000, 0x0000000707000000|  0%| F|  |TAMS 0x0000000706e00000| PB 0x0000000706e00000| Untracked |  0
|  50|0x0000000707000000, 0x0000000707000000, 0x0000000707200000|  0%| F|  |TAMS 0x0000000707000000| PB 0x0000000707000000| Untracked |  0
|  51|0x0000000707200000, 0x0000000707200000, 0x0000000707400000|  0%| F|  |TAMS 0x0000000707200000| PB 0x0000000707200000| Untracked |  0
|  52|0x0000000707400000, 0x0000000707400000, 0x0000000707600000|  0%| F|  |TAMS 0x0000000707400000| PB 0x0000000707400000| Untracked |  0
|  53|0x0000000707600000, 0x0000000707600000, 0x0000000707800000|  0%| F|  |TAMS 0x0000000707600000| PB 0x0000000707600000| Untracked |  0
|  54|0x0000000707800000, 0x0000000707800000, 0x0000000707a00000|  0%| F|  |TAMS 0x0000000707800000| PB 0x0000000707800000| Untracked |  0
|  55|0x0000000707a00000, 0x0000000707a00000, 0x0000000707c00000|  0%| F|  |TAMS 0x0000000707a00000| PB 0x0000000707a00000| Untracked |  0
|  56|0x0000000707c00000, 0x0000000707c00000, 0x0000000707e00000|  0%| F|  |TAMS 0x0000000707c00000| PB 0x0000000707c00000| Untracked |  0
|  57|0x0000000707e00000, 0x0000000707e00000, 0x0000000708000000|  0%| F|  |TAMS 0x0000000707e00000| PB 0x0000000707e00000| Untracked |  0
|  58|0x0000000708000000, 0x0000000708000000, 0x0000000708200000|  0%| F|  |TAMS 0x0000000708000000| PB 0x0000000708000000| Untracked |  0
|  59|0x0000000708200000, 0x0000000708200000, 0x0000000708400000|  0%| F|  |TAMS 0x0000000708200000| PB 0x0000000708200000| Untracked |  0
|  60|0x0000000708400000, 0x0000000708400000, 0x0000000708600000|  0%| F|  |TAMS 0x0000000708400000| PB 0x0000000708400000| Untracked |  0
|  61|0x0000000708600000, 0x0000000708600000, 0x0000000708800000|  0%| F|  |TAMS 0x0000000708600000| PB 0x0000000708600000| Untracked |  0
|  62|0x0000000708800000, 0x0000000708800000, 0x0000000708a00000|  0%| F|  |TAMS 0x0000000708800000| PB 0x0000000708800000| Untracked |  0
|  63|0x0000000708a00000, 0x0000000708a00000, 0x0000000708c00000|  0%| F|  |TAMS 0x0000000708a00000| PB 0x0000000708a00000| Untracked |  0
|  64|0x0000000708c00000, 0x0000000708c00000, 0x0000000708e00000|  0%| F|  |TAMS 0x0000000708c00000| PB 0x0000000708c00000| Untracked |  0
|  65|0x0000000708e00000, 0x0000000708e00000, 0x0000000709000000|  0%| F|  |TAMS 0x0000000708e00000| PB 0x0000000708e00000| Untracked |  0
|  66|0x0000000709000000, 0x0000000709000000, 0x0000000709200000|  0%| F|  |TAMS 0x0000000709000000| PB 0x0000000709000000| Untracked |  0
|  67|0x0000000709200000, 0x0000000709200000, 0x0000000709400000|  0%| F|  |TAMS 0x0000000709200000| PB 0x0000000709200000| Untracked |  0
|  68|0x0000000709400000, 0x0000000709400000, 0x0000000709600000|  0%| F|  |TAMS 0x0000000709400000| PB 0x0000000709400000| Untracked |  0
|  69|0x0000000709600000, 0x0000000709600000, 0x0000000709800000|  0%| F|  |TAMS 0x0000000709600000| PB 0x0000000709600000| Untracked |  0
|  70|0x0000000709800000, 0x0000000709800000, 0x0000000709a00000|  0%| F|  |TAMS 0x0000000709800000| PB 0x0000000709800000| Untracked |  0
|  71|0x0000000709a00000, 0x0000000709a00000, 0x0000000709c00000|  0%| F|  |TAMS 0x0000000709a00000| PB 0x0000000709a00000| Untracked |  0
|  72|0x0000000709c00000, 0x0000000709c00000, 0x0000000709e00000|  0%| F|  |TAMS 0x0000000709c00000| PB 0x0000000709c00000| Untracked |  0
|  73|0x0000000709e00000, 0x0000000709e00000, 0x000000070a000000|  0%| F|  |TAMS 0x0000000709e00000| PB 0x0000000709e00000| Untracked |  0
|  74|0x000000070a000000, 0x000000070a000000, 0x000000070a200000|  0%| F|  |TAMS 0x000000070a000000| PB 0x000000070a000000| Untracked |  0
|  75|0x000000070a200000, 0x000000070a200000, 0x000000070a400000|  0%| F|  |TAMS 0x000000070a200000| PB 0x000000070a200000| Untracked |  0
|  76|0x000000070a400000, 0x000000070a400000, 0x000000070a600000|  0%| F|  |TAMS 0x000000070a400000| PB 0x000000070a400000| Untracked |  0
|  77|0x000000070a600000, 0x000000070a600000, 0x000000070a800000|  0%| F|  |TAMS 0x000000070a600000| PB 0x000000070a600000| Untracked |  0
|  78|0x000000070a800000, 0x000000070a800000, 0x000000070aa00000|  0%| F|  |TAMS 0x000000070a800000| PB 0x000000070a800000| Untracked |  0
|  79|0x000000070aa00000, 0x000000070aa00000, 0x000000070ac00000|  0%| F|  |TAMS 0x000000070aa00000| PB 0x000000070aa00000| Untracked |  0
|  80|0x000000070ac00000, 0x000000070ac00000, 0x000000070ae00000|  0%| F|  |TAMS 0x000000070ac00000| PB 0x000000070ac00000| Untracked |  0
|  81|0x000000070ae00000, 0x000000070ae00000, 0x000000070b000000|  0%| F|  |TAMS 0x000000070ae00000| PB 0x000000070ae00000| Untracked |  0
|  82|0x000000070b000000, 0x000000070b000000, 0x000000070b200000|  0%| F|  |TAMS 0x000000070b000000| PB 0x000000070b000000| Untracked |  0
|  83|0x000000070b200000, 0x000000070b200000, 0x000000070b400000|  0%| F|  |TAMS 0x000000070b200000| PB 0x000000070b200000| Untracked |  0
|  84|0x000000070b400000, 0x000000070b400000, 0x000000070b600000|  0%| F|  |TAMS 0x000000070b400000| PB 0x000000070b400000| Untracked |  0
|  85|0x000000070b600000, 0x000000070b600000, 0x000000070b800000|  0%| F|  |TAMS 0x000000070b600000| PB 0x000000070b600000| Untracked |  0
|  86|0x000000070b800000, 0x000000070b800000, 0x000000070ba00000|  0%| F|  |TAMS 0x000000070b800000| PB 0x000000070b800000| Untracked |  0
|  87|0x000000070ba00000, 0x000000070ba00000, 0x000000070bc00000|  0%| F|  |TAMS 0x000000070ba00000| PB 0x000000070ba00000| Untracked |  0
|  88|0x000000070bc00000, 0x000000070bc00000, 0x000000070be00000|  0%| F|  |TAMS 0x000000070bc00000| PB 0x000000070bc00000| Untracked |  0
|  89|0x000000070be00000, 0x000000070be00000, 0x000000070c000000|  0%| F|  |TAMS 0x000000070be00000| PB 0x000000070be00000| Untracked |  0
|  90|0x000000070c000000, 0x000000070c000000, 0x000000070c200000|  0%| F|  |TAMS 0x000000070c000000| PB 0x000000070c000000| Untracked |  0
|  91|0x000000070c200000, 0x000000070c200000, 0x000000070c400000|  0%| F|  |TAMS 0x000000070c200000| PB 0x000000070c200000| Untracked |  0
|  92|0x000000070c400000, 0x000000070c400000, 0x000000070c600000|  0%| F|  |TAMS 0x000000070c400000| PB 0x000000070c400000| Untracked |  0
|  93|0x000000070c600000, 0x000000070c600000, 0x000000070c800000|  0%| F|  |TAMS 0x000000070c600000| PB 0x000000070c600000| Untracked |  0
|  94|0x000000070c800000, 0x000000070c800000, 0x000000070ca00000|  0%| F|  |TAMS 0x000000070c800000| PB 0x000000070c800000| Untracked |  0
|  95|0x000000070ca00000, 0x000000070ca00000, 0x000000070cc00000|  0%| F|  |TAMS 0x000000070ca00000| PB 0x000000070ca00000| Untracked |  0
|  96|0x000000070cc00000, 0x000000070cc00000, 0x000000070ce00000|  0%| F|  |TAMS 0x000000070cc00000| PB 0x000000070cc00000| Untracked |  0
|  97|0x000000070ce00000, 0x000000070ce00000, 0x000000070d000000|  0%| F|  |TAMS 0x000000070ce00000| PB 0x000000070ce00000| Untracked |  0
|  98|0x000000070d000000, 0x000000070d000000, 0x000000070d200000|  0%| F|  |TAMS 0x000000070d000000| PB 0x000000070d000000| Untracked |  0
|  99|0x000000070d200000, 0x000000070d200000, 0x000000070d400000|  0%| F|  |TAMS 0x000000070d200000| PB 0x000000070d200000| Untracked |  0
| 100|0x000000070d400000, 0x000000070d400000, 0x000000070d600000|  0%| F|  |TAMS 0x000000070d400000| PB 0x000000070d400000| Untracked |  0
| 101|0x000000070d600000, 0x000000070d600000, 0x000000070d800000|  0%| F|  |TAMS 0x000000070d600000| PB 0x000000070d600000| Untracked |  0
| 102|0x000000070d800000, 0x000000070d800000, 0x000000070da00000|  0%| F|  |TAMS 0x000000070d800000| PB 0x000000070d800000| Untracked |  0
| 103|0x000000070da00000, 0x000000070da00000, 0x000000070dc00000|  0%| F|  |TAMS 0x000000070da00000| PB 0x000000070da00000| Untracked |  0
| 104|0x000000070dc00000, 0x000000070dc00000, 0x000000070de00000|  0%| F|  |TAMS 0x000000070dc00000| PB 0x000000070dc00000| Untracked |  0
| 105|0x000000070de00000, 0x000000070de00000, 0x000000070e000000|  0%| F|  |TAMS 0x000000070de00000| PB 0x000000070de00000| Untracked |  0
| 106|0x000000070e000000, 0x000000070e000000, 0x000000070e200000|  0%| F|  |TAMS 0x000000070e000000| PB 0x000000070e000000| Untracked |  0
| 107|0x000000070e200000, 0x000000070e200000, 0x000000070e400000|  0%| F|  |TAMS 0x000000070e200000| PB 0x000000070e200000| Untracked |  0
| 108|0x000000070e400000, 0x000000070e400000, 0x000000070e600000|  0%| F|  |TAMS 0x000000070e400000| PB 0x000000070e400000| Untracked |  0
| 109|0x000000070e600000, 0x000000070e600000, 0x000000070e800000|  0%| F|  |TAMS 0x000000070e600000| PB 0x000000070e600000| Untracked |  0
| 110|0x000000070e800000, 0x000000070e800000, 0x000000070ea00000|  0%| F|  |TAMS 0x000000070e800000| PB 0x000000070e800000| Untracked |  0
| 111|0x000000070ea00000, 0x000000070ea00000, 0x000000070ec00000|  0%| F|  |TAMS 0x000000070ea00000| PB 0x000000070ea00000| Untracked |  0
| 112|0x000000070ec00000, 0x000000070ec00000, 0x000000070ee00000|  0%| F|  |TAMS 0x000000070ec00000| PB 0x000000070ec00000| Untracked |  0
| 113|0x000000070ee00000, 0x000000070ee00000, 0x000000070f000000|  0%| F|  |TAMS 0x000000070ee00000| PB 0x000000070ee00000| Untracked |  0
| 114|0x000000070f000000, 0x000000070f0f6038, 0x000000070f200000| 48%| E|  |TAMS 0x000000070f000000| PB 0x000000070f000000| Complete |  0
| 115|0x000000070f200000, 0x000000070f400000, 0x000000070f400000|100%| E|CS|TAMS 0x000000070f200000| PB 0x000000070f200000| Complete |  1
| 116|0x000000070f400000, 0x000000070f600000, 0x000000070f600000|100%| E|CS|TAMS 0x000000070f400000| PB 0x000000070f400000| Complete |  0
| 117|0x000000070f600000, 0x000000070f800000, 0x000000070f800000|100%| E|CS|TAMS 0x000000070f600000| PB 0x000000070f600000| Complete |  0
| 118|0x000000070f800000, 0x000000070fa00000, 0x000000070fa00000|100%| E|CS|TAMS 0x000000070f800000| PB 0x000000070f800000| Complete |  0
| 119|0x000000070fa00000, 0x000000070fc00000, 0x000000070fc00000|100%| E|CS|TAMS 0x000000070fa00000| PB 0x000000070fa00000| Complete |  0
| 120|0x000000070fc00000, 0x000000070fe00000, 0x000000070fe00000|100%| E|CS|TAMS 0x000000070fc00000| PB 0x000000070fc00000| Complete |  0
| 121|0x000000070fe00000, 0x0000000710000000, 0x0000000710000000|100%| E|  |TAMS 0x000000070fe00000| PB 0x000000070fe00000| Complete |  0
| 122|0x0000000710000000, 0x0000000710200000, 0x0000000710200000|100%| E|CS|TAMS 0x0000000710000000| PB 0x0000000710000000| Complete |  0
| 123|0x0000000710200000, 0x0000000710400000, 0x0000000710400000|100%| E|CS|TAMS 0x0000000710200000| PB 0x0000000710200000| Complete |  0
| 124|0x0000000710400000, 0x0000000710600000, 0x0000000710600000|100%| E|CS|TAMS 0x0000000710400000| PB 0x0000000710400000| Complete |  0
| 125|0x0000000710600000, 0x0000000710800000, 0x0000000710800000|100%| E|CS|TAMS 0x0000000710600000| PB 0x0000000710600000| Complete |  0
| 126|0x0000000710800000, 0x0000000710a00000, 0x0000000710a00000|100%| E|CS|TAMS 0x0000000710800000| PB 0x0000000710800000| Complete |  0
| 127|0x0000000710a00000, 0x0000000710c00000, 0x0000000710c00000|100%| E|CS|TAMS 0x0000000710a00000| PB 0x0000000710a00000| Complete |  0
|2041|0x00000007ffe00000, 0x00000007fff256a0, 0x0000000800000000| 57%| O|  |TAMS 0x00000007ffe00000| PB 0x00000007ffe00000| Untracked |  0

Card table byte_map: [0x0000023b5e930000,0x0000023b5f130000] _byte_map_base: 0x0000023b5b12a000

Marking Bits: (CMBitMap*) 0x0000023b462ad500
 Bits: [0x0000023b5f130000, 0x0000023b63100000)

Polling page: 0x0000023b44080000

Metaspace:
Metaspace        used 12905K, committed 13056K, reserved 1114112K
 class space     used 756K, committed 832K, reserved 1048576K

Usage:
  Non-class:     11.86 MB used.
      Class:    756.57 KB used.
       Both:     12.60 MB used.

Virtual space:
  Non-class space:       64.00 MB reserved,      11.94 MB ( 19%) committed,  1 nodes.
      Class space:        1.00 GB reserved,     832.00 KB ( <1%) committed,  1 nodes.
             Both:        1.06 GB reserved,      12.75 MB (  1%) committed. 

Chunk freelists:
   Non-Class:  3.94 MB
       Class:  15.07 MB
        Both:  19.01 MB

MaxMetaspaceSize: unlimited
CompressedClassSpaceSize: 1.00 GB
Initial GC threshold: 21.00 MB
Current GC threshold: 21.00 MB
CDS: on
 - commit_granule_bytes: 65536.
 - commit_granule_words: 8192.
 - virtual_space_node_default_size: 8388608.
 - enlarge_chunks_in_place: 1.
UseCompressedClassPointers 1, UseCompactObjectHeaders 0
Narrow klass pointer bits 32, Max shift 3
Narrow klass base: 0x0000000094000000, Narrow klass shift: 0
Encoding Range: [0x0000000094000000 - 0x0000000194000000), (4294967296 bytes)
Klass Range:    [0x0000000094010000 - 0x00000000d5000000), (1090453504 bytes)
Klass ID Range:  [65536 - 1090519033) (1090453497)
Protection zone: [0x0000000094000000 - 0x0000000094010000), (65536 bytes)


Internal statistics:

num_allocs_failed_limit: 0.
num_arena_births: 114.
num_arena_deaths: 0.
num_vsnodes_births: 2.
num_vsnodes_deaths: 0.
num_space_committed: 203.
num_space_uncommitted: 0.
num_chunks_returned_to_freelist: 0.
num_chunks_taken_from_freelist: 368.
num_chunk_merges: 0.
num_chunk_splits: 259.
num_chunks_enlarged: 199.
num_inconsistent_stats: 0.

CodeHeap 'non-profiled nmethods': size=120064Kb used=433Kb max_used=433Kb free=119631Kb
 bounds [0x0000023b56580000, 0x0000023b567f0000, 0x0000023b5dac0000]
CodeHeap 'profiled nmethods': size=120000Kb used=2254Kb max_used=2254Kb free=117745Kb
 bounds [0x0000023b4eac0000, 0x0000023b4ed30000, 0x0000023b55ff0000]
CodeHeap 'non-nmethods': size=5696Kb used=2314Kb max_used=2329Kb free=3381Kb
 bounds [0x0000023b55ff0000, 0x0000023b56260000, 0x0000023b56580000]
CodeCache: size=245760Kb, used=5001Kb, max_used=5016Kb, free=240757Kb
 total_blobs=3211, nmethods=1805, adapters=1310, full_count=0
Compilation: enabled, stopped_count=0, restarted_count=0

Compilation events (20 events):
Event: 3.190 Thread 0x0000023b65c1c2a0 1796       4       org.lwjgl.opengl.GL11C::glGetIntegerv (30 bytes)
Event: 3.191 Thread 0x0000023b65c1c2a0 nmethod 1796 0x0000023b565eaa08 code [0x0000023b565eab00, 0x0000023b565eac88]
Event: 3.357 Thread 0x0000023b65c20b10 1799       3       Rendering.Renderer::process (23 bytes)
Event: 3.357 Thread 0x0000023b65c20b10 nmethod 1799 0x0000023b4ecf1788 code [0x0000023b4ecf1880, 0x0000023b4ecf1b10]
Event: 3.357 Thread 0x0000023b65c20b10 1800       3       Rendering.RenderDebugger::drawRects (59 bytes)
Event: 3.357 Thread 0x0000023b65c20b10 nmethod 1800 0x0000023b4ecf1b88 code [0x0000023b4ecf1c80, 0x0000023b4ecf2a58]
Event: 3.808 Thread 0x0000023b65c1c2a0 1801       4       org.lwjgl.system.MemoryStack::nASCII (20 bytes)
Event: 3.811 Thread 0x0000023b65c1c2a0 nmethod 1801 0x0000023b565eb308 code [0x0000023b565eb400, 0x0000023b565eb748]
Event: 3.815 Thread 0x0000023b65c1c2a0 1802   !   4       org.lwjgl.opengl.GL20C::glGetUniformLocation (48 bytes)
Event: 3.819 Thread 0x0000023b65c1c2a0 nmethod 1802 0x0000023b565eb788 code [0x0000023b565eb880, 0x0000023b565ebea0]
Event: 4.170 Thread 0x0000023b65c1c2a0 1803 %     4       java.lang.StringLatin1::inflate @ 3 (34 bytes)
Event: 4.175 Thread 0x0000023b65c1c2a0 nmethod 1803% 0x0000023b565ebf08 code [0x0000023b565ec000, 0x0000023b565ec398]
Event: 4.190 Thread 0x0000023b65c20b10 1804       3       sun.invoke.util.Wrapper::isSubwordOrInt (20 bytes)
Event: 4.191 Thread 0x0000023b65c20b10 nmethod 1804 0x0000023b4ecf2a88 code [0x0000023b4ecf2b80, 0x0000023b4ecf30a0]
Event: 4.191 Thread 0x0000023b65c20b10 1805       3       sun.invoke.util.Wrapper::isIntegral (23 bytes)
Event: 4.191 Thread 0x0000023b65c20b10 nmethod 1805 0x0000023b4ecf3108 code [0x0000023b4ecf3200, 0x0000023b4ecf34b0]
Event: 4.191 Thread 0x0000023b65c20b10 1806       3       sun.invoke.util.Wrapper::isNumeric (16 bytes)
Event: 4.191 Thread 0x0000023b65c20b10 nmethod 1806 0x0000023b4ecf3508 code [0x0000023b4ecf3600, 0x0000023b4ecf3758]
Event: 4.191 Thread 0x0000023b65c20b10 1807       3       sun.invoke.util.Wrapper::isDoubleWord (15 bytes)
Event: 4.191 Thread 0x0000023b65c20b10 nmethod 1807 0x0000023b4ecf3808 code [0x0000023b4ecf3900, 0x0000023b4ecf3a58]

GC Heap Usage History (0 events):
No events

Metaspace Usage History (0 events):
No events

Dll operation events (11 events):
Event: 0.007 Loaded shared library C:\Program Files\Java\jdk-25\bin\java.dll
Event: 0.008 Loaded shared library C:\Program Files\Java\jdk-25\bin\zip.dll
Event: 0.067 Loaded shared library C:\Program Files\Java\jdk-25\bin\instrument.dll
Event: 0.080 Loaded shared library C:\Program Files\Java\jdk-25\bin\verify.dll
Event: 0.126 Loaded shared library C:\Program Files\Java\jdk-25\bin\net.dll
Event: 0.127 Loaded shared library C:\Program Files\Java\jdk-25\bin\nio.dll
Event: 0.141 Loaded shared library C:\Program Files\Java\jdk-25\bin\zip.dll
Event: 0.206 Loaded shared library C:\Program Files\Java\jdk-25\bin\jimage.dll
Event: 0.231 Loaded shared library C:\Users\ciara\AppData\Local\Temp\lwjgl_ciara\3.3.6+1\x64\lwjgl.dll
Event: 0.500 Loaded shared library C:\Users\ciara\AppData\Local\Temp\lwjgl_ciara\3.3.6+1\x64\lwjgl_opengl.dll
Event: 0.558 Loaded shared library C:\Users\ciara\AppData\Local\Temp\imgui-java-natives\1.90.0\imgui-java64.dll

Deoptimization events (20 events):
Event: 0.710 Thread 0x0000023b46243aa0 DEOPT PACKING pc=0x0000023b565c7854 sp=0x000000d7494ff260
Event: 0.710 Thread 0x0000023b46243aa0 DEOPT UNPACKING pc=0x0000023b5611fb82 sp=0x000000d7494ff208 mode 2
Event: 0.710 Thread 0x0000023b46243aa0 Uncommon trap: trap_request=0xffffffde fr.pc=0x0000023b565c7854 relative=0x00000000000002d4
Event: 0.710 Thread 0x0000023b46243aa0 Uncommon trap: reason=class_check action=maybe_recompile pc=0x0000023b565c7854 method=java.util.regex.Pattern$BmpCharPropertyGreedy.match(Ljava/util/regex/Matcher;ILjava/lang/CharSequence;)Z @ 26 c2
Event: 0.710 Thread 0x0000023b46243aa0 DEOPT PACKING pc=0x0000023b565c7854 sp=0x000000d7494ff260
Event: 0.710 Thread 0x0000023b46243aa0 DEOPT UNPACKING pc=0x0000023b5611fb82 sp=0x000000d7494ff208 mode 2
Event: 0.829 Thread 0x0000023b46243aa0 Uncommon trap: trap_request=0xffffff4c fr.pc=0x0000023b565cc9dc relative=0x000000000000005c
Event: 0.829 Thread 0x0000023b46243aa0 Uncommon trap: reason=speculate_null_assert action=make_not_entrant pc=0x0000023b565cc9dc method=sun.misc.Unsafe.getLong(Ljava/lang/Object;J)J @ 8 c2
Event: 0.829 Thread 0x0000023b46243aa0 DEOPT PACKING pc=0x0000023b565cc9dc sp=0x000000d7494ff2b0
Event: 0.829 Thread 0x0000023b46243aa0 DEOPT UNPACKING pc=0x0000023b5611fb82 sp=0x000000d7494ff248 mode 2
Event: 4.170 Thread 0x0000023b46243aa0 DEOPT PACKING pc=0x0000023b4ec42481 sp=0x000000d7494fdfa0
Event: 4.170 Thread 0x0000023b46243aa0 DEOPT UNPACKING pc=0x0000023b56041702 sp=0x000000d7494fd448 mode 1
Event: 4.170 Thread 0x0000023b46243aa0 DEOPT PACKING pc=0x0000023b4ec420a4 sp=0x000000d7494fe000
Event: 4.170 Thread 0x0000023b46243aa0 DEOPT UNPACKING pc=0x0000023b56041702 sp=0x000000d7494fd4a8 mode 1
Event: 4.174 Thread 0x0000023b46243aa0 DEOPT PACKING pc=0x0000023b4ec42481 sp=0x000000d7494fdfa0
Event: 4.174 Thread 0x0000023b46243aa0 DEOPT UNPACKING pc=0x0000023b56041702 sp=0x000000d7494fd448 mode 1
Event: 4.174 Thread 0x0000023b46243aa0 DEOPT PACKING pc=0x0000023b4ec420a4 sp=0x000000d7494fe000
Event: 4.174 Thread 0x0000023b46243aa0 DEOPT UNPACKING pc=0x0000023b56041702 sp=0x000000d7494fd4a8 mode 1
Event: 29.703 Thread 0x0000023b46243aa0 DEOPT PACKING pc=0x0000023b4ece79f4 sp=0x000000d7494ff310
Event: 29.703 Thread 0x0000023b46243aa0 DEOPT UNPACKING pc=0x0000023b56041702 sp=0x000000d7494fe7f0 mode 0

Classes loaded (20 events):
Event: 0.708 Loading class java/util/stream/IntPipeline done
Event: 0.708 Loading class java/util/stream/IntPipeline$Head done
Event: 0.710 Loading class imgui/type/ImInt
Event: 0.710 Loading class imgui/type/ImInt done
Event: 0.715 Loading class org/lwjgl/opengl/GL33
Event: 0.715 Loading class org/lwjgl/opengl/GL33 done
Event: 0.715 Loading class org/lwjgl/opengl/GL33C
Event: 0.715 Loading class org/lwjgl/opengl/GL33C done
Event: 0.716 Loading class org/lwjgl/opengl/GL32C
Event: 0.716 Loading class org/lwjgl/opengl/GL32C done
Event: 0.716 Loading class org/lwjgl/opengl/GL31C
Event: 0.716 Loading class org/lwjgl/opengl/GL31C done
Event: 4.170 Loading class com/intellij/rt/debugger/BatchEvaluatorServer
Event: 4.170 Loading class com/intellij/rt/debugger/BatchEvaluatorServer done
Event: 4.174 Loading class com/intellij/rt/debugger/BatchEvaluatorServer
Event: 4.174 Loading class com/intellij/rt/debugger/BatchEvaluatorServer done
Event: 4.189 Loading class java/lang/Class$EnclosingMethodInfo
Event: 4.190 Loading class java/lang/Class$EnclosingMethodInfo done
Event: 20.390 Loading class org/lwjgl/glfw/Callbacks
Event: 20.390 Loading class org/lwjgl/glfw/Callbacks done

Classes unloaded (0 events):
No events

Classes redefined (1 events):
Event: 0.090 Thread 0x0000023b65bff570 redefined class name=java.lang.Throwable, count=1

Internal exceptions (20 events):
Event: 0.235 Thread 0x0000023b46243aa0 Exception <a 'sun/nio/fs/WindowsException'{0x0000000710037b10}> (0x0000000710037b10) 
thrown [s\open\src\hotspot\share\prims\jni.cpp, line 516]
Event: 0.281 Thread 0x0000023b46243aa0 Exception <a 'java/lang/NoSuchMethodError'{0x000000070fe06958}: 'int java.lang.invoke.DirectMethodHandle$Holder.invokeStaticInit(java.lang.Object, java.lang.Object, int, long)'> (0x000000070fe06958) 
thrown [s\open\src\hotspot\share\interpreter\linkResolver.cpp, line 804]
Event: 0.282 Thread 0x0000023b46243aa0 Exception <a 'java/lang/NoSuchMethodError'{0x000000070fe15d60}: 'java.lang.Object java.lang.invoke.DirectMethodHandle$Holder.newInvokeSpecial(java.lang.Object, java.lang.Object, int)'> (0x000000070fe15d60) 
thrown [s\open\src\hotspot\share\interpreter\linkResolver.cpp, line 804]
Event: 0.298 Thread 0x0000023b46243aa0 Exception <a 'java/lang/NoSuchMethodError'{0x000000070feacfd8}: 'int java.lang.invoke.DirectMethodHandle$Holder.invokeStaticInit(java.lang.Object, java.lang.Object, long, long)'> (0x000000070feacfd8) 
thrown [s\open\src\hotspot\share\interpreter\linkResolver.cpp, line 804]
Event: 0.298 Thread 0x0000023b46243aa0 Exception <a 'java/lang/NoSuchMethodError'{0x000000070febc408}: 'java.lang.Object java.lang.invoke.DirectMethodHandle$Holder.newInvokeSpecial(java.lang.Object, java.lang.Object, long)'> (0x000000070febc408) 
thrown [s\open\src\hotspot\share\interpreter\linkResolver.cpp, line 804]
Event: 0.298 Thread 0x0000023b46243aa0 Exception <a 'java/lang/NoSuchMethodError'{0x000000070fec5198}: 'java.lang.Object java.lang.invoke.Invokers$Holder.linkToTargetMethod(java.lang.Object, long, java.lang.Object)'> (0x000000070fec5198) 
thrown [s\open\src\hotspot\share\interpreter\linkResolver.cpp, line 804]
Event: 0.299 Thread 0x0000023b46243aa0 Exception <a 'java/lang/NoSuchMethodError'{0x000000070fed5830}: 'int java.lang.invoke.DirectMethodHandle$Holder.invokeStaticInit(java.lang.Object, java.lang.Object, java.lang.Object, long)'> (0x000000070fed5830) 
thrown [s\open\src\hotspot\share\interpreter\linkResolver.cpp, line 804]
Event: 0.309 Thread 0x0000023b46243aa0 Exception <a 'sun/nio/fs/WindowsException'{0x000000070ff960a8}> (0x000000070ff960a8) 
thrown [s\open\src\hotspot\share\prims\jni.cpp, line 516]
Event: 0.310 Thread 0x0000023b46243aa0 Exception <a 'sun/nio/fs/WindowsException'{0x000000070ff96428}> (0x000000070ff96428) 
thrown [s\open\src\hotspot\share\prims\jni.cpp, line 516]
Event: 0.313 Thread 0x0000023b46243aa0 Exception <a 'java/lang/NoSuchMethodError'{0x000000070ffaba38}: 'int java.lang.invoke.Invokers$Holder.invokeExact_MT(java.lang.Object, java.lang.Object)'> (0x000000070ffaba38) 
thrown [s\open\src\hotspot\share\interpreter\linkResolver.cpp, line 804]
Event: 0.477 Thread 0x0000023b46243aa0 Exception <a 'java/lang/NoSuchMethodError'{0x000000070fc11240}: 'void java.lang.invoke.DirectMethodHandle$Holder.invokeStaticInit(java.lang.Object, long, double, double)'> (0x000000070fc11240) 
thrown [s\open\src\hotspot\share\interpreter\linkResolver.cpp, line 804]
Event: 0.479 Thread 0x0000023b46243aa0 Exception <a 'java/lang/NoSuchMethodError'{0x000000070fc297c0}: 'void java.lang.invoke.DirectMethodHandle$Holder.invokeStaticInit(java.lang.Object, long, int, int, int)'> (0x000000070fc297c0) 
thrown [s\open\src\hotspot\share\interpreter\linkResolver.cpp, line 804]
Event: 0.481 Thread 0x0000023b46243aa0 Exception <a 'java/lang/NoSuchMethodError'{0x000000070fc4bdb0}: 'void java.lang.invoke.DirectMethodHandle$Holder.invokeStaticInit(java.lang.Object, long, int, int, int, int)'> (0x000000070fc4bdb0) 
thrown [s\open\src\hotspot\share\interpreter\linkResolver.cpp, line 804]
Event: 0.495 Thread 0x0000023b46243aa0 Exception <a 'java/lang/NoSuchMethodError'{0x000000070fc76a18}: 'void java.lang.System.load(java.lang.String, java.lang.Class)'> (0x000000070fc76a18) 
thrown [s\open\src\hotspot\share\interpreter\linkResolver.cpp, line 804]
Event: 0.496 Thread 0x0000023b46243aa0 Exception <a 'java/lang/NoSuchMethodError'{0x000000070fc7e818}: 'void java.lang.System.loadLibrary(java.lang.String, java.lang.Class)'> (0x000000070fc7e818) 
thrown [s\open\src\hotspot\share\interpreter\linkResolver.cpp, line 804]
Event: 0.499 Thread 0x0000023b46243aa0 Exception <a 'sun/nio/fs/WindowsException'{0x000000070fc92498}> (0x000000070fc92498) 
thrown [s\open\src\hotspot\share\prims\jni.cpp, line 516]
Event: 0.499 Thread 0x0000023b46243aa0 Exception <a 'sun/nio/fs/WindowsException'{0x000000070fc92858}> (0x000000070fc92858) 
thrown [s\open\src\hotspot\share\prims\jni.cpp, line 516]
Event: 0.502 Thread 0x0000023b46243aa0 Exception <a 'sun/nio/fs/WindowsException'{0x000000070fc9c0e0}> (0x000000070fc9c0e0) 
thrown [s\open\src\hotspot\share\prims\jni.cpp, line 516]
Event: 0.502 Thread 0x0000023b46243aa0 Exception <a 'sun/nio/fs/WindowsException'{0x000000070fc9c3d0}> (0x000000070fc9c3d0) 
thrown [s\open\src\hotspot\share\prims\jni.cpp, line 516]
Event: 0.709 Thread 0x0000023b46243aa0 Exception <a 'java/lang/NoSuchMethodError'{0x000000070f309618}: 'void java.lang.invoke.DirectMethodHandle$Holder.invokeStatic(java.lang.Object, java.lang.Object, int)'> (0x000000070f309618) 
thrown [s\open\src\hotspot\share\interpreter\linkResolver.cpp, line 804]

VM Operations (20 events):
Event: 27.086 Executing safepoint VM operation: ChangeSingleStep
Event: 27.086 Executing safepoint VM operation: ChangeSingleStep done
Event: 27.086 Executing safepoint VM operation: ChangeSingleStep
Event: 27.086 Executing safepoint VM operation: ChangeSingleStep done
Event: 27.088 Executing safepoint VM operation: ChangeSingleStep
Event: 27.088 Executing safepoint VM operation: ChangeSingleStep done
Event: 27.088 Executing safepoint VM operation: ChangeSingleStep
Event: 27.088 Executing safepoint VM operation: ChangeSingleStep done
Event: 27.090 Executing safepoint VM operation: get/set locals
Event: 27.090 Executing safepoint VM operation: get/set locals done
Event: 29.703 Executing safepoint VM operation: ChangeSingleStep
Event: 29.703 Executing safepoint VM operation: ChangeSingleStep done
Event: 29.703 Executing safepoint VM operation: ChangeSingleStep
Event: 29.703 Executing safepoint VM operation: ChangeSingleStep done
Event: 29.709 Executing safepoint VM operation: get/set locals
Event: 29.709 Executing safepoint VM operation: get/set locals done
Event: 35.515 Executing safepoint VM operation: ChangeSingleStep
Event: 35.515 Executing safepoint VM operation: ChangeSingleStep done
Event: 35.515 Executing safepoint VM operation: ChangeSingleStep
Event: 35.515 Executing safepoint VM operation: ChangeSingleStep done

Memory protections (0 events):
No events

Nmethod flushes (0 events):
No events

Events (15 events):
Event: 0.017 Thread 0x0000023b46243aa0 Thread added: 0x0000023b46243aa0
Event: 0.023 Thread 0x0000023b46243aa0 Thread added: 0x0000023b65c0ded0
Event: 0.023 Thread 0x0000023b46243aa0 Thread added: 0x0000023b65c10940
Event: 0.023 Thread 0x0000023b46243aa0 Thread added: 0x0000023b65c146f0
Event: 0.023 Thread 0x0000023b46243aa0 Thread added: 0x0000023b65c18550
Event: 0.023 Thread 0x0000023b46243aa0 Thread added: 0x0000023b65c198b0
Event: 0.023 Thread 0x0000023b46243aa0 Thread added: 0x0000023b65c1ac10
Event: 0.023 Thread 0x0000023b46243aa0 Thread added: 0x0000023b65c1c2a0
Event: 0.023 Thread 0x0000023b46243aa0 Thread added: 0x0000023b65c20b10
Event: 0.057 Thread 0x0000023b46243aa0 Thread added: 0x0000023b6a1c3150
Event: 0.057 Thread 0x0000023b46243aa0 Thread added: 0x0000023b6a1c4370
Event: 0.057 Thread 0x0000023b6a1c3150 Thread added: 0x0000023b6a137c40
Event: 0.074 Thread 0x0000023b46243aa0 Thread added: 0x0000023b6a1e3400
Event: 0.093 Thread 0x0000023b46243aa0 Thread added: 0x0000023b6a3743d0
Event: 0.095 Thread 0x0000023b46243aa0 Thread added: 0x0000023b6a287cd0


Dynamic libraries:
0x00007ff7234d0000 - 0x00007ff7234e0000 	C:\Program Files\Java\jdk-25\bin\java.exe
0x00007ffaf5770000 - 0x00007ffaf5968000 	C:\WINDOWS\SYSTEM32\ntdll.dll
0x00007ffaf4ab0000 - 0x00007ffaf4b72000 	C:\WINDOWS\System32\KERNEL32.DLL
0x00007ffaf32c0000 - 0x00007ffaf35b6000 	C:\WINDOWS\System32\KERNELBASE.dll
0x00007ffaf3130000 - 0x00007ffaf3230000 	C:\WINDOWS\System32\ucrtbase.dll
0x00007ffac3fc0000 - 0x00007ffac3fd7000 	C:\Program Files\Java\jdk-25\bin\jli.dll
0x00007ffac3f70000 - 0x00007ffac3f8e000 	C:\Program Files\Java\jdk-25\bin\VCRUNTIME140.dll
0x00007ffaf4290000 - 0x00007ffaf4431000 	C:\WINDOWS\System32\USER32.dll
0x00007ffaf35c0000 - 0x00007ffaf35e2000 	C:\WINDOWS\System32\win32u.dll
0x00007ffae6dc0000 - 0x00007ffae705b000 	C:\WINDOWS\WinSxS\amd64_microsoft.windows.common-controls_6595b64144ccf1df_6.0.19041.6456_none_60b8a6cb71f64256\COMCTL32.dll
0x00007ffaf3a00000 - 0x00007ffaf3a2b000 	C:\WINDOWS\System32\GDI32.dll
0x00007ffaf3a30000 - 0x00007ffaf3ace000 	C:\WINDOWS\System32\msvcrt.dll
0x00007ffaf2e00000 - 0x00007ffaf2f19000 	C:\WINDOWS\System32\gdi32full.dll
0x00007ffaf3670000 - 0x00007ffaf370d000 	C:\WINDOWS\System32\msvcp_win.dll
0x00007ffaf3bf0000 - 0x00007ffaf3c1f000 	C:\WINDOWS\System32\IMM32.DLL
0x00007ffac56c0000 - 0x00007ffac56cc000 	C:\Program Files\Java\jdk-25\bin\vcruntime140_1.dll
0x00007ffab8990000 - 0x00007ffab8a1d000 	C:\Program Files\Java\jdk-25\bin\msvcp140.dll
0x00007ffa165a0000 - 0x00007ffa173ff000 	C:\Program Files\Java\jdk-25\bin\server\jvm.dll
0x00007ffaf4450000 - 0x00007ffaf4501000 	C:\WINDOWS\System32\ADVAPI32.dll
0x00007ffaf4a10000 - 0x00007ffaf4aaf000 	C:\WINDOWS\System32\sechost.dll
0x00007ffaf3790000 - 0x00007ffaf38b0000 	C:\WINDOWS\System32\RPCRT4.dll
0x00007ffaf3710000 - 0x00007ffaf3737000 	C:\WINDOWS\System32\bcrypt.dll
0x00007ffaf56c0000 - 0x00007ffaf572b000 	C:\WINDOWS\System32\WS2_32.dll
0x00007ffaf2390000 - 0x00007ffaf23db000 	C:\WINDOWS\SYSTEM32\POWRPROF.dll
0x00007ffae8e90000 - 0x00007ffae8eb7000 	C:\WINDOWS\SYSTEM32\WINMM.dll
0x00007ffaece90000 - 0x00007ffaece9a000 	C:\WINDOWS\SYSTEM32\VERSION.dll
0x00007ffaf2200000 - 0x00007ffaf2212000 	C:\WINDOWS\SYSTEM32\UMPDC.dll
0x00007ffaf0c90000 - 0x00007ffaf0ca2000 	C:\WINDOWS\SYSTEM32\kernel.appcore.dll
0x00007ffac5500000 - 0x00007ffac550a000 	C:\Program Files\Java\jdk-25\bin\jimage.dll
0x00007ffae8530000 - 0x00007ffae8731000 	C:\WINDOWS\SYSTEM32\DBGHELP.DLL
0x00007ffaddeb0000 - 0x00007ffaddee4000 	C:\WINDOWS\SYSTEM32\dbgcore.DLL
0x00007ffaf3230000 - 0x00007ffaf32b2000 	C:\WINDOWS\System32\bcryptPrimitives.dll
0x00007ffac3f30000 - 0x00007ffac3f6d000 	C:\Program Files\Java\jdk-25\bin\jdwp.dll
0x00007ffac4640000 - 0x00007ffac4650000 	C:\Program Files\Java\jdk-25\bin\instrument.dll
0x00007ffac3e40000 - 0x00007ffac3e5f000 	C:\Program Files\Java\jdk-25\bin\java.dll
0x00007ffaf53c0000 - 0x00007ffaf54eb000 	C:\WINDOWS\System32\ole32.dll
0x00007ffaf45c0000 - 0x00007ffaf4914000 	C:\WINDOWS\System32\combase.dll
0x00007ffaf4b90000 - 0x00007ffaf5300000 	C:\WINDOWS\System32\SHELL32.dll
0x00007ffac3490000 - 0x00007ffac34a7000 	C:\Program Files\Java\jdk-25\bin\zip.dll
0x00007ffaf0e90000 - 0x00007ffaf1635000 	C:\WINDOWS\SYSTEM32\windows.storage.dll
0x00007ffaf2830000 - 0x00007ffaf285b000 	C:\WINDOWS\SYSTEM32\Wldp.dll
0x00007ffaf3930000 - 0x00007ffaf39fd000 	C:\WINDOWS\System32\OLEAUT32.dll
0x00007ffaf41e0000 - 0x00007ffaf428d000 	C:\WINDOWS\System32\SHCORE.dll
0x00007ffaf5300000 - 0x00007ffaf535b000 	C:\WINDOWS\System32\shlwapi.dll
0x00007ffaf2d30000 - 0x00007ffaf2d54000 	C:\WINDOWS\SYSTEM32\profapi.dll
0x00007ffac3f20000 - 0x00007ffac3f2c000 	C:\Program Files\Java\jdk-25\bin\dt_socket.dll
0x00007ffaf2220000 - 0x00007ffaf225b000 	C:\WINDOWS\SYSTEM32\IPHLPAPI.DLL
0x00007ffaf2590000 - 0x00007ffaf25fa000 	C:\WINDOWS\system32\mswsock.dll
0x00007ffac3410000 - 0x00007ffac3420000 	C:\Program Files\Java\jdk-25\bin\verify.dll
0x00007ffabc720000 - 0x00007ffabc732000 	C:\Program Files\Java\jdk-25\bin\net.dll
0x00007ffabc400000 - 0x00007ffabc416000 	C:\Program Files\Java\jdk-25\bin\nio.dll
0x00007ffab80f0000 - 0x00007ffab816e000 	C:\Users\ciara\AppData\Local\Temp\lwjgl_ciara\3.3.6+1\x64\lwjgl.dll
0x00007ffab3130000 - 0x00007ffab31b9000 	C:\Users\ciara\AppData\Local\Temp\lwjgl_ciara\3.3.6+1\x64\glfw.dll
0x00007ffacb8e0000 - 0x00007ffacb925000 	C:\WINDOWS\SYSTEM32\dinput8.dll
0x00007ffa825e0000 - 0x00007ffa825f1000 	C:\WINDOWS\SYSTEM32\xinput1_4.dll
0x00007ffaf3740000 - 0x00007ffaf378e000 	C:\WINDOWS\System32\cfgmgr32.dll
0x00007ffaf2b90000 - 0x00007ffaf2bc3000 	C:\WINDOWS\SYSTEM32\DEVOBJ.dll
0x00007ffaf0ab0000 - 0x00007ffaf0ade000 	C:\WINDOWS\SYSTEM32\dwmapi.dll
0x00007ffad09a0000 - 0x00007ffad0af2000 	C:\WINDOWS\SYSTEM32\inputhost.dll
0x00007ffaef0d0000 - 0x00007ffaef1c2000 	C:\WINDOWS\SYSTEM32\CoreMessaging.dll
0x00007ffaf01c0000 - 0x00007ffaf02b4000 	C:\WINDOWS\SYSTEM32\PROPSYS.dll
0x00007ffaef960000 - 0x00007ffaefab7000 	C:\WINDOWS\SYSTEM32\wintypes.dll
0x00007ffaeec70000 - 0x00007ffaeefcb000 	C:\WINDOWS\SYSTEM32\CoreUIComponents.dll
0x00007ffaf2090000 - 0x00007ffaf20c3000 	C:\WINDOWS\SYSTEM32\ntmarta.dll
0x00007ffaf0700000 - 0x00007ffaf079e000 	C:\WINDOWS\system32\uxtheme.dll
0x00007ffaf3ad0000 - 0x00007ffaf3be5000 	C:\WINDOWS\System32\MSCTF.dll
0x00007ffa86940000 - 0x00007ffa86a68000 	C:\WINDOWS\SYSTEM32\opengl32.dll
0x00007ffa86910000 - 0x00007ffa8693c000 	C:\WINDOWS\SYSTEM32\GLU32.dll
0x00007ffaf4510000 - 0x00007ffaf45b9000 	C:\WINDOWS\System32\clbcatq.dll
0x00007ffa56b00000 - 0x00007ffa59453000 	C:\WINDOWS\System32\DriverStore\FileRepository\nv_dispi.inf_amd64_d471cab2f241c3c2\nvoglv64.dll
0x00007ffaf3d00000 - 0x00007ffaf4170000 	C:\WINDOWS\System32\SETUPAPI.dll
0x00007ffaef280000 - 0x00007ffaef294000 	C:\WINDOWS\SYSTEM32\WTSAPI32.dll
0x00007ffaf29c0000 - 0x00007ffaf29d2000 	C:\WINDOWS\SYSTEM32\msasn1.dll
0x00007ffaec620000 - 0x00007ffaec651000 	C:\WINDOWS\SYSTEM32\cryptnet.dll
0x00007ffaf2f20000 - 0x00007ffaf307d000 	C:\WINDOWS\System32\CRYPT32.dll
0x00007ffaf27a0000 - 0x00007ffaf27ac000 	C:\WINDOWS\SYSTEM32\cryptbase.dll
0x00007ffaec920000 - 0x00007ffaeca67000 	C:\WINDOWS\SYSTEM32\drvstore.dll
0x00007ffaf35f0000 - 0x00007ffaf3663000 	C:\WINDOWS\System32\WINTRUST.dll
0x00007ffaf56a0000 - 0x00007ffaf56bd000 	C:\WINDOWS\System32\imagehlp.dll
0x00007ffaf2780000 - 0x00007ffaf2798000 	C:\WINDOWS\SYSTEM32\CRYPTSP.dll
0x00007ffaf1e40000 - 0x00007ffaf1e78000 	C:\WINDOWS\system32\rsaenh.dll
0x00007ffadf780000 - 0x00007ffae3514000 	C:\WINDOWS\System32\DriverStore\FileRepository\nv_dispi.inf_amd64_d471cab2f241c3c2\nvgpucomp64.dll
0x00007ffae84f0000 - 0x00007ffae852b000 	C:\WINDOWS\SYSTEM32\dxcore.dll
0x00007ffa72a60000 - 0x00007ffa72ba7000 	C:\WINDOWS\system32\nvspcap64.dll
0x00007ffaf1ab0000 - 0x00007ffaf1b13000 	C:\WINDOWS\SYSTEM32\WINSTA.dll
0x00007ffad4900000 - 0x00007ffad49f9000 	C:\WINDOWS\SYSTEM32\textinputframework.dll
0x00007ffab8090000 - 0x00007ffab80ed000 	C:\Users\ciara\AppData\Local\Temp\lwjgl_ciara\3.3.6+1\x64\lwjgl_opengl.dll
0x00007ffa1a350000 - 0x00007ffa1ab57000 	C:\Users\ciara\AppData\Local\Temp\imgui-java-natives\1.90.0\imgui-java64.dll

JVMTI agents:
jdwp path:C:\Program Files\Java\jdk-25\bin\jdwp.dll, loaded, initialized, options:transport=dt_socket,server=n,suspend=y,address=127.0.0.1:64765
C:\Users\ciara\AppData\Local\JetBrains\IntelliJIdea2025.2\captureAgent\debugger-agent.jar path:C:\Program Files\Java\jdk-25\bin\instrument.dll, loaded, initialized, instrumentlib options:file:///C:/Users/ciara/AppData/Local/Temp/capture16114539689324508568.props

dbghelp: loaded successfully - version: 4.0.5 - missing functions: none
symbol engine: initialized successfully - sym options: 0x614 - pdb path: .;C:\Program Files\Java\jdk-25\bin;C:\WINDOWS\SYSTEM32;C:\WINDOWS\WinSxS\amd64_microsoft.windows.common-controls_6595b64144ccf1df_6.0.19041.6456_none_60b8a6cb71f64256;C:\Program Files\Java\jdk-25\bin\server;C:\Users\ciara\AppData\Local\Temp\lwjgl_ciara\3.3.6+1\x64;C:\WINDOWS\System32\DriverStore\FileRepository\nv_dispi.inf_amd64_d471cab2f241c3c2;C:\Users\ciara\AppData\Local\Temp\imgui-java-natives\1.90.0

VM Arguments:
jvm_args: -Ddebugger.agent.enable.coroutines=true -Dkotlinx.coroutines.debug.enable.creation.stack.trace=false -Dkotlinx.coroutines.debug.enable.flows.stack.trace=true -Dkotlinx.coroutines.debug.enable.mutable.state.flows.stack.trace=true --enable-native-access=ALL-UNNAMED --add-opens=java.base/sun.misc=ALL-UNNAMED --add-opens=java.base/java.nio=ALL-UNNAMED --enable-preview --enable-preview -agentlib:jdwp=transport=dt_socket,server=n,suspend=y,address=127.0.0.1:64765 -javaagent:C:\Users\ciara\AppData\Local\JetBrains\IntelliJIdea2025.2\captureAgent\debugger-agent.jar=file:///C:/Users/ciara/AppData/Local/Temp/capture16114539689324508568.props -Dfile.encoding=UTF-8 -Duser.country=IE -Duser.language=en -Duser.variant -ea 
java_command: Main java.library.path=libs
java_class_path (initial): C:\Users\ciara\Desktop\Code\College Work\Year 4\FYP\PrototypeEngine\build\classes\java\main;C:\Users\ciara\Desktop\Code\College Work\Year 4\FYP\PrototypeEngine\build\resources\main;C:\Users\ciara\Desktop\Code\College Work\Year 4\FYP\PrototypeEngine\libs\imgui-app-1.90.0.jar;C:\Users\ciara\Desktop\Code\College Work\Year 4\FYP\PrototypeEngine\libs\imgui-binding-1.90.0.jar;C:\Users\ciara\Desktop\Code\College Work\Year 4\FYP\PrototypeEngine\libs\imgui-lwjgl3-1.90.0.jar;C:\Users\ciara\.gradle\caches\modules-2\files-2.1\org.lwjgl\lwjgl-assimp\3.3.6\931a8de55dd5ee546689119c85ed4d4af7fa68f2\lwjgl-assimp-3.3.6.jar;C:\Users\ciara\.gradle\caches\modules-2\files-2.1\org.lwjgl\lwjgl-assimp\3.3.6\486fa1e2db9fc903a0cab984604cef1a895b0e28\lwjgl-assimp-3.3.6-natives-windows.jar;C:\Users\ciara\.gradle\caches\modules-2\files-2.1\org.lwjgl\lwjgl-glfw\3.3.6\7119f7d0eeb1e5502ff0ca71d2b4d47317da015\lwjgl-glfw-3.3.6.jar;C:\Users\ciara\.gradle\caches\modules-2\files-2.1\org.lwjgl\lwjgl-glfw\3.3.6\99ef08056feb9627f90425a4d2a22cd9fae8e39b\lwjgl-glfw-3.3.6-natives-windows.jar;C:\Users\ciara\.gradle\caches\modules-2\files-2.1\org.lwjgl\lwjgl-openal\3.3.6\ad313317ff399fd2a7f4dd74716a68cf3976c6ad\lwjgl-openal-3.3.6.jar;C:\Users\ciara\.gradle\caches\modules-2\files-2.1\org.lwjgl\lwjgl-openal\3.3.6\9c2b9b660e085bb0b47a4453dc0e26f24a5475e4\lwjgl-openal-3.3.6-natives-windows.jar;C:\Users\ciara\.gradle\caches\modules-2\files-2.1\org.lwjgl\lwjgl-opengl\3.3.6\ac2532612a4df374e9a9282bcf8ce2573018ebbb\lwjgl-opengl-3.3.6.jar;C:\Users\ciara\.gradle\caches\modules-2\files-2.1\org.lwjgl\lwjgl-opengl\3.3.6\18dc639ebc94aa5202c2157f7490d28997b697c5\lwjgl-opengl-3.3.6-natives-windows.jar;C:\Users\ciara\.gradle\caches\modules-2\files-2.1\org.lwjgl\lwjgl-stb\3.3.6\e2d3739dcfe7b672b626ded66d94f6587083306e\lwjgl-stb-3.3.6.jar;C:\Users\ciara\.gradle\caches\modules-2\files-2.1\org.lwjgl\lwjgl-stb\3.3.6\334cf885b39e2db9070c39e70e65efb136435f10\lwjgl-stb-3.3.6-natives-windows.jar;C:\Users\ciara\.gradle\caches\modules-2\files-2.1\org.lwjgl\lwjgl\3.3.6\ce7721d30cfaf47feaed10213e0c43eb55c49d68\lwjgl-3.3.6.jar;C:\Users\ciara\.gradle\caches\modules-2\files-2.1\org.lwjgl\lwjgl\3.3.6\9a29b6a22fc5184604b8cb434ee5d5ecc4bfcbee\lwjgl-3.3.6-natives-windows.jar;C:\Users\ciara\.gradle\caches\modules-2\files-2.1\org.joml\joml\1.10.8\fc0a71dad90a2cf41d82a76156a0e700af8e4f8d\joml-1.10.8.jar;C:\Users\ciara\.gradle\caches\modules-2\files-2.1\com.code-disaster.steamworks4j\steamworks4j\1.9.0\d69b7f7540745a8d569a5400554e34d42e035da8\steamworks4j-1.9.0.jar;C:\Users\ciara\.gradle\caches\modules-2\files-2.1\org.jetbrains.kotlin\kotlin-stdlib-jdk8\1.8.20\73576ddf378c5b4f1f6b449fe6b119b8183fc078\kotlin-stdlib-jdk8-1.8.20.jar;C:\Users\ciara\.gradle\caches\modules-2\files-2.1\org.jetbrains.kotlin\kotlin-stdlib-jdk7\1.8.20\3aa51faf20aae8b31e1a4bc54f8370673d7b7df4\kotlin-stdlib-jdk7-1.8.20.jar;C:\Users\ciara\.gradle\caches\modules-2\files-2.1\org.jetbrains.kotlin\kotlin-stdlib\1.8.20\e72fc5e03ec6c064c678a6bd0d955c88d55b0c4a\kotlin-stdlib-1.8.20.jar;C:\Users\ciara\.gradle\caches\modules-2\files-2.1\org.jetbrains.kotlin\kotlin-stdlib-common\1.8.20\5eddaaf234c8c49d03eebeb6a14feb7f90faca71\kotlin-stdlib-common-1.8.20.jar;C:\Users\ciara\.gradle\caches\modules-2\files-2.1\org.jetbrains\annotations\13.0\919f0dfe192fb4e063e7dacadee7f8bb9a2672a9\annotations-13.0.jar
Launcher Type: SUN_STANDARD

[Global flags]
     intx CICompilerCount                          = 4                                         {product} {ergonomic}
     uint ConcGCThreads                            = 3                                         {product} {ergonomic}
     uint G1ConcRefinementThreads                  = 10                                        {product} {ergonomic}
   size_t G1HeapRegionSize                         = 2097152                                   {product} {ergonomic}
   size_t InitialHeapSize                          = 268435456                                 {product} {ergonomic}
   size_t MarkStackSize                            = 4194304                                   {product} {ergonomic}
   size_t MarkStackSizeMax                         = 536870912                                 {product} {ergonomic}
   size_t MaxHeapSize                              = 4282384384                                {product} {ergonomic}
   size_t MaxNewSize                               = 2569011200                                {product} {ergonomic}
   size_t MinHeapDeltaBytes                        = 2097152                                   {product} {ergonomic}
   size_t MinHeapSize                              = 8388608                                   {product} {ergonomic}
    uintx NonNMethodCodeHeapSize                   = 5832704                                {pd product} {ergonomic}
    uintx NonProfiledCodeHeapSize                  = 122945536                              {pd product} {ergonomic}
    uintx ProfiledCodeHeapSize                     = 122880000                              {pd product} {ergonomic}
    uintx ReservedCodeCacheSize                    = 251658240                              {pd product} {ergonomic}
     bool SegmentedCodeCache                       = true                                      {product} {ergonomic}
   size_t SoftMaxHeapSize                          = 4282384384                             {manageable} {ergonomic}
     bool UseCompressedOops                        = true                           {product lp64_product} {ergonomic}
     bool UseG1GC                                  = true                                      {product} {ergonomic}
     bool UseLargePagesIndividualAllocation        = false                                  {pd product} {ergonomic}

Logging:
Log output configuration:
 #0: stdout all=warning uptime,level,tags foldmultilines=false
 #1: stderr all=off uptime,level,tags foldmultilines=false

Release file:
IMPLEMENTOR="Oracle Corporation" 
JAVA_RUNTIME_VERSION="25.0.1+8-LTS-27" 
JAVA_VERSION="25.0.1" 
JAVA_VERSION_DATE="2025-10-21" 
LIBC="default" 
MODULES="java.base java.compiler java.datatransfer java.xml java.prefs java.desktop java.instrument java.logging java.management java.security.sasl java.naming java.rmi java.management.rmi java.net.http java.scripting java.security.jgss java.transaction.xa java.sql java.sql.rowset java.xml.crypto java.se java.smartcardio jdk.accessibility jdk.internal.jvmstat jdk.attach jdk.charsets jdk.internal.opt jdk.zipfs jdk.compiler jdk.crypto.cryptoki jdk.crypto.ec jdk.crypto.mscapi jdk.dynalink jdk.internal.ed jdk.editpad jdk.internal.vm.ci jdk.graal.compiler jdk.graal.compiler.management jdk.hotspot.agent jdk.httpserver jdk.incubator.vector jdk.internal.le jdk.internal.md jdk.jartool jdk.javadoc jdk.jcmd jdk.management jdk.management.agent jdk.jconsole jdk.jdeps jdk.jdwp.agent jdk.jdi jdk.jfr jdk.jlink jdk.jpackage jdk.jshell jdk.jsobject jdk.jstatd jdk.localedata jdk.management.jfr jdk.naming.dns jdk.naming.rmi jdk.net jdk.nio.mapmode jdk.sctp jdk.security.auth jdk.security.jgss jdk.unsupported jdk.unsupported.desktop jdk.xml.dom" 
OS_ARCH="x86_64" 
OS_NAME="Windows" 
SOURCE=".:git:862c85bc42b7 open:git:78770bfaefd2" 

Environment Variables:
PATH=C:\Program Files\Common Files\Oracle\Java\javapath;C:\WINDOWS\system32;C:\WINDOWS;C:\WINDOWS\System32\Wbem;C:\WINDOWS\System32\WindowsPowerShell\v1.0\;C:\WINDOWS\System32\OpenSSH\;C:\Program Files\NVIDIA Corporation\NVIDIA App\NvDLISR;C:\Program Files (x86)\NVIDIA Corporation\PhysX\Common;C:\Program Files\Git\cmd;C:\Users\ciara\AppData\Local\Android\Sdk\platform-tools;C:\Program Files\ytDLP;C:\WINDOWS\system32\config\systemprofile\AppData\Local\Muse Hub\lib;C:\Users\ciara\AppData\Local\Microsoft\WindowsApps;C:\Users\ciara\AppData\Local\Programs\Microsoft VS Code\bin;C:\Users\ciara\AppData\Local\Python\bin
USERNAME=ciara
OS=Windows_NT
PROCESSOR_IDENTIFIER=AMD64 Family 25 Model 33 Stepping 0, AuthenticAMD
TMP=C:\Users\ciara\AppData\Local\Temp
TEMP=C:\Users\ciara\AppData\Local\Temp




Compilation memory statistics disabled.

Periodic native trim disabled

---------------  S Y S T E M  ---------------

OS:
 Windows 10 , 64 bit Build 19041 (10.0.19041.5915)
OS uptime: 1 days 23:54 hours

CPU: total 12 (initial active 12) (12 cores per cpu, 2 threads per core) family 25 model 33 stepping 0 microcode 0x0, cx8, cmov, fxsr, ht, mmx, 3dnowpref, sse, sse2, sse3, ssse3, sse4a, sse4.1, sse4.2, popcnt, lzcnt, tsc, tscinvbit, avx, avx2, aes, erms, clmul, bmi1, bmi2, adx, sha, fma, vzeroupper, clflush, clflushopt, clwb, rdtscp, rdpid, fsrm, f16c, pku, cet_ss
Processor Information for the first 12 processors :
  Max Mhz: 3701, Current Mhz: 3701, Mhz Limit: 3701

Memory: 4k page, system-wide physical 16330M (3104M free)
TotalPageFile size 28438M (AvailPageFile size 3393M)
current process WorkingSet (physical memory assigned to process): 166M, peak: 179M
current process commit charge ("private bytes"): 470M, peak: 534M

vm_info: Java HotSpot(TM) 64-Bit Server VM (25.0.1+8-LTS-27) for windows-amd64 JRE (25.0.1+8-LTS-27), built on 2025-09-25T16:41:16Z with unknown MS VC++:1943

END.
