#
# A fatal error has been detected by the Java Runtime Environment:
#
#  EXCEPTION_ACCESS_VIOLATION (0xc0000005) at pc=0x000001f5f14b725d, pid=2928, tid=16036
#
# JRE version: OpenJDK Runtime Environment (25.0+36) (build 25+36-3489)
# Java VM: OpenJDK 64-Bit Server VM (25+36-3489, mixed mode, sharing, tiered, compressed oops, compressed class ptrs, g1 gc, windows-amd64)
# Problematic frame:
# J 6304 c1 org.gradle.internal.service.DefaultServiceRegistry$ConstructorService.getParameterTypes()[Ljava/lang/reflect/Type; (8 bytes) @ 0x000001f5f14b725d [0x000001f5f14b7180+0x00000000000000dd]
#
# No core dump will be written. Minidumps are not enabled by default on client versions of Windows
#
# If you would like to submit a bug report, please visit:
#   https://bugreport.java.com/bugreport/crash.jsp
#

---------------  S U M M A R Y ------------

Command Line: --add-opens=java.base/java.lang=ALL-UNNAMED --add-opens=java.base/java.lang.invoke=ALL-UNNAMED --add-opens=java.base/java.util=ALL-UNNAMED --add-opens=java.prefs/java.util.prefs=ALL-UNNAMED --add-exports=jdk.compiler/com.sun.tools.javac.api=ALL-UNNAMED --add-exports=jdk.compiler/com.sun.tools.javac.util=ALL-UNNAMED --add-opens=java.base/java.util=ALL-UNNAMED --add-opens=java.prefs/java.util.prefs=ALL-UNNAMED --add-opens=java.base/java.nio.charset=ALL-UNNAMED --add-opens=java.base/java.net=ALL-UNNAMED --add-opens=java.base/java.util.concurrent=ALL-UNNAMED --add-opens=java.base/java.util.concurrent.atomic=ALL-UNNAMED --add-opens=java.xml/javax.xml.namespace=ALL-UNNAMED --add-opens=java.base/java.time=ALL-UNNAMED --enable-native-access=ALL-UNNAMED -XX:MaxMetaspaceSize=384m -XX:+HeapDumpOnOutOfMemoryError -Xms256m -Xmx512m -Dfile.encoding=UTF-8 -Duser.country=IE -Duser.language=en -Duser.variant -javaagent:C:\Users\ciara\.gradle\wrapper\dists\gradle-9.1.0-bin\9agqghryom9wkf8r80qlhnts3\gradle-9.1.0\lib\agents\gradle-instrumentation-agent-9.1.0.jar org.gradle.launcher.daemon.bootstrap.GradleDaemon 9.1.0

Host: AMD Ryzen 5 5600X 6-Core Processor             , 12 cores, 15G,  Windows 10 , 64 bit Build 19041 (10.0.19041.5915)
Time: Mon Mar 16 18:19:11 2026 GMT Standard Time elapsed time: 5.201267 seconds (0d 0h 0m 5s)

---------------  T H R E A D  ---------------

Current thread (0x000001f58988ff10):  JavaThread "Daemon worker"        [_thread_in_Java, id=16036, stack(0x000000e93eb00000,0x000000e93ec00000) (1024K)]

Stack: [0x000000e93eb00000,0x000000e93ec00000],  sp=0x000000e93ebf9f90,  free space=999k
Native frames: (J=compiled Java code, j=interpreted, Vv=VM code, C=native code)
C  0x000001f5f14b725d  (no source info available)

The last pc belongs to nmethod (printed below).

siginfo: EXCEPTION_ACCESS_VIOLATION (0xc0000005), reading address 0xffffffffffffffff


Registers:
RAX=0x00000000eef027c8, RBX=0x000001f5845027d8, RCX=0x0000000000000103, RDX=0x00000000511bd788
RSP=0x000000e93ebf9f90, RBP=0x00000000eef026e8, RSI=0x000001f586725090, RDI=0x000001f58585b0e8
R8 =0x0000000000000118, R9 =0x0000000000000000, R10=0x0000000051000000, R11=0x00000000ef2ed3d0
R12=0x0000000000000000, R13=0x0000000000000240, R14=0x000000005118be98, R15=0x000001f58988ff10
RIP=0x000001f5f14b725d, EFLAGS=0x0000000000010246

XMM[0]=0x0000000000000000 0x0000000000000000
XMM[1]=0x0000000000000000 0x0000000000000000
XMM[2]=0x001317ff1003ff31 0x0919092159492901
XMM[3]=0x6c6474732f736e6f 0x69736e657478652f
XMM[4]=0x33202b0a744b736e 0x6f69736e65747845
XMM[5]=0x616e7265746e692e 0x6970612e656c6461
XMM[6]=0x0000000000000000 0x459176a550a84614
XMM[7]=0x0000000000000000 0xf623122f72f4cd4e
XMM[8]=0x0000000000000000 0x5120ff6c5c52007f
XMM[9]=0x0000000000000000 0xa949873a394eb119
XMM[10]=0x0000000000000000 0x00000000900529df
XMM[11]=0x0000000000000000 0x7aa73b8bb3f5eca4
XMM[12]=0x0000000000000000 0x00000000394eb119
XMM[13]=0x0000000000000000 0x0000000000000000
XMM[14]=0x0000000000000000 0x0000000000000000
XMM[15]=0x0000000000000000 0x0000000000000000
  MXCSR=0x00001fa0


Register to memory mapping:

RAX=0x00000000eef027c8 is an oop: java.lang.reflect.Constructor 
{0x00000000eef027c8} - klass: 'java/lang/reflect/Constructor' - flags: 

 - ---- fields (total size 9 words):
 - 'override' 'Z' @12  false (0x00)
 - volatile 'accessCheckCache' 'Ljava/lang/Object;' @16  null (0x00000000)
 - private transient 'parameterData' 'Ljava/lang/reflect/Executable$ParameterData;' @20  null (0x00000000)
 - private volatile transient 'declaredAnnotations' 'Ljava/util/Map;' @24  null (0x00000000)
 - private final 'clazz' 'Ljava/lang/Class;' @28  a 'java/lang/Class'{0x00000000ef2ed208} = 'org/gradle/internal/serialize/beans/services/DefaultBeanStateWriterLookup' (0xef2ed208)
 - private final 'parameterTypes' '[Ljava/lang/Class;' @32  a 'java/lang/Class'[0] {0x00000000e048ac08} (0xe048ac08)
 - private final 'exceptionTypes' '[Ljava/lang/Class;' @36  a 'java/lang/Class'[0] {0x00000000e048ac08} (0xe048ac08)
 - private final transient 'signature' 'Ljava/lang/String;' @40  null (0x00000000)
 - private final 'annotations' '[B' @44  null (0x00000000)
 - private final 'parameterAnnotations' '[B' @48  null (0x00000000)
 - private 'root' 'Ljava/lang/reflect/Constructor;' @52  a 'java/lang/reflect/Constructor'{0x00000000ef2ed378} (0xef2ed378)
 - private volatile transient 'genericInfo' 'Lsun/reflect/generics/repository/ConstructorRepository;' @56  null (0x00000000)
 - private 'constructorAccessor' 'Ljdk/internal/reflect/ConstructorAccessor;' @60  null (0x00000000)
 - private final 'slot' 'I' @64  0 (0x00000000)
 - private final 'modifiers' 'I' @68  1 (0x00000001)
RBX={method} {0x000001f5845027e0} 'getConstructor' '()Ljava/lang/reflect/Constructor;' in 'org/gradle/internal/service/DefaultServiceRegistry$ConstructorService'
RCX=0x0000000000000103 is an unknown value
RDX=0x00000000511bd788 is a pointer to class: 
java.lang.reflect.Constructor {0x00000000511bd790}
 - instance size:     9
 - klass size:        141
 - access:            public final synchronized 
 - flags:             rewritten has_nonstatic_fields has_nonstatic_concrete_methods defined_by_boot_loader has_localvariable_table 
 - state:             fully_initialized
 - name:              'java/lang/reflect/Constructor'
 - super:             'java/lang/reflect/Executable'
 - sub:               
 - arrays:            'java/lang/reflect/Constructor'[]
 - methods:           Array<T>(0x00000000517a1550)
 - method ordering:   Array<T>(0x00000000516aa798)
 - local interfaces:  Array<T>(0x000000005169fb00)
 - trans. interfaces: Array<T>(0x000000005179d110)
 - secondary supers: Array<T>(0x000000005179f930)
 - hash_slot:         32
 - secondary bitmap: 0x0002000200080000
 - constants:         constant pool [437] {0x000000005179f9e8} for 'java/lang/reflect/Constructor' cache=0x00000000511bdc48
 - class loader data:  loader data: 0x000001f5e83f9450 of 'bootstrap'
 - source file:       'Constructor.java'
 - field annotations:       Array<T>(0x00000000517a14c0)
 - generic signature: '<T:Ljava/lang/Object;>Ljava/lang/reflect/Executable;'
 - inner classes:     Array<T>(0x00000000516aa6d8)
 - nest members:     Array<T>(0x000000005169faf8)
 - permitted subclasses:     Array<T>(0x000000005169faf8)
 - java mirror:       a 'java/lang/Class'{0x00000000ffe827a0} = 'java/lang/reflect/Constructor'
 - vtable length      57  (start addr: 0x00000000511bd960)
 - itable length      24 (start addr: 0x00000000511bdb28)
 - ---- static fields (0 words):
 - ---- non-static fields (15 words):
 - 'override' 'Z' @12 
 - volatile 'accessCheckCache' 'Ljava/lang/Object;' @16 
 - private transient 'parameterData' 'Ljava/lang/reflect/Executable$ParameterData;' @20 
 - private volatile transient 'declaredAnnotations' 'Ljava/util/Map;' @24 
 - private final 'clazz' 'Ljava/lang/Class;' @28 
 - private final 'parameterTypes' '[Ljava/lang/Class;' @32 
 - private final 'exceptionTypes' '[Ljava/lang/Class;' @36 
 - private final transient 'signature' 'Ljava/lang/String;' @40 
 - private final 'annotations' '[B' @44 
 - private final 'parameterAnnotations' '[B' @48 
 - private 'root' 'Ljava/lang/reflect/Constructor;' @52 
 - private volatile transient 'genericInfo' 'Lsun/reflect/generics/repository/ConstructorRepository;' @56 
 - private 'constructorAccessor' 'Ljdk/internal/reflect/ConstructorAccessor;' @60 
 - private final 'slot' 'I' @64 
 - private final 'modifiers' 'I' @68 
 - non-static oop maps (1 entries): 16-60 
RSP=0x000000e93ebf9f90 is pointing into the stack for thread: 0x000001f58988ff10
RBP=0x00000000eef026e8 is an oop: java.util.ArrayList 
{0x00000000eef026e8} - klass: 'java/util/ArrayList' - flags: is_cloneable_fast 

 - ---- fields (total size 3 words):
 - protected transient 'modCount' 'I' @12  1 (0x00000001)
 - private 'size' 'I' @16  1 (0x00000001)
 - transient 'elementData' '[Ljava/lang/Object;' @20  a 'java/lang/Object'[2] {0x00000000eef02700} (0xeef02700)
RSI=0x000001f586725090 is pointing into metadata
RDI=0x000001f58585b0e8 is pointing into metadata
R8 =0x0000000000000118 is an unknown value
R9 =0x0 is null
R10=0x0000000051000000 points into nKlass protection zone
R11=0x00000000ef2ed3d0 is an oop: java.lang.Class 
{0x00000000ef2ed3d0} - klass: 'java/lang/Class' - flags: 

 - ---- fields (total size 15 words):
 - private volatile transient 'classRedefinedCount' 'I' @12  0 (0x00000000)
 - injected 'klass' 'J' @16  2154010180872 (0x000001f58502fd08)
 - injected 'array_klass' 'J' @24  0 (0x0000000000000000)
 - injected 'oop_size' 'I' @32  15 (0x0000000f)
 - injected 'static_oop_field_count' 'I' @36  0 (0x00000000)
 - private final transient 'modifiers' 'C' @40    1537 (0x0601)
 - private final transient 'primitive' 'Z' @42  false (0x00)
 - private volatile transient 'cachedConstructor' 'Ljava/lang/reflect/Constructor;' @44  null (0x00000000)
 - private transient 'name' 'Ljava/lang/String;' @48  "org.gradle.internal.serialize.graph.BeanStateWriterLookup"{0x00000000ef2ed448} (0xef2ed448)
 - private transient 'module' 'Ljava/lang/Module;' @52  a 'java/lang/Module'{0x00000000e0626720} (0xe0626720)
 - private final 'classLoader' 'Ljava/lang/ClassLoader;' @56  a 'org/gradle/initialization/MixInLegacyTypesClassLoader'{0x00000000e048c378} (0xe048c378)
 - private transient 'classData' 'Ljava/lang/Object;' @60  null (0x00000000)
 - private transient 'signers' '[Ljava/lang/Object;' @64  null (0x00000000)
 - private transient 'packageName' 'Ljava/lang/String;' @68  "org.gradle.internal.serialize.graph"{0x00000000ef13af48} (0xef13af48)
 - private final transient 'componentType' 'Ljava/lang/Class;' @72  null (0x00000000)
 - private final transient 'protectionDomain' 'Ljava/security/ProtectionDomain;' @76  a 'java/security/ProtectionDomain'{0x00000000ef13af98} (0xef13af98)
 - private volatile transient 'reflectionData' 'Ljava/lang/ref/SoftReference;' @80  a 'java/lang/ref/SoftReference'{0x00000000ef2ed4b0} (0xef2ed4b0)
 - private volatile transient 'genericInfo' 'Lsun/reflect/generics/repository/ClassRepository;' @84  null (0x00000000)
 - private volatile transient 'enumConstants' '[Ljava/lang/Object;' @88  null (0x00000000)
 - private volatile transient 'enumConstantDirectory' 'Ljava/util/Map;' @92  null (0x00000000)
 - private volatile transient 'annotationData' 'Ljava/lang/Class$AnnotationData;' @96  a 'java/lang/Class$AnnotationData'{0x00000000ef2ed528} (0xef2ed528)
 - private volatile transient 'annotationType' 'Lsun/reflect/annotation/AnnotationType;' @100  null (0x00000000)
 - transient 'classValueMap' 'Ljava/lang/ClassValue$ClassValueMap;' @104  null (0x00000000)
 - injected 'source_file' 'Ljava/lang/Object;' @108  null (0x00000000)
 - injected '<init_lock>' 'Ljava/lang/Object;' @112  [I{0x00000000ef2edbf0} (0xef2edbf0)
 - signature: Lorg/gradle/internal/serialize/graph/BeanStateWriterLookup;
 - ---- static fields (0):
R12=0x0 is null
R13=0x0000000000000240 is an unknown value
R14=0x000000005118be98 is a pointer to class: 
java.util.Iterator {0x000000005118bea0}
 - instance size:     2
 - klass size:        65
 - access:            public interface abstract 
 - flags:             rewritten has_nonstatic_concrete_methods declares_nonstatic_concrete_methods defined_by_boot_loader has_localvariable_table 
 - state:             fully_initialized
 - name:              'java/util/Iterator'
 - super:             'java/lang/Object'
 - sub:               
 - nof implementors:  2
 - arrays:            null
 - methods:           Array<T>(0x0000000051744800)
 - method ordering:   Array<T>(0x00000000516a0880)
 - local interfaces:  Array<T>(0x000000005169fb00)
 - trans. interfaces: Array<T>(0x000000005169fb00)
 - secondary supers: Array<T>(0x000000005169fae8)
 - hash_slot:         25
 - secondary bitmap: 0x0000000000000000
 - constants:         constant pool [53] {0x0000000051744618} for 'java/util/Iterator' cache=0x00000000514a84f8
 - class loader data:  loader data: 0x000001f5e83f9450 of 'bootstrap'
 - source file:       'Iterator.java'
 - generic signature: '<E:Ljava/lang/Object;>Ljava/lang/Object;'
 - inner classes:     Array<T>(0x000000005169faf8)
 - nest members:     Array<T>(0x000000005169faf8)
 - permitted subclasses:     Array<T>(0x000000005169faf8)
 - java mirror:       a 'java/lang/Class'{0x00000000ffe816f8} = 'java/util/Iterator'
 - vtable length      5  (start addr: 0x000000005118c070)
 - itable length      0 (start addr: 0x000000005118c098)
 - ---- static fields (0 words):
 - ---- non-static fields (0 words):
 - non-static oop maps (0 entries): 
R15=0x000001f58988ff10 is a thread

Top of Stack: (sp=0x000000e93ebf9f90)
0x000000e93ebf9f90:   000000e93ebfa020 00007ffa8cdcb013    ..>............
0x000000e93ebf9fa0:   0000000076f84404 00000000514d77f8   .D.v.....wMQ....
0x000000e93ebf9fb0:   000000000000000f 00000000000003d8   ................
0x000000e93ebf9fc0:   000000e93ebfa418 00007ffa8cd2eabb   ...>............
0x000000e93ebf9fd0:   00000000000003d8 000001f583beb260   ........`.......
0x000000e93ebf9fe0:   000001f589919ea8 00000000514d0090   ..........MQ....
0x000000e93ebf9ff0:   00000000eef026e8 000001f5f118f614   .&..............
0x000000e93ebfa000:   000001f589919eb0 00000000514d0090   ..........MQ....
0x000000e93ebfa010:   000001f588e60000 000001f58988ff10   ................
0x000000e93ebfa020:   00000000514d77f0 0000002500000013   .wMQ........%...
0x000000e93ebfa030:   0000000000000025 ffffffffe8373c0c   %........<7.....
0x000000e93ebfa040:   00000000514d00a8 0000000000000000   ..MQ............
0x000000e93ebfa050:   000001f589919ea8 00007ffa8cb95698   .........V......
0x000000e93ebfa060:   000001f5898732f0 000001f589919eb0   .2..............
0x000000e93ebfa070:   000001f583beae70 000001f5867386dd   p.........s.....
0x000000e93ebfa080:   0000000051687501 000001f58460a000   .uhQ......`.....
0x000000e93ebfa090:   000001f58988ff10 00007ffa8c7b5084   .........P{.....
0x000000e93ebfa0a0:   0000000000000000 00007ffa8cb98660   ........`.......
0x000000e93ebfa0b0:   00000000eef02718 00007ffa8d029bb8   .'..............
0x000000e93ebfa0c0:   0000000000000000 000000e93ebfa228   ........(..>....
0x000000e93ebfa0d0:   000001f58988ff10 000001f5898732f0   .........2......
0x000000e93ebfa0e0:   000001f583beae70 000001f583beae88   p...............
0x000000e93ebfa0f0:   000001f583beb260 00000000000003d8   `...............
0x000000e93ebfa100:   000001f589919ea8 000001f583dc1f88   ................
0x000000e93ebfa110:   000000005205e540 00007ffa8c95e6cf   @..R............
0x000000e93ebfa120:   000001f589919f70 00000000000000d8   p...............
0x000000e93ebfa130:   0000000000000000 0000000000000000   ................
0x000000e93ebfa140:   0000000000000000 00000000514d3df8   .........=MQ....
0x000000e93ebfa150:   000001f5844a7550 00007ffa8c9653fe   PuJ......S......
0x000000e93ebfa160:   000000005205e540 00000000514d77f0   @..R.....wMQ....
0x000000e93ebfa170:   0000000000000001 000001f5844c05f0   ..........L.....
0x000000e93ebfa180:   00000000000002ba 00000000000000f8   ................

Instructions: (pc=0x000001f5f14b725d)
  0x000001f5f14b715d:   18 00 00 03 01 06 00 00 00 00 00 00 00 00 00 00
  0x000001f5f14b716d:   00 00 00 00 00 00 00 00 00 00 00 00 00 00 00 00
  0x000001f5f14b717d:   00 00 00 66 0f 1f 84 00 00 00 00 00 66 0f 1f 84
  0x000001f5f14b718d:   00 00 00 00 00 44 8b 52 08 44 3b 50 08 0f 85 40
  0x000001f5f14b719d:   79 ca 06 89 84 24 00 80 ff ff 55 48 83 ec 60 41
  0x000001f5f14b71ad:   81 7f 20 05 00 00 00 74 05 e8 45 d0 c8 06 48 be
  0x000001f5f14b71bd:   90 50 72 86 f5 01 00 00 8b be 90 00 00 00 83 c7
  0x000001f5f14b71cd:   02 89 be 90 00 00 00 81 e7 fe 07 00 00 85 ff 0f
  0x000001f5f14b71dd:   84 52 07 00 00 48 8b f2 48 bf 90 50 72 86 f5 01
  0x000001f5f14b71ed:   00 00 48 83 87 d8 00 00 00 01 e8 24 8e d8 ff 0f
  0x000001f5f14b71fd:   1f 84 00 74 01 00 00 48 3b 00 48 8b d0 48 be 90
  0x000001f5f14b720d:   50 72 86 f5 01 00 00 8b 52 08 41 ba 00 00 00 51
  0x000001f5f14b721d:   49 03 d2 48 3b 96 f0 00 00 00 75 0d 48 83 86 f8
  0x000001f5f14b722d:   00 00 00 01 e9 60 00 00 00 48 3b 96 00 01 00 00
  0x000001f5f14b723d:   75 0d 48 83 86 08 01 00 00 01 e9 4a 00 00 00 48
  0x000001f5f14b724d:   83 be f0 00 00 00 00 75 17 48 89 96 f0 00 00 00
=>0x000001f5f14b725d:   48 cf 86 f8 00 00 00 01 00 00 00 e9 29 00 00 00
  0x000001f5f14b726d:   48 83 be 00 01 00 00 00 75 17 48 89 96 00 01 00
  0x000001f5f14b727d:   00 48 c7 86 08 01 00 00 01 00 00 00 e9 08 00 00
  0x000001f5f14b728d:   00 48 83 86 e8 00 00 00 01 48 ba 00 c7 ff 85 f5
  0x000001f5f14b729d:   01 00 00 8b b2 90 00 00 00 83 c6 02 89 b2 90 00
  0x000001f5f14b72ad:   00 00 81 e6 fe ff 1f 00 85 f6 0f 84 9d 06 00 00
  0x000001f5f14b72bd:   48 8b d0 48 be 00 c7 ff 85 f5 01 00 00 48 83 86
  0x000001f5f14b72cd:   d8 00 00 00 01 48 ba 20 b6 8e 84 f5 01 00 00 8b
  0x000001f5f14b72dd:   b2 90 00 00 00 83 c6 02 89 b2 90 00 00 00 81 e6
  0x000001f5f14b72ed:   fe ff 1f 00 85 f6 0f 84 82 06 00 00 48 8b d0 48
  0x000001f5f14b72fd:   be 20 b6 8e 84 f5 01 00 00 48 83 86 f8 00 00 00
  0x000001f5f14b730d:   01 48 ba a8 0f ff 85 f5 01 00 00 8b b2 90 00 00
  0x000001f5f14b731d:   00 83 c6 02 89 b2 90 00 00 00 81 e6 fe ff 1f 00
  0x000001f5f14b732d:   85 f6 0f 84 67 06 00 00 48 8b d0 48 be a8 0f ff
  0x000001f5f14b733d:   85 f5 01 00 00 8b 52 08 41 ba 00 00 00 51 49 03
  0x000001f5f14b734d:   d2 48 3b 96 e0 00 00 00 75 0d 48 83 86 e8 00 00


Stack slot to memory mapping:

stack at sp + 0 slots: 0x000000e93ebfa020 is pointing into the stack for thread: 0x000001f58988ff10
stack at sp + 1 slots: 0x00007ffa8cdcb013 jvm.dll
stack at sp + 2 slots: 0x0000000076f84404 is an unknown value
stack at sp + 3 slots: 0x00000000514d77f8 is pointing into metadata
stack at sp + 4 slots: 0x000000000000000f is an unknown value
stack at sp + 5 slots: 0x00000000000003d8 is an unknown value
stack at sp + 6 slots: 0x000000e93ebfa418 is pointing into the stack for thread: 0x000001f58988ff10
stack at sp + 7 slots: 0x00007ffa8cd2eabb jvm.dll

Lock stack of current Java thread (top to bottom):
LockStack[0]: org.gradle.internal.service.DefaultServiceRegistry$ConstructorService 
{0x00000000eef02718} - klass: 'org/gradle/internal/service/DefaultServiceRegistry$ConstructorService' - flags: 

 - ---- fields (total size 7 words):
 - protected final 'owner' 'Lorg/gradle/internal/service/DefaultServiceRegistry;' @12  a 'org/gradle/internal/service/ScopedServiceRegistry'{0x00000000ef13a5c0} (0xef13a5c0)
 - private final 'dependents' 'Ljava/util/Queue;' @16  a 'java/util/concurrent/ConcurrentLinkedQueue'{0x00000000eef02750} (0xeef02750)
 - private volatile 'instance' 'Ljava/lang/Object;' @20  null (0x00000000)
 - protected final 'accessScope' 'Lorg/gradle/internal/service/ServiceAccessScope;' @24  a 'org/gradle/internal/service/ServiceAccess$1'{0x00000000e0895348} (0xe0895348)
 - protected final 'serviceTypes' 'Ljava/util/List;' @28  a 'java/util/Collections$SingletonList'{0x00000000eef02780} (0xeef02780)
 - private final 'serviceTypesAsClasses' 'Ljava/util/List;' @32  a 'java/util/ArrayList'{0x00000000eef02798} (0xeef02798)
 - 'state' 'Lorg/gradle/internal/service/DefaultServiceRegistry$SingletonService$BindState;' @36  a 'org/gradle/internal/service/DefaultServiceRegistry$SingletonService$BindState'{0x00000000e0c4f300} (0xe0c4f300)
 - private final 'accessToken' 'Lorg/gradle/internal/service/ServiceAccessToken;' @40  a 'org/gradle/internal/service/DefaultServiceAccessToken'{0x00000000ef13b938} (0xef13b938)
 - private 'paramServices' '[Lorg/gradle/internal/service/Service;' @44  null (0x00000000)
 - private 'decorates' 'Lorg/gradle/internal/service/Service;' @48  null (0x00000000)
 - private 'constructor' 'Ljava/lang/reflect/Constructor;' @52  a 'java/lang/reflect/Constructor'{0x00000000eef027c8} (0xeef027c8)


Compiled method (c1) 5267 6304       3       org.gradle.internal.service.DefaultServiceRegistry$ConstructorService::getParameterTypes (8 bytes)
 total in heap  [0x000001f5f14b7088,0x000001f5f14b7b20] = 2712
 main code      [0x000001f5f14b7180,0x000001f5f14b7a90] = 2320
 stub code      [0x000001f5f14b7a90,0x000001f5f14b7b18] = 136
 oops           [0x000001f5f14b7b18,0x000001f5f14b7b20] = 8
 mutable data [0x000001f58b908cb0,0x000001f58b908dc8] = 280
 relocation     [0x000001f58b908cb0,0x000001f58b908d80] = 208
 metadata       [0x000001f58b908d80,0x000001f58b908dc8] = 72
 immutable data [0x000001f58bd27710,0x000001f58bd27910] = 512
 dependencies   [0x000001f58bd27710,0x000001f58bd27728] = 24
 nul chk table  [0x000001f58bd27728,0x000001f58bd27750] = 40
 scopes pcs     [0x000001f58bd27750,0x000001f58bd27880] = 304
 scopes data    [0x000001f58bd27880,0x000001f58bd27910] = 144

[Constant Pool (empty)]

[MachCode]
[Instructions begin]
  0x000001f5f14b7180: 660f 1f84 | 0000 0000 | 0066 0f1f | 8400 0000 | 0000 448b | 5208 443b 

  0x000001f5f14b7198: ;   {runtime_call Shared Runtime ic_miss_blob}
  0x000001f5f14b7198: 5008 0f85 | 4079 ca06 
[Verified Entry Point]
  0x000001f5f14b71a0: 8984 2400 | 80ff ff55 | 4883 ec60 | 4181 7f20 | 0500 0000 

  0x000001f5f14b71b4: ;   {runtime_call Stub::method_entry_barrier}
  0x000001f5f14b71b4: 7405 e845 

  0x000001f5f14b71b8: ;   {metadata(method data for {method} {0x000001f584502340} 'getParameterTypes' '()[Ljava/lang/reflect/Type;' in 'org/gradle/internal/service/DefaultServiceRegistry$ConstructorService')}
  0x000001f5f14b71b8: d0c8 0648 | be90 5072 | 86f5 0100 | 008b be90 | 0000 0083 | c702 89be | 9000 0000 | 81e7 fe07 
  0x000001f5f14b71d8: 0000 85ff | 0f84 5207 | 0000 488b 

  0x000001f5f14b71e4: ;   {metadata(method data for {method} {0x000001f584502340} 'getParameterTypes' '()[Ljava/lang/reflect/Type;' in 'org/gradle/internal/service/DefaultServiceRegistry$ConstructorService')}
  0x000001f5f14b71e4: f248 bf90 | 5072 86f5 | 0100 0048 | 8387 d800 

  0x000001f5f14b71f4: ;   {optimized virtual_call}
  0x000001f5f14b71f4: 0000 01e8 

  0x000001f5f14b71f8: ; ImmutableOopMap {}
                      ;*invokespecial getConstructor {reexecute=0 rethrow=0 return_oop=0}
                      ; - org.gradle.internal.service.DefaultServiceRegistry$ConstructorService::getParameterTypes@1 (line 1003)
  0x000001f5f14b71f8: 248e d8ff 

  0x000001f5f14b71fc: ;   {post_call_nop}
  0x000001f5f14b71fc: 0f1f 8400 | 7401 0000 

  0x000001f5f14b7204: ; implicit exception: dispatches to 0x000001f5f14b7955
  0x000001f5f14b7204: 483b 0048 

  0x000001f5f14b7208: ;   {metadata(method data for {method} {0x000001f584502340} 'getParameterTypes' '()[Ljava/lang/reflect/Type;' in 'org/gradle/internal/service/DefaultServiceRegistry$ConstructorService')}
  0x000001f5f14b7208: 8bd0 48be | 9050 7286 | f501 0000 | 8b52 0841 | ba00 0000 | 5149 03d2 | 483b 96f0 | 0000 0075 
  0x000001f5f14b7228: 0d48 8386 | f800 0000 | 01e9 6000 | 0000 483b | 9600 0100 | 0075 0d48 | 8386 0801 | 0000 01e9 
  0x000001f5f14b7248: 4a00 0000 | 4883 bef0 | 0000 0000 | 7517 4889 | 96f0 0000 | 0048 cf86 | f800 0000 | 0100 0000 
  0x000001f5f14b7268: e929 0000 | 0048 83be | 0001 0000 | 0075 1748 | 8996 0001 | 0000 48c7 | 8608 0100 | 0001 0000 
  0x000001f5f14b7288: 00e9 0800 | 0000 4883 | 86e8 0000 

  0x000001f5f14b7294: ;   {metadata(method data for {method} {0x00000000511be460} 'getGenericParameterTypes' '()[Ljava/lang/reflect/Type;' in 'java/lang/reflect/Constructor')}
  0x000001f5f14b7294: 0001 48ba | 00c7 ff85 | f501 0000 | 8bb2 9000 | 0000 83c6 | 0289 b290 | 0000 0081 | e6fe ff1f 
  0x000001f5f14b72b4: 0085 f60f | 849d 0600 | 0048 8bd0 

  0x000001f5f14b72c0: ;   {metadata(method data for {method} {0x00000000511be460} 'getGenericParameterTypes' '()[Ljava/lang/reflect/Type;' in 'java/lang/reflect/Constructor')}
  0x000001f5f14b72c0: 48be 00c7 | ff85 f501 | 0000 4883 | 86d8 0000 

  0x000001f5f14b72d0: ;   {metadata(method data for {method} {0x00000000511bb768} 'getGenericParameterTypes' '()[Ljava/lang/reflect/Type;' in 'java/lang/reflect/Executable')}
  0x000001f5f14b72d0: 0001 48ba | 20b6 8e84 | f501 0000 | 8bb2 9000 | 0000 83c6 | 0289 b290 | 0000 0081 | e6fe ff1f 
  0x000001f5f14b72f0: 0085 f60f | 8482 0600 | 0048 8bd0 

  0x000001f5f14b72fc: ;   {metadata(method data for {method} {0x00000000511bb768} 'getGenericParameterTypes' '()[Ljava/lang/reflect/Type;' in 'java/lang/reflect/Executable')}
  0x000001f5f14b72fc: 48be 20b6 | 8e84 f501 | 0000 4883 | 86f8 0000 

  0x000001f5f14b730c: ;   {metadata(method data for {method} {0x00000000511be510} 'hasGenericInformation' '()Z' in 'java/lang/reflect/Constructor')}
  0x000001f5f14b730c: 0001 48ba | a80f ff85 | f501 0000 | 8bb2 9000 | 0000 83c6 | 0289 b290 | 0000 0081 | e6fe ff1f 
  0x000001f5f14b732c: 0085 f60f | 8467 0600 | 0048 8bd0 

  0x000001f5f14b7338: ;   {metadata(method data for {method} {0x00000000511be510} 'hasGenericInformation' '()Z' in 'java/lang/reflect/Constructor')}
  0x000001f5f14b7338: 48be a80f | ff85 f501 | 0000 8b52 | 0841 ba00 | 0000 5149 | 03d2 483b | 96e0 0000 | 0075 0d48 
  0x000001f5f14b7358: 8386 e800 | 0000 01e9 | 6000 0000 | 483b 96f0 | 0000 0075 | 0d48 8386 | f800 0000 | 01e9 4a00 
  0x000001f5f14b7378: 0000 4883 | bee0 0000 | 0000 7517 | 4889 96e0 | 0000 0048 | c786 e800 | 0000 0100 | 0000 e929 
  0x000001f5f14b7398: 0000 0048 | 83be f000 | 0000 0075 | 1748 8996 | f000 0000 | 48c7 86f8 | 0000 0001 | 0000 00e9 
  0x000001f5f14b73b8: 0800 0000 | 4883 86d8 | 0000 0001 | 8b50 2848 

  0x000001f5f14b73c8: ;   {metadata(method data for {method} {0x00000000511be510} 'hasGenericInformation' '()Z' in 'java/lang/reflect/Constructor')}
  0x000001f5f14b73c8: 85d2 48ba | a80f ff85 | f501 0000 | be08 0100 | 0074 05be | 1801 0000 | 488b 3c32 | 488d 7f01 
  0x000001f5f14b73e8: 4889 3c32 | 0f84 1a00 

  0x000001f5f14b73f0: ;   {metadata(method data for {method} {0x00000000511be510} 'hasGenericInformation' '()Z' in 'java/lang/reflect/Constructor')}
  0x000001f5f14b73f0: 0000 48ba | a80f ff85 | f501 0000 | ff82 2801 | 0000 ba01 | 0000 00e9 | 0500 0000 | ba00 0000 
  0x000001f5f14b7410: 0083 e201 

  0x000001f5f14b7414: ;   {metadata(method data for {method} {0x00000000511bb768} 'getGenericParameterTypes' '()[Ljava/lang/reflect/Type;' in 'java/lang/reflect/Executable')}
  0x000001f5f14b7414: 85d2 48ba | 20b6 8e84 | f501 0000 | be08 0100 | 0074 05be | 1801 0000 | 488b 3c32 | 488d 7f01 
  0x000001f5f14b7434: 4889 3c32 | 488b d00f | 84ff 0200 

  0x000001f5f14b7440: ;   {metadata(method data for {method} {0x00000000511bb768} 'getGenericParameterTypes' '()[Ljava/lang/reflect/Type;' in 'java/lang/reflect/Executable')}
  0x000001f5f14b7440: 0048 be20 | b68e 84f5 | 0100 0048 | 8386 4801 | 0000 0148 

  0x000001f5f14b7454: ;   {optimized virtual_call}
  0x000001f5f14b7454: 8bd0 90e8 

  0x000001f5f14b7458: ; ImmutableOopMap {}
                      ;*invokevirtual getGenericInfo {reexecute=0 rethrow=0 return_oop=0}
                      ; - java.lang.reflect.Executable::getGenericParameterTypes@8 (line 335)
                      ; - java.lang.reflect.Constructor::getGenericParameterTypes@1 (line 285)
                      ; - org.gradle.internal.service.DefaultServiceRegistry$ConstructorService::getParameterTypes@4 (line 1003)
  0x000001f5f14b7458: 8479 ca06 

  0x000001f5f14b745c: ;   {post_call_nop}
  0x000001f5f14b745c: 0f1f 8400 | d403 0001 

  0x000001f5f14b7464: ; implicit exception: dispatches to 0x000001f5f14b79bd
  0x000001f5f14b7464: 483b 0048 

  0x000001f5f14b7468: ;   {metadata(method data for {method} {0x00000000511bb768} 'getGenericParameterTypes' '()[Ljava/lang/reflect/Type;' in 'java/lang/reflect/Executable')}
  0x000001f5f14b7468: 8bd0 48be | 20b6 8e84 | f501 0000 | 8b52 0841 | ba00 0000 | 5149 03d2 | 483b 9660 | 0100 0075 
  0x000001f5f14b7488: 0d48 8386 | 6801 0000 | 01e9 6000 | 0000 483b | 9670 0100 | 0075 0d48 | 8386 7801 | 0000 01e9 
  0x000001f5f14b74a8: 4a00 0000 | 4883 be60 | 0100 0000 | 7517 4889 | 9660 0100 | 0048 c786 | 6801 0000 | 0100 0000 
  0x000001f5f14b74c8: e929 0000 | 0048 83be | 7001 0000 | 0075 1748 | 8996 7001 | 0000 48c7 | 8678 0100 | 0001 0000 
  0x000001f5f14b74e8: 00e9 0800 | 0000 4883 | 8658 0100 

  0x000001f5f14b74f4: ;   {metadata(method data for {method} {0x000001f5841b6a08} 'getParameterTypes' '()[Ljava/lang/reflect/Type;' in 'sun/reflect/generics/repository/ConstructorRepository')}
  0x000001f5f14b74f4: 0001 48ba | 18b8 8e84 | f501 0000 | 8bb2 9000 | 0000 83c6 | 0289 b290 | 0000 0081 | e6fe ff1f 
  0x000001f5f14b7514: 0085 f60f | 84a5 0400 | 008b 5018 

  0x000001f5f14b7520: ;   {metadata(method data for {method} {0x000001f5841b6a08} 'getParameterTypes' '()[Ljava/lang/reflect/Type;' in 'sun/reflect/generics/repository/ConstructorRepository')}
  0x000001f5f14b7520: 4885 d248 | be18 b88e | 84f5 0100 | 00bf d800 | 0000 7505 | bfe8 0000 | 0048 8b1c | 3e48 8d5b 
  0x000001f5f14b7540: 0148 891c | 3e0f 8567 | 0000 0048 

  0x000001f5f14b754c: ;   {metadata(method data for {method} {0x000001f5841b6a08} 'getParameterTypes' '()[Ljava/lang/reflect/Type;' in 'sun/reflect/generics/repository/ConstructorRepository')}
  0x000001f5f14b754c: 8bd0 48be | 18b8 8e84 | f501 0000 | 4883 86f8 | 0000 0001 | 488b d048 | 8944 2450 | 0f1f 8000 
  0x000001f5f14b756c: ;   {optimized virtual_call}
  0x000001f5f14b756c: 0000 00e8 

  0x000001f5f14b7570: ; ImmutableOopMap {[80]=Oop }
                      ;*invokevirtual computeParameterTypes {reexecute=0 rethrow=0 return_oop=0}
                      ; - sun.reflect.generics.repository.ConstructorRepository::getParameterTypes@10 (line 87)
                      ; - java.lang.reflect.Executable::getGenericParameterTypes@11 (line 335)
                      ; - java.lang.reflect.Constructor::getGenericParameterTypes@1 (line 285)
                      ; - org.gradle.internal.service.DefaultServiceRegistry$ConstructorService::getParameterTypes@4 (line 1003)
  0x000001f5f14b7570: 6c78 ca06 

  0x000001f5f14b7574: ;   {post_call_nop}
  0x000001f5f14b7574: 0f1f 8400 | ec04 0002 | 410f be57 | 4885 d248 | 8b54 2450 | 0f85 5504 | 0000 4c8b | d044 8952 
  0x000001f5f14b7594: 18f0 8344 | 24c0 0048 | 8bf2 4833 | f048 c1ee | 1448 83fe | 000f 854f | 0400 0048 | 8bd0 483b 
  0x000001f5f14b75b4: 0248 8bf2 

  0x000001f5f14b75b8: ;   {metadata(method data for {method} {0x000001f5841b6a08} 'getParameterTypes' '()[Ljava/lang/reflect/Type;' in 'sun/reflect/generics/repository/ConstructorRepository')}
  0x000001f5f14b75b8: 48bf 18b8 | 8e84 f501 | 0000 8b76 | 0841 ba00 | 0000 5149 | 03f2 483b | b730 0100 | 0075 0d48 
  0x000001f5f14b75d8: 8387 3801 | 0000 01e9 | 6000 0000 | 483b b740 | 0100 0075 | 0d48 8387 | 4801 0000 | 01e9 4a00 
  0x000001f5f14b75f8: 0000 4883 | bf30 0100 | 0000 7517 | 4889 b730 | 0100 0048 | c787 3801 | 0000 0100 | 0000 e929 
  0x000001f5f14b7618: 0000 0048 | 83bf 4001 | 0000 0075 | 1748 89b7 | 4001 0000 | 48c7 8748 | 0100 0001 | 0000 00e9 
  0x000001f5f14b7638: 0800 0000 | 4883 8728 | 0100 0001 | 9048 b8c0 | cd57 8cf5 

  0x000001f5f14b764c: ;   {virtual_call}
  0x000001f5f14b764c: 0100 00e8 

  0x000001f5f14b7650: ; ImmutableOopMap {}
                      ;*invokevirtual clone {reexecute=0 rethrow=0 return_oop=0}
                      ; - sun.reflect.generics.repository.ConstructorRepository::getParameterTypes@20 (line 90)
                      ; - java.lang.reflect.Executable::getGenericParameterTypes@11 (line 335)
                      ; - java.lang.reflect.Constructor::getGenericParameterTypes@1 (line 285)
                      ; - org.gradle.internal.service.DefaultServiceRegistry$ConstructorService::getParameterTypes@4 (line 1003)
  0x000001f5f14b7650: 8c7a ca06 

  0x000001f5f14b7654: ;   {post_call_nop}
  0x000001f5f14b7654: 0f1f 8400 | cc05 0003 

  0x000001f5f14b765c: ;   {metadata(method data for {method} {0x000001f5841b6a08} 'getParameterTypes' '()[Ljava/lang/reflect/Type;' in 'sun/reflect/generics/repository/ConstructorRepository')}
  0x000001f5f14b765c: 4885 c048 | bf18 b88e | 84f5 0100 | 0075 0c80 | 8f51 0100 | 0001 e9c1 | 0000 008b | 5808 41ba 
  0x000001f5f14b767c: 0000 0051 | 4903 da48 | 3b9f 6001 | 0000 750d | 4883 8768 | 0100 0001 | e960 0000 | 0048 3b9f 
  0x000001f5f14b769c: 7001 0000 | 750d 4883 | 8778 0100 | 0001 e94a | 0000 0048 | 83bf 6001 | 0000 0075 | 1748 899f 
  0x000001f5f14b76bc: 6001 0000 | 48c7 8768 | 0100 0001 | 0000 00e9 | 2900 0000 | 4883 bf70 | 0100 0000 | 7517 4889 
  0x000001f5f14b76dc: 9f70 0100 | 0048 c787 | 7801 0000 | 0100 0000 | e908 0000 | 0048 8387 | 5801 0000 

  0x000001f5f14b76f8: ;   {metadata('java/lang/reflect/Type'[])}
  0x000001f5f14b76f8: 0148 bb68 | 5319 5100 | 0000 008b | 7808 41ba | 0000 0051 | 4903 fa48 | 3b5f 200f | 841f 0000 
  0x000001f5f14b7718: 0048 3bfb | 0f84 1600 | 0000 5753 

  0x000001f5f14b7724: ;   {runtime_call C1 Runtime slow_subtype_check_blob}
  0x000001f5f14b7724: e837 3bd7 | 065f 5f85 | ff0f 84e8 | 0200 00e9 | 0000 0000 | 488b d0e9 | e101 0000 

  0x000001f5f14b7740: ;   {metadata(method data for {method} {0x00000000511bb768} 'getGenericParameterTypes' '()[Ljava/lang/reflect/Type;' in 'java/lang/reflect/Executable')}
  0x000001f5f14b7740: 48be 20b6 | 8e84 f501 | 0000 4883 | 86a8 0100 

  0x000001f5f14b7750: ;   {metadata(method data for {method} {0x00000000511be1a0} 'getParameterTypes' '()[Ljava/lang/Class;' in 'java/lang/reflect/Constructor')}
  0x000001f5f14b7750: 0001 48ba | d8ad dc84 | f501 0000 | 8bb2 9000 | 0000 83c6 | 0289 b290 | 0000 0081 | e6fe ff1f 
  0x000001f5f14b7770: 0085 f60f | 84ab 0200 | 008b 5020 

  0x000001f5f14b777c: ; implicit exception: dispatches to 0x000001f5f14b7a45
  0x000001f5f14b777c: 8b72 0c85 

  0x000001f5f14b7780: ;   {metadata(method data for {method} {0x00000000511be1a0} 'getParameterTypes' '()[Ljava/lang/Class;' in 'java/lang/reflect/Constructor')}
  0x000001f5f14b7780: f648 bed8 | addc 84f5 | 0100 00bf | d800 0000 | 7505 bfe8 | 0000 0048 | 8b1c 3e48 | 8d5b 0148 
  0x000001f5f14b77a0: 891c 3e0f | 8515 0000 

  0x000001f5f14b77a8: ;   {metadata(method data for {method} {0x00000000511be1a0} 'getParameterTypes' '()[Ljava/lang/Class;' in 'java/lang/reflect/Constructor')}
  0x000001f5f14b77a8: 0048 bed8 | addc 84f5 | 0100 00ff | 86f8 0000 | 00e9 6301 | 0000 488b 

  0x000001f5f14b77c0: ;   {metadata(method data for {method} {0x00000000511be1a0} 'getParameterTypes' '()[Ljava/lang/Class;' in 'java/lang/reflect/Constructor')}
  0x000001f5f14b77c0: f248 bfd8 | addc 84f5 | 0100 008b | 7608 41ba | 0000 0051 | 4903 f248 | 3bb7 1801 | 0000 750d 
  0x000001f5f14b77e0: 4883 8720 | 0100 0001 | e960 0000 | 0048 3bb7 | 2801 0000 | 750d 4883 | 8730 0100 | 0001 e94a 
  0x000001f5f14b7800: 0000 0048 | 83bf 1801 | 0000 0075 | 1748 89b7 | 1801 0000 | 48c7 8720 | 0100 0001 | 0000 00e9 
  0x000001f5f14b7820: 2900 0000 | 4883 bf28 | 0100 0000 | 7517 4889 | b728 0100 | 0048 c787 | 3001 0000 | 0100 0000 
  0x000001f5f14b7840: e908 0000 | 0048 8387 | 1001 0000 

  0x000001f5f14b784c: ;   {optimized virtual_call}
  0x000001f5f14b784c: 0166 90e8 

  0x000001f5f14b7850: ; ImmutableOopMap {}
                      ;*invokevirtual clone {reexecute=0 rethrow=0 return_oop=0}
                      ; - java.lang.reflect.Constructor::getParameterTypes@19 (line 267)
                      ; - java.lang.reflect.Executable::getGenericParameterTypes@16 (line 337)
                      ; - java.lang.reflect.Constructor::getGenericParameterTypes@1 (line 285)
                      ; - org.gradle.internal.service.DefaultServiceRegistry$ConstructorService::getParameterTypes@4 (line 1003)
  0x000001f5f14b7850: 8c75 ca06 

  0x000001f5f14b7854: ;   {post_call_nop}
  0x000001f5f14b7854: 0f1f 8400 | cc07 0004 

  0x000001f5f14b785c: ;   {metadata(method data for {method} {0x00000000511be1a0} 'getParameterTypes' '()[Ljava/lang/Class;' in 'java/lang/reflect/Constructor')}
  0x000001f5f14b785c: 4885 c048 | bfd8 addc | 84f5 0100 | 0075 0c80 | 8f39 0100 | 0001 e9a7 | 0000 008b | 5808 41ba 
  0x000001f5f14b787c: 0000 0051 | 4903 da48 | 3b9f 4801 | 0000 750d | 4883 8750 | 0100 0001 | e960 0000 | 0048 3b9f 
  0x000001f5f14b789c: 5801 0000 | 750d 4883 | 8760 0100 | 0001 e94a | 0000 0048 | 83bf 4801 | 0000 0075 | 1748 899f 
  0x000001f5f14b78bc: 4801 0000 | 48c7 8750 | 0100 0001 | 0000 00e9 | 2900 0000 | 4883 bf58 | 0100 0000 | 7517 4889 
  0x000001f5f14b78dc: 9f58 0100 | 0048 c787 | 6001 0000 | 0100 0000 | e908 0000 | 0048 8387 | 4001 0000 

  0x000001f5f14b78f8: ;   {metadata('java/lang/Class'[])}
  0x000001f5f14b78f8: 0148 bb10 | 6a19 5100 | 0000 008b | 7808 41ba | 0000 0051 | 4903 fa48 | 3b5f 400f | 8531 0100 
  0x000001f5f14b7918: 00e9 0000 | 0000 488b | d048 8bc2 | 4883 c460 

  0x000001f5f14b7928: ;   {poll_return}
  0x000001f5f14b7928: 5d49 3b67 | 280f 8720 | 0100 00c3 

  0x000001f5f14b7934: ;   {metadata({method} {0x000001f584502340} 'getParameterTypes' '()[Ljava/lang/reflect/Type;' in 'org/gradle/internal/service/DefaultServiceRegistry$ConstructorService')}
  0x000001f5f14b7934: 49ba 3823 | 5084 f501 | 0000 4c89 | 5424 0848 | c704 24ff 

  0x000001f5f14b7948: ;   {runtime_call C1 Runtime counter_overflow_blob}
  0x000001f5f14b7948: ffff ffe8 

  0x000001f5f14b794c: ; ImmutableOopMap {rdx=Oop }
                      ;*synchronization entry
                      ; - org.gradle.internal.service.DefaultServiceRegistry$ConstructorService::getParameterTypes@-1 (line 1003)
  0x000001f5f14b794c: 9066 d706 | e98d f8ff 

  0x000001f5f14b7954: ;   {runtime_call C1 Runtime throw_null_pointer_exception_blob}
  0x000001f5f14b7954: ffe8 0603 

  0x000001f5f14b7958: ; ImmutableOopMap {rax=Oop }
                      ;*invokevirtual getGenericParameterTypes {reexecute=0 rethrow=0 return_oop=0}
                      ; - org.gradle.internal.service.DefaultServiceRegistry$ConstructorService::getParameterTypes@4 (line 1003)
                      ;   {metadata({method} {0x00000000511be460} 'getGenericParameterTypes' '()[Ljava/lang/reflect/Type;' in 'java/lang/reflect/Constructor')}
  0x000001f5f14b7958: d706 49ba | 58e4 1b51 | 0000 0000 | 4c89 5424 | 0848 c704 | 24ff ffff 

  0x000001f5f14b7970: ;   {runtime_call C1 Runtime counter_overflow_blob}
  0x000001f5f14b7970: ffe8 6a66 

  0x000001f5f14b7974: ; ImmutableOopMap {rax=Oop }
                      ;*synchronization entry
                      ; - java.lang.reflect.Constructor::getGenericParameterTypes@-1 (line 285)
                      ; - org.gradle.internal.service.DefaultServiceRegistry$ConstructorService::getParameterTypes@4 (line 1003)
  0x000001f5f14b7974: d706 e942 

  0x000001f5f14b7978: ;   {metadata({method} {0x00000000511bb768} 'getGenericParameterTypes' '()[Ljava/lang/reflect/Type;' in 'java/lang/reflect/Executable')}
  0x000001f5f14b7978: f9ff ff49 | ba60 b71b | 5100 0000 | 004c 8954 | 2408 48c7 | 0424 ffff 

  0x000001f5f14b7990: ;   {runtime_call C1 Runtime counter_overflow_blob}
  0x000001f5f14b7990: ffff e849 

  0x000001f5f14b7994: ; ImmutableOopMap {rax=Oop }
                      ;*synchronization entry
                      ; - java.lang.reflect.Executable::getGenericParameterTypes@-1 (line 334)
                      ; - java.lang.reflect.Constructor::getGenericParameterTypes@1 (line 285)
                      ; - org.gradle.internal.service.DefaultServiceRegistry$ConstructorService::getParameterTypes@4 (line 1003)
  0x000001f5f14b7994: 66d7 06e9 | 5df9 ffff 

  0x000001f5f14b799c: ;   {metadata({method} {0x00000000511be510} 'hasGenericInformation' '()Z' in 'java/lang/reflect/Constructor')}
  0x000001f5f14b799c: 49ba 08e5 | 1b51 0000 | 0000 4c89 | 5424 0848 | c704 24ff 

  0x000001f5f14b79b0: ;   {runtime_call C1 Runtime counter_overflow_blob}
  0x000001f5f14b79b0: ffff ffe8 

  0x000001f5f14b79b4: ; ImmutableOopMap {rax=Oop }
                      ;*synchronization entry
                      ; - java.lang.reflect.Constructor::hasGenericInformation@-1 (line 202)
                      ; - java.lang.reflect.Executable::getGenericParameterTypes@1 (line 334)
                      ; - java.lang.reflect.Constructor::getGenericParameterTypes@1 (line 285)
                      ; - org.gradle.internal.service.DefaultServiceRegistry$ConstructorService::getParameterTypes@4 (line 1003)
  0x000001f5f14b79b4: 2866 d706 | e978 f9ff 

  0x000001f5f14b79bc: ;   {runtime_call C1 Runtime throw_null_pointer_exception_blob}
  0x000001f5f14b79bc: ffe8 9e02 

  0x000001f5f14b79c0: ; ImmutableOopMap {rax=Oop }
                      ;*invokevirtual getParameterTypes {reexecute=0 rethrow=0 return_oop=0}
                      ; - java.lang.reflect.Executable::getGenericParameterTypes@11 (line 335)
                      ; - java.lang.reflect.Constructor::getGenericParameterTypes@1 (line 285)
                      ; - org.gradle.internal.service.DefaultServiceRegistry$ConstructorService::getParameterTypes@4 (line 1003)
                      ;   {metadata({method} {0x000001f5841b6a08} 'getParameterTypes' '()[Ljava/lang/reflect/Type;' in 'sun/reflect/generics/repository/ConstructorRepository')}
  0x000001f5f14b79c0: d706 49ba | 006a 1b84 | f501 0000 | 4c89 5424 | 0848 c704 | 24ff ffff 

  0x000001f5f14b79d8: ;   {runtime_call C1 Runtime counter_overflow_blob}
  0x000001f5f14b79d8: ffe8 0266 

  0x000001f5f14b79dc: ; ImmutableOopMap {rax=Oop }
                      ;*synchronization entry
                      ; - sun.reflect.generics.repository.ConstructorRepository::getParameterTypes@-1 (line 85)
                      ; - java.lang.reflect.Executable::getGenericParameterTypes@11 (line 335)
                      ; - java.lang.reflect.Constructor::getGenericParameterTypes@1 (line 285)
                      ; - org.gradle.internal.service.DefaultServiceRegistry$ConstructorService::getParameterTypes@4 (line 1003)
  0x000001f5f14b79dc: d706 e93a | fbff ff8b | 7218 4883 | fe00 0f84 | 9efb ffff | 4889 3424 

  0x000001f5f14b79f4: ;   {runtime_call g1_pre_barrier_slow}
  0x000001f5f14b79f4: e8e7 6bd7 | 06e9 90fb | ffff 4883 | f800 0f84 | a7fb ffff | 4889 1424 

  0x000001f5f14b7a0c: ;   {runtime_call g1_post_barrier_slow}
  0x000001f5f14b7a0c: e8cf 6ed7 | 06e9 99fb 

  0x000001f5f14b7a14: ;   {runtime_call C1 Runtime throw_null_pointer_exception_blob}
  0x000001f5f14b7a14: ffff e845 

  0x000001f5f14b7a18: ; ImmutableOopMap {rdx=Oop }
                      ;*invokevirtual clone {reexecute=0 rethrow=0 return_oop=0}
                      ; - sun.reflect.generics.repository.ConstructorRepository::getParameterTypes@20 (line 90)
                      ; - java.lang.reflect.Executable::getGenericParameterTypes@11 (line 335)
                      ; - java.lang.reflect.Constructor::getGenericParameterTypes@1 (line 285)
                      ; - org.gradle.internal.service.DefaultServiceRegistry$ConstructorService::getParameterTypes@4 (line 1003)
  0x000001f5f14b7a18: 02d7 0648 

  0x000001f5f14b7a1c: ;   {runtime_call C1 Runtime throw_class_cast_exception_blob}
  0x000001f5f14b7a1c: 8904 24e8 

  0x000001f5f14b7a20: ; ImmutableOopMap {}
                      ;*checkcast {reexecute=0 rethrow=0 return_oop=0}
                      ; - sun.reflect.generics.repository.ConstructorRepository::getParameterTypes@23 (line 90)
                      ; - java.lang.reflect.Executable::getGenericParameterTypes@11 (line 335)
                      ; - java.lang.reflect.Constructor::getGenericParameterTypes@1 (line 285)
                      ; - org.gradle.internal.service.DefaultServiceRegistry$ConstructorService::getParameterTypes@4 (line 1003)
  0x000001f5f14b7a20: 3c2e d706 

  0x000001f5f14b7a24: ;   {metadata({method} {0x00000000511be1a0} 'getParameterTypes' '()[Ljava/lang/Class;' in 'java/lang/reflect/Constructor')}
  0x000001f5f14b7a24: 49ba 98e1 | 1b51 0000 | 0000 4c89 | 5424 0848 | c704 24ff 

  0x000001f5f14b7a38: ;   {runtime_call C1 Runtime counter_overflow_blob}
  0x000001f5f14b7a38: ffff ffe8 

  0x000001f5f14b7a3c: ; ImmutableOopMap {rax=Oop }
                      ;*synchronization entry
                      ; - java.lang.reflect.Constructor::getParameterTypes@-1 (line 267)
                      ; - java.lang.reflect.Executable::getGenericParameterTypes@16 (line 337)
                      ; - java.lang.reflect.Constructor::getGenericParameterTypes@1 (line 285)
                      ; - org.gradle.internal.service.DefaultServiceRegistry$ConstructorService::getParameterTypes@4 (line 1003)
  0x000001f5f14b7a3c: a065 d706 | e934 fdff 

  0x000001f5f14b7a44: ;   {runtime_call C1 Runtime throw_null_pointer_exception_blob}
  0x000001f5f14b7a44: ffe8 1602 

  0x000001f5f14b7a48: ; ImmutableOopMap {rdx=Oop }
                      ;*arraylength {reexecute=0 rethrow=0 return_oop=0}
                      ; - java.lang.reflect.Constructor::getParameterTypes@4 (line 267)
                      ; - java.lang.reflect.Executable::getGenericParameterTypes@16 (line 337)
                      ; - java.lang.reflect.Constructor::getGenericParameterTypes@1 (line 285)
                      ; - org.gradle.internal.service.DefaultServiceRegistry$ConstructorService::getParameterTypes@4 (line 1003)
  0x000001f5f14b7a48: d706 4889 

  0x000001f5f14b7a4c: ;   {runtime_call C1 Runtime throw_class_cast_exception_blob}
  0x000001f5f14b7a4c: 0424 e80d 

  0x000001f5f14b7a50: ; ImmutableOopMap {}
                      ;*checkcast {reexecute=0 rethrow=0 return_oop=0}
                      ; - java.lang.reflect.Constructor::getParameterTypes@22 (line 267)
                      ; - java.lang.reflect.Executable::getGenericParameterTypes@16 (line 337)
                      ; - java.lang.reflect.Constructor::getGenericParameterTypes@1 (line 285)
                      ; - org.gradle.internal.service.DefaultServiceRegistry$ConstructorService::getParameterTypes@4 (line 1003)
                      ;   {internal_word}
  0x000001f5f14b7a50: 2ed7 0649 | ba29 794b | f1f5 0100 | 004d 8997 | e004 0000 

  0x000001f5f14b7a64: ;   {runtime_call SafepointBlob}
  0x000001f5f14b7a64: e9f7 94ca | 0649 8b87 | 8805 0000 | 49c7 8788 | 0500 0000 | 0000 0049 | c787 9005 | 0000 0000 
  0x000001f5f14b7a84: 0000 4883 

  0x000001f5f14b7a88: ;   {runtime_call C1 Runtime unwind_exception_blob}
  0x000001f5f14b7a88: c460 5de9 | d0f2 d606 
[Stub Code]
  0x000001f5f14b7a90: ;   {other}
  0x000001f5f14b7a90: 0f1f 4400 

  0x000001f5f14b7a94: ;   {static_stub}
  0x000001f5f14b7a94: 0048 bb00 | 0000 0000 

  0x000001f5f14b7a9c: ;   {runtime_call nmethod}
  0x000001f5f14b7a9c: 0000 00e9 | fbff ffff 

  0x000001f5f14b7aa4: ;   {static_stub}
  0x000001f5f14b7aa4: 9048 bb00 | 0000 0000 

  0x000001f5f14b7aac: ;   {runtime_call nmethod}
  0x000001f5f14b7aac: 0000 00e9 | fbff ffff 

  0x000001f5f14b7ab4: ;   {static_stub}
  0x000001f5f14b7ab4: 48bb 0000 | 0000 0000 

  0x000001f5f14b7abc: ;   {runtime_call nmethod}
  0x000001f5f14b7abc: 0000 e9fb 

  0x000001f5f14b7ac0: ;   {static_stub}
  0x000001f5f14b7ac0: ffff ff48 | bb00 0000 | 0000 0000 

  0x000001f5f14b7acc: ;   {runtime_call nmethod}
  0x000001f5f14b7acc: 00e9 fbff 

  0x000001f5f14b7ad0: ;   {static_stub}
  0x000001f5f14b7ad0: ffff 48bb | 0000 0000 | 0000 0000 

  0x000001f5f14b7adc: ;   {runtime_call nmethod}
  0x000001f5f14b7adc: e9fb ffff 

  0x000001f5f14b7ae0: ;   {runtime_call C1 Runtime handle_exception_from_callee_blob}
  0x000001f5f14b7ae0: ffe8 7a27 

  0x000001f5f14b7ae4: ;   {external_word}
  0x000001f5f14b7ae4: d706 48b9 | 2808 fb8c | fa7f 0000 | 4883 e4f0 

  0x000001f5f14b7af4: ;   {runtime_call}
  0x000001f5f14b7af4: 48b8 508c | be8c fa7f | 0000 ffd0 

  0x000001f5f14b7b00: ;   {section_word}
  0x000001f5f14b7b00: f449 ba01 | 7b4b f1f5 | 0100 0041 

  0x000001f5f14b7b0c: ;   {runtime_call DeoptimizationBlob}
  0x000001f5f14b7b0c: 52e9 4e97 | ca06 f4f4 | f4f4 f4f4 
[/MachCode]


---------------  P R O C E S S  ---------------

Threads class SMR info:
_java_thread_list=0x000001f589b624e0, length=64, elements={
0x000001f5e60439d0, 0x000001f58390b5d0, 0x000001f58390c030, 0x000001f58390e570,
0x000001f583911350, 0x000001f5e840baf0, 0x000001f5e840e200, 0x000001f58391b0e0,
0x000001f583923d00, 0x000001f58391dc80, 0x000001f583921b00, 0x000001f588dc3ed0,
0x000001f588dc4e70, 0x000001f589890eb0, 0x000001f58988f740, 0x000001f589894560,
0x000001f589892df0, 0x000001f58988ff10, 0x000001f58988ef70, 0x000001f5898935c0,
0x000001f589891e50, 0x000001f589a6bc70, 0x000001f589a6faf0, 0x000001f589a6d3e0,
0x000001f589a69560, 0x000001f58b867a90, 0x000001f58b86b140, 0x000001f58b8699d0,
0x000001f58b868a30, 0x000001f58b86a1a0, 0x000001f58872c130, 0x000001f58b86e7f0,
0x000001f58391f3f0, 0x000001f58b7e3b10, 0x000001f58b7e3340, 0x000001f58bd0c640,
0x000001f588dc46a0, 0x000001f58cc421d0, 0x000001f58cc43940, 0x000001f58cc3eb20,
0x000001f58cc3f2f0, 0x000001f58cc40290, 0x000001f58cc429a0, 0x000001f58cc3d3b0,
0x000001f589ae89a0, 0x000001f589ae4b20, 0x000001f589ae52f0, 0x000001f589ae2410,
0x000001f589ae2be0, 0x000001f589ae3b80, 0x000001f589ae6a60, 0x000001f58bfbc070,
0x000001f58bfba900, 0x000001f58bfbb8a0, 0x000001f58bfbfef0, 0x000001f58bfb9960,
0x000001f58bfbb0d0, 0x000001f58bfbdfb0, 0x000001f58bfbef50, 0x000001f58b85a180,
0x000001f58b85b8f0, 0x000001f58b85a950, 0x000001f58b85b120, 0x000001f58b8599b0
}

Java Threads: ( => current thread )
  0x000001f5e60439d0 JavaThread "main"                              [_thread_blocked, id=13372, stack(0x000000e93cc00000,0x000000e93cd00000) (1024K)]
  0x000001f58390b5d0 JavaThread "Reference Handler"          daemon [_thread_blocked, id=29260, stack(0x000000e93d400000,0x000000e93d500000) (1024K)]
  0x000001f58390c030 JavaThread "Finalizer"                  daemon [_thread_blocked, id=9304, stack(0x000000e93d500000,0x000000e93d600000) (1024K)]
  0x000001f58390e570 JavaThread "Signal Dispatcher"          daemon [_thread_blocked, id=26920, stack(0x000000e93d600000,0x000000e93d700000) (1024K)]
  0x000001f583911350 JavaThread "Attach Listener"            daemon [_thread_blocked, id=33220, stack(0x000000e93d700000,0x000000e93d800000) (1024K)]
  0x000001f5e840baf0 JavaThread "Service Thread"             daemon [_thread_blocked, id=6008, stack(0x000000e93d800000,0x000000e93d900000) (1024K)]
  0x000001f5e840e200 JavaThread "Monitor Deflation Thread"   daemon [_thread_blocked, id=29668, stack(0x000000e93d900000,0x000000e93da00000) (1024K)]
  0x000001f58391b0e0 JavaThread "C2 CompilerThread0"         daemon [_thread_blocked, id=13056, stack(0x000000e93da00000,0x000000e93db00000) (1024K)]
  0x000001f583923d00 JavaThread "C1 CompilerThread0"         daemon [_thread_blocked, id=4784, stack(0x000000e93db00000,0x000000e93dc00000) (1024K)]
  0x000001f58391dc80 JavaThread "Common-Cleaner"             daemon [_thread_blocked, id=9432, stack(0x000000e93dc00000,0x000000e93dd00000) (1024K)]
  0x000001f583921b00 JavaThread "Notification Thread"        daemon [_thread_blocked, id=23384, stack(0x000000e93dd00000,0x000000e93de00000) (1024K)]
  0x000001f588dc3ed0 JavaThread "Daemon health stats"               [_thread_blocked, id=4840, stack(0x000000e93e500000,0x000000e93e600000) (1024K)]
  0x000001f588dc4e70 JavaThread "Incoming local TCP Connector on port 63769"        [_thread_in_native, id=9572, stack(0x000000e93e600000,0x000000e93e700000) (1024K)]
  0x000001f589890eb0 JavaThread "Daemon periodic checks"            [_thread_blocked, id=27088, stack(0x000000e93e700000,0x000000e93e800000) (1024K)]
  0x000001f58988f740 JavaThread "Daemon"                            [_thread_blocked, id=10968, stack(0x000000e93e800000,0x000000e93e900000) (1024K)]
  0x000001f589894560 JavaThread "Handler for socket connection from /127.0.0.1:63769 to /127.0.0.1:63770"        [_thread_in_native, id=31532, stack(0x000000e93e900000,0x000000e93ea00000) (1024K)]
  0x000001f589892df0 JavaThread "Cancel handler"                    [_thread_blocked, id=4820, stack(0x000000e93ea00000,0x000000e93eb00000) (1024K)]
=>0x000001f58988ff10 JavaThread "Daemon worker"                     [_thread_in_Java, id=16036, stack(0x000000e93eb00000,0x000000e93ec00000) (1024K)]
  0x000001f58988ef70 JavaThread "Asynchronous log dispatcher for DefaultDaemonConnection: socket connection from /127.0.0.1:63769 to /127.0.0.1:63770"        [_thread_blocked, id=28344, stack(0x000000e93ec00000,0x000000e93ed00000) (1024K)]
  0x000001f5898935c0 JavaThread "Stdin handler"                     [_thread_blocked, id=33212, stack(0x000000e93ed00000,0x000000e93ee00000) (1024K)]
  0x000001f589891e50 JavaThread "Daemon client event forwarder"        [_thread_blocked, id=13416, stack(0x000000e93ee00000,0x000000e93ef00000) (1024K)]
  0x000001f589a6bc70 JavaThread "Cache worker for journal cache (C:\Users\ciara\.gradle\caches\journal-1)"        [_thread_blocked, id=2736, stack(0x000000e93ef00000,0x000000e93f000000) (1024K)]
  0x000001f589a6faf0 JavaThread "File lock request listener"        [_thread_in_native, id=8120, stack(0x000000e93f000000,0x000000e93f100000) (1024K)]
  0x000001f589a6d3e0 JavaThread "Cache worker for file hash cache (C:\Users\ciara\.gradle\caches\9.1.0\fileHashes)"        [_thread_blocked, id=6564, stack(0x000000e93f500000,0x000000e93f600000) (1024K)]
  0x000001f589a69560 JavaThread "Cache worker for file hash cache (C:\Users\ciara\Desktop\Code\College Work\Year 4\FYP\PrototypeEngine\.gradle\9.1.0\fileHashes)"        [_thread_blocked, id=30336, stack(0x000000e93f800000,0x000000e93f900000) (1024K)]
  0x000001f58b867a90 JavaThread "Cache worker for Build Output Cleanup Cache (C:\Users\ciara\Desktop\Code\College Work\Year 4\FYP\PrototypeEngine\.gradle\buildOutputCleanup)"        [_thread_blocked, id=5936, stack(0x000000e93f900000,0x000000e93fa00000) (1024K)]
  0x000001f58b86b140 JavaThread "File watcher server"        daemon [_thread_in_native, id=19136, stack(0x000000e93de00000,0x000000e93df00000) (1024K)]
  0x000001f58b8699d0 JavaThread "File watcher consumer"      daemon [_thread_blocked, id=33392, stack(0x000000e93df00000,0x000000e93e000000) (1024K)]
  0x000001f58b868a30 JavaThread "Cache worker for checksums cache (C:\Users\ciara\Desktop\Code\College Work\Year 4\FYP\PrototypeEngine\.gradle\9.1.0\checksums)"        [_thread_blocked, id=24324, stack(0x000000e93fa00000,0x000000e93fb00000) (1024K)]
  0x000001f58b86a1a0 JavaThread "Cache worker for file content cache (C:\Users\ciara\.gradle\caches\9.1.0\fileContent)"        [_thread_blocked, id=27696, stack(0x000000e93fb00000,0x000000e93fc00000) (1024K)]
  0x000001f58872c130 JavaThread "C2 CompilerThread1"         daemon [_thread_in_native, id=13960, stack(0x000000e93fc00000,0x000000e93fd00000) (1024K)]
  0x000001f58b86e7f0 JavaThread "Cache worker for cache directory md-supplier (C:\Users\ciara\.gradle\caches\9.1.0\md-supplier)"        [_thread_blocked, id=20240, stack(0x000000e93fd00000,0x000000e93fe00000) (1024K)]
  0x000001f58391f3f0 JavaThread "Cache worker for cache directory md-rule (C:\Users\ciara\.gradle\caches\9.1.0\md-rule)"        [_thread_blocked, id=20024, stack(0x000000e93fe00000,0x000000e93ff00000) (1024K)]
  0x000001f58b7e3b10 JavaThread "jar transforms"                    [_thread_blocked, id=812, stack(0x000000e93ff00000,0x000000e940000000) (1024K)]
  0x000001f58b7e3340 JavaThread "jar transforms Thread 2"           [_thread_blocked, id=12752, stack(0x000000e940000000,0x000000e940100000) (1024K)]
  0x000001f58bd0c640 JavaThread "C2 CompilerThread2"         daemon [_thread_blocked, id=30248, stack(0x000000e940100000,0x000000e940200000) (1024K)]
  0x000001f588dc46a0 JavaThread "jar transforms Thread 3"           [_thread_blocked, id=20272, stack(0x000000e940200000,0x000000e940300000) (1024K)]
  0x000001f58cc421d0 JavaThread "Unconstrained build operations"        [_thread_blocked, id=22608, stack(0x000000e940300000,0x000000e940400000) (1024K)]
  0x000001f58cc43940 JavaThread "Unconstrained build operations Thread 2"        [_thread_blocked, id=31788, stack(0x000000e940400000,0x000000e940500000) (1024K)]
  0x000001f58cc3eb20 JavaThread "Unconstrained build operations Thread 3"        [_thread_blocked, id=22796, stack(0x000000e940500000,0x000000e940600000) (1024K)]
  0x000001f58cc3f2f0 JavaThread "Unconstrained build operations Thread 4"        [_thread_blocked, id=17440, stack(0x000000e940600000,0x000000e940700000) (1024K)]
  0x000001f58cc40290 JavaThread "Unconstrained build operations Thread 5"        [_thread_blocked, id=28904, stack(0x000000e940700000,0x000000e940800000) (1024K)]
  0x000001f58cc429a0 JavaThread "Unconstrained build operations Thread 6"        [_thread_blocked, id=21208, stack(0x000000e940800000,0x000000e940900000) (1024K)]
  0x000001f58cc3d3b0 JavaThread "Unconstrained build operations Thread 7"        [_thread_blocked, id=27128, stack(0x000000e940900000,0x000000e940a00000) (1024K)]
  0x000001f589ae89a0 JavaThread "Unconstrained build operations Thread 8"        [_thread_blocked, id=19900, stack(0x000000e940a00000,0x000000e940b00000) (1024K)]
  0x000001f589ae4b20 JavaThread "Unconstrained build operations Thread 9"        [_thread_blocked, id=25044, stack(0x000000e940b00000,0x000000e940c00000) (1024K)]
  0x000001f589ae52f0 JavaThread "Unconstrained build operations Thread 10"        [_thread_blocked, id=9284, stack(0x000000e940c00000,0x000000e940d00000) (1024K)]
  0x000001f589ae2410 JavaThread "jar transforms Thread 4"           [_thread_blocked, id=31908, stack(0x000000e940d00000,0x000000e940e00000) (1024K)]
  0x000001f589ae2be0 JavaThread "jar transforms Thread 5"           [_thread_blocked, id=16992, stack(0x000000e940e00000,0x000000e940f00000) (1024K)]
  0x000001f589ae3b80 JavaThread "Unconstrained build operations Thread 11"        [_thread_blocked, id=11180, stack(0x000000e940f00000,0x000000e941000000) (1024K)]
  0x000001f589ae6a60 JavaThread "Unconstrained build operations Thread 12"        [_thread_blocked, id=6428, stack(0x000000e941000000,0x000000e941100000) (1024K)]
  0x000001f58bfbc070 JavaThread "Unconstrained build operations Thread 13"        [_thread_blocked, id=284, stack(0x000000e941100000,0x000000e941200000) (1024K)]
  0x000001f58bfba900 JavaThread "Unconstrained build operations Thread 14"        [_thread_blocked, id=28524, stack(0x000000e941200000,0x000000e941300000) (1024K)]
  0x000001f58bfbb8a0 JavaThread "Unconstrained build operations Thread 15"        [_thread_blocked, id=22764, stack(0x000000e941300000,0x000000e941400000) (1024K)]
  0x000001f58bfbfef0 JavaThread "jar transforms Thread 6"           [_thread_blocked, id=8896, stack(0x000000e941400000,0x000000e941500000) (1024K)]
  0x000001f58bfb9960 JavaThread "jar transforms Thread 7"           [_thread_blocked, id=8860, stack(0x000000e941500000,0x000000e941600000) (1024K)]
  0x000001f58bfbb0d0 JavaThread "Unconstrained build operations Thread 16"        [_thread_blocked, id=9020, stack(0x000000e941600000,0x000000e941700000) (1024K)]
  0x000001f58bfbdfb0 JavaThread "Unconstrained build operations Thread 17"        [_thread_blocked, id=2312, stack(0x000000e941700000,0x000000e941800000) (1024K)]
  0x000001f58bfbef50 JavaThread "Unconstrained build operations Thread 18"        [_thread_blocked, id=33296, stack(0x000000e941800000,0x000000e941900000) (1024K)]
  0x000001f58b85a180 JavaThread "Unconstrained build operations Thread 19"        [_thread_blocked, id=17660, stack(0x000000e941900000,0x000000e941a00000) (1024K)]
  0x000001f58b85b8f0 JavaThread "Unconstrained build operations Thread 20"        [_thread_blocked, id=9280, stack(0x000000e941a00000,0x000000e941b00000) (1024K)]
  0x000001f58b85a950 JavaThread "jar transforms Thread 8"           [_thread_blocked, id=25444, stack(0x000000e941b00000,0x000000e941c00000) (1024K)]
  0x000001f58b85b120 JavaThread "jar transforms Thread 9"           [_thread_blocked, id=18712, stack(0x000000e941c00000,0x000000e941d00000) (1024K)]
  0x000001f58b8599b0 JavaThread "jar transforms Thread 10"          [_thread_blocked, id=7892, stack(0x000000e941d00000,0x000000e941e00000) (1024K)]
Total: 64

Other Threads:
  0x000001f5e8404110 VMThread "VM Thread"                           [id=7572, stack(0x000000e93d300000,0x000000e93d400000) (1024K)]
  0x000001f5838fca10 WatcherThread "VM Periodic Task Thread"        [id=6336, stack(0x000000e93d200000,0x000000e93d300000) (1024K)]
  0x000001f5e8383f30 WorkerThread "GC Thread#0"                     [id=9052, stack(0x000000e93cd00000,0x000000e93ce00000) (1024K)]
  0x000001f5e8404e00 WorkerThread "GC Thread#1"                     [id=5144, stack(0x000000e93e000000,0x000000e93e100000) (1024K)]
  0x000001f5e8405af0 WorkerThread "GC Thread#2"                     [id=1804, stack(0x000000e93e100000,0x000000e93e200000) (1024K)]
  0x000001f5e8405f40 WorkerThread "GC Thread#3"                     [id=2684, stack(0x000000e93e200000,0x000000e93e300000) (1024K)]
  0x000001f5e8404560 WorkerThread "GC Thread#4"                     [id=19164, stack(0x000000e93e300000,0x000000e93e400000) (1024K)]
  0x000001f5e8403420 WorkerThread "GC Thread#5"                     [id=3024, stack(0x000000e93e400000,0x000000e93e500000) (1024K)]
  0x000001f588d95e10 WorkerThread "GC Thread#6"                     [id=16508, stack(0x000000e93f100000,0x000000e93f200000) (1024K)]
  0x000001f588d98930 WorkerThread "GC Thread#7"                     [id=12404, stack(0x000000e93f200000,0x000000e93f300000) (1024K)]
  0x000001f588d92ea0 WorkerThread "GC Thread#8"                     [id=11756, stack(0x000000e93f300000,0x000000e93f400000) (1024K)]
  0x000001f588d966b0 WorkerThread "GC Thread#9"                     [id=12840, stack(0x000000e93f400000,0x000000e93f500000) (1024K)]
  0x000001f5e838c010 ConcurrentGCThread "G1 Main Marker"            [id=30352, stack(0x000000e93ce00000,0x000000e93cf00000) (1024K)]
  0x000001f5e838d4d0 WorkerThread "G1 Conc#0"                       [id=24240, stack(0x000000e93cf00000,0x000000e93d000000) (1024K)]
  0x000001f588d96260 WorkerThread "G1 Conc#1"                       [id=6344, stack(0x000000e93f600000,0x000000e93f700000) (1024K)]
  0x000001f588d98090 WorkerThread "G1 Conc#2"                       [id=33616, stack(0x000000e93f700000,0x000000e93f800000) (1024K)]
  0x000001f5e83f9940 ConcurrentGCThread "G1 Refine#0"               [id=26316, stack(0x000000e93d000000,0x000000e93d100000) (1024K)]
  0x000001f5e83fe470 ConcurrentGCThread "G1 Service"                [id=29164, stack(0x000000e93d100000,0x000000e93d200000) (1024K)]
Total: 18

Threads with active compile tasks:
C2 CompilerThread1  5284 6268   !   4       sun.reflect.annotation.AnnotationParser::parseAnnotations (37 bytes)
Total: 1

VM state: not at safepoint (normal execution)

VM Mutex/Monitor currently owned by a thread: None

Heap address: 0x00000000e0000000, size: 512 MB, Compressed Oops mode: 32-bit

CDS archive(s) mapped at: [0x0000000051000000-0x0000000051dd0000-0x0000000051dd0000), size 14483456, SharedBaseAddress: 0x0000000051000000, ArchiveRelocationMode: 1.
Compressed class space mapped at: 0x0000000052000000-0x0000000066000000, reserved size: 335544320
UseCompressedClassPointers 1, UseCompactObjectHeaders 0
Narrow klass pointer bits 32, Max shift 3
Narrow klass base: 0x0000000051000000, Narrow klass shift: 0
Encoding Range: [0x0000000051000000 - 0x0000000151000000), (4294967296 bytes)
Klass Range:    [0x0000000051010000 - 0x0000000066000000), (352256000 bytes)
Klass ID Range:  [65536 - 352321529) (352255993)
Protection zone: [0x0000000051000000 - 0x0000000051010000), (65536 bytes)

GC Precious Log:
 CardTable entry size: 512
 Card Set container configuration: InlinePtr #cards 5 size 8 Array Of Cards #cards 10 size 36 Howl #buckets 4 coarsen threshold 1843 Howl Bitmap #cards 512 size 80 coarsen threshold 460 Card regions per heap region 1 cards per card region 2048
 CPUs: 12 total, 12 available
 Memory: 16330M
 Large Page Support: Disabled
 NUMA Support: Disabled
 Compressed Oops: Enabled (32-bit)
 Heap Region Size: 1M
 Heap Min Capacity: 256M
 Heap Initial Capacity: 256M
 Heap Max Capacity: 512M
 Pre-touch: Disabled
 Parallel Workers: 10
 Concurrent Workers: 3
 Concurrent Refinement Workers: 10
 Periodic GC: Disabled

Heap:
 garbage-first heap   total reserved 524288K, committed 262144K, used 137626K [0x00000000e0000000, 0x0000000100000000)
  region size 1024K, 112 young (114688K), 9 survivors (9216K)

Heap Regions: E=young(eden), S=young(survivor), O=old, HS=humongous(starts), HC=humongous(continues), CS=collection set, F=free, TAMS=top-at-mark-start, PB=parsable bottom
|   0|0x00000000e0000000, 0x00000000e0100000, 0x00000000e0100000|100%|HS|  |TAMS 0x00000000e0000000| PB 0x00000000e0000000| Complete |  0
|   1|0x00000000e0100000, 0x00000000e0200000, 0x00000000e0200000|100%|HC|  |TAMS 0x00000000e0100000| PB 0x00000000e0100000| Complete |  0
|   2|0x00000000e0200000, 0x00000000e0300000, 0x00000000e0300000|100%|HC|  |TAMS 0x00000000e0200000| PB 0x00000000e0200000| Complete |  0
|   3|0x00000000e0300000, 0x00000000e0400000, 0x00000000e0400000|100%| O|  |TAMS 0x00000000e0300000| PB 0x00000000e0300000| Untracked |  0
|   4|0x00000000e0400000, 0x00000000e0500000, 0x00000000e0500000|100%| O|  |TAMS 0x00000000e0400000| PB 0x00000000e0400000| Untracked |  0
|   5|0x00000000e0500000, 0x00000000e0600000, 0x00000000e0600000|100%|HS|  |TAMS 0x00000000e0500000| PB 0x00000000e0500000| Complete |  0
|   6|0x00000000e0600000, 0x00000000e0700000, 0x00000000e0700000|100%| O|  |TAMS 0x00000000e0600000| PB 0x00000000e0600000| Untracked |  0
|   7|0x00000000e0700000, 0x00000000e0800000, 0x00000000e0800000|100%| O|  |TAMS 0x00000000e0700000| PB 0x00000000e0700000| Untracked |  0
|   8|0x00000000e0800000, 0x00000000e0900000, 0x00000000e0900000|100%| O|  |TAMS 0x00000000e0800000| PB 0x00000000e0800000| Untracked |  0
|   9|0x00000000e0900000, 0x00000000e0a00000, 0x00000000e0a00000|100%| O|  |TAMS 0x00000000e0900000| PB 0x00000000e0900000| Untracked |  0
|  10|0x00000000e0a00000, 0x00000000e0b00000, 0x00000000e0b00000|100%| O|  |TAMS 0x00000000e0a00000| PB 0x00000000e0a00000| Untracked |  0
|  11|0x00000000e0b00000, 0x00000000e0c00000, 0x00000000e0c00000|100%| O|  |TAMS 0x00000000e0b00000| PB 0x00000000e0b00000| Untracked |  0
|  12|0x00000000e0c00000, 0x00000000e0d00000, 0x00000000e0d00000|100%| O|  |TAMS 0x00000000e0c00000| PB 0x00000000e0c00000| Untracked |  0
|  13|0x00000000e0d00000, 0x00000000e0d04340, 0x00000000e0e00000|  1%| O|Cm|TAMS 0x00000000e0d00000| PB 0x00000000e0d00000| Complete |  0
|  14|0x00000000e0e00000, 0x00000000e0f00000, 0x00000000e0f00000|100%| O|  |TAMS 0x00000000e0e00000| PB 0x00000000e0e00000| Untracked |  0
|  15|0x00000000e0f00000, 0x00000000e1000000, 0x00000000e1000000|100%| O|  |TAMS 0x00000000e0f00000| PB 0x00000000e0f00000| Untracked |  0
|  16|0x00000000e1000000, 0x00000000e1100000, 0x00000000e1100000|100%| O|  |TAMS 0x00000000e1000000| PB 0x00000000e1000000| Untracked |  0
|  17|0x00000000e1100000, 0x00000000e1200000, 0x00000000e1200000|100%| O|  |TAMS 0x00000000e1100000| PB 0x00000000e1100000| Untracked |  0
|  18|0x00000000e1200000, 0x00000000e1300000, 0x00000000e1300000|100%| O|  |TAMS 0x00000000e1200000| PB 0x00000000e1200000| Untracked |  0
|  19|0x00000000e1300000, 0x00000000e1400000, 0x00000000e1400000|100%| O|  |TAMS 0x00000000e1300000| PB 0x00000000e1300000| Untracked |  0
|  20|0x00000000e1400000, 0x00000000e1500000, 0x00000000e1500000|100%| O|  |TAMS 0x00000000e1400000| PB 0x00000000e1400000| Untracked |  0
|  21|0x00000000e1500000, 0x00000000e156f9c0, 0x00000000e1600000| 43%| O|  |TAMS 0x00000000e1500000| PB 0x00000000e1500000| Untracked |  0
|  22|0x00000000e1600000, 0x00000000e1700000, 0x00000000e1700000|100%|HS|  |TAMS 0x00000000e1600000| PB 0x00000000e1600000| Complete |  0
|  23|0x00000000e1700000, 0x00000000e1800000, 0x00000000e1800000|100%|HC|  |TAMS 0x00000000e1700000| PB 0x00000000e1700000| Complete |  0
|  24|0x00000000e1800000, 0x00000000e1800000, 0x00000000e1900000|  0%| F|  |TAMS 0x00000000e1800000| PB 0x00000000e1800000| Untracked |  0
|  25|0x00000000e1900000, 0x00000000e1900000, 0x00000000e1a00000|  0%| F|  |TAMS 0x00000000e1900000| PB 0x00000000e1900000| Untracked |  0
|  26|0x00000000e1a00000, 0x00000000e1a00000, 0x00000000e1b00000|  0%| F|  |TAMS 0x00000000e1a00000| PB 0x00000000e1a00000| Untracked |  0
|  27|0x00000000e1b00000, 0x00000000e1b00000, 0x00000000e1c00000|  0%| F|  |TAMS 0x00000000e1b00000| PB 0x00000000e1b00000| Untracked |  0
|  28|0x00000000e1c00000, 0x00000000e1c00000, 0x00000000e1d00000|  0%| F|  |TAMS 0x00000000e1c00000| PB 0x00000000e1c00000| Untracked |  0
|  29|0x00000000e1d00000, 0x00000000e1d00000, 0x00000000e1e00000|  0%| F|  |TAMS 0x00000000e1d00000| PB 0x00000000e1d00000| Untracked |  0
|  30|0x00000000e1e00000, 0x00000000e1e00000, 0x00000000e1f00000|  0%| F|  |TAMS 0x00000000e1e00000| PB 0x00000000e1e00000| Untracked |  0
|  31|0x00000000e1f00000, 0x00000000e1f00000, 0x00000000e2000000|  0%| F|  |TAMS 0x00000000e1f00000| PB 0x00000000e1f00000| Untracked |  0
|  32|0x00000000e2000000, 0x00000000e2000000, 0x00000000e2100000|  0%| F|  |TAMS 0x00000000e2000000| PB 0x00000000e2000000| Untracked |  0
|  33|0x00000000e2100000, 0x00000000e2100000, 0x00000000e2200000|  0%| F|  |TAMS 0x00000000e2100000| PB 0x00000000e2100000| Untracked |  0
|  34|0x00000000e2200000, 0x00000000e2200000, 0x00000000e2300000|  0%| F|  |TAMS 0x00000000e2200000| PB 0x00000000e2200000| Untracked |  0
|  35|0x00000000e2300000, 0x00000000e2300000, 0x00000000e2400000|  0%| F|  |TAMS 0x00000000e2300000| PB 0x00000000e2300000| Untracked |  0
|  36|0x00000000e2400000, 0x00000000e2400000, 0x00000000e2500000|  0%| F|  |TAMS 0x00000000e2400000| PB 0x00000000e2400000| Untracked |  0
|  37|0x00000000e2500000, 0x00000000e2500000, 0x00000000e2600000|  0%| F|  |TAMS 0x00000000e2500000| PB 0x00000000e2500000| Untracked |  0
|  38|0x00000000e2600000, 0x00000000e2600000, 0x00000000e2700000|  0%| F|  |TAMS 0x00000000e2600000| PB 0x00000000e2600000| Untracked |  0
|  39|0x00000000e2700000, 0x00000000e2700000, 0x00000000e2800000|  0%| F|  |TAMS 0x00000000e2700000| PB 0x00000000e2700000| Untracked |  0
|  40|0x00000000e2800000, 0x00000000e2800000, 0x00000000e2900000|  0%| F|  |TAMS 0x00000000e2800000| PB 0x00000000e2800000| Untracked |  0
|  41|0x00000000e2900000, 0x00000000e2900000, 0x00000000e2a00000|  0%| F|  |TAMS 0x00000000e2900000| PB 0x00000000e2900000| Untracked |  0
|  42|0x00000000e2a00000, 0x00000000e2a00000, 0x00000000e2b00000|  0%| F|  |TAMS 0x00000000e2a00000| PB 0x00000000e2a00000| Untracked |  0
|  43|0x00000000e2b00000, 0x00000000e2b00000, 0x00000000e2c00000|  0%| F|  |TAMS 0x00000000e2b00000| PB 0x00000000e2b00000| Untracked |  0
|  44|0x00000000e2c00000, 0x00000000e2c00000, 0x00000000e2d00000|  0%| F|  |TAMS 0x00000000e2c00000| PB 0x00000000e2c00000| Untracked |  0
|  45|0x00000000e2d00000, 0x00000000e2d00000, 0x00000000e2e00000|  0%| F|  |TAMS 0x00000000e2d00000| PB 0x00000000e2d00000| Untracked |  0
|  46|0x00000000e2e00000, 0x00000000e2e00000, 0x00000000e2f00000|  0%| F|  |TAMS 0x00000000e2e00000| PB 0x00000000e2e00000| Untracked |  0
|  47|0x00000000e2f00000, 0x00000000e2f00000, 0x00000000e3000000|  0%| F|  |TAMS 0x00000000e2f00000| PB 0x00000000e2f00000| Untracked |  0
|  48|0x00000000e3000000, 0x00000000e3000000, 0x00000000e3100000|  0%| F|  |TAMS 0x00000000e3000000| PB 0x00000000e3000000| Untracked |  0
|  49|0x00000000e3100000, 0x00000000e3100000, 0x00000000e3200000|  0%| F|  |TAMS 0x00000000e3100000| PB 0x00000000e3100000| Untracked |  0
|  50|0x00000000e3200000, 0x00000000e3200000, 0x00000000e3300000|  0%| F|  |TAMS 0x00000000e3200000| PB 0x00000000e3200000| Untracked |  0
|  51|0x00000000e3300000, 0x00000000e3300000, 0x00000000e3400000|  0%| F|  |TAMS 0x00000000e3300000| PB 0x00000000e3300000| Untracked |  0
|  52|0x00000000e3400000, 0x00000000e3400000, 0x00000000e3500000|  0%| F|  |TAMS 0x00000000e3400000| PB 0x00000000e3400000| Untracked |  0
|  53|0x00000000e3500000, 0x00000000e3500000, 0x00000000e3600000|  0%| F|  |TAMS 0x00000000e3500000| PB 0x00000000e3500000| Untracked |  0
|  54|0x00000000e3600000, 0x00000000e3600000, 0x00000000e3700000|  0%| F|  |TAMS 0x00000000e3600000| PB 0x00000000e3600000| Untracked |  0
|  55|0x00000000e3700000, 0x00000000e3700000, 0x00000000e3800000|  0%| F|  |TAMS 0x00000000e3700000| PB 0x00000000e3700000| Untracked |  0
|  56|0x00000000e3800000, 0x00000000e3800000, 0x00000000e3900000|  0%| F|  |TAMS 0x00000000e3800000| PB 0x00000000e3800000| Untracked |  0
|  57|0x00000000e3900000, 0x00000000e3900000, 0x00000000e3a00000|  0%| F|  |TAMS 0x00000000e3900000| PB 0x00000000e3900000| Untracked |  0
|  58|0x00000000e3a00000, 0x00000000e3a00000, 0x00000000e3b00000|  0%| F|  |TAMS 0x00000000e3a00000| PB 0x00000000e3a00000| Untracked |  0
|  59|0x00000000e3b00000, 0x00000000e3b00000, 0x00000000e3c00000|  0%| F|  |TAMS 0x00000000e3b00000| PB 0x00000000e3b00000| Untracked |  0
|  60|0x00000000e3c00000, 0x00000000e3c00000, 0x00000000e3d00000|  0%| F|  |TAMS 0x00000000e3c00000| PB 0x00000000e3c00000| Untracked |  0
|  61|0x00000000e3d00000, 0x00000000e3d00000, 0x00000000e3e00000|  0%| F|  |TAMS 0x00000000e3d00000| PB 0x00000000e3d00000| Untracked |  0
|  62|0x00000000e3e00000, 0x00000000e3e00000, 0x00000000e3f00000|  0%| F|  |TAMS 0x00000000e3e00000| PB 0x00000000e3e00000| Untracked |  0
|  63|0x00000000e3f00000, 0x00000000e3f00000, 0x00000000e4000000|  0%| F|  |TAMS 0x00000000e3f00000| PB 0x00000000e3f00000| Untracked |  0
|  64|0x00000000e4000000, 0x00000000e4000000, 0x00000000e4100000|  0%| F|  |TAMS 0x00000000e4000000| PB 0x00000000e4000000| Untracked |  0
|  65|0x00000000e4100000, 0x00000000e4100000, 0x00000000e4200000|  0%| F|  |TAMS 0x00000000e4100000| PB 0x00000000e4100000| Untracked |  0
|  66|0x00000000e4200000, 0x00000000e4200000, 0x00000000e4300000|  0%| F|  |TAMS 0x00000000e4200000| PB 0x00000000e4200000| Untracked |  0
|  67|0x00000000e4300000, 0x00000000e4300000, 0x00000000e4400000|  0%| F|  |TAMS 0x00000000e4300000| PB 0x00000000e4300000| Untracked |  0
|  68|0x00000000e4400000, 0x00000000e4400000, 0x00000000e4500000|  0%| F|  |TAMS 0x00000000e4400000| PB 0x00000000e4400000| Untracked |  0
|  69|0x00000000e4500000, 0x00000000e4500000, 0x00000000e4600000|  0%| F|  |TAMS 0x00000000e4500000| PB 0x00000000e4500000| Untracked |  0
|  70|0x00000000e4600000, 0x00000000e4600000, 0x00000000e4700000|  0%| F|  |TAMS 0x00000000e4600000| PB 0x00000000e4600000| Untracked |  0
|  71|0x00000000e4700000, 0x00000000e4700000, 0x00000000e4800000|  0%| F|  |TAMS 0x00000000e4700000| PB 0x00000000e4700000| Untracked |  0
|  72|0x00000000e4800000, 0x00000000e4800000, 0x00000000e4900000|  0%| F|  |TAMS 0x00000000e4800000| PB 0x00000000e4800000| Untracked |  0
|  73|0x00000000e4900000, 0x00000000e4900000, 0x00000000e4a00000|  0%| F|  |TAMS 0x00000000e4900000| PB 0x00000000e4900000| Untracked |  0
|  74|0x00000000e4a00000, 0x00000000e4a00000, 0x00000000e4b00000|  0%| F|  |TAMS 0x00000000e4a00000| PB 0x00000000e4a00000| Untracked |  0
|  75|0x00000000e4b00000, 0x00000000e4b00000, 0x00000000e4c00000|  0%| F|  |TAMS 0x00000000e4b00000| PB 0x00000000e4b00000| Untracked |  0
|  76|0x00000000e4c00000, 0x00000000e4c00000, 0x00000000e4d00000|  0%| F|  |TAMS 0x00000000e4c00000| PB 0x00000000e4c00000| Untracked |  0
|  77|0x00000000e4d00000, 0x00000000e4d00000, 0x00000000e4e00000|  0%| F|  |TAMS 0x00000000e4d00000| PB 0x00000000e4d00000| Untracked |  0
|  78|0x00000000e4e00000, 0x00000000e4e00000, 0x00000000e4f00000|  0%| F|  |TAMS 0x00000000e4e00000| PB 0x00000000e4e00000| Untracked |  0
|  79|0x00000000e4f00000, 0x00000000e4f00000, 0x00000000e5000000|  0%| F|  |TAMS 0x00000000e4f00000| PB 0x00000000e4f00000| Untracked |  0
|  80|0x00000000e5000000, 0x00000000e5000000, 0x00000000e5100000|  0%| F|  |TAMS 0x00000000e5000000| PB 0x00000000e5000000| Untracked |  0
|  81|0x00000000e5100000, 0x00000000e5100000, 0x00000000e5200000|  0%| F|  |TAMS 0x00000000e5100000| PB 0x00000000e5100000| Untracked |  0
|  82|0x00000000e5200000, 0x00000000e5200000, 0x00000000e5300000|  0%| F|  |TAMS 0x00000000e5200000| PB 0x00000000e5200000| Untracked |  0
|  83|0x00000000e5300000, 0x00000000e5300000, 0x00000000e5400000|  0%| F|  |TAMS 0x00000000e5300000| PB 0x00000000e5300000| Untracked |  0
|  84|0x00000000e5400000, 0x00000000e5400000, 0x00000000e5500000|  0%| F|  |TAMS 0x00000000e5400000| PB 0x00000000e5400000| Untracked |  0
|  85|0x00000000e5500000, 0x00000000e5500000, 0x00000000e5600000|  0%| F|  |TAMS 0x00000000e5500000| PB 0x00000000e5500000| Untracked |  0
|  86|0x00000000e5600000, 0x00000000e5600000, 0x00000000e5700000|  0%| F|  |TAMS 0x00000000e5600000| PB 0x00000000e5600000| Untracked |  0
|  87|0x00000000e5700000, 0x00000000e5700000, 0x00000000e5800000|  0%| F|  |TAMS 0x00000000e5700000| PB 0x00000000e5700000| Untracked |  0
|  88|0x00000000e5800000, 0x00000000e5800000, 0x00000000e5900000|  0%| F|  |TAMS 0x00000000e5800000| PB 0x00000000e5800000| Untracked |  0
|  89|0x00000000e5900000, 0x00000000e5900000, 0x00000000e5a00000|  0%| F|  |TAMS 0x00000000e5900000| PB 0x00000000e5900000| Untracked |  0
|  90|0x00000000e5a00000, 0x00000000e5a00000, 0x00000000e5b00000|  0%| F|  |TAMS 0x00000000e5a00000| PB 0x00000000e5a00000| Untracked |  0
|  91|0x00000000e5b00000, 0x00000000e5b00000, 0x00000000e5c00000|  0%| F|  |TAMS 0x00000000e5b00000| PB 0x00000000e5b00000| Untracked |  0
|  92|0x00000000e5c00000, 0x00000000e5c00000, 0x00000000e5d00000|  0%| F|  |TAMS 0x00000000e5c00000| PB 0x00000000e5c00000| Untracked |  0
|  93|0x00000000e5d00000, 0x00000000e5d00000, 0x00000000e5e00000|  0%| F|  |TAMS 0x00000000e5d00000| PB 0x00000000e5d00000| Untracked |  0
|  94|0x00000000e5e00000, 0x00000000e5e00000, 0x00000000e5f00000|  0%| F|  |TAMS 0x00000000e5e00000| PB 0x00000000e5e00000| Untracked |  0
|  95|0x00000000e5f00000, 0x00000000e5f00000, 0x00000000e6000000|  0%| F|  |TAMS 0x00000000e5f00000| PB 0x00000000e5f00000| Untracked |  0
|  96|0x00000000e6000000, 0x00000000e6000000, 0x00000000e6100000|  0%| F|  |TAMS 0x00000000e6000000| PB 0x00000000e6000000| Untracked |  0
|  97|0x00000000e6100000, 0x00000000e6100000, 0x00000000e6200000|  0%| F|  |TAMS 0x00000000e6100000| PB 0x00000000e6100000| Untracked |  0
|  98|0x00000000e6200000, 0x00000000e6200000, 0x00000000e6300000|  0%| F|  |TAMS 0x00000000e6200000| PB 0x00000000e6200000| Untracked |  0
|  99|0x00000000e6300000, 0x00000000e6300000, 0x00000000e6400000|  0%| F|  |TAMS 0x00000000e6300000| PB 0x00000000e6300000| Untracked |  0
| 100|0x00000000e6400000, 0x00000000e6400000, 0x00000000e6500000|  0%| F|  |TAMS 0x00000000e6400000| PB 0x00000000e6400000| Untracked |  0
| 101|0x00000000e6500000, 0x00000000e6500000, 0x00000000e6600000|  0%| F|  |TAMS 0x00000000e6500000| PB 0x00000000e6500000| Untracked |  0
| 102|0x00000000e6600000, 0x00000000e6600000, 0x00000000e6700000|  0%| F|  |TAMS 0x00000000e6600000| PB 0x00000000e6600000| Untracked |  0
| 103|0x00000000e6700000, 0x00000000e6700000, 0x00000000e6800000|  0%| F|  |TAMS 0x00000000e6700000| PB 0x00000000e6700000| Untracked |  0
| 104|0x00000000e6800000, 0x00000000e6800000, 0x00000000e6900000|  0%| F|  |TAMS 0x00000000e6800000| PB 0x00000000e6800000| Untracked |  0
| 105|0x00000000e6900000, 0x00000000e6900000, 0x00000000e6a00000|  0%| F|  |TAMS 0x00000000e6900000| PB 0x00000000e6900000| Untracked |  0
| 106|0x00000000e6a00000, 0x00000000e6a00000, 0x00000000e6b00000|  0%| F|  |TAMS 0x00000000e6a00000| PB 0x00000000e6a00000| Untracked |  0
| 107|0x00000000e6b00000, 0x00000000e6b00000, 0x00000000e6c00000|  0%| F|  |TAMS 0x00000000e6b00000| PB 0x00000000e6b00000| Untracked |  0
| 108|0x00000000e6c00000, 0x00000000e6c00000, 0x00000000e6d00000|  0%| F|  |TAMS 0x00000000e6c00000| PB 0x00000000e6c00000| Untracked |  0
| 109|0x00000000e6d00000, 0x00000000e6d00000, 0x00000000e6e00000|  0%| F|  |TAMS 0x00000000e6d00000| PB 0x00000000e6d00000| Untracked |  0
| 110|0x00000000e6e00000, 0x00000000e6e00000, 0x00000000e6f00000|  0%| F|  |TAMS 0x00000000e6e00000| PB 0x00000000e6e00000| Untracked |  0
| 111|0x00000000e6f00000, 0x00000000e6f00000, 0x00000000e7000000|  0%| F|  |TAMS 0x00000000e6f00000| PB 0x00000000e6f00000| Untracked |  0
| 112|0x00000000e7000000, 0x00000000e7000000, 0x00000000e7100000|  0%| F|  |TAMS 0x00000000e7000000| PB 0x00000000e7000000| Untracked |  0
| 113|0x00000000e7100000, 0x00000000e7100000, 0x00000000e7200000|  0%| F|  |TAMS 0x00000000e7100000| PB 0x00000000e7100000| Untracked |  0
| 114|0x00000000e7200000, 0x00000000e7200000, 0x00000000e7300000|  0%| F|  |TAMS 0x00000000e7200000| PB 0x00000000e7200000| Untracked |  0
| 115|0x00000000e7300000, 0x00000000e7300000, 0x00000000e7400000|  0%| F|  |TAMS 0x00000000e7300000| PB 0x00000000e7300000| Untracked |  0
| 116|0x00000000e7400000, 0x00000000e7400000, 0x00000000e7500000|  0%| F|  |TAMS 0x00000000e7400000| PB 0x00000000e7400000| Untracked |  0
| 117|0x00000000e7500000, 0x00000000e7500000, 0x00000000e7600000|  0%| F|  |TAMS 0x00000000e7500000| PB 0x00000000e7500000| Untracked |  0
| 118|0x00000000e7600000, 0x00000000e7600000, 0x00000000e7700000|  0%| F|  |TAMS 0x00000000e7600000| PB 0x00000000e7600000| Untracked |  0
| 119|0x00000000e7700000, 0x00000000e7700000, 0x00000000e7800000|  0%| F|  |TAMS 0x00000000e7700000| PB 0x00000000e7700000| Untracked |  0
| 120|0x00000000e7800000, 0x00000000e7800000, 0x00000000e7900000|  0%| F|  |TAMS 0x00000000e7800000| PB 0x00000000e7800000| Untracked |  0
| 121|0x00000000e7900000, 0x00000000e7900000, 0x00000000e7a00000|  0%| F|  |TAMS 0x00000000e7900000| PB 0x00000000e7900000| Untracked |  0
| 122|0x00000000e7a00000, 0x00000000e7a00000, 0x00000000e7b00000|  0%| F|  |TAMS 0x00000000e7a00000| PB 0x00000000e7a00000| Untracked |  0
| 123|0x00000000e7b00000, 0x00000000e7b00000, 0x00000000e7c00000|  0%| F|  |TAMS 0x00000000e7b00000| PB 0x00000000e7b00000| Untracked |  0
| 124|0x00000000e7c00000, 0x00000000e7c00000, 0x00000000e7d00000|  0%| F|  |TAMS 0x00000000e7c00000| PB 0x00000000e7c00000| Untracked |  0
| 125|0x00000000e7d00000, 0x00000000e7d00000, 0x00000000e7e00000|  0%| F|  |TAMS 0x00000000e7d00000| PB 0x00000000e7d00000| Untracked |  0
| 126|0x00000000e7e00000, 0x00000000e7e00000, 0x00000000e7f00000|  0%| F|  |TAMS 0x00000000e7e00000| PB 0x00000000e7e00000| Untracked |  0
| 127|0x00000000e7f00000, 0x00000000e7f00000, 0x00000000e8000000|  0%| F|  |TAMS 0x00000000e7f00000| PB 0x00000000e7f00000| Untracked |  0
| 128|0x00000000e8000000, 0x00000000e8000000, 0x00000000e8100000|  0%| F|  |TAMS 0x00000000e8000000| PB 0x00000000e8000000| Untracked |  0
| 129|0x00000000e8100000, 0x00000000e8100000, 0x00000000e8200000|  0%| F|  |TAMS 0x00000000e8100000| PB 0x00000000e8100000| Untracked |  0
| 130|0x00000000e8200000, 0x00000000e8200000, 0x00000000e8300000|  0%| F|  |TAMS 0x00000000e8200000| PB 0x00000000e8200000| Untracked |  0
| 131|0x00000000e8300000, 0x00000000e8300000, 0x00000000e8400000|  0%| F|  |TAMS 0x00000000e8300000| PB 0x00000000e8300000| Untracked |  0
| 132|0x00000000e8400000, 0x00000000e8400000, 0x00000000e8500000|  0%| F|  |TAMS 0x00000000e8400000| PB 0x00000000e8400000| Untracked |  0
| 133|0x00000000e8500000, 0x00000000e8500000, 0x00000000e8600000|  0%| F|  |TAMS 0x00000000e8500000| PB 0x00000000e8500000| Untracked |  0
| 134|0x00000000e8600000, 0x00000000e8600000, 0x00000000e8700000|  0%| F|  |TAMS 0x00000000e8600000| PB 0x00000000e8600000| Untracked |  0
| 135|0x00000000e8700000, 0x00000000e8700000, 0x00000000e8800000|  0%| F|  |TAMS 0x00000000e8700000| PB 0x00000000e8700000| Untracked |  0
| 136|0x00000000e8800000, 0x00000000e8800000, 0x00000000e8900000|  0%| F|  |TAMS 0x00000000e8800000| PB 0x00000000e8800000| Untracked |  0
| 137|0x00000000e8900000, 0x00000000e8900000, 0x00000000e8a00000|  0%| F|  |TAMS 0x00000000e8900000| PB 0x00000000e8900000| Untracked |  0
| 138|0x00000000e8a00000, 0x00000000e8a00000, 0x00000000e8b00000|  0%| F|  |TAMS 0x00000000e8a00000| PB 0x00000000e8a00000| Untracked |  0
| 139|0x00000000e8b00000, 0x00000000e8b00000, 0x00000000e8c00000|  0%| F|  |TAMS 0x00000000e8b00000| PB 0x00000000e8b00000| Untracked |  0
| 140|0x00000000e8c00000, 0x00000000e8c00000, 0x00000000e8d00000|  0%| F|  |TAMS 0x00000000e8c00000| PB 0x00000000e8c00000| Untracked |  0
| 141|0x00000000e8d00000, 0x00000000e8d00000, 0x00000000e8e00000|  0%| F|  |TAMS 0x00000000e8d00000| PB 0x00000000e8d00000| Untracked |  0
| 142|0x00000000e8e00000, 0x00000000e8e00000, 0x00000000e8f00000|  0%| F|  |TAMS 0x00000000e8e00000| PB 0x00000000e8e00000| Untracked |  0
| 143|0x00000000e8f00000, 0x00000000e9000000, 0x00000000e9000000|100%| E|  |TAMS 0x00000000e8f00000| PB 0x00000000e8f00000| Complete |  0
| 144|0x00000000e9000000, 0x00000000e9100000, 0x00000000e9100000|100%| E|CS|TAMS 0x00000000e9000000| PB 0x00000000e9000000| Complete |  0
| 145|0x00000000e9100000, 0x00000000e9200000, 0x00000000e9200000|100%| E|CS|TAMS 0x00000000e9100000| PB 0x00000000e9100000| Complete |  0
| 146|0x00000000e9200000, 0x00000000e9300000, 0x00000000e9300000|100%| E|CS|TAMS 0x00000000e9200000| PB 0x00000000e9200000| Complete |  0
| 147|0x00000000e9300000, 0x00000000e9400000, 0x00000000e9400000|100%| E|CS|TAMS 0x00000000e9300000| PB 0x00000000e9300000| Complete |  0
| 148|0x00000000e9400000, 0x00000000e9500000, 0x00000000e9500000|100%| E|CS|TAMS 0x00000000e9400000| PB 0x00000000e9400000| Complete |  0
| 149|0x00000000e9500000, 0x00000000e9600000, 0x00000000e9600000|100%| E|CS|TAMS 0x00000000e9500000| PB 0x00000000e9500000| Complete |  0
| 150|0x00000000e9600000, 0x00000000e9700000, 0x00000000e9700000|100%| E|CS|TAMS 0x00000000e9600000| PB 0x00000000e9600000| Complete |  0
| 151|0x00000000e9700000, 0x00000000e9800000, 0x00000000e9800000|100%| E|CS|TAMS 0x00000000e9700000| PB 0x00000000e9700000| Complete |  0
| 152|0x00000000e9800000, 0x00000000e9900000, 0x00000000e9900000|100%| E|CS|TAMS 0x00000000e9800000| PB 0x00000000e9800000| Complete |  0
| 153|0x00000000e9900000, 0x00000000e9a00000, 0x00000000e9a00000|100%| E|CS|TAMS 0x00000000e9900000| PB 0x00000000e9900000| Complete |  0
| 154|0x00000000e9a00000, 0x00000000e9b00000, 0x00000000e9b00000|100%| E|CS|TAMS 0x00000000e9a00000| PB 0x00000000e9a00000| Complete |  0
| 155|0x00000000e9b00000, 0x00000000e9c00000, 0x00000000e9c00000|100%| E|CS|TAMS 0x00000000e9b00000| PB 0x00000000e9b00000| Complete |  0
| 156|0x00000000e9c00000, 0x00000000e9d00000, 0x00000000e9d00000|100%| E|CS|TAMS 0x00000000e9c00000| PB 0x00000000e9c00000| Complete |  0
| 157|0x00000000e9d00000, 0x00000000e9e00000, 0x00000000e9e00000|100%| E|CS|TAMS 0x00000000e9d00000| PB 0x00000000e9d00000| Complete |  0
| 158|0x00000000e9e00000, 0x00000000e9f00000, 0x00000000e9f00000|100%| E|CS|TAMS 0x00000000e9e00000| PB 0x00000000e9e00000| Complete |  0
| 159|0x00000000e9f00000, 0x00000000ea000000, 0x00000000ea000000|100%| E|CS|TAMS 0x00000000e9f00000| PB 0x00000000e9f00000| Complete |  0
| 160|0x00000000ea000000, 0x00000000ea100000, 0x00000000ea100000|100%| E|CS|TAMS 0x00000000ea000000| PB 0x00000000ea000000| Complete |  0
| 161|0x00000000ea100000, 0x00000000ea200000, 0x00000000ea200000|100%| E|CS|TAMS 0x00000000ea100000| PB 0x00000000ea100000| Complete |  0
| 162|0x00000000ea200000, 0x00000000ea300000, 0x00000000ea300000|100%| E|CS|TAMS 0x00000000ea200000| PB 0x00000000ea200000| Complete |  0
| 163|0x00000000ea300000, 0x00000000ea400000, 0x00000000ea400000|100%| E|CS|TAMS 0x00000000ea300000| PB 0x00000000ea300000| Complete |  0
| 164|0x00000000ea400000, 0x00000000ea500000, 0x00000000ea500000|100%| E|CS|TAMS 0x00000000ea400000| PB 0x00000000ea400000| Complete |  0
| 165|0x00000000ea500000, 0x00000000ea600000, 0x00000000ea600000|100%| E|CS|TAMS 0x00000000ea500000| PB 0x00000000ea500000| Complete |  0
| 166|0x00000000ea600000, 0x00000000ea700000, 0x00000000ea700000|100%| E|CS|TAMS 0x00000000ea600000| PB 0x00000000ea600000| Complete |  0
| 167|0x00000000ea700000, 0x00000000ea800000, 0x00000000ea800000|100%| E|CS|TAMS 0x00000000ea700000| PB 0x00000000ea700000| Complete |  0
| 168|0x00000000ea800000, 0x00000000ea900000, 0x00000000ea900000|100%| E|CS|TAMS 0x00000000ea800000| PB 0x00000000ea800000| Complete |  0
| 169|0x00000000ea900000, 0x00000000eaa00000, 0x00000000eaa00000|100%| E|CS|TAMS 0x00000000ea900000| PB 0x00000000ea900000| Complete |  0
| 170|0x00000000eaa00000, 0x00000000eab00000, 0x00000000eab00000|100%| E|CS|TAMS 0x00000000eaa00000| PB 0x00000000eaa00000| Complete |  0
| 171|0x00000000eab00000, 0x00000000eac00000, 0x00000000eac00000|100%| E|CS|TAMS 0x00000000eab00000| PB 0x00000000eab00000| Complete |  0
| 172|0x00000000eac00000, 0x00000000ead00000, 0x00000000ead00000|100%| E|CS|TAMS 0x00000000eac00000| PB 0x00000000eac00000| Complete |  0
| 173|0x00000000ead00000, 0x00000000eae00000, 0x00000000eae00000|100%| E|CS|TAMS 0x00000000ead00000| PB 0x00000000ead00000| Complete |  0
| 174|0x00000000eae00000, 0x00000000eaf00000, 0x00000000eaf00000|100%| E|CS|TAMS 0x00000000eae00000| PB 0x00000000eae00000| Complete |  0
| 175|0x00000000eaf00000, 0x00000000eb000000, 0x00000000eb000000|100%| E|CS|TAMS 0x00000000eaf00000| PB 0x00000000eaf00000| Complete |  0
| 176|0x00000000eb000000, 0x00000000eb100000, 0x00000000eb100000|100%| E|CS|TAMS 0x00000000eb000000| PB 0x00000000eb000000| Complete |  0
| 177|0x00000000eb100000, 0x00000000eb200000, 0x00000000eb200000|100%| E|CS|TAMS 0x00000000eb100000| PB 0x00000000eb100000| Complete |  0
| 178|0x00000000eb200000, 0x00000000eb300000, 0x00000000eb300000|100%| E|CS|TAMS 0x00000000eb200000| PB 0x00000000eb200000| Complete |  0
| 179|0x00000000eb300000, 0x00000000eb400000, 0x00000000eb400000|100%| E|CS|TAMS 0x00000000eb300000| PB 0x00000000eb300000| Complete |  0
| 180|0x00000000eb400000, 0x00000000eb500000, 0x00000000eb500000|100%| E|CS|TAMS 0x00000000eb400000| PB 0x00000000eb400000| Complete |  0
| 181|0x00000000eb500000, 0x00000000eb600000, 0x00000000eb600000|100%| E|CS|TAMS 0x00000000eb500000| PB 0x00000000eb500000| Complete |  0
| 182|0x00000000eb600000, 0x00000000eb700000, 0x00000000eb700000|100%| E|CS|TAMS 0x00000000eb600000| PB 0x00000000eb600000| Complete |  0
| 183|0x00000000eb700000, 0x00000000eb800000, 0x00000000eb800000|100%| E|CS|TAMS 0x00000000eb700000| PB 0x00000000eb700000| Complete |  0
| 184|0x00000000eb800000, 0x00000000eb900000, 0x00000000eb900000|100%| E|CS|TAMS 0x00000000eb800000| PB 0x00000000eb800000| Complete |  0
| 185|0x00000000eb900000, 0x00000000eba00000, 0x00000000eba00000|100%| E|CS|TAMS 0x00000000eb900000| PB 0x00000000eb900000| Complete |  0
| 186|0x00000000eba00000, 0x00000000ebb00000, 0x00000000ebb00000|100%| E|CS|TAMS 0x00000000eba00000| PB 0x00000000eba00000| Complete |  0
| 187|0x00000000ebb00000, 0x00000000ebc00000, 0x00000000ebc00000|100%| E|CS|TAMS 0x00000000ebb00000| PB 0x00000000ebb00000| Complete |  0
| 188|0x00000000ebc00000, 0x00000000ebd00000, 0x00000000ebd00000|100%| E|CS|TAMS 0x00000000ebc00000| PB 0x00000000ebc00000| Complete |  0
| 189|0x00000000ebd00000, 0x00000000ebe00000, 0x00000000ebe00000|100%| E|CS|TAMS 0x00000000ebd00000| PB 0x00000000ebd00000| Complete |  0
| 190|0x00000000ebe00000, 0x00000000ebf00000, 0x00000000ebf00000|100%| E|CS|TAMS 0x00000000ebe00000| PB 0x00000000ebe00000| Complete |  0
| 191|0x00000000ebf00000, 0x00000000ec000000, 0x00000000ec000000|100%| E|CS|TAMS 0x00000000ebf00000| PB 0x00000000ebf00000| Complete |  0
| 192|0x00000000ec000000, 0x00000000ec100000, 0x00000000ec100000|100%| E|CS|TAMS 0x00000000ec000000| PB 0x00000000ec000000| Complete |  0
| 193|0x00000000ec100000, 0x00000000ec200000, 0x00000000ec200000|100%| E|CS|TAMS 0x00000000ec100000| PB 0x00000000ec100000| Complete |  0
| 194|0x00000000ec200000, 0x00000000ec300000, 0x00000000ec300000|100%| E|CS|TAMS 0x00000000ec200000| PB 0x00000000ec200000| Complete |  0
| 195|0x00000000ec300000, 0x00000000ec400000, 0x00000000ec400000|100%| E|CS|TAMS 0x00000000ec300000| PB 0x00000000ec300000| Complete |  0
| 196|0x00000000ec400000, 0x00000000ec500000, 0x00000000ec500000|100%| E|CS|TAMS 0x00000000ec400000| PB 0x00000000ec400000| Complete |  0
| 197|0x00000000ec500000, 0x00000000ec600000, 0x00000000ec600000|100%| E|CS|TAMS 0x00000000ec500000| PB 0x00000000ec500000| Complete |  0
| 198|0x00000000ec600000, 0x00000000ec700000, 0x00000000ec700000|100%| E|CS|TAMS 0x00000000ec600000| PB 0x00000000ec600000| Complete |  0
| 199|0x00000000ec700000, 0x00000000ec800000, 0x00000000ec800000|100%| E|CS|TAMS 0x00000000ec700000| PB 0x00000000ec700000| Complete |  0
| 200|0x00000000ec800000, 0x00000000ec900000, 0x00000000ec900000|100%| E|CS|TAMS 0x00000000ec800000| PB 0x00000000ec800000| Complete |  0
| 201|0x00000000ec900000, 0x00000000eca00000, 0x00000000eca00000|100%| E|CS|TAMS 0x00000000ec900000| PB 0x00000000ec900000| Complete |  0
| 202|0x00000000eca00000, 0x00000000ecb00000, 0x00000000ecb00000|100%| E|CS|TAMS 0x00000000eca00000| PB 0x00000000eca00000| Complete |  0
| 203|0x00000000ecb00000, 0x00000000ecc00000, 0x00000000ecc00000|100%| E|CS|TAMS 0x00000000ecb00000| PB 0x00000000ecb00000| Complete |  0
| 204|0x00000000ecc00000, 0x00000000ecd00000, 0x00000000ecd00000|100%| E|CS|TAMS 0x00000000ecc00000| PB 0x00000000ecc00000| Complete |  0
| 205|0x00000000ecd00000, 0x00000000ece00000, 0x00000000ece00000|100%| E|CS|TAMS 0x00000000ecd00000| PB 0x00000000ecd00000| Complete |  0
| 206|0x00000000ece00000, 0x00000000ecf00000, 0x00000000ecf00000|100%| E|CS|TAMS 0x00000000ece00000| PB 0x00000000ece00000| Complete |  0
| 207|0x00000000ecf00000, 0x00000000ed000000, 0x00000000ed000000|100%| E|CS|TAMS 0x00000000ecf00000| PB 0x00000000ecf00000| Complete |  0
| 208|0x00000000ed000000, 0x00000000ed100000, 0x00000000ed100000|100%| E|CS|TAMS 0x00000000ed000000| PB 0x00000000ed000000| Complete |  0
| 209|0x00000000ed100000, 0x00000000ed200000, 0x00000000ed200000|100%| E|CS|TAMS 0x00000000ed100000| PB 0x00000000ed100000| Complete |  0
| 210|0x00000000ed200000, 0x00000000ed300000, 0x00000000ed300000|100%| E|CS|TAMS 0x00000000ed200000| PB 0x00000000ed200000| Complete |  0
| 211|0x00000000ed300000, 0x00000000ed400000, 0x00000000ed400000|100%| E|CS|TAMS 0x00000000ed300000| PB 0x00000000ed300000| Complete |  0
| 212|0x00000000ed400000, 0x00000000ed500000, 0x00000000ed500000|100%| E|CS|TAMS 0x00000000ed400000| PB 0x00000000ed400000| Complete |  0
| 213|0x00000000ed500000, 0x00000000ed600000, 0x00000000ed600000|100%| E|CS|TAMS 0x00000000ed500000| PB 0x00000000ed500000| Complete |  0
| 214|0x00000000ed600000, 0x00000000ed700000, 0x00000000ed700000|100%| E|CS|TAMS 0x00000000ed600000| PB 0x00000000ed600000| Complete |  0
| 215|0x00000000ed700000, 0x00000000ed800000, 0x00000000ed800000|100%| E|CS|TAMS 0x00000000ed700000| PB 0x00000000ed700000| Complete |  0
| 216|0x00000000ed800000, 0x00000000ed900000, 0x00000000ed900000|100%| E|CS|TAMS 0x00000000ed800000| PB 0x00000000ed800000| Complete |  0
| 217|0x00000000ed900000, 0x00000000eda00000, 0x00000000eda00000|100%| E|CS|TAMS 0x00000000ed900000| PB 0x00000000ed900000| Complete |  0
| 218|0x00000000eda00000, 0x00000000edb00000, 0x00000000edb00000|100%| E|CS|TAMS 0x00000000eda00000| PB 0x00000000eda00000| Complete |  0
| 219|0x00000000edb00000, 0x00000000edc00000, 0x00000000edc00000|100%| E|CS|TAMS 0x00000000edb00000| PB 0x00000000edb00000| Complete |  0
| 220|0x00000000edc00000, 0x00000000edd00000, 0x00000000edd00000|100%| E|CS|TAMS 0x00000000edc00000| PB 0x00000000edc00000| Complete |  0
| 221|0x00000000edd00000, 0x00000000ede00000, 0x00000000ede00000|100%| E|CS|TAMS 0x00000000edd00000| PB 0x00000000edd00000| Complete |  0
| 222|0x00000000ede00000, 0x00000000edf00000, 0x00000000edf00000|100%| E|CS|TAMS 0x00000000ede00000| PB 0x00000000ede00000| Complete |  0
| 223|0x00000000edf00000, 0x00000000ee000000, 0x00000000ee000000|100%| E|CS|TAMS 0x00000000edf00000| PB 0x00000000edf00000| Complete |  0
| 224|0x00000000ee000000, 0x00000000ee100000, 0x00000000ee100000|100%| E|CS|TAMS 0x00000000ee000000| PB 0x00000000ee000000| Complete |  0
| 225|0x00000000ee100000, 0x00000000ee200000, 0x00000000ee200000|100%| E|CS|TAMS 0x00000000ee100000| PB 0x00000000ee100000| Complete |  0
| 226|0x00000000ee200000, 0x00000000ee300000, 0x00000000ee300000|100%| E|CS|TAMS 0x00000000ee200000| PB 0x00000000ee200000| Complete |  0
| 227|0x00000000ee300000, 0x00000000ee400000, 0x00000000ee400000|100%| E|CS|TAMS 0x00000000ee300000| PB 0x00000000ee300000| Complete |  0
| 228|0x00000000ee400000, 0x00000000ee500000, 0x00000000ee500000|100%| E|CS|TAMS 0x00000000ee400000| PB 0x00000000ee400000| Complete |  0
| 229|0x00000000ee500000, 0x00000000ee600000, 0x00000000ee600000|100%| E|CS|TAMS 0x00000000ee500000| PB 0x00000000ee500000| Complete |  0
| 230|0x00000000ee600000, 0x00000000ee700000, 0x00000000ee700000|100%| E|CS|TAMS 0x00000000ee600000| PB 0x00000000ee600000| Complete |  0
| 231|0x00000000ee700000, 0x00000000ee800000, 0x00000000ee800000|100%| E|CS|TAMS 0x00000000ee700000| PB 0x00000000ee700000| Complete |  0
| 232|0x00000000ee800000, 0x00000000ee900000, 0x00000000ee900000|100%| E|CS|TAMS 0x00000000ee800000| PB 0x00000000ee800000| Complete |  0
| 233|0x00000000ee900000, 0x00000000eea00000, 0x00000000eea00000|100%| E|CS|TAMS 0x00000000ee900000| PB 0x00000000ee900000| Complete |  0
| 234|0x00000000eea00000, 0x00000000eeaf2d30, 0x00000000eeb00000| 94%| S|CS|TAMS 0x00000000eea00000| PB 0x00000000eea00000| Complete |  0
| 235|0x00000000eeb00000, 0x00000000eec00000, 0x00000000eec00000|100%| S|CS|TAMS 0x00000000eeb00000| PB 0x00000000eeb00000| Complete |  0
| 236|0x00000000eec00000, 0x00000000eed00000, 0x00000000eed00000|100%| S|CS|TAMS 0x00000000eec00000| PB 0x00000000eec00000| Complete |  0
| 237|0x00000000eed00000, 0x00000000eee00000, 0x00000000eee00000|100%| S|CS|TAMS 0x00000000eed00000| PB 0x00000000eed00000| Complete |  0
| 238|0x00000000eee00000, 0x00000000eef00000, 0x00000000eef00000|100%| S|CS|TAMS 0x00000000eee00000| PB 0x00000000eee00000| Complete |  0
| 239|0x00000000eef00000, 0x00000000ef000000, 0x00000000ef000000|100%| S|CS|TAMS 0x00000000eef00000| PB 0x00000000eef00000| Complete |  0
| 240|0x00000000ef000000, 0x00000000ef100000, 0x00000000ef100000|100%| S|CS|TAMS 0x00000000ef000000| PB 0x00000000ef000000| Complete |  0
| 241|0x00000000ef100000, 0x00000000ef200000, 0x00000000ef200000|100%| S|CS|TAMS 0x00000000ef100000| PB 0x00000000ef100000| Complete |  0
| 242|0x00000000ef200000, 0x00000000ef300000, 0x00000000ef300000|100%| S|CS|TAMS 0x00000000ef200000| PB 0x00000000ef200000| Complete |  0
| 243|0x00000000ef300000, 0x00000000ef400000, 0x00000000ef400000|100%| E|CS|TAMS 0x00000000ef300000| PB 0x00000000ef300000| Complete |  0
| 244|0x00000000ef400000, 0x00000000ef500000, 0x00000000ef500000|100%| E|CS|TAMS 0x00000000ef400000| PB 0x00000000ef400000| Complete |  0
| 245|0x00000000ef500000, 0x00000000ef600000, 0x00000000ef600000|100%| E|CS|TAMS 0x00000000ef500000| PB 0x00000000ef500000| Complete |  0
| 246|0x00000000ef600000, 0x00000000ef700000, 0x00000000ef700000|100%| E|CS|TAMS 0x00000000ef600000| PB 0x00000000ef600000| Complete |  0
| 247|0x00000000ef700000, 0x00000000ef800000, 0x00000000ef800000|100%| E|CS|TAMS 0x00000000ef700000| PB 0x00000000ef700000| Complete |  0
| 248|0x00000000ef800000, 0x00000000ef900000, 0x00000000ef900000|100%| E|CS|TAMS 0x00000000ef800000| PB 0x00000000ef800000| Complete |  0
| 249|0x00000000ef900000, 0x00000000efa00000, 0x00000000efa00000|100%| E|CS|TAMS 0x00000000ef900000| PB 0x00000000ef900000| Complete |  0
| 250|0x00000000efa00000, 0x00000000efb00000, 0x00000000efb00000|100%| E|CS|TAMS 0x00000000efa00000| PB 0x00000000efa00000| Complete |  0
| 251|0x00000000efb00000, 0x00000000efc00000, 0x00000000efc00000|100%| E|CS|TAMS 0x00000000efb00000| PB 0x00000000efb00000| Complete |  0
| 252|0x00000000efc00000, 0x00000000efd00000, 0x00000000efd00000|100%| E|CS|TAMS 0x00000000efc00000| PB 0x00000000efc00000| Complete |  0
| 255|0x00000000eff00000, 0x00000000f0000000, 0x00000000f0000000|100%| E|CS|TAMS 0x00000000eff00000| PB 0x00000000eff00000| Complete |  0
| 510|0x00000000ffe00000, 0x00000000fff00000, 0x00000000fff00000|100%| O|  |TAMS 0x00000000ffe00000| PB 0x00000000ffe00000| Untracked |  0
| 511|0x00000000fff00000, 0x0000000100000000, 0x0000000100000000|100%| E|CS|TAMS 0x00000000fff00000| PB 0x00000000fff00000| Complete |  0

Card table byte_map: [0x000001f580430000,0x000001f580530000] _byte_map_base: 0x000001f57fd30000

Marking Bits: (CMBitMap*) 0x000001f5e83856d0
 Bits: [0x000001f580530000, 0x000001f580d30000)

Polling page: 0x000001f5e7b20000

Metaspace:
Metaspace        used 44091K, committed 45888K, reserved 393216K
 class space     used 5105K, committed 5952K, reserved 327680K

Usage:
  Non-class:     38.07 MB used.
      Class:      4.99 MB used.
       Both:     43.06 MB used.

Virtual space:
  Non-class space:       64.00 MB reserved,      39.00 MB ( 61%) committed,  1 nodes.
      Class space:      320.00 MB reserved,       5.81 MB (  2%) committed,  1 nodes.
             Both:      384.00 MB reserved,      44.81 MB ( 12%) committed. 

Chunk freelists:
   Non-Class:  8.77 MB
       Class:  10.20 MB
        Both:  18.97 MB

MaxMetaspaceSize: 384.00 MB
CompressedClassSpaceSize: 320.00 MB
Initial GC threshold: 21.00 MB
Current GC threshold: 59.81 MB
CDS: on
 - commit_granule_bytes: 65536.
 - commit_granule_words: 8192.
 - virtual_space_node_default_size: 8388608.
 - enlarge_chunks_in_place: 1.
UseCompressedClassPointers 1, UseCompactObjectHeaders 0
Narrow klass pointer bits 32, Max shift 3
Narrow klass base: 0x0000000051000000, Narrow klass shift: 0
Encoding Range: [0x0000000051000000 - 0x0000000151000000), (4294967296 bytes)
Klass Range:    [0x0000000051010000 - 0x0000000066000000), (352256000 bytes)
Klass ID Range:  [65536 - 352321529) (352255993)
Protection zone: [0x0000000051000000 - 0x0000000051010000), (65536 bytes)


Internal statistics:

num_allocs_failed_limit: 12.
num_arena_births: 3124.
num_arena_deaths: 0.
num_vsnodes_births: 2.
num_vsnodes_deaths: 0.
num_space_committed: 717.
num_space_uncommitted: 0.
num_chunks_returned_to_freelist: 12.
num_chunks_taken_from_freelist: 5210.
num_chunk_merges: 12.
num_chunk_splits: 3418.
num_chunks_enlarged: 2136.
num_inconsistent_stats: 0.

CodeHeap 'non-profiled nmethods': size=120064Kb used=2425Kb max_used=2425Kb free=117639Kb
 bounds [0x000001f5f86a0000, 0x000001f5f8910000, 0x000001f5ffbe0000]
CodeHeap 'profiled nmethods': size=120000Kb used=9064Kb max_used=9064Kb free=110935Kb
 bounds [0x000001f5f0be0000, 0x000001f5f14c0000, 0x000001f5f8110000]
CodeHeap 'non-nmethods': size=5696Kb used=1918Kb max_used=2051Kb free=3777Kb
 bounds [0x000001f5f8110000, 0x000001f5f8380000, 0x000001f5f86a0000]
CodeCache: size=245760Kb, used=13407Kb, max_used=13540Kb, free=232351Kb
 total_blobs=6564, nmethods=5792, adapters=675, full_count=0
Compilation: enabled, stopped_count=0, restarted_count=0

Compilation events (20 events):
Event: 5.192 Thread 0x000001f583923d00 6285       3       sun.reflect.generics.parser.SignatureParser::parseIdentifier (13 bytes)
Event: 5.192 Thread 0x000001f583923d00 nmethod 6285 0x000001f5f14b5988 code [0x000001f5f14b5a80, 0x000001f5f14b5d58]
Event: 5.192 Thread 0x000001f583923d00 6298       3       org.gradle.internal.instantiation.generator.AsmBackedClassGenerator$ClassBuilderImpl$$Lambda/0x000000005219cb58::transform (8 bytes)
Event: 5.192 Thread 0x000001f583923d00 nmethod 6298 0x000001f5f14b5d88 code [0x000001f5f14b5e80, 0x000001f5f14b6088]
Event: 5.192 Thread 0x000001f583923d00 6299       3       com.google.common.collect.LinkedHashMultimap::get (6 bytes)
Event: 5.192 Thread 0x000001f583923d00 nmethod 6299 0x000001f5f14b6108 code [0x000001f5f14b6200, 0x000001f5f14b6798]
Event: 5.192 Thread 0x000001f583923d00 6300       3       com.google.common.collect.AbstractSetMultimap::wrapCollection (14 bytes)
Event: 5.192 Thread 0x000001f583923d00 nmethod 6300 0x000001f5f14b6808 code [0x000001f5f14b6900, 0x000001f5f14b6ba0]
Event: 5.192 Thread 0x000001f583923d00 6302       3       com.google.common.collect.LinkedHashMultimap$ValueSet::iterator (9 bytes)
Event: 5.192 Thread 0x000001f583923d00 nmethod 6302 0x000001f5f14b6c08 code [0x000001f5f14b6d00, 0x000001f5f14b7008]
Event: 5.192 Thread 0x000001f583923d00 6304       3       org.gradle.internal.service.DefaultServiceRegistry$ConstructorService::getParameterTypes (8 bytes)
Event: 5.192 Thread 0x000001f583923d00 nmethod 6304 0x000001f5f14b7088 code [0x000001f5f14b7180, 0x000001f5f14b7b18]
Event: 5.192 Thread 0x000001f583923d00 6305       3       org.gradle.internal.service.DefaultServiceRegistry$ConstructorService::createServiceInstance (12 bytes)
Event: 5.192 Thread 0x000001f583923d00 nmethod 6305 0x000001f5f14b7b88 code [0x000001f5f14b7c80, 0x000001f5f14b7ec0]
Event: 5.192 Thread 0x000001f583923d00 6306   !   3       org.gradle.internal.service.DefaultServiceRegistry$ConstructorService::invokeMethod (74 bytes)
Event: 5.193 Thread 0x000001f583923d00 nmethod 6306 0x000001f5f14b7f08 code [0x000001f5f14b8000, 0x000001f5f14b9d18]
Event: 5.193 Thread 0x000001f583923d00 6303       3       com.google.common.collect.LinkedHashMultimap$ValueSet$1::<init> (32 bytes)
Event: 5.193 Thread 0x000001f583923d00 nmethod 6303 0x000001f5f14b9d88 code [0x000001f5f14b9e80, 0x000001f5f14ba0d0]
Event: 5.200 Thread 0x000001f58bd0c640 nmethod 6282 0x000001f5f88f6c08 code [0x000001f5f88f6d00, 0x000001f5f88f8b28]
Event: 5.200 Thread 0x000001f58bd0c640 6308   !   4       sun.instrument.TransformerManager::transform (100 bytes)

GC Heap Usage History (12 events):
Event: 0.439 {heap Before GC invocations=0 (full 0):
 garbage-first heap   total reserved 524288K, committed 264192K, used 52371K [0x00000000e0000000, 0x0000000100000000)
  region size 1024K, 47 young (48128K), 0 survivors (0K)
}
Event: 0.441 {heap After GC invocations=1 (full 0):
 garbage-first heap   total reserved 524288K, committed 264192K, used 11669K [0x00000000e0000000, 0x0000000100000000)
  region size 1024K, 6 young (6144K), 6 survivors (6144K)
}
Event: 1.243 {heap Before GC invocations=1 (full 0):
 garbage-first heap   total reserved 524288K, committed 264192K, used 121237K [0x00000000e0000000, 0x0000000100000000)
  region size 1024K, 112 young (114688K), 6 survivors (6144K)
}
Event: 1.247 {heap After GC invocations=2 (full 0):
 garbage-first heap   total reserved 524288K, committed 264192K, used 21169K [0x00000000e0000000, 0x0000000100000000)
  region size 1024K, 14 young (14336K), 14 survivors (14336K)
}
Event: 1.535 {heap Before GC invocations=2 (full 0):
 garbage-first heap   total reserved 524288K, committed 264192K, used 60081K [0x00000000e0000000, 0x0000000100000000)
  region size 1024K, 52 young (53248K), 14 survivors (14336K)
}
Event: 1.539 {heap After GC invocations=3 (full 0):
 garbage-first heap   total reserved 524288K, committed 264192K, used 24192K [0x00000000e0000000, 0x0000000100000000)
  region size 1024K, 12 young (12288K), 12 survivors (12288K)
}
Event: 4.497 {heap Before GC invocations=4 (full 0):
 garbage-first heap   total reserved 524288K, committed 262144K, used 142976K [0x00000000e0000000, 0x0000000100000000)
  region size 1024K, 130 young (133120K), 12 survivors (12288K)
}
Event: 4.502 {heap After GC invocations=5 (full 0):
 garbage-first heap   total reserved 524288K, committed 262144K, used 30545K [0x00000000e0000000, 0x0000000100000000)
  region size 1024K, 9 young (9216K), 9 survivors (9216K)
}
Event: 4.510 {heap Before GC invocations=5 (full 0):
 garbage-first heap   total reserved 524288K, committed 262144K, used 31569K [0x00000000e0000000, 0x0000000100000000)
  region size 1024K, 11 young (11264K), 9 survivors (9216K)
}
Event: 4.512 {heap After GC invocations=6 (full 0):
 garbage-first heap   total reserved 524288K, committed 262144K, used 30816K [0x00000000e0000000, 0x0000000100000000)
  region size 1024K, 9 young (9216K), 9 survivors (9216K)
}
Event: 4.531 {heap Before GC invocations=6 (full 0):
 garbage-first heap   total reserved 524288K, committed 262144K, used 32864K [0x00000000e0000000, 0x0000000100000000)
  region size 1024K, 12 young (12288K), 9 survivors (9216K)
}
Event: 4.534 {heap After GC invocations=7 (full 0):
 garbage-first heap   total reserved 524288K, committed 262144K, used 31130K [0x00000000e0000000, 0x0000000100000000)
  region size 1024K, 9 young (9216K), 9 survivors (9216K)
}

Metaspace Usage History (12 events):
Event: 0.439 {metaspace Before GC invocations=0 (full 0):
 Metaspace       used 4544K, committed 4736K, reserved 393216K
  class space    used 388K, committed 448K, reserved 327680K
}
Event: 0.441 {metaspace After GC invocations=1 (full 0):
 Metaspace       used 4544K, committed 4736K, reserved 393216K
  class space    used 388K, committed 448K, reserved 327680K
}
Event: 1.243 {metaspace Before GC invocations=1 (full 0):
 Metaspace       used 15277K, committed 15744K, reserved 393216K
  class space    used 1542K, committed 1792K, reserved 327680K
}
Event: 1.247 {metaspace After GC invocations=2 (full 0):
 Metaspace       used 15277K, committed 15744K, reserved 393216K
  class space    used 1542K, committed 1792K, reserved 327680K
}
Event: 1.535 {metaspace Before GC invocations=2 (full 0):
 Metaspace       used 20898K, committed 21504K, reserved 393216K
  class space    used 2144K, committed 2432K, reserved 327680K
}
Event: 1.539 {metaspace After GC invocations=3 (full 0):
 Metaspace       used 20898K, committed 21504K, reserved 393216K
  class space    used 2144K, committed 2432K, reserved 327680K
}
Event: 4.497 {metaspace Before GC invocations=4 (full 0):
 Metaspace       used 34665K, committed 35968K, reserved 393216K
  class space    used 3843K, committed 4480K, reserved 327680K
}
Event: 4.502 {metaspace After GC invocations=5 (full 0):
 Metaspace       used 34665K, committed 35968K, reserved 393216K
  class space    used 3843K, committed 4480K, reserved 327680K
}
Event: 4.510 {metaspace Before GC invocations=5 (full 0):
 Metaspace       used 34888K, committed 36288K, reserved 393216K
  class space    used 3852K, committed 4544K, reserved 327680K
}
Event: 4.513 {metaspace After GC invocations=6 (full 0):
 Metaspace       used 34888K, committed 36288K, reserved 393216K
  class space    used 3852K, committed 4544K, reserved 327680K
}
Event: 4.531 {metaspace Before GC invocations=6 (full 0):
 Metaspace       used 35274K, committed 36608K, reserved 393216K
  class space    used 3884K, committed 4544K, reserved 327680K
}
Event: 4.534 {metaspace After GC invocations=7 (full 0):
 Metaspace       used 35274K, committed 36608K, reserved 393216K
  class space    used 3884K, committed 4544K, reserved 327680K
}

Dll operation events (14 events):
Event: 0.005 Loaded shared library C:\Users\ciara\.jdks\openjdk-25\bin\java.dll
Event: 0.041 Loaded shared library C:\Users\ciara\.jdks\openjdk-25\bin\zip.dll
Event: 0.043 Loaded shared library C:\Users\ciara\.jdks\openjdk-25\bin\instrument.dll
Event: 0.044 Loaded shared library C:\Users\ciara\.jdks\openjdk-25\bin\net.dll
Event: 0.045 Loaded shared library C:\Users\ciara\.jdks\openjdk-25\bin\nio.dll
Event: 0.047 Loaded shared library C:\Users\ciara\.jdks\openjdk-25\bin\zip.dll
Event: 0.181 Loaded shared library C:\Users\ciara\.jdks\openjdk-25\bin\jimage.dll
Event: 0.271 Loaded shared library C:\Users\ciara\.jdks\openjdk-25\bin\verify.dll
Event: 0.283 Loaded shared library C:\Users\ciara\.gradle\native\1def1411415f61bf3af743bc5b6707747c0891f09f0c88961ee8f79bc544acac\windows-amd64\native-platform.dll
Event: 0.288 Loaded shared library C:\Users\ciara\.gradle\native\0.2.8\x86_64-windows-gnu\gradle-fileevents.dll
Event: 0.783 Loaded shared library C:\Users\ciara\.jdks\openjdk-25\bin\management.dll
Event: 0.784 Loaded shared library C:\Users\ciara\.jdks\openjdk-25\bin\management_ext.dll
Event: 0.854 Loaded shared library C:\Users\ciara\.jdks\openjdk-25\bin\extnet.dll
Event: 0.984 Loaded shared library C:\Users\ciara\.jdks\openjdk-25\bin\sunmscapi.dll

Deoptimization events (20 events):
Event: 5.154 Thread 0x000001f58988ff10 Uncommon trap: trap_request=0xffffffbe fr.pc=0x000001f5f88f0660 relative=0x00000000000002e0
Event: 5.154 Thread 0x000001f58988ff10 Uncommon trap: reason=profile_predicate action=maybe_recompile pc=0x000001f5f88f0660 method=sun.instrument.TransformerManager.transform(Ljava/lang/Module;Ljava/lang/ClassLoader;Ljava/lang/String;Ljava/lang/Class;Ljava/security/ProtectionDomain;[B)[B @ 21 
Event: 5.154 Thread 0x000001f58988ff10 DEOPT PACKING pc=0x000001f5f88f0660 sp=0x000000e93ebf9540
Event: 5.154 Thread 0x000001f58988ff10 DEOPT UNPACKING pc=0x000001f5f822f582 sp=0x000000e93ebf94c0 mode 2
Event: 5.186 Thread 0x000001f58988ff10 Uncommon trap: trap_request=0xffffff45 fr.pc=0x000001f5f87f3014 relative=0x0000000000000294
Event: 5.186 Thread 0x000001f58988ff10 Uncommon trap: reason=unstable_if action=reinterpret pc=0x000001f5f87f3014 method=java.util.HashMap.putVal(ILjava/lang/Object;Ljava/lang/Object;ZZ)Ljava/lang/Object; @ 162 c2
Event: 5.186 Thread 0x000001f58988ff10 DEOPT PACKING pc=0x000001f5f87f3014 sp=0x000000e93ebf8c60
Event: 5.186 Thread 0x000001f58988ff10 DEOPT UNPACKING pc=0x000001f5f822f582 sp=0x000000e93ebf8bc0 mode 2
Event: 5.187 Thread 0x000001f58988ff10 Uncommon trap: trap_request=0xffffff45 fr.pc=0x000001f5f883e574 relative=0x0000000000000274
Event: 5.187 Thread 0x000001f58988ff10 Uncommon trap: reason=unstable_if action=reinterpret pc=0x000001f5f883e574 method=java.util.HashMap.getNode(Ljava/lang/Object;)Ljava/util/HashMap$Node; @ 85 c2
Event: 5.187 Thread 0x000001f58988ff10 DEOPT PACKING pc=0x000001f5f883e574 sp=0x000000e93ebf8d10
Event: 5.187 Thread 0x000001f58988ff10 DEOPT UNPACKING pc=0x000001f5f822f582 sp=0x000000e93ebf8c10 mode 2
Event: 5.187 Thread 0x000001f58988ff10 Uncommon trap: trap_request=0xffffff45 fr.pc=0x000001f5f86c21c0 relative=0x00000000000005a0
Event: 5.187 Thread 0x000001f58988ff10 Uncommon trap: reason=unstable_if action=reinterpret pc=0x000001f5f86c21c0 method=java.util.HashMap.resize()[Ljava/util/HashMap$Node; @ 203 c2
Event: 5.187 Thread 0x000001f58988ff10 DEOPT PACKING pc=0x000001f5f86c21c0 sp=0x000000e93ebf8b90
Event: 5.187 Thread 0x000001f58988ff10 DEOPT UNPACKING pc=0x000001f5f822f582 sp=0x000000e93ebf8af8 mode 2
Event: 5.187 Thread 0x000001f58988ff10 Uncommon trap: trap_request=0xffffff45 fr.pc=0x000001f5f883799c relative=0x000000000000021c
Event: 5.187 Thread 0x000001f58988ff10 Uncommon trap: reason=unstable_if action=reinterpret pc=0x000001f5f883799c method=java.util.HashMap.getNode(Ljava/lang/Object;)Ljava/util/HashMap$Node; @ 85 c2
Event: 5.187 Thread 0x000001f58988ff10 DEOPT PACKING pc=0x000001f5f883799c sp=0x000000e93ebf8c90
Event: 5.187 Thread 0x000001f58988ff10 DEOPT UNPACKING pc=0x000001f5f822f582 sp=0x000000e93ebf8c10 mode 2

Classes loaded (20 events):
Event: 5.101 Loading class jdk/internal/reflect/MethodHandleBooleanFieldAccessorImpl
Event: 5.101 Loading class jdk/internal/reflect/MethodHandleBooleanFieldAccessorImpl done
Event: 5.111 Loading class java/util/BitSet$1BitSetSpliterator
Event: 5.111 Loading class java/util/BitSet$1BitSetSpliterator done
Event: 5.111 Loading class java/util/stream/IntPipeline$1
Event: 5.111 Loading class java/util/stream/IntPipeline$1 done
Event: 5.111 Loading class java/util/stream/IntPipeline$1$1
Event: 5.111 Loading class java/util/stream/Sink$ChainedInt
Event: 5.112 Loading class java/util/stream/Sink$OfInt
Event: 5.112 Loading class java/util/stream/Sink$OfInt done
Event: 5.112 Loading class java/util/stream/Sink$ChainedInt done
Event: 5.112 Loading class java/util/stream/IntPipeline$1$1 done
Event: 5.114 Loading class sun/nio/fs/WindowsChannelFactory$2
Event: 5.114 Loading class sun/nio/fs/WindowsChannelFactory$2 done
Event: 5.115 Loading class java/nio/file/FileAlreadyExistsException
Event: 5.115 Loading class java/nio/file/FileAlreadyExistsException done
Event: 5.115 Loading class java/nio/file/AccessMode
Event: 5.115 Loading class java/nio/file/AccessMode done
Event: 5.179 Loading class java/io/FileWriter
Event: 5.179 Loading class java/io/FileWriter done

Classes unloaded (0 events):
No events

Classes redefined (0 events):
No events

Internal exceptions (20 events):
Event: 5.100 Thread 0x000001f58988ff10 Exception <a 'java/lang/ClassNotFoundException'{0x00000000ea0ca7a8}: PropertiesCustomizer> (0x00000000ea0ca7a8) 
thrown [s\open\src\hotspot\share\classfile\systemDictionary.cpp, line 327]
Event: 5.101 Thread 0x000001f58988ff10 Exception <a 'java/lang/NoSuchMethodError'{0x00000000ea0ee2a0}: 'int java.lang.invoke.Invokers$Holder.invokeExact_MT(java.lang.Object, java.lang.Object)'> (0x00000000ea0ee2a0) 
thrown [s\open\src\hotspot\share\interpreter\linkResolver.cpp, line 804]
Event: 5.113 Thread 0x000001f58988ff10 Exception <a 'java/lang/IncompatibleClassChangeError'{0x00000000e9eb9270}: Found class java.lang.Object, but interface was expected> (0x00000000e9eb9270) 
thrown [s\open\src\hotspot\share\interpreter\linkResolver.cpp, line 871]
Event: 5.115 Thread 0x000001f58988ff10 Exception <a 'sun/nio/fs/WindowsException'{0x00000000e9ee37f8}> (0x00000000e9ee37f8) 
thrown [s\open\src\hotspot\share\prims\jni.cpp, line 516]
Event: 5.115 Thread 0x000001f58988ff10 Exception <a 'sun/nio/fs/WindowsException'{0x00000000e9ee5648}> (0x00000000e9ee5648) 
thrown [s\open\src\hotspot\share\prims\jni.cpp, line 516]
Event: 5.116 Thread 0x000001f58988ff10 Exception <a 'sun/nio/fs/WindowsException'{0x00000000e9ee6b10}> (0x00000000e9ee6b10) 
thrown [s\open\src\hotspot\share\prims\jni.cpp, line 516]
Event: 5.116 Thread 0x000001f58988ff10 Exception <a 'sun/nio/fs/WindowsException'{0x00000000e9ee7fe0}> (0x00000000e9ee7fe0) 
thrown [s\open\src\hotspot\share\prims\jni.cpp, line 516]
Event: 5.124 Thread 0x000001f58988ff10 Exception <a 'java/lang/IncompatibleClassChangeError'{0x00000000e9c35a40}: Found class java.lang.Object, but interface was expected> (0x00000000e9c35a40) 
thrown [s\open\src\hotspot\share\interpreter\linkResolver.cpp, line 871]
Event: 5.131 Thread 0x000001f58988ff10 Exception <a 'java/lang/ClassNotFoundException'{0x00000000e9b2c350}: settings_2iff7t05op0d5ap038tuk2aspBeanInfo> (0x00000000e9b2c350) 
thrown [s\open\src\hotspot\share\classfile\systemDictionary.cpp, line 327]
Event: 5.131 Thread 0x000001f58988ff10 Exception <a 'java/lang/ClassNotFoundException'{0x00000000e9b350f8}: org/gradle/initialization/SettingsScriptBeanInfo> (0x00000000e9b350f8) 
thrown [s\open\src\hotspot\share\classfile\systemDictionary.cpp, line 327]
Event: 5.131 Thread 0x000001f58988ff10 Exception <a 'java/lang/ClassNotFoundException'{0x00000000e9b3df80}: org/gradle/plugin/use/internal/PluginsAwareScriptBeanInfo> (0x00000000e9b3df80) 
thrown [s\open\src\hotspot\share\classfile\systemDictionary.cpp, line 327]
Event: 5.131 Thread 0x000001f58988ff10 Exception <a 'java/lang/ClassNotFoundException'{0x00000000e9b46e00}: org/gradle/plugin/use/internal/PluginsAwareScriptCustomizer> (0x00000000e9b46e00) 
thrown [s\open\src\hotspot\share\classfile\systemDictionary.cpp, line 327]
Event: 5.131 Thread 0x000001f58988ff10 Exception <a 'java/lang/ClassNotFoundException'{0x00000000e9b57728}: org/gradle/initialization/SettingsScriptCustomizer> (0x00000000e9b57728) 
thrown [s\open\src\hotspot\share\classfile\systemDictionary.cpp, line 327]
Event: 5.132 Thread 0x000001f58988ff10 Exception <a 'java/lang/ClassNotFoundException'{0x00000000e9b64e80}: settings_2iff7t05op0d5ap038tuk2aspCustomizer> (0x00000000e9b64e80) 
thrown [s\open\src\hotspot\share\classfile\systemDictionary.cpp, line 327]
Event: 5.134 Thread 0x000001f58988ff10 Exception <a 'java/lang/ClassNotFoundException'{0x00000000e9bd4280}: org/gradle/initialization/DefaultSettings_DecoratedBeanInfo> (0x00000000e9bd4280) 
thrown [s\open\src\hotspot\share\classfile\systemDictionary.cpp, line 327]
Event: 5.134 Thread 0x000001f58988ff10 Exception <a 'java/lang/ClassNotFoundException'{0x00000000e9be14a8}: org/gradle/initialization/DefaultSettingsBeanInfo> (0x00000000e9be14a8) 
thrown [s\open\src\hotspot\share\classfile\systemDictionary.cpp, line 327]
Event: 5.134 Thread 0x000001f58988ff10 Exception <a 'java/lang/ClassNotFoundException'{0x00000000e9bee408}: org/gradle/initialization/DefaultSettingsCustomizer> (0x00000000e9bee408) 
thrown [s\open\src\hotspot\share\classfile\systemDictionary.cpp, line 327]
Event: 5.135 Thread 0x000001f58988ff10 Exception <a 'java/lang/ClassNotFoundException'{0x00000000e9a38ae0}: org/gradle/initialization/DefaultSettings_DecoratedCustomizer> (0x00000000e9a38ae0) 
thrown [s\open\src\hotspot\share\classfile\systemDictionary.cpp, line 327]
Event: 5.137 Thread 0x000001f58988ff10 Exception <a 'java/lang/ClassNotFoundException'{0x00000000e9aae688}: org/gradle/initialization/DefaultProjectDescriptorBeanInfo> (0x00000000e9aae688) 
thrown [s\open\src\hotspot\share\classfile\systemDictionary.cpp, line 327]
Event: 5.137 Thread 0x000001f58988ff10 Exception <a 'java/lang/ClassNotFoundException'{0x00000000e9aba648}: org/gradle/initialization/DefaultProjectDescriptorCustomizer> (0x00000000e9aba648) 
thrown [s\open\src\hotspot\share\classfile\systemDictionary.cpp, line 327]

VM Operations (20 events):
Event: 4.605 Executing non-safepoint VM operation: HandshakeAllThreads (Deoptimize)
Event: 4.605 Executing non-safepoint VM operation: HandshakeAllThreads (Deoptimize) done
Event: 4.607 Executing non-safepoint VM operation: HandshakeAllThreads (Deoptimize)
Event: 4.607 Executing non-safepoint VM operation: HandshakeAllThreads (Deoptimize) done
Event: 4.607 Executing non-safepoint VM operation: HandshakeAllThreads (Deoptimize)
Event: 4.607 Executing non-safepoint VM operation: HandshakeAllThreads (Deoptimize) done
Event: 4.615 Executing non-safepoint VM operation: HandshakeAllThreads (Deoptimize)
Event: 4.615 Executing non-safepoint VM operation: HandshakeAllThreads (Deoptimize) done
Event: 4.721 Executing non-safepoint VM operation: HandshakeAllThreads (Deoptimize)
Event: 4.721 Executing non-safepoint VM operation: HandshakeAllThreads (Deoptimize) done
Event: 4.748 Executing non-safepoint VM operation: HandshakeAllThreads (Deoptimize)
Event: 4.748 Executing non-safepoint VM operation: HandshakeAllThreads (Deoptimize) done
Event: 4.863 Executing non-safepoint VM operation: HandshakeAllThreads (Deoptimize)
Event: 4.863 Executing non-safepoint VM operation: HandshakeAllThreads (Deoptimize) done
Event: 5.036 Executing non-safepoint VM operation: HandshakeAllThreads (Deoptimize)
Event: 5.036 Executing non-safepoint VM operation: HandshakeAllThreads (Deoptimize) done
Event: 5.115 Executing non-safepoint VM operation: HandshakeAllThreads (Deoptimize)
Event: 5.115 Executing non-safepoint VM operation: HandshakeAllThreads (Deoptimize) done
Event: 5.180 Executing non-safepoint VM operation: HandshakeAllThreads (Deoptimize)
Event: 5.180 Executing non-safepoint VM operation: HandshakeAllThreads (Deoptimize) done

Memory protections (0 events):
No events

Nmethod flushes (20 events):
Event: 4.542 Thread 0x000001f5e8404110 flushing  nmethod 0x000001f5f0cf3b88
Event: 4.542 Thread 0x000001f5e8404110 flushing  nmethod 0x000001f5f0cf4a88
Event: 4.542 Thread 0x000001f5e8404110 flushing  nmethod 0x000001f5f0d39608
Event: 4.542 Thread 0x000001f5e8404110 flushing  nmethod 0x000001f5f0d39908
Event: 4.542 Thread 0x000001f5e8404110 flushing  nmethod 0x000001f5f0d3a288
Event: 4.542 Thread 0x000001f5e8404110 flushing  nmethod 0x000001f5f0d3ac08
Event: 4.542 Thread 0x000001f5e8404110 flushing  nmethod 0x000001f5f0d3af08
Event: 4.542 Thread 0x000001f5e8404110 flushing  nmethod 0x000001f5f0d3b808
Event: 4.542 Thread 0x000001f5e8404110 flushing  nmethod 0x000001f5f0d78e08
Event: 4.542 Thread 0x000001f5e8404110 flushing  nmethod 0x000001f5f0db0888
Event: 4.542 Thread 0x000001f5e8404110 flushing  nmethod 0x000001f5f0db3508
Event: 4.542 Thread 0x000001f5e8404110 flushing  nmethod 0x000001f5f0ddcd08
Event: 4.542 Thread 0x000001f5e8404110 flushing  nmethod 0x000001f5f0ddd088
Event: 4.542 Thread 0x000001f5e8404110 flushing  nmethod 0x000001f5f0dddb88
Event: 4.542 Thread 0x000001f5e8404110 flushing  nmethod 0x000001f5f0e20d88
Event: 4.542 Thread 0x000001f5e8404110 flushing  nmethod 0x000001f5f0ed7d08
Event: 4.542 Thread 0x000001f5e8404110 flushing  nmethod 0x000001f5f0f2dc08
Event: 4.542 Thread 0x000001f5e8404110 flushing  nmethod 0x000001f5f0f79c08
Event: 4.542 Thread 0x000001f5e8404110 flushing  nmethod 0x000001f5f0fefe88
Event: 4.542 Thread 0x000001f5e8404110 flushing  nmethod 0x000001f5f0ff1a08

Events (20 events):
Event: 4.936 Thread 0x000001f58988ff10 Thread added: 0x000001f589ae89a0
Event: 4.936 Thread 0x000001f58988ff10 Thread added: 0x000001f589ae4b20
Event: 4.936 Thread 0x000001f58988ff10 Thread added: 0x000001f589ae52f0
Event: 4.974 Thread 0x000001f58988ff10 Thread added: 0x000001f589ae2410
Event: 5.019 Thread 0x000001f58988ff10 Thread added: 0x000001f589ae2be0
Event: 5.033 Thread 0x000001f58988ff10 Thread added: 0x000001f589ae3b80
Event: 5.034 Thread 0x000001f58988ff10 Thread added: 0x000001f589ae6a60
Event: 5.034 Thread 0x000001f58988ff10 Thread added: 0x000001f58bfbc070
Event: 5.034 Thread 0x000001f58988ff10 Thread added: 0x000001f58bfba900
Event: 5.034 Thread 0x000001f58988ff10 Thread added: 0x000001f58bfbb8a0
Event: 5.042 Thread 0x000001f58988ff10 Thread added: 0x000001f58bfbfef0
Event: 5.064 Thread 0x000001f58988ff10 Thread added: 0x000001f58bfb9960
Event: 5.082 Thread 0x000001f58988ff10 Thread added: 0x000001f58bfbb0d0
Event: 5.083 Thread 0x000001f58988ff10 Thread added: 0x000001f58bfbdfb0
Event: 5.083 Thread 0x000001f58988ff10 Thread added: 0x000001f58bfbef50
Event: 5.083 Thread 0x000001f58988ff10 Thread added: 0x000001f58b85a180
Event: 5.083 Thread 0x000001f58988ff10 Thread added: 0x000001f58b85b8f0
Event: 5.091 Thread 0x000001f58988ff10 Thread added: 0x000001f58b85a950
Event: 5.121 Thread 0x000001f58988ff10 Thread added: 0x000001f58b85b120
Event: 5.127 Thread 0x000001f58988ff10 Thread added: 0x000001f58b8599b0


Dynamic libraries:
0x00007ff67a1f0000 - 0x00007ff67a1fe000 	C:\Users\ciara\.jdks\openjdk-25\bin\java.exe
0x00007ffaf5770000 - 0x00007ffaf5968000 	C:\WINDOWS\SYSTEM32\ntdll.dll
0x00007ffaf4ab0000 - 0x00007ffaf4b72000 	C:\WINDOWS\System32\KERNEL32.DLL
0x00007ffaf32c0000 - 0x00007ffaf35b6000 	C:\WINDOWS\System32\KERNELBASE.dll
0x00007ffaf3130000 - 0x00007ffaf3230000 	C:\WINDOWS\System32\ucrtbase.dll
0x00007ffaced50000 - 0x00007ffaced67000 	C:\Users\ciara\.jdks\openjdk-25\bin\jli.dll
0x00007ffacd9e0000 - 0x00007ffacd9fe000 	C:\Users\ciara\.jdks\openjdk-25\bin\VCRUNTIME140.dll
0x00007ffaf4290000 - 0x00007ffaf4431000 	C:\WINDOWS\System32\USER32.dll
0x00007ffaf35c0000 - 0x00007ffaf35e2000 	C:\WINDOWS\System32\win32u.dll
0x00007ffae6dc0000 - 0x00007ffae705b000 	C:\WINDOWS\WinSxS\amd64_microsoft.windows.common-controls_6595b64144ccf1df_6.0.19041.6456_none_60b8a6cb71f64256\COMCTL32.dll
0x00007ffaf3a00000 - 0x00007ffaf3a2b000 	C:\WINDOWS\System32\GDI32.dll
0x00007ffaf3a30000 - 0x00007ffaf3ace000 	C:\WINDOWS\System32\msvcrt.dll
0x00007ffaf2e00000 - 0x00007ffaf2f19000 	C:\WINDOWS\System32\gdi32full.dll
0x00007ffaf3670000 - 0x00007ffaf370d000 	C:\WINDOWS\System32\msvcp_win.dll
0x00007ffaf3bf0000 - 0x00007ffaf3c1f000 	C:\WINDOWS\System32\IMM32.DLL
0x00007ffacff70000 - 0x00007ffacff7c000 	C:\Users\ciara\.jdks\openjdk-25\bin\vcruntime140_1.dll
0x00007ffac75a0000 - 0x00007ffac762d000 	C:\Users\ciara\.jdks\openjdk-25\bin\msvcp140.dll
0x00007ffa8c500000 - 0x00007ffa8d35f000 	C:\Users\ciara\.jdks\openjdk-25\bin\server\jvm.dll
0x00007ffaf4450000 - 0x00007ffaf4501000 	C:\WINDOWS\System32\ADVAPI32.dll
0x00007ffaf4a10000 - 0x00007ffaf4aaf000 	C:\WINDOWS\System32\sechost.dll
0x00007ffaf3790000 - 0x00007ffaf38b0000 	C:\WINDOWS\System32\RPCRT4.dll
0x00007ffaf3710000 - 0x00007ffaf3737000 	C:\WINDOWS\System32\bcrypt.dll
0x00007ffaf56c0000 - 0x00007ffaf572b000 	C:\WINDOWS\System32\WS2_32.dll
0x00007ffaf2390000 - 0x00007ffaf23db000 	C:\WINDOWS\SYSTEM32\POWRPROF.dll
0x00007ffae8e90000 - 0x00007ffae8eb7000 	C:\WINDOWS\SYSTEM32\WINMM.dll
0x00007ffaece90000 - 0x00007ffaece9a000 	C:\WINDOWS\SYSTEM32\VERSION.dll
0x00007ffaf2200000 - 0x00007ffaf2212000 	C:\WINDOWS\SYSTEM32\UMPDC.dll
0x00007ffaf0c90000 - 0x00007ffaf0ca2000 	C:\WINDOWS\SYSTEM32\kernel.appcore.dll
0x00007ffaced40000 - 0x00007ffaced4a000 	C:\Users\ciara\.jdks\openjdk-25\bin\jimage.dll
0x00007ffae8530000 - 0x00007ffae8731000 	C:\WINDOWS\SYSTEM32\DBGHELP.DLL
0x00007ffaddeb0000 - 0x00007ffaddee4000 	C:\WINDOWS\SYSTEM32\dbgcore.DLL
0x00007ffaf3230000 - 0x00007ffaf32b2000 	C:\WINDOWS\System32\bcryptPrimitives.dll
0x00007ffacc4b0000 - 0x00007ffacc4c0000 	C:\Users\ciara\.jdks\openjdk-25\bin\instrument.dll
0x00007ffac7580000 - 0x00007ffac759f000 	C:\Users\ciara\.jdks\openjdk-25\bin\java.dll
0x00007ffaf53c0000 - 0x00007ffaf54eb000 	C:\WINDOWS\System32\ole32.dll
0x00007ffaf45c0000 - 0x00007ffaf4914000 	C:\WINDOWS\System32\combase.dll
0x00007ffaf4b90000 - 0x00007ffaf5300000 	C:\WINDOWS\System32\SHELL32.dll
0x00007ffaf0e90000 - 0x00007ffaf1635000 	C:\WINDOWS\SYSTEM32\windows.storage.dll
0x00007ffaf2830000 - 0x00007ffaf285b000 	C:\WINDOWS\SYSTEM32\Wldp.dll
0x00007ffaf3930000 - 0x00007ffaf39fd000 	C:\WINDOWS\System32\OLEAUT32.dll
0x00007ffaf41e0000 - 0x00007ffaf428d000 	C:\WINDOWS\System32\SHCORE.dll
0x00007ffaf5300000 - 0x00007ffaf535b000 	C:\WINDOWS\System32\shlwapi.dll
0x00007ffaf2d30000 - 0x00007ffaf2d54000 	C:\WINDOWS\SYSTEM32\profapi.dll
0x00007ffac7560000 - 0x00007ffac7577000 	C:\Users\ciara\.jdks\openjdk-25\bin\zip.dll
0x00007ffac7540000 - 0x00007ffac7552000 	C:\Users\ciara\.jdks\openjdk-25\bin\net.dll
0x00007ffaf2590000 - 0x00007ffaf25fa000 	C:\WINDOWS\system32\mswsock.dll
0x00007ffac7520000 - 0x00007ffac7536000 	C:\Users\ciara\.jdks\openjdk-25\bin\nio.dll
0x00007ffac7510000 - 0x00007ffac7520000 	C:\Users\ciara\.jdks\openjdk-25\bin\verify.dll
0x00007ffaced70000 - 0x00007ffaced97000 	C:\Users\ciara\.gradle\native\1def1411415f61bf3af743bc5b6707747c0891f09f0c88961ee8f79bc544acac\windows-amd64\native-platform.dll
0x00007ffac7490000 - 0x00007ffac7507000 	C:\Users\ciara\.gradle\native\0.2.8\x86_64-windows-gnu\gradle-fileevents.dll
0x00007ffac7480000 - 0x00007ffac748a000 	C:\Users\ciara\.jdks\openjdk-25\bin\management.dll
0x00007ffac71f0000 - 0x00007ffac71fc000 	C:\Users\ciara\.jdks\openjdk-25\bin\management_ext.dll
0x00007ffaf4440000 - 0x00007ffaf4448000 	C:\WINDOWS\System32\PSAPI.DLL
0x00007ffaf2220000 - 0x00007ffaf225b000 	C:\WINDOWS\SYSTEM32\IPHLPAPI.DLL
0x00007ffaf4170000 - 0x00007ffaf4178000 	C:\WINDOWS\System32\NSI.dll
0x00007ffac71e0000 - 0x00007ffac71e9000 	C:\Users\ciara\.jdks\openjdk-25\bin\extnet.dll
0x00007ffaf2780000 - 0x00007ffaf2798000 	C:\WINDOWS\SYSTEM32\CRYPTSP.dll
0x00007ffaf1e40000 - 0x00007ffaf1e78000 	C:\WINDOWS\system32\rsaenh.dll
0x00007ffaf2cf0000 - 0x00007ffaf2d1e000 	C:\WINDOWS\SYSTEM32\USERENV.dll
0x00007ffaf27a0000 - 0x00007ffaf27ac000 	C:\WINDOWS\SYSTEM32\CRYPTBASE.dll
0x00007ffac71d0000 - 0x00007ffac71de000 	C:\Users\ciara\.jdks\openjdk-25\bin\sunmscapi.dll
0x00007ffaf2f20000 - 0x00007ffaf307d000 	C:\WINDOWS\System32\CRYPT32.dll
0x00007ffaf28a0000 - 0x00007ffaf28c7000 	C:\WINDOWS\SYSTEM32\ncrypt.dll
0x00007ffaf2860000 - 0x00007ffaf289b000 	C:\WINDOWS\SYSTEM32\NTASN1.dll
0x00007ffacaf60000 - 0x00007ffacaf67000 	C:\WINDOWS\system32\wshunix.dll

JVMTI agents:
C:\Users\ciara\.gradle\wrapper\dists\gradle-9.1.0-bin\9agqghryom9wkf8r80qlhnts3\gradle-9.1.0\lib\agents\gradle-instrumentation-agent-9.1.0.jar path:C:\Users\ciara\.jdks\openjdk-25\bin\instrument.dll, loaded, initialized, instrumentlib options:none

dbghelp: loaded successfully - version: 4.0.5 - missing functions: none
symbol engine: initialized successfully - sym options: 0x614 - pdb path: .;C:\Users\ciara\.jdks\openjdk-25\bin;C:\WINDOWS\SYSTEM32;C:\WINDOWS\WinSxS\amd64_microsoft.windows.common-controls_6595b64144ccf1df_6.0.19041.6456_none_60b8a6cb71f64256;C:\Users\ciara\.jdks\openjdk-25\bin\server;C:\Users\ciara\.gradle\native\1def1411415f61bf3af743bc5b6707747c0891f09f0c88961ee8f79bc544acac\windows-amd64;C:\Users\ciara\.gradle\native\0.2.8\x86_64-windows-gnu

VM Arguments:
jvm_args: --add-opens=java.base/java.lang=ALL-UNNAMED --add-opens=java.base/java.lang.invoke=ALL-UNNAMED --add-opens=java.base/java.util=ALL-UNNAMED --add-opens=java.prefs/java.util.prefs=ALL-UNNAMED --add-exports=jdk.compiler/com.sun.tools.javac.api=ALL-UNNAMED --add-exports=jdk.compiler/com.sun.tools.javac.util=ALL-UNNAMED --add-opens=java.base/java.util=ALL-UNNAMED --add-opens=java.prefs/java.util.prefs=ALL-UNNAMED --add-opens=java.base/java.nio.charset=ALL-UNNAMED --add-opens=java.base/java.net=ALL-UNNAMED --add-opens=java.base/java.util.concurrent=ALL-UNNAMED --add-opens=java.base/java.util.concurrent.atomic=ALL-UNNAMED --add-opens=java.xml/javax.xml.namespace=ALL-UNNAMED --add-opens=java.base/java.time=ALL-UNNAMED --enable-native-access=ALL-UNNAMED -XX:MaxMetaspaceSize=384m -XX:+HeapDumpOnOutOfMemoryError -Xms256m -Xmx512m -Dfile.encoding=UTF-8 -Duser.country=IE -Duser.language=en -Duser.variant -javaagent:C:\Users\ciara\.gradle\wrapper\dists\gradle-9.1.0-bin\9agqghryom9wkf8r80qlhnts3\gradle-9.1.0\lib\agents\gradle-instrumentation-agent-9.1.0.jar 
java_command: org.gradle.launcher.daemon.bootstrap.GradleDaemon 9.1.0
java_class_path (initial): C:\Users\ciara\.gradle\wrapper\dists\gradle-9.1.0-bin\9agqghryom9wkf8r80qlhnts3\gradle-9.1.0\lib\gradle-daemon-main-9.1.0.jar
Launcher Type: SUN_STANDARD

[Global flags]
     intx CICompilerCount                          = 4                                         {product} {ergonomic}
   size_t CompressedClassSpaceSize                 = 335544320                                 {product} {ergonomic}
     uint ConcGCThreads                            = 3                                         {product} {ergonomic}
     uint G1ConcRefinementThreads                  = 10                                        {product} {ergonomic}
   size_t G1HeapRegionSize                         = 1048576                                   {product} {ergonomic}
     bool HeapDumpOnOutOfMemoryError               = true                                   {manageable} {command line}
   size_t InitialHeapSize                          = 268435456                                 {product} {command line}
   size_t MarkStackSize                            = 4194304                                   {product} {ergonomic}
   size_t MarkStackSizeMax                         = 536870912                                 {product} {ergonomic}
   size_t MaxHeapSize                              = 536870912                                 {product} {command line}
   size_t MaxMetaspaceSize                         = 402653184                                 {product} {command line}
   size_t MaxNewSize                               = 321912832                                 {product} {ergonomic}
   size_t MinHeapDeltaBytes                        = 1048576                                   {product} {ergonomic}
   size_t MinHeapSize                              = 268435456                                 {product} {command line}
    uintx NonNMethodCodeHeapSize                   = 5832704                                {pd product} {ergonomic}
    uintx NonProfiledCodeHeapSize                  = 122945536                              {pd product} {ergonomic}
    uintx ProfiledCodeHeapSize                     = 122880000                              {pd product} {ergonomic}
    uintx ReservedCodeCacheSize                    = 251658240                              {pd product} {ergonomic}
     bool SegmentedCodeCache                       = true                                      {product} {ergonomic}
   size_t SoftMaxHeapSize                          = 536870912                              {manageable} {ergonomic}
     bool UseCompressedOops                        = true                           {product lp64_product} {ergonomic}
     bool UseG1GC                                  = true                                      {product} {ergonomic}
     bool UseLargePagesIndividualAllocation        = false                                  {pd product} {ergonomic}

Logging:
Log output configuration:
 #0: stdout all=warning uptime,level,tags foldmultilines=false
 #1: stderr all=off uptime,level,tags foldmultilines=false

Release file:
IMPLEMENTOR="Oracle Corporation" 
JAVA_RUNTIME_VERSION="25+36-3489" 
JAVA_VERSION="25" 
JAVA_VERSION_DATE="2025-09-16" 
LIBC="default" 
MODULES="java.base java.compiler java.datatransfer java.xml java.prefs java.desktop java.instrument java.logging java.management java.security.sasl java.naming java.rmi java.management.rmi java.net.http java.scripting java.security.jgss java.transaction.xa java.sql java.sql.rowset java.xml.crypto java.se java.smartcardio jdk.accessibility jdk.internal.jvmstat jdk.attach jdk.charsets jdk.internal.opt jdk.zipfs jdk.compiler jdk.crypto.cryptoki jdk.crypto.ec jdk.crypto.mscapi jdk.dynalink jdk.internal.ed jdk.editpad jdk.internal.vm.ci jdk.graal.compiler jdk.graal.compiler.management jdk.hotspot.agent jdk.httpserver jdk.incubator.vector jdk.internal.le jdk.internal.md jdk.jartool jdk.javadoc jdk.jcmd jdk.management jdk.management.agent jdk.jconsole jdk.jdeps jdk.jdwp.agent jdk.jdi jdk.jfr jdk.jlink jdk.jpackage jdk.jshell jdk.jsobject jdk.jstatd jdk.localedata jdk.management.jfr jdk.naming.dns jdk.naming.rmi jdk.net jdk.nio.mapmode jdk.sctp jdk.security.auth jdk.security.jgss jdk.unsupported jdk.unsupported.desktop jdk.xml.dom" 
OS_ARCH="x86_64" 
OS_NAME="Windows" 
SOURCE=".:git:6c48f4ed707b" 

Environment Variables:
PATH=C:\Program Files\Common Files\Oracle\Java\javapath;C:\WINDOWS\system32;C:\WINDOWS;C:\WINDOWS\System32\Wbem;C:\WINDOWS\System32\WindowsPowerShell\v1.0\;C:\WINDOWS\System32\OpenSSH\;C:\Program Files\NVIDIA Corporation\NVIDIA App\NvDLISR;C:\Program Files (x86)\NVIDIA Corporation\PhysX\Common;C:\Program Files\Git\cmd;C:\Users\ciara\AppData\Local\Android\Sdk\platform-tools;C:\Program Files\ytDLP;C:\Users\ciara\AppData\Local\Muse Hub\lib;C:\Strawberry\c\bin;C:\Strawberry\perl\site\bin;C:\Strawberry\perl\bin;C:\Users\ciara\AppData\Local\Microsoft\WindowsApps;C:\Users\ciara\AppData\Local\Programs\Microsoft VS Code\bin;C:\Users\ciara\AppData\Local\Python\bin;C:\Program Files\LLVM\bin;C:\msys2\mingw64\bin;
USERNAME=ciara
OS=Windows_NT
PROCESSOR_IDENTIFIER=AMD64 Family 25 Model 33 Stepping 0, AuthenticAMD
TMP=C:\Users\ciara\AppData\Local\Temp
TEMP=C:\Users\ciara\AppData\Local\Temp




Compilation memory statistics disabled.

Periodic native trim disabled

---------------  S Y S T E M  ---------------

OS:
 Windows 10 , 64 bit Build 19041 (10.0.19041.5915)
OS uptime: 31 days 17:25 hours

CPU: total 12 (initial active 12) (12 cores per cpu, 2 threads per core) family 25 model 33 stepping 0 microcode 0x0, cx8, cmov, fxsr, ht, mmx, 3dnowpref, sse, sse2, sse3, ssse3, sse4a, sse4.1, sse4.2, popcnt, lzcnt, tsc, tscinvbit, avx, avx2, aes, erms, clmul, bmi1, bmi2, adx, sha, fma, vzeroupper, clflush, clflushopt, clwb, rdtscp, rdpid, fsrm, f16c, pku, cet_ss
Processor Information for the first 12 processors :
  Max Mhz: 3701, Current Mhz: 3701, Mhz Limit: 3701

Memory: 4k page, system-wide physical 16330M (6124M free)
TotalPageFile size 23242M (AvailPageFile size 10742M)
current process WorkingSet (physical memory assigned to process): 320M, peak: 346M
current process commit charge ("private bytes"): 463M, peak: 498M

vm_info: OpenJDK 64-Bit Server VM (25+36-3489) for windows-amd64 JRE (25+36-3489), built on 2025-08-12T17:19:28Z with unknown MS VC++:1943

END.
