#
# A fatal error has been detected by the Java Runtime Environment:
#
#  EXCEPTION_ACCESS_VIOLATION (0xc0000005) at pc=0x00007ffa1a4fe771, pid=8932, tid=3832
#
# JRE version: Java(TM) SE Runtime Environment (25.0.1+8) (build 25.0.1+8-LTS-27)
# Java VM: Java HotSpot(TM) 64-Bit Server VM (25.0.1+8-LTS-27, mixed mode, sharing, tiered, compressed oops, compressed class ptrs, g1 gc, windows-amd64)
# Problematic frame:
# C  [imgui-java64.dll+0x1ae771]
#
# No core dump will be written. Minidumps are not enabled by default on client versions of Windows
#
# If you would like to submit a bug report, please visit:
#   https://bugreport.java.com/bugreport/crash.jsp
# The crash happened outside the Java Virtual Machine in native code.
# See problematic frame for where to report the bug.
#

---------------  S U M M A R Y ------------

Command Line: --enable-native-access=ALL-UNNAMED --add-opens=java.base/sun.misc=ALL-UNNAMED --add-opens=java.base/java.nio=ALL-UNNAMED --enable-preview --enable-preview -Dfile.encoding=UTF-8 -Duser.country=IE -Duser.language=en -Duser.variant -ea Main java.library.path=libs

Host: AMD Ryzen 5 5600X 6-Core Processor             , 12 cores, 15G,  Windows 10 , 64 bit Build 19041 (10.0.19041.5915)
Time: Sun Feb 15 00:43:52 2026 GMT Standard Time elapsed time: 2.425856 seconds (0d 0h 0m 2s)

---------------  T H R E A D  ---------------

Current thread (0x0000022df5771030):  JavaThread "main"             [_thread_in_native, id=3832, stack(0x000000d1db900000,0x000000d1dba00000) (1024K)]

Stack: [0x000000d1db900000,0x000000d1dba00000],  sp=0x000000d1db9fee20,  free space=1019k
Native frames: (J=compiled Java code, j=interpreted, Vv=VM code, C=native code)
C  [imgui-java64.dll+0x1ae771]  (no source info available)
C  0x0000022d902e197f  (no source info available)

The last pc belongs to native nmethod (printed below).
Java frames: (J=compiled Java code, j=interpreted, Vv=VM code)
J 1636  imgui.ImGui.nEndMenu()V (0 bytes) @ 0x0000022d902e1946 [0x0000022d902e1900+0x0000000000000046]
J 1633 c1 Rendering.ImGui.ImGuiMenubar.render()V (185 bytes) @ 0x0000022d889b5fd4 [0x0000022d889b5280+0x0000000000000d54]
J 1632 c1 Rendering.ImGui.ImGuiEditor.render()V (89 bytes) @ 0x0000022d889b283c [0x0000022d889b27a0+0x000000000000009c]
J 1602 c1 Rendering.ImGui.ImGuiWindow.render()V (29 bytes) @ 0x0000022d889a9d04 [0x0000022d889a9a80+0x0000000000000284]
j  Jade.Window.loop()V+58
j  Jade.Window.run()V+16
j  Main.main([Ljava/lang/String;)V+5
v  ~StubRoutines::call_stub 0x0000022d8fcf12ed

siginfo: EXCEPTION_ACCESS_VIOLATION (0xc0000005), reading address 0x0000000000004180


Registers:
RAX=0x00007ffa1a93c788, RBX=0x0000022d984ef0b8, RCX=0x0000022df5771478, RDX=0x000000d1db9feeb0
RSP=0x000000d1db9fee20, RBP=0x000000d1db9feec0, RSI=0x0000000000000000, RDI=0x000000000000001e
R8 =0x00000000000000c0, R9 =0x00000000000000c0, R10=0x0000022d902e1946, R11=0x00007ffaaafb037b
R12=0x0000000000000000, R13=0x0000022d889b5f14, R14=0x000000d1db9feeb0, R15=0x0000022df5771030
RIP=0x00007ffa1a4fe771, EFLAGS=0x0000000000010202

XMM[0]=0x0000000000000000 0x0000000000000000
XMM[1]=0x0000000000000000 0x0000000000000000
XMM[2]=0x0000000000000000 0x0000000000000000
XMM[3]=0x0000000000000000 0x0000000000000000
XMM[4]=0x0000000000000000 0x0000000000000000
XMM[5]=0x0000000000000000 0x0000000000000000
XMM[6]=0x0000000000000000 0x0000000000000000
XMM[7]=0x0000000000000000 0x0000000000000000
XMM[8]=0x0000000000000000 0x0000000000000000
XMM[9]=0x0000000000000000 0x0000000042480000
XMM[10]=0x0000000000000000 0x0000000000000000
XMM[11]=0x0000000000000000 0x0000000000000000
XMM[12]=0x0000000000000000 0x0000000000000000
XMM[13]=0x0000000000000000 0x0000000000000000
XMM[14]=0x0000000000000000 0x0000000000000000
XMM[15]=0x0000000000000000 0x0000000000000000
  MXCSR=0x00001fa0


Register to memory mapping:

RAX=0x00007ffa1a93c788 imgui-java64.dll
RBX={method} {0x0000022d984ef0c0} 'invokeV' '(J)V' in 'org/lwjgl/system/JNI'
RCX=0x0000022df5771478 points into unknown readable memory: 0x0000022d9eb27450 | 50 74 b2 9e 2d 02 00 00
RDX=0x000000d1db9feeb0 is pointing into the stack for thread: 0x0000022df5771030
RSP=0x000000d1db9fee20 is pointing into the stack for thread: 0x0000022df5771030
RBP=0x000000d1db9feec0 is pointing into the stack for thread: 0x0000022df5771030
RSI=0x0 is null
RDI=0x000000000000001e is an unknown value
R8 =0x00000000000000c0 is an unknown value
R9 =0x00000000000000c0 is an unknown value
R10=0x0000022d902e1946 is at entry_point+70 in (nmethod*)0x0000022d902e1808
Compiled method (n/a) 2484 1636     n 0       imgui.ImGui::nEndMenu (native)
 total in heap  [0x0000022d902e1808,0x0000022d902e1a70] = 616
 main code      [0x0000022d902e1900,0x0000022d902e1a62] = 354
 stub code      [0x0000022d902e1a62,0x0000022d902e1a68] = 6
 oops           [0x0000022d902e1a68,0x0000022d902e1a70] = 8
 mutable data [0x0000022d9ec2fc10,0x0000022d9ec2fc30] = 32
 relocation     [0x0000022d9ec2fc10,0x0000022d9ec2fc30] = 32
R11=0x00007ffaaafb037b glfw.dll
R12=0x0 is null
R13=0x0000022d889b5f14 is at entry_point+3202 in (nmethod*)0x0000022d889b5188
Compiled method (c1) 2485 1633       3       Rendering.ImGui.ImGuiMenubar::render (185 bytes)
 total in heap  [0x0000022d889b5188,0x0000022d889b6b70] = 6632
 main code      [0x0000022d889b5280,0x0000022d889b6968] = 5864
 stub code      [0x0000022d889b6968,0x0000022d889b6aa0] = 312
 oops           [0x0000022d889b6aa0,0x0000022d889b6b70] = 208
 mutable data [0x0000022d9efe5be0,0x0000022d9efe6010] = 1072
 relocation     [0x0000022d9efe5be0,0x0000022d9efe5f50] = 880
 metadata       [0x0000022d9efe5f50,0x0000022d9efe6010] = 192
 immutable data [0x0000022d9efe5370,0x0000022d9efe5bd0] = 2144
 dependencies   [0x0000022d9efe5370,0x0000022d9efe53a8] = 56
 nul chk table  [0x0000022d9efe53a8,0x0000022d9efe53d8] = 48
 scopes pcs     [0x0000022d9efe53d8,0x0000022d9efe5878] = 1184
 scopes data    [0x0000022d9efe5878,0x0000022d9efe5bd0] = 856
R14=0x000000d1db9feeb0 is pointing into the stack for thread: 0x0000022df5771030
R15=0x0000022df5771030 is a thread

Top of Stack: (sp=0x000000d1db9fee20)
0x000000d1db9fee20:   0000022d984ef0b8 00007ffaaaf82a17   ..N.-....*......
0x000000d1db9fee30:   0000022d984ef0b8 0000000000000002   ..N.-...........
0x000000d1db9fee40:   0000022d984ef0b8 0000022d98973230   ..N.-...02..-...
0x000000d1db9fee50:   000000000000001e 0000022d902e197f   ............-...
0x000000d1db9fee60:   0000022d984ef0b8 000000d1db9feec0   ..N.-...........
0x000000d1db9fee70:   0000000000000002 0000000000000002   ................
0x000000d1db9fee80:   000000d1db9feec0 0000000710907110   .........q......
0x000000d1db9fee90:   0000022d984ef0b8 00007ffaaaf82890   ..N.-....(......
0x000000d1db9feea0:   0000000000000009 0000022d902cde90   ..........,.-...
0x000000d1db9feeb0:   00000007103cc188 0000000000000202   ..<.............
0x000000d1db9feec0:   000000d1db9ff1e0 0000022d889b5fd4   ........._..-...
0x000000d1db9feed0:   0000000000000000 0000000000000001   ................
0x000000d1db9feee0:   0000000100000000 0000000000000000   ................
0x000000d1db9feef0:   0000000000000000 0000000000000000   ................
0x000000d1db9fef00:   0000000000000000 0000000000000000   ................
0x000000d1db9fef10:   0000000000000000 0000000000000000   ................
0x000000d1db9fef20:   0000000042480000 0000000000000000   ..HB............
0x000000d1db9fef30:   0000000000000000 0000000000000000   ................
0x000000d1db9fef40:   0000000000000000 0000000000000000   ................
0x000000d1db9fef50:   0000000000000000 0000000710a6c4a8   ................
0x000000d1db9fef60:   0000000710a69818 0000000000000000   ................
0x000000d1db9fef70:   0000000000000000 0000000000000000   ................
0x000000d1db9fef80:   000000d1db9ff1e0 0000022d889b283c   ........<(..-...
0x000000d1db9fef90:   000000007f7fffff 0000022d97df2aa0   .........*..-...
0x000000d1db9fefa0:   0000022d97df2aa0 0000000000000000   .*..-...........
0x000000d1db9fefb0:   0000000000000000 0000000000000000   ................
0x000000d1db9fefc0:   0000000000000000 0000000000000000   ................
0x000000d1db9fefd0:   0000022d97df2aa0 00007ffa1a3b62ae   .*..-....b;.....
0x000000d1db9fefe0:   00007ffa1a87f19b 0000000000000000   ................
0x000000d1db9feff0:   000000d1db9ff0a0 00007ffa1a3f725c   ........\r?.....
0x000000d1db9ff000:   0000000700000804 00007ffaaaf845eb   .........E......
0x000000d1db9ff010:   0000000700000000 000000d1db9ff030   ........0.......

Instructions: (pc=0x00007ffa1a4fe771)
  0x00007ffa1a4fe671:   84 9b fc ff ff c6 44 24 44 00 e9 c0 fd ff ff f3
  0x00007ffa1a4fe681:   44 0f 10 15 07 18 3a 00 f3 0f 10 0d ef 17 3a 00
  0x00007ffa1a4fe691:   44 0f 10 c0 f3 0f 10 3d 83 17 3a 00 e9 ed fe ff
  0x00007ffa1a4fe6a1:   ff 8b 93 ec 41 00 00 85 d2 74 0a 44 22 6c 24 44
  0x00007ffa1a4fe6b1:   e9 75 f9 ff ff 44 0f b6 6c 24 30 44 22 6c 24 44
  0x00007ffa1a4fe6c1:   41 39 c7 0f 84 2a fd ff ff 44 88 6c 24 44 e9 7c
  0x00007ffa1a4fe6d1:   f9 ff ff 0f b6 44 24 43 c6 44 24 48 00 41 bd 01
  0x00007ffa1a4fe6e1:   00 00 00 83 f0 01 88 44 24 44 e9 60 f9 ff ff 0f
  0x00007ffa1a4fe6f1:   b6 44 24 43 34 01 74 48 80 7c 24 30 00 0f 85 9b
  0x00007ffa1a4fe701:   fb ff ff 45 84 ed 74 38 80 7c 24 44 00 0f 84 8b
  0x00007ffa1a4fe711:   fb ff ff f3 0f 10 83 e0 41 00 00 0f 2f 05 05 18
  0x00007ffa1a4fe721:   3a 00 0f 82 17 fd ff ff f3 0f 10 83 04 51 00 00
  0x00007ffa1a4fe731:   0f 2f 05 f0 17 3a 00 41 0f 93 c5 e9 ea f8 ff ff
  0x00007ffa1a4fe741:   88 44 24 44 e9 f6 fc ff ff 66 0f 1f 44 00 00 44
  0x00007ffa1a4fe751:   0f b6 c2 31 d2 e9 d5 f1 ff ff 0f 1f 44 00 00 57
  0x00007ffa1a4fe761:   56 53 48 83 ec 20 48 8b 05 42 df 3c 00 48 8b 30
=>0x00007ffa1a4fe771:   48 8b 9e 80 41 00 00 f6 43 17 04 74 7a 48 8b bb
  0x00007ffa1a4fe781:   b8 03 00 00 0f b7 83 10 01 00 00 66 39 83 0e 01
  0x00007ffa1a4fe791:   00 00 74 13 48 83 c4 20 5b 5e 5f e9 df df e8 ff
  0x00007ffa1a4fe7a1:   0f 1f 80 00 00 00 00 8b 86 f0 4d 00 00 85 c0 75
  0x00007ffa1a4fe7b1:   e3 e8 e9 9b e8 ff 84 c0 74 da 48 8b 86 48 4d 00
  0x00007ffa1a4fe7c1:   00 48 85 c0 74 ce 48 39 98 e8 03 00 00 75 c5 83
  0x00007ffa1a4fe7d1:   bf fc 01 00 00 01 75 bc 8b 8e a8 4c 00 00 ba 01
  0x00007ffa1a4fe7e1:   00 00 00 83 e9 01 e8 e4 8a e9 ff e8 6f 9f e8 ff
  0x00007ffa1a4fe7f1:   eb a2 0f 1f 44 00 00 e8 d3 91 05 00 84 c0 75 27
  0x00007ffa1a4fe801:   f6 43 17 04 0f 85 73 ff ff ff 41 b8 40 1e 00 00
  0x00007ffa1a4fe811:   48 8d 15 e8 f7 39 00 48 8d 0d 89 09 3a 00 ff 15
  0x00007ffa1a4fe821:   5b 1e 65 00 0f 1f 00 4c 8d 05 d1 f7 39 00 ba 40
  0x00007ffa1a4fe831:   1e 00 00 48 8d 0d 6d 09 3a 00 e8 d0 90 05 00 e9
  0x00007ffa1a4fe841:   39 ff ff ff 66 66 2e 0f 1f 84 00 00 00 00 00 41
  0x00007ffa1a4fe851:   57 41 56 41 55 41 54 55 57 56 53 48 81 ec b8 00
  0x00007ffa1a4fe861:   00 00 0f 11 74 24 40 0f 11 7c 24 50 44 0f 11 44


Stack slot to memory mapping:

stack at sp + 0 slots: {method} {0x0000022d984ef0c0} 'invokeV' '(J)V' in 'org/lwjgl/system/JNI'
stack at sp + 1 slots: 0x00007ffaaaf82a17 glfw.dll
stack at sp + 2 slots: {method} {0x0000022d984ef0c0} 'invokeV' '(J)V' in 'org/lwjgl/system/JNI'
stack at sp + 3 slots: 0x0000000000000002 is an unknown value
stack at sp + 4 slots: {method} {0x0000022d984ef0c0} 'invokeV' '(J)V' in 'org/lwjgl/system/JNI'
stack at sp + 5 slots: 0x0000022d98973230 is pointing into metadata
stack at sp + 6 slots: 0x000000000000001e is an unknown value
stack at sp + 7 slots: 0x0000022d902e197f is at entry_point+127 in (nmethod*)0x0000022d902e1808
Compiled method (n/a) 2492 1636     n 0       imgui.ImGui::nEndMenu (native)
 total in heap  [0x0000022d902e1808,0x0000022d902e1a70] = 616
 main code      [0x0000022d902e1900,0x0000022d902e1a62] = 354
 stub code      [0x0000022d902e1a62,0x0000022d902e1a68] = 6
 oops           [0x0000022d902e1a68,0x0000022d902e1a70] = 8
 mutable data [0x0000022d9ec2fc10,0x0000022d9ec2fc30] = 32
 relocation     [0x0000022d9ec2fc10,0x0000022d9ec2fc30] = 32

Lock stack of current Java thread (top to bottom):


Compiled method (n/a) 2493 1636     n 0       imgui.ImGui::nEndMenu (native)
 total in heap  [0x0000022d902e1808,0x0000022d902e1a70] = 616
 main code      [0x0000022d902e1900,0x0000022d902e1a62] = 354
 stub code      [0x0000022d902e1a62,0x0000022d902e1a68] = 6
 oops           [0x0000022d902e1a68,0x0000022d902e1a70] = 8
 mutable data [0x0000022d9ec2fc10,0x0000022d9ec2fc30] = 32
 relocation     [0x0000022d9ec2fc10,0x0000022d9ec2fc30] = 32

[Constant Pool (empty)]

[MachCode]
[Entry Point]
  # {method} {0x0000022d986393c8} 'nEndMenu' '()V' in 'imgui/ImGui'
  #           [sp+0x70]  (sp of caller)
  0x0000022d902e1900: 6690 448b | 5208 443b 

  0x0000022d902e1908: ;   {runtime_call Shared Runtime ic_miss_blob}
  0x0000022d902e1908: 5008 0f85 | d0d1 a5ff 
[Verified Entry Point]
  0x0000022d902e1910: 8984 2400 | 80ff ff55 | 488b ec48 | 83ec 6090 | 4181 7f20 | 0100 0000 

  0x0000022d902e1928: ;   {runtime_call Stub::method_entry_barrier}
  0x0000022d902e1928: 7405 e811 

  0x0000022d902e192c: ;   {oop(a 'java/lang/Class'{0x00000007103cc188} = 'imgui/ImGui')}
  0x0000022d902e192c: 29a4 ff49 | be88 c13c | 1007 0000 | 004c 8974 | 2450 4c8d | 7424 5049 | 8bd6 c5f8 

  0x0000022d902e1948: ;   {internal_word}
  0x0000022d902e1948: 7749 ba46 | 192e 902d | 0200 004d | 8997 3004 | 0000 4989 | a728 0400 | 0049 8d8f | 4804 0000 
  0x0000022d902e1968: 41c7 87d4 | 0400 0004 

  0x0000022d902e1970: ;   {runtime_call}
  0x0000022d902e1970: 0000 0048 | b8d0 2b3f | 1afa 7f00 | 00ff d0c5 | f877 41c7 | 87d4 0400 | 0005 0000 | 00f0 8344 
  0x0000022d902e1990: 24c0 0049 | 3b6f 280f | 870e 0000 | 0041 83bf | d004 0000 | 000f 8423 | 0000 00c5 | f877 498b 
  0x0000022d902e19b0: cf4c 8be4 | 4883 ec20 | 4883 e4f0 

  0x0000022d902e19bc: ;   {runtime_call}
  0x0000022d902e19bc: 48b8 a0ac | a216 fa7f | 0000 ffd0 | 498b e44d | 33e4 41c7 | 87d4 0400 | 0008 0000 | 0041 83bf 
  0x0000022d902e19dc: 5005 0000 | 020f 8459 | 0000 0049 | c787 2804 | 0000 0000 | 0000 49c7 | 8730 0400 | 0000 0000 
  0x0000022d902e19fc: 00c5 f877 | 498b 8fb8 | 0400 00c7 | 8100 0100 | 0000 0000 

  0x0000022d902e1a10: ;   {poll_return}
  0x0000022d902e1a10: 00c9 41f6 | 4728 0174 

  0x0000022d902e1a18: ;   {internal_word}
  0x0000022d902e1a18: 1649 ba12 | 1a2e 902d | 0200 004d | 8997 e004 

  0x0000022d902e1a28: ;   {runtime_call SafepointBlob}
  0x0000022d902e1a28: 0000 e931 | f5a5 ff49 | 837f 0800 | 0f85 0100 

  0x0000022d902e1a38: ;   {runtime_call Stub::forward_exception}
  0x0000022d902e1a38: 0000 c3e9 | a0f7 a0ff | c5f8 774c | 8be4 4883 | ec20 4883 

  0x0000022d902e1a4c: ;   {runtime_call}
  0x0000022d902e1a4c: e4f0 48b8 | 10f7 db16 | fa7f 0000 | ffd0 498b | e44d 33e4 | eb85 f4f4 | f4f4 f4f4 
[/MachCode]


Compiled method (c1) 2495 1633       3       Rendering.ImGui.ImGuiMenubar::render (185 bytes)
 total in heap  [0x0000022d889b5188,0x0000022d889b6b70] = 6632
 main code      [0x0000022d889b5280,0x0000022d889b6968] = 5864
 stub code      [0x0000022d889b6968,0x0000022d889b6aa0] = 312
 oops           [0x0000022d889b6aa0,0x0000022d889b6b70] = 208
 mutable data [0x0000022d9efe5be0,0x0000022d9efe6010] = 1072
 relocation     [0x0000022d9efe5be0,0x0000022d9efe5f50] = 880
 metadata       [0x0000022d9efe5f50,0x0000022d9efe6010] = 192
 immutable data [0x0000022d9efe5370,0x0000022d9efe5bd0] = 2144
 dependencies   [0x0000022d9efe5370,0x0000022d9efe53a8] = 56
 nul chk table  [0x0000022d9efe53a8,0x0000022d9efe53d8] = 48
 scopes pcs     [0x0000022d9efe53d8,0x0000022d9efe5878] = 1184
 scopes data    [0x0000022d9efe5878,0x0000022d9efe5bd0] = 856

[Constant Pool (empty)]

[MachCode]
[Instructions begin]
  0x0000022d889b5280: 660f 1f84 | 0000 0000 | 0066 0f1f | 8400 0000 | 0000 448b | 5208 443b 

  0x0000022d889b5298: ;   {runtime_call Shared Runtime ic_miss_blob}
  0x0000022d889b5298: 5008 0f85 | 4098 3807 
[Verified Entry Point]
  0x0000022d889b52a0: 8984 2400 | 80ff ff55 | 4881 ecb0 | 0000 0090 | 4181 7f20 | 0100 0000 

  0x0000022d889b52b8: ;   {runtime_call Stub::method_entry_barrier}
  0x0000022d889b52b8: 7405 e881 

  0x0000022d889b52bc: ;   {metadata(method data for {method} {0x0000022d9843ae80} 'render' '()V' in 'Rendering/ImGui/ImGuiMenubar')}
  0x0000022d889b52bc: ef36 0748 | be88 2097 | 982d 0200 | 008b be90 | 0000 0083 | c702 89be | 9000 0000 | 81e7 fe07 
  0x0000022d889b52dc: 0000 85ff | 0f84 a111 

  0x0000022d889b52e4: ;   {metadata(method data for {method} {0x0000022d9843ae80} 'render' '()V' in 'Rendering/ImGui/ImGuiMenubar')}
  0x0000022d889b52e4: 0000 48be | 8820 9798 | 2d02 0000 | 4883 86d8 | 0000 0001 

  0x0000022d889b52f8: ;   {metadata(method data for {method} {0x0000022d98638e10} 'beginMainMenuBar' '()Z' in 'imgui/ImGui')}
  0x0000022d889b52f8: 48be e02f | 9798 2d02 | 0000 8bbe | 9000 0000 | 83c7 0289 | be90 0000 | 0081 e7fe | ff1f 0085 
  0x0000022d889b5318: ff0f 8489 

  0x0000022d889b531c: ;   {metadata(method data for {method} {0x0000022d98638e10} 'beginMainMenuBar' '()Z' in 'imgui/ImGui')}
  0x0000022d889b531c: 1100 0048 | bee0 2f97 | 982d 0200 | 0048 8386 | d800 0000 | 0166 0f1f 

  0x0000022d889b5334: ;   {static_call}
  0x0000022d889b5334: 4400 00e8 

  0x0000022d889b5338: ; ImmutableOopMap {}
                      ;*invokestatic nBeginMainMenuBar {reexecute=0 rethrow=0 return_oop=0}
                      ; - imgui.ImGui::beginMainMenuBar@0 (line 10091)
                      ; - Rendering.ImGui.ImGuiMenubar::render@0 (line 15)
  0x0000022d889b5338: d454 9207 

  0x0000022d889b533c: ;   {post_call_nop}
  0x0000022d889b533c: 0f1f 8400 | b401 0000 | 83e0 0185 

  0x0000022d889b5348: ;   {metadata(method data for {method} {0x0000022d9843ae80} 'render' '()V' in 'Rendering/ImGui/ImGuiMenubar')}
  0x0000022d889b5348: c048 ba88 | 2097 982d | 0200 00be | e800 0000 | 7405 bef8 | 0000 0048 | 8b3c 3248 | 8d7f 0148 
  0x0000022d889b5368: 893c 320f | 8403 1100 

  0x0000022d889b5370: ;   {metadata(method data for {method} {0x0000022d9843ae80} 'render' '()V' in 'Rendering/ImGui/ImGuiMenubar')}
  0x0000022d889b5370: 0048 ba88 | 2097 982d | 0200 0048 | 8382 0801 

  0x0000022d889b5380: ;   {metadata(method data for {method} {0x0000022d986390a0} 'beginMenu' '(Ljava/lang/String;)Z' in 'imgui/ImGui')}
  0x0000022d889b5380: 0000 0148 | bab0 4096 | 982d 0200 | 008b b290 | 0000 0083 | c602 89b2 | 9000 0000 | 81e6 feff 
  0x0000022d889b53a0: 1f00 85f6 | 0f84 1f11 

  0x0000022d889b53a8: ;   {metadata(method data for {method} {0x0000022d986390a0} 'beginMenu' '(Ljava/lang/String;)Z' in 'imgui/ImGui')}
  0x0000022d889b53a8: 0000 48ba | b040 9698 | 2d02 0000 | 4883 82d8 | 0000 0001 

  0x0000022d889b53bc: ;   {oop("File"{0x000000070fdd4b00})}
  0x0000022d889b53bc: 48ba 004b | dd0f 0700 

  0x0000022d889b53c4: ;   {static_call}
  0x0000022d889b53c4: 0000 90e8 

  0x0000022d889b53c8: ; ImmutableOopMap {}
                      ;*invokestatic nBeginMenu {reexecute=0 rethrow=0 return_oop=0}
                      ; - imgui.ImGui::beginMenu@1 (line 10113)
                      ; - Rendering.ImGui.ImGuiMenubar::render@8 (line 17)
  0x0000022d889b53c8: c499 9107 

  0x0000022d889b53cc: ;   {post_call_nop}
  0x0000022d889b53cc: 0f1f 8400 | 4402 0001 | 83e0 0185 

  0x0000022d889b53d8: ;   {metadata(method data for {method} {0x0000022d9843ae80} 'render' '()V' in 'Rendering/ImGui/ImGuiMenubar')}
  0x0000022d889b53d8: c048 ba88 | 2097 982d | 0200 0041 | b818 0100 | 0074 0641 | b828 0100 | 004e 8b0c | 024d 8d49 
  0x0000022d889b53f8: 014e 890c | 020f 84d9 

  0x0000022d889b5400: ;   {metadata(method data for {method} {0x0000022d9843ae80} 'render' '()V' in 'Rendering/ImGui/ImGuiMenubar')}
  0x0000022d889b5400: 0b00 0048 | ba88 2097 | 982d 0200 | 0048 8382 | 3801 0000 

  0x0000022d889b5414: ;   {metadata(method data for {method} {0x0000022d98639a38} 'menuItem' '(Ljava/lang/String;Ljava/lang/String;ZZ)Z' in 'imgui/ImGui')}
  0x0000022d889b5414: 0148 bae8 | 5696 982d | 0200 0044 | 8b82 9000 | 0000 4183 | c002 4489 | 8290 0000 | 0041 81e0 
  0x0000022d889b5434: feff 1f00 | 4585 c00f | 84a9 1000 

  0x0000022d889b5440: ;   {metadata(method data for {method} {0x0000022d98639a38} 'menuItem' '(Ljava/lang/String;Ljava/lang/String;ZZ)Z' in 'imgui/ImGui')}
  0x0000022d889b5440: 0048 bae8 | 5696 982d | 0200 0048 | 8382 d800 

  0x0000022d889b5450: ;   {oop("New"{0x000000070fa2c248})}
  0x0000022d889b5450: 0000 0148 | ba48 c2a2 | 0f07 0000 

  0x0000022d889b545c: ;   {oop("Ctrl+N"{0x000000070fa2c278})}
  0x0000022d889b545c: 0049 b878 | c2a2 0f07 | 0000 0041 | b900 0000 | 00bf 0100 | 0000 0f1f 

  0x0000022d889b5474: ;   {static_call}
  0x0000022d889b5474: 4400 00e8 

  0x0000022d889b5478: ; ImmutableOopMap {}
                      ;*invokestatic nMenuItem {reexecute=0 rethrow=0 return_oop=0}
                      ; - imgui.ImGui::menuItem@4 (line 10208)
                      ; - Rendering.ImGui.ImGuiMenubar::render@20 (line 18)
  0x0000022d889b5478: 94b8 9207 

  0x0000022d889b547c: ;   {post_call_nop}
  0x0000022d889b547c: 0f1f 8400 | f402 0002 

  0x0000022d889b5484: ;   {metadata(method data for {method} {0x0000022d9843ae80} 'render' '()V' in 'Rendering/ImGui/ImGuiMenubar')}
  0x0000022d889b5484: 48ba 8820 | 9798 2d02 | 0000 4883 | 8248 0100 

  0x0000022d889b5494: ;   {metadata(method data for {method} {0x0000022d98639a38} 'menuItem' '(Ljava/lang/String;Ljava/lang/String;ZZ)Z' in 'imgui/ImGui')}
  0x0000022d889b5494: 0001 48ba | e856 9698 | 2d02 0000 | 448b 8290 | 0000 0041 | 83c0 0244 | 8982 9000 | 0000 4181 
  0x0000022d889b54b4: e0fe ff1f | 0045 85c0 | 0f84 4910 

  0x0000022d889b54c0: ;   {metadata(method data for {method} {0x0000022d98639a38} 'menuItem' '(Ljava/lang/String;Ljava/lang/String;ZZ)Z' in 'imgui/ImGui')}
  0x0000022d889b54c0: 0000 48ba | e856 9698 | 2d02 0000 | 4883 82d8 | 0000 0001 

  0x0000022d889b54d4: ;   {oop("Open"{0x000000070fa2c440})}
  0x0000022d889b54d4: 48ba 40c4 | a20f 0700 

  0x0000022d889b54dc: ;   {oop("Ctrl+O"{0x000000070fa2c470})}
  0x0000022d889b54dc: 0000 49b8 | 70c4 a20f | 0700 0000 | 41b9 0000 | 0000 bf01 | 0000 000f 

  0x0000022d889b54f4: ;   {static_call}
  0x0000022d889b54f4: 1f40 00e8 

  0x0000022d889b54f8: ; ImmutableOopMap {}
                      ;*invokestatic nMenuItem {reexecute=0 rethrow=0 return_oop=0}
                      ; - imgui.ImGui::menuItem@4 (line 10208)
                      ; - Rendering.ImGui.ImGuiMenubar::render@30 (line 19)
  0x0000022d889b54f8: 14b8 9207 

  0x0000022d889b54fc: ;   {post_call_nop}
  0x0000022d889b54fc: 0f1f 8400 | 7403 0003 

  0x0000022d889b5504: ;   {metadata(method data for {method} {0x0000022d9843ae80} 'render' '()V' in 'Rendering/ImGui/ImGuiMenubar')}
  0x0000022d889b5504: 48ba 8820 | 9798 2d02 | 0000 4883 | 8258 0100 

  0x0000022d889b5514: ;   {metadata(method data for {method} {0x0000022d98639158} 'beginMenu' '(Ljava/lang/String;Z)Z' in 'imgui/ImGui')}
  0x0000022d889b5514: 0001 48ba | 0031 9798 | 2d02 0000 | 448b 8290 | 0000 0041 | 83c0 0244 | 8982 9000 | 0000 4181 
  0x0000022d889b5534: e0fe ff1f | 0045 85c0 | 0f84 ea0f 

  0x0000022d889b5540: ;   {metadata(method data for {method} {0x0000022d98639158} 'beginMenu' '(Ljava/lang/String;Z)Z' in 'imgui/ImGui')}
  0x0000022d889b5540: 0000 48ba | 0031 9798 | 2d02 0000 | 4883 82d8 | 0000 0001 

  0x0000022d889b5554: ;   {oop("Open Recent"{0x000000070fa2c4a0})}
  0x0000022d889b5554: 48ba a0c4 | a20f 0700 | 0000 41b8 | 0000 0000 

  0x0000022d889b5564: ;   {static_call}
  0x0000022d889b5564: 6666 90e8 

  0x0000022d889b5568: ; ImmutableOopMap {}
                      ;*invokestatic nBeginMenu {reexecute=0 rethrow=0 return_oop=0}
                      ; - imgui.ImGui::beginMenu@2 (line 10120)
                      ; - Rendering.ImGui.ImGuiMenubar::render@37 (line 21)
  0x0000022d889b5568: a4c0 9207 

  0x0000022d889b556c: ;   {post_call_nop}
  0x0000022d889b556c: 0f1f 8400 | e403 0004 | 83e0 0185 

  0x0000022d889b5578: ;   {metadata(method data for {method} {0x0000022d9843ae80} 'render' '()V' in 'Rendering/ImGui/ImGuiMenubar')}
  0x0000022d889b5578: c048 ba88 | 2097 982d | 0200 0041 | b868 0100 | 0074 0641 | b878 0100 | 004e 8b0c | 024d 8d49 
  0x0000022d889b5598: 014e 890c | 020f 8459 

  0x0000022d889b55a0: ;   {metadata(method data for {method} {0x0000022d9843ae80} 'render' '()V' in 'Rendering/ImGui/ImGuiMenubar')}
  0x0000022d889b55a0: 0100 0048 | ba88 2097 | 982d 0200 | 0048 8382 | 8801 0000 

  0x0000022d889b55b4: ;   {metadata(method data for {method} {0x0000022d98639a38} 'menuItem' '(Ljava/lang/String;Ljava/lang/String;ZZ)Z' in 'imgui/ImGui')}
  0x0000022d889b55b4: 0148 bae8 | 5696 982d | 0200 0044 | 8b82 9000 | 0000 4183 | c002 4489 | 8290 0000 | 0041 81e0 
  0x0000022d889b55d4: feff 1f00 | 4585 c00f | 846c 0f00 

  0x0000022d889b55e0: ;   {metadata(method data for {method} {0x0000022d98639a38} 'menuItem' '(Ljava/lang/String;Ljava/lang/String;ZZ)Z' in 'imgui/ImGui')}
  0x0000022d889b55e0: 0048 bae8 | 5696 982d | 0200 0048 | 8382 d800 

  0x0000022d889b55f0: ;   {oop("File 1"{0x0000000710800408})}
  0x0000022d889b55f0: 0000 0148 | ba08 0480 | 1007 0000 

  0x0000022d889b55fc: ;   {oop(nullptr)}
  0x0000022d889b55fc: 0049 b800 | 0000 0000 | 0000 0041 | b900 0000 | 00bf 0100 | 0000 0f1f 

  0x0000022d889b5614: ;   {static_call}
  0x0000022d889b5614: 4400 00e8 

  0x0000022d889b5618: ; ImmutableOopMap {}
                      ;*invokestatic nMenuItem {reexecute=0 rethrow=0 return_oop=0}
                      ; - imgui.ImGui::menuItem@4 (line 10208)
                      ; - Rendering.ImGui.ImGuiMenubar::render@48 (line 22)
  0x0000022d889b5618: c49d 3807 

  0x0000022d889b561c: ;   {post_call_nop}
  0x0000022d889b561c: 0f1f 8400 | 9404 0005 

  0x0000022d889b5624: ;   {metadata(method data for {method} {0x0000022d9843ae80} 'render' '()V' in 'Rendering/ImGui/ImGuiMenubar')}
  0x0000022d889b5624: 48ba 8820 | 9798 2d02 | 0000 4883 | 8298 0100 

  0x0000022d889b5634: ;   {metadata(method data for {method} {0x0000022d98639a38} 'menuItem' '(Ljava/lang/String;Ljava/lang/String;ZZ)Z' in 'imgui/ImGui')}
  0x0000022d889b5634: 0001 48ba | e856 9698 | 2d02 0000 | 448b 8290 | 0000 0041 | 83c0 0244 | 8982 9000 | 0000 4181 
  0x0000022d889b5654: e0fe ff1f | 0045 85c0 | 0f84 0c0f 

  0x0000022d889b5660: ;   {metadata(method data for {method} {0x0000022d98639a38} 'menuItem' '(Ljava/lang/String;Ljava/lang/String;ZZ)Z' in 'imgui/ImGui')}
  0x0000022d889b5660: 0000 48ba | e856 9698 | 2d02 0000 | 4883 82d8 | 0000 0001 

  0x0000022d889b5674: ;   {oop("File 2"{0x0000000710800438})}
  0x0000022d889b5674: 48ba 3804 | 8010 0700 

  0x0000022d889b567c: ;   {oop(nullptr)}
  0x0000022d889b567c: 0000 49b8 | 0000 0000 | 0000 0000 | 41b9 0000 | 0000 bf01 | 0000 000f 

  0x0000022d889b5694: ;   {static_call}
  0x0000022d889b5694: 1f40 00e8 

  0x0000022d889b5698: ; ImmutableOopMap {}
                      ;*invokestatic nMenuItem {reexecute=0 rethrow=0 return_oop=0}
                      ; - imgui.ImGui::menuItem@4 (line 10208)
                      ; - Rendering.ImGui.ImGuiMenubar::render@57 (line 23)
  0x0000022d889b5698: 449d 3807 

  0x0000022d889b569c: ;   {post_call_nop}
  0x0000022d889b569c: 0f1f 8400 | 1405 0006 

  0x0000022d889b56a4: ;   {metadata(method data for {method} {0x0000022d9843ae80} 'render' '()V' in 'Rendering/ImGui/ImGuiMenubar')}
  0x0000022d889b56a4: 48be 8820 | 9798 2d02 | 0000 4883 | 86a8 0100 

  0x0000022d889b56b4: ;   {metadata(method data for {method} {0x0000022d98639338} 'endMenu' '()V' in 'imgui/ImGui')}
  0x0000022d889b56b4: 0001 48be | 3032 9798 | 2d02 0000 | 8bbe 9000 | 0000 83c7 | 0289 be90 | 0000 0081 | e7fe ff1f 
  0x0000022d889b56d4: 0085 ff0f | 84b2 0e00 

  0x0000022d889b56dc: ;   {metadata(method data for {method} {0x0000022d98639338} 'endMenu' '()V' in 'imgui/ImGui')}
  0x0000022d889b56dc: 0048 be30 | 3297 982d | 0200 0048 | 8386 d800 

  0x0000022d889b56ec: ;   {static_call}
  0x0000022d889b56ec: 0000 01e8 

  0x0000022d889b56f0: ; ImmutableOopMap {}
                      ;*invokestatic nEndMenu {reexecute=0 rethrow=0 return_oop=0}
                      ; - imgui.ImGui::endMenu@0 (line 10141)
                      ; - Rendering.ImGui.ImGuiMenubar::render@61 (line 24)
  0x0000022d889b56f0: ec9c 3807 

  0x0000022d889b56f4: ;   {post_call_nop}
  0x0000022d889b56f4: 0f1f 8400 | 6c05 0007 

  0x0000022d889b56fc: ;   {metadata(method data for {method} {0x0000022d9843ae80} 'render' '()V' in 'Rendering/ImGui/ImGuiMenubar')}
  0x0000022d889b56fc: 48ba 8820 | 9798 2d02 | 0000 4883 | 82b8 0100 

  0x0000022d889b570c: ;   {metadata(method data for {method} {0x0000022d98639a38} 'menuItem' '(Ljava/lang/String;Ljava/lang/String;ZZ)Z' in 'imgui/ImGui')}
  0x0000022d889b570c: 0001 48ba | e856 9698 | 2d02 0000 | 448b 8290 | 0000 0041 | 83c0 0244 | 8982 9000 | 0000 4181 
  0x0000022d889b572c: e0fe ff1f | 0045 85c0 | 0f84 760e 

  0x0000022d889b5738: ;   {metadata(method data for {method} {0x0000022d98639a38} 'menuItem' '(Ljava/lang/String;Ljava/lang/String;ZZ)Z' in 'imgui/ImGui')}
  0x0000022d889b5738: 0000 48ba | e856 9698 | 2d02 0000 | 4883 82d8 | 0000 0001 

  0x0000022d889b574c: ;   {oop("Save"{0x000000070fa2c660})}
  0x0000022d889b574c: 48ba 60c6 | a20f 0700 

  0x0000022d889b5754: ;   {oop("Ctrl+S"{0x000000070fa2c690})}
  0x0000022d889b5754: 0000 49b8 | 90c6 a20f | 0700 0000 | 41b9 0000 | 0000 bf01 | 0000 000f 

  0x0000022d889b576c: ;   {static_call}
  0x0000022d889b576c: 1f40 00e8 

  0x0000022d889b5770: ; ImmutableOopMap {}
                      ;*invokestatic nMenuItem {reexecute=0 rethrow=0 return_oop=0}
                      ; - imgui.ImGui::menuItem@4 (line 10208)
                      ; - Rendering.ImGui.ImGuiMenubar::render@70 (line 26)
  0x0000022d889b5770: 9cb5 9207 

  0x0000022d889b5774: ;   {post_call_nop}
  0x0000022d889b5774: 0f1f 8400 | ec05 0008 

  0x0000022d889b577c: ;   {metadata(method data for {method} {0x0000022d9843ae80} 'render' '()V' in 'Rendering/ImGui/ImGuiMenubar')}
  0x0000022d889b577c: 48ba 8820 | 9798 2d02 | 0000 4883 | 82c8 0100 

  0x0000022d889b578c: ;   {metadata(method data for {method} {0x0000022d98639a38} 'menuItem' '(Ljava/lang/String;Ljava/lang/String;ZZ)Z' in 'imgui/ImGui')}
  0x0000022d889b578c: 0001 48ba | e856 9698 | 2d02 0000 | 448b 8290 | 0000 0041 | 83c0 0244 | 8982 9000 | 0000 4181 
  0x0000022d889b57ac: e0fe ff1f | 0045 85c0 | 0f84 170e 

  0x0000022d889b57b8: ;   {metadata(method data for {method} {0x0000022d98639a38} 'menuItem' '(Ljava/lang/String;Ljava/lang/String;ZZ)Z' in 'imgui/ImGui')}
  0x0000022d889b57b8: 0000 48ba | e856 9698 | 2d02 0000 | 4883 82d8 | 0000 0001 

  0x0000022d889b57cc: ;   {oop("Save As..."{0x000000070fa2c6c0})}
  0x0000022d889b57cc: 48ba c0c6 | a20f 0700 

  0x0000022d889b57d4: ;   {oop(nullptr)}
  0x0000022d889b57d4: 0000 49b8 | 0000 0000 | 0000 0000 | 41b9 0000 | 0000 bf01 | 0000 000f 

  0x0000022d889b57ec: ;   {static_call}
  0x0000022d889b57ec: 1f40 00e8 

  0x0000022d889b57f0: ; ImmutableOopMap {}
                      ;*invokestatic nMenuItem {reexecute=0 rethrow=0 return_oop=0}
                      ; - imgui.ImGui::menuItem@4 (line 10208)
                      ; - Rendering.ImGui.ImGuiMenubar::render@79 (line 27)
  0x0000022d889b57f0: 1cb5 9207 

  0x0000022d889b57f4: ;   {post_call_nop}
  0x0000022d889b57f4: 0f1f 8400 | 6c06 0009 

  0x0000022d889b57fc: ;   {metadata(method data for {method} {0x0000022d9843ae80} 'render' '()V' in 'Rendering/ImGui/ImGuiMenubar')}
  0x0000022d889b57fc: 48be 8820 | 9798 2d02 | 0000 4883 | 86d8 0100 

  0x0000022d889b580c: ;   {metadata(method data for {method} {0x0000022d98604f60} 'separator' '()V' in 'imgui/ImGui')}
  0x0000022d889b580c: 0001 48be | 2858 9698 | 2d02 0000 | 8bbe 9000 | 0000 83c7 | 0289 be90 | 0000 0081 | e7fe ff1f 
  0x0000022d889b582c: 0085 ff0f | 84bd 0d00 

  0x0000022d889b5834: ;   {metadata(method data for {method} {0x0000022d98604f60} 'separator' '()V' in 'imgui/ImGui')}
  0x0000022d889b5834: 0048 be28 | 5896 982d | 0200 0048 | 8386 d800 

  0x0000022d889b5844: ;   {static_call}
  0x0000022d889b5844: 0000 01e8 

  0x0000022d889b5848: ; ImmutableOopMap {}
                      ;*invokestatic nSeparator {reexecute=0 rethrow=0 return_oop=0}
                      ; - imgui.ImGui::separator@0 (line 2550)
                      ; - Rendering.ImGui.ImGuiMenubar::render@83 (line 28)
  0x0000022d889b5848: c461 9207 

  0x0000022d889b584c: ;   {post_call_nop}
  0x0000022d889b584c: 0f1f 8400 | c406 000a 

  0x0000022d889b5854: ;   {metadata(method data for {method} {0x0000022d9843ae80} 'render' '()V' in 'Rendering/ImGui/ImGuiMenubar')}
  0x0000022d889b5854: 48ba 8820 | 9798 2d02 | 0000 4883 | 82e8 0100 

  0x0000022d889b5864: ;   {metadata(method data for {method} {0x0000022d98639a38} 'menuItem' '(Ljava/lang/String;Ljava/lang/String;ZZ)Z' in 'imgui/ImGui')}
  0x0000022d889b5864: 0001 48ba | e856 9698 | 2d02 0000 | 448b 8290 | 0000 0041 | 83c0 0244 | 8982 9000 | 0000 4181 
  0x0000022d889b5884: e0fe ff1f | 0045 85c0 | 0f84 810d 

  0x0000022d889b5890: ;   {metadata(method data for {method} {0x0000022d98639a38} 'menuItem' '(Ljava/lang/String;Ljava/lang/String;ZZ)Z' in 'imgui/ImGui')}
  0x0000022d889b5890: 0000 48ba | e856 9698 | 2d02 0000 | 4883 82d8 | 0000 0001 

  0x0000022d889b58a4: ;   {oop("Quit"{0x000000070fa2c6f8})}
  0x0000022d889b58a4: 48ba f8c6 | a20f 0700 

  0x0000022d889b58ac: ;   {oop("Alt+F4"{0x000000070fa2c728})}
  0x0000022d889b58ac: 0000 49b8 | 28c7 a20f | 0700 0000 | 41b9 0000 | 0000 bf01 | 0000 000f 

  0x0000022d889b58c4: ;   {static_call}
  0x0000022d889b58c4: 1f40 00e8 

  0x0000022d889b58c8: ; ImmutableOopMap {}
                      ;*invokestatic nMenuItem {reexecute=0 rethrow=0 return_oop=0}
                      ; - imgui.ImGui::menuItem@4 (line 10208)
                      ; - Rendering.ImGui.ImGuiMenubar::render@92 (line 30)
  0x0000022d889b58c8: 44b4 9207 

  0x0000022d889b58cc: ;   {post_call_nop}
  0x0000022d889b58cc: 0f1f 8400 | 4407 000b | 83e0 0185 

  0x0000022d889b58d8: ;   {metadata(method data for {method} {0x0000022d9843ae80} 'render' '()V' in 'Rendering/ImGui/ImGuiMenubar')}
  0x0000022d889b58d8: c048 ba88 | 2097 982d | 0200 00be | f801 0000 | 7405 be08 | 0200 0048 | 8b3c 3248 | 8d7f 0148 
  0x0000022d889b58f8: 893c 320f | 8483 0600 

  0x0000022d889b5900: ;   {metadata(method data for {method} {0x0000022d9843ae80} 'render' '()V' in 'Rendering/ImGui/ImGuiMenubar')}
  0x0000022d889b5900: 0048 ba88 | 2097 982d | 0200 0048 | 8382 1802 

  0x0000022d889b5910: ;   {metadata(method data for {method} {0x0000022d984016d8} 'get' '()LJade/Window;' in 'Jade/Window')}
  0x0000022d889b5910: 0000 0148 | baa0 0596 | 982d 0200 | 008b b290 | 0000 0083 | c602 89b2 | 9000 0000 | 81e6 feff 
  0x0000022d889b5930: 1f00 85f6 | 0f84 fa0c 

  0x0000022d889b5938: ;   {oop(a 'java/lang/Class'{0x0000000710a690b8} = 'Jade/Window')}
  0x0000022d889b5938: 0000 48ba | b890 a610 | 0700 0000 | 8b52 7848 | c1e2 0348 

  0x0000022d889b594c: ;   {metadata(method data for {method} {0x0000022d984016d8} 'get' '()LJade/Window;' in 'Jade/Window')}
  0x0000022d889b594c: 85d2 48ba | a005 9698 | 2d02 0000 | bed8 0000 | 0075 05be | e800 0000 | 488b 3c32 | 488d 7f01 
  0x0000022d889b596c: 4889 3c32 | 0f85 c400 

  0x0000022d889b5974: ;   {metadata('Jade/Window')}
  0x0000022d889b5974: 0000 48ba | 1002 049d | 0000 0000 | 498b 87c8 | 0100 0048 | 8d78 2849 | 3bbf d801 | 0000 0f87 
  0x0000022d889b5994: bd0c 0000 | 4989 bfc8 | 0100 0048 | c700 0100 | 0000 488b | ca41 ba00 | 0000 9c49 | 2bca 8948 
  0x0000022d889b59b4: 0848 33c9 | 8948 0c48 | 33c9 4889 | 4810 4889 | 4818 4889 | 4820 488b 

  0x0000022d889b59cc: ;   {metadata(method data for {method} {0x0000022d984016d8} 'get' '()LJade/Window;' in 'Jade/Window')}
  0x0000022d889b59cc: d048 bea0 | 0596 982d | 0200 0048 | 8386 f800 | 0000 0148 | 8bd0 4889 | 8424 8000 | 0000 0f1f 
  0x0000022d889b59ec: ;   {optimized virtual_call}
  0x0000022d889b59ec: 4400 00e8 

  0x0000022d889b59f0: ; ImmutableOopMap {[128]=Oop }
                      ;*invokespecial <init> {reexecute=0 rethrow=0 return_oop=0}
                      ; - Jade.Window::get@10 (line 70)
                      ; - Rendering.ImGui.ImGuiMenubar::render@98 (line 30)
  0x0000022d889b59f0: ec93 3807 

  0x0000022d889b59f4: ;   {post_call_nop}
  0x0000022d889b59f4: 0f1f 8400 | 6c08 000c 

  0x0000022d889b59fc: ;   {oop(a 'java/lang/Class'{0x0000000710a690b8} = 'Jade/Window')}
  0x0000022d889b59fc: 48ba b890 | a610 0700 | 0000 410f | be77 4885 | f60f 854f | 0c00 0048 | 8b84 2480 | 0000 004c 
  0x0000022d889b5a1c: 8bd0 49c1 | ea03 4489 | 5278 488b | f248 33f0 | 48c1 ee15 | 4883 fe00 | 0f85 470c 

  0x0000022d889b5a38: ;   {oop(a 'java/lang/Class'{0x0000000710a690b8} = 'Jade/Window')}
  0x0000022d889b5a38: 0000 48ba | b890 a610 | 0700 0000 | 8b72 7848 | c1e6 0348 | 89b4 2490 | 0000 0048 | 3b06 488b 
  0x0000022d889b5a58: ;   {metadata(method data for {method} {0x0000022d9843ae80} 'render' '()V' in 'Rendering/ImGui/ImGuiMenubar')}
  0x0000022d889b5a58: d648 bf88 | 2097 982d 

  0x0000022d889b5a60: ;   {metadata('Jade/Window')}
  0x0000022d889b5a60: 0200 0049 | ba10 0204 | 9d00 0000 | 004c 8997 | 3002 0000 | 4883 8738 | 0200 0001 

  0x0000022d889b5a7c: ;   {metadata(method data for {method} {0x0000022d98401c80} 'destroy' '()V' in 'Jade/Window')}
  0x0000022d889b5a7c: 48ba 5033 | 9798 2d02 | 0000 8bba | 9000 0000 | 83c7 0289 | ba90 0000 | 0081 e7fe | ff1f 0085 
  0x0000022d889b5a9c: ff0f 84fb | 0b00 008b | 7e20 48c1 | e703 483b | 0748 8bd7 

  0x0000022d889b5ab0: ;   {metadata(method data for {method} {0x0000022d98401c80} 'destroy' '()V' in 'Jade/Window')}
  0x0000022d889b5ab0: 48bb 5033 | 9798 2d02 

  0x0000022d889b5ab8: ;   {metadata('Rendering/ImGui/ImGuiWindow')}
  0x0000022d889b5ab8: 0000 49ba | 6004 049d | 0000 0000 | 4c89 93e0 | 0000 0048 | 8383 e800 

  0x0000022d889b5ad0: ;   {metadata(method data for {method} {0x0000022d98403c58} 'destroy' '()V' in 'Rendering/ImGui/ImGuiWindow')}
  0x0000022d889b5ad0: 0000 0148 | ba08 3597 | 982d 0200 | 008b 9a90 | 0000 0083 | c302 899a | 9000 0000 | 81e3 feff 
  0x0000022d889b5af0: 1f00 85db | 0f84 ca0b | 0000 8b57 | 1848 c1e2 | 0348 3b02 

  0x0000022d889b5b04: ;   {metadata(method data for {method} {0x0000022d98403c58} 'destroy' '()V' in 'Rendering/ImGui/ImGuiWindow')}
  0x0000022d889b5b04: 488b da48 | b808 3597 | 982d 0200 

  0x0000022d889b5b10: ;   {metadata('imgui/gl3/ImGuiImplGl3')}
  0x0000022d889b5b10: 0049 ba20 | 3704 9d00 | 0000 004c | 8990 e000 | 0000 4883 | 80e8 0000 | 0001 4889 | bc24 8800 
  0x0000022d889b5b30: 0000 0f1f 

  0x0000022d889b5b34: ;   {optimized virtual_call}
  0x0000022d889b5b34: 4400 00e8 

  0x0000022d889b5b38: ; ImmutableOopMap {[136]=Oop [144]=Oop }
                      ;*invokevirtual shutdown {reexecute=0 rethrow=0 return_oop=0}
                      ; - Rendering.ImGui.ImGuiWindow::destroy@4 (line 135)
                      ; - Jade.Window::destroy@4 (line 190)
                      ; - Rendering.ImGui.ImGuiMenubar::render@101 (line 30)
  0x0000022d889b5b38: 310e 0000 

  0x0000022d889b5b3c: ;   {post_call_nop}
  0x0000022d889b5b3c: 0f1f 8400 | b409 000d | 488b bc24 | 8800 0000 | 8b57 0c48 | c1e2 0348 | 3b02 488b 

  0x0000022d889b5b58: ;   {metadata(method data for {method} {0x0000022d98403c58} 'destroy' '()V' in 'Rendering/ImGui/ImGuiWindow')}
  0x0000022d889b5b58: f248 bf08 | 3597 982d 

  0x0000022d889b5b60: ;   {metadata('imgui/glfw/ImGuiImplGlfw')}
  0x0000022d889b5b60: 0200 0049 | baa0 0604 | 9d00 0000 | 004c 8997 | 1001 0000 | 4883 8718 | 0100 0001 

  0x0000022d889b5b7c: ;   {optimized virtual_call}
  0x0000022d889b5b7c: 6666 90e8 

  0x0000022d889b5b80: ; ImmutableOopMap {[144]=Oop }
                      ;*invokevirtual shutdown {reexecute=0 rethrow=0 return_oop=0}
                      ; - Rendering.ImGui.ImGuiWindow::destroy@11 (line 136)
                      ; - Jade.Window::destroy@4 (line 190)
                      ; - Rendering.ImGui.ImGuiMenubar::render@101 (line 30)
  0x0000022d889b5b80: f90d 0000 

  0x0000022d889b5b84: ;   {post_call_nop}
  0x0000022d889b5b84: 0f1f 8400 | fc09 000e 

  0x0000022d889b5b8c: ;   {metadata(method data for {method} {0x0000022d98403c58} 'destroy' '()V' in 'Rendering/ImGui/ImGuiWindow')}
  0x0000022d889b5b8c: 48be 0835 | 9798 2d02 | 0000 4883 | 8638 0100 

  0x0000022d889b5b9c: ;   {metadata(method data for {method} {0x0000022d985f4800} 'destroyContext' '()V' in 'imgui/ImGui')}
  0x0000022d889b5b9c: 0001 48be | c83a 9798 | 2d02 0000 | 8bbe 9000 | 0000 83c7 | 0289 be90 | 0000 0081 | e7fe ff1f 
  0x0000022d889b5bbc: 0085 ff0f | 842a 0b00 

  0x0000022d889b5bc4: ;   {metadata(method data for {method} {0x0000022d985f4800} 'destroyContext' '()V' in 'imgui/ImGui')}
  0x0000022d889b5bc4: 0048 bec8 | 3a97 982d | 0200 0048 | 8386 d800 

  0x0000022d889b5bd4: ;   {static_call}
  0x0000022d889b5bd4: 0000 01e8 

  0x0000022d889b5bd8: ; ImmutableOopMap {[144]=Oop }
                      ;*invokestatic nDestroyContext {reexecute=0 rethrow=0 return_oop=0}
                      ; - imgui.ImGui::destroyContext@0 (line 183)
                      ; - Rendering.ImGui.ImGuiWindow::destroy@14 (line 137)
                      ; - Jade.Window::destroy@4 (line 190)
                      ; - Rendering.ImGui.ImGuiMenubar::render@101 (line 30)
  0x0000022d889b5bd8: ed0d 0000 

  0x0000022d889b5bdc: ;   {post_call_nop}
  0x0000022d889b5bdc: 0f1f 8400 | 540a 000f | 488b b424 | 9000 0000 | 488b 5610 | 0f1f 8000 

  0x0000022d889b5bf4: ;   {static_call}
  0x0000022d889b5bf4: 0000 00e8 

  0x0000022d889b5bf8: ; ImmutableOopMap {[144]=Oop }
                      ;*invokestatic glfwFreeCallbacks {reexecute=0 rethrow=0 return_oop=0}
                      ; - Jade.Window::destroy@11 (line 193)
                      ; - Rendering.ImGui.ImGuiMenubar::render@101 (line 30)
  0x0000022d889b5bf8: 910d 0000 

  0x0000022d889b5bfc: ;   {post_call_nop}
  0x0000022d889b5bfc: 0f1f 8400 | 740a 0010 | 488b b424 | 9000 0000 | 488b 5610 

  0x0000022d889b5c10: ;   {metadata(method data for {method} {0x0000022d98401c80} 'destroy' '()V' in 'Jade/Window')}
  0x0000022d889b5c10: 48be 5033 | 9798 2d02 | 0000 4883 | 8618 0100 | 0001 0f1f 

  0x0000022d889b5c24: ;   {static_call}
  0x0000022d889b5c24: 4400 00e8 

  0x0000022d889b5c28: ; ImmutableOopMap {}
                      ;*invokestatic glfwDestroyWindow {reexecute=0 rethrow=0 return_oop=0}
                      ; - Jade.Window::destroy@18 (line 194)
                      ; - Rendering.ImGui.ImGuiMenubar::render@101 (line 30)
  0x0000022d889b5c28: ac0d 0000 

  0x0000022d889b5c2c: ;   {post_call_nop}
  0x0000022d889b5c2c: 0f1f 8400 | a40a 0011 

  0x0000022d889b5c34: ;   {metadata(method data for {method} {0x0000022d98401c80} 'destroy' '()V' in 'Jade/Window')}
  0x0000022d889b5c34: 48ba 5033 | 9798 2d02 | 0000 4883 | 8228 0100 

  0x0000022d889b5c44: ;   {metadata(method data for {method} {0x0000022d984be4d0} 'glfwSetErrorCallback' '(Lorg/lwjgl/glfw/GLFWErrorCallbackI;)Lorg/lwjgl/glfw/GLFWErrorCallback;' in 'org/lwjgl/glfw/GLFW')}
  0x0000022d889b5c44: 0001 48ba | 183d 9798 | 2d02 0000 | 8bb2 9000 | 0000 83c6 | 0289 b290 | 0000 0081 | e6fe ff1f 
  0x0000022d889b5c64: 0085 f60f | 84a3 0a00 

  0x0000022d889b5c6c: ;   {metadata(method data for {method} {0x0000022d984be4d0} 'glfwSetErrorCallback' '(Lorg/lwjgl/glfw/GLFWErrorCallbackI;)Lorg/lwjgl/glfw/GLFWErrorCallback;' in 'org/lwjgl/glfw/GLFW')}
  0x0000022d889b5c6c: 0048 ba18 | 3d97 982d | 0200 0048 | 8382 d800 

  0x0000022d889b5c7c: ;   {metadata(method data for {method} {0x0000022d98459f28} 'memAddressSafe' '(Lorg/lwjgl/system/Pointer;)J' in 'org/lwjgl/system/MemoryUtil')}
  0x0000022d889b5c7c: 0000 0148 | ba60 3e97 | 982d 0200 | 008b b290 | 0000 0083 | c602 89b2 | 9000 0000 | 81e6 feff 
  0x0000022d889b5c9c: 1f00 85f6 | 0f84 8b0a 

  0x0000022d889b5ca4: ;   {metadata(method data for {method} {0x0000022d98459f28} 'memAddressSafe' '(Lorg/lwjgl/system/Pointer;)J' in 'org/lwjgl/system/MemoryUtil')}
  0x0000022d889b5ca4: 0000 48ba | 603e 9798 | 2d02 0000 | ff82 e800 

  0x0000022d889b5cb4: ;   {metadata(method data for {method} {0x0000022d98459f28} 'memAddressSafe' '(Lorg/lwjgl/system/Pointer;)J' in 'org/lwjgl/system/MemoryUtil')}
  0x0000022d889b5cb4: 0000 48ba | 603e 9798 | 2d02 0000 | ff82 f800 

  0x0000022d889b5cc4: ;   {metadata(method data for {method} {0x0000022d984be4d0} 'glfwSetErrorCallback' '(Lorg/lwjgl/glfw/GLFWErrorCallbackI;)Lorg/lwjgl/glfw/GLFWErrorCallback;' in 'org/lwjgl/glfw/GLFW')}
  0x0000022d889b5cc4: 0000 48ba | 183d 9798 | 2d02 0000 | 4883 82e8 | 0000 0001 | be00 0000 | 0048 8bd6 | 4889 b424 
  0x0000022d889b5ce4: 9800 0000 | 0f1f 8000 

  0x0000022d889b5cec: ;   {static_call}
  0x0000022d889b5cec: 0000 00e8 

  0x0000022d889b5cf0: ; ImmutableOopMap {}
                      ;*invokestatic nglfwSetErrorCallback {reexecute=0 rethrow=0 return_oop=0}
                      ; - org.lwjgl.glfw.GLFW::glfwSetErrorCallback@4 (line 1352)
                      ; - Jade.Window::destroy@22 (line 197)
                      ; - Rendering.ImGui.ImGuiMenubar::render@101 (line 30)
  0x0000022d889b5cf0: f30c 0000 

  0x0000022d889b5cf4: ;   {post_call_nop}
  0x0000022d889b5cf4: 0f1f 8400 | 6c0b 0012 

  0x0000022d889b5cfc: ;   {metadata(method data for {method} {0x0000022d984be4d0} 'glfwSetErrorCallback' '(Lorg/lwjgl/glfw/GLFWErrorCallbackI;)Lorg/lwjgl/glfw/GLFWErrorCallback;' in 'org/lwjgl/glfw/GLFW')}
  0x0000022d889b5cfc: 48ba 183d | 9798 2d02 | 0000 4883 | 82f8 0000 

  0x0000022d889b5d0c: ;   {metadata(method data for {method} {0x0000022d9843e4a0} 'createSafe' '(J)Lorg/lwjgl/glfw/GLFWErrorCallback;' in 'org/lwjgl/glfw/GLFWErrorCallback')}
  0x0000022d889b5d0c: 0001 48ba | 1041 9798 | 2d02 0000 | 8bb2 9000 | 0000 83c6 | 0289 b290 | 0000 0081 | e6fe ff1f 
  0x0000022d889b5d2c: 0085 f60f | 841d 0a00 | 0048 8bd0 | 488b b424 | 9800 0000 

  0x0000022d889b5d40: ;   {metadata(method data for {method} {0x0000022d9843e4a0} 'createSafe' '(J)Lorg/lwjgl/glfw/GLFWErrorCallback;' in 'org/lwjgl/glfw/GLFWErrorCallback')}
  0x0000022d889b5d40: 483b d648 | ba10 4197 | 982d 0200 | 00be d800 | 0000 7505 | bee8 0000 | 0048 8b3c | 3248 8d7f 
  0x0000022d889b5d60: 0148 893c | 320f 851f 

  0x0000022d889b5d68: ;   {metadata(method data for {method} {0x0000022d9843e4a0} 'createSafe' '(J)Lorg/lwjgl/glfw/GLFWErrorCallback;' in 'org/lwjgl/glfw/GLFWErrorCallback')}
  0x0000022d889b5d68: 0000 0048 | ba10 4197 | 982d 0200 | 00ff 82f8 

  0x0000022d889b5d78: ;   {oop(nullptr)}
  0x0000022d889b5d78: 0000 0048 | be00 0000 | 0000 0000 | 00e9 2500 

  0x0000022d889b5d88: ;   {metadata(method data for {method} {0x0000022d9843e4a0} 'createSafe' '(J)Lorg/lwjgl/glfw/GLFWErrorCallback;' in 'org/lwjgl/glfw/GLFWErrorCallback')}
  0x0000022d889b5d88: 0000 48ba | 1041 9798 | 2d02 0000 | 4883 8210 | 0100 0001 

  0x0000022d889b5d9c: ;   {static_call}
  0x0000022d889b5d9c: 488b d0e8 

  0x0000022d889b5da0: ; ImmutableOopMap {}
                      ;*invokestatic create {reexecute=0 rethrow=0 return_oop=0}
                      ; - org.lwjgl.glfw.GLFWErrorCallback::createSafe@11 (line 48)
                      ; - org.lwjgl.glfw.GLFW::glfwSetErrorCallback@7 (line 1352)
                      ; - Jade.Window::destroy@22 (line 197)
                      ; - Rendering.ImGui.ImGuiMenubar::render@101 (line 30)
  0x0000022d889b5da0: 520c 0000 

  0x0000022d889b5da4: ;   {post_call_nop}
  0x0000022d889b5da4: 0f1f 8400 | 1c0c 0013 | 488b f048 | 3b06 488b 

  0x0000022d889b5db4: ;   {metadata(method data for {method} {0x0000022d98401c80} 'destroy' '()V' in 'Jade/Window')}
  0x0000022d889b5db4: d648 bf50 | 3397 982d | 0200 008b | 5208 41ba | 0000 009c | 4903 d248 | 3b97 4001 | 0000 750d 
  0x0000022d889b5dd4: 4883 8748 | 0100 0001 | e960 0000 | 0048 3b97 | 5001 0000 | 750d 4883 | 8758 0100 | 0001 e94a 
  0x0000022d889b5df4: 0000 0048 | 83bf 4001 | 0000 0075 | 1748 8997 | 4001 0000 | 48c7 8748 | 0100 0001 | 0000 00e9 
  0x0000022d889b5e14: 2900 0000 | 4883 bf50 | 0100 0000 | 7517 4889 | 9750 0100 | 0048 c787 | 5801 0000 | 0100 0000 
  0x0000022d889b5e34: e908 0000 | 0048 8387 | 3801 0000 

  0x0000022d889b5e40: ;   {metadata(method data for {method} {0x0000022d98407c18} 'free' '()V' in 'org/lwjgl/system/Callback')}
  0x0000022d889b5e40: 0148 ba80 | 4497 982d | 0200 008b | ba90 0000 | 0083 c702 | 89ba 9000 | 0000 81e7 | feff 1f00 
  0x0000022d889b5e60: 85ff 0f84 | 1009 0000 

  0x0000022d889b5e68: ;   {metadata(method data for {method} {0x0000022d98407c18} 'free' '()V' in 'org/lwjgl/system/Callback')}
  0x0000022d889b5e68: 488b d648 | bf80 4497 | 982d 0200 | 008b 5208 | 41ba 0000 | 009c 4903 | d248 3b97 | e000 0000 
  0x0000022d889b5e88: 750d 4883 | 87e8 0000 | 0001 e960 | 0000 0048 | 3b97 f000 | 0000 750d | 4883 87f8 | 0000 0001 
  0x0000022d889b5ea8: e94a 0000 | 0048 83bf | e000 0000 | 0075 1748 | 8997 e000 | 0000 48c7 | 87e8 0000 | 0001 0000 
  0x0000022d889b5ec8: 00e9 2900 | 0000 4883 | bff0 0000 | 0000 7517 | 4889 97f0 | 0000 0048 | c787 f800 | 0000 0100 
  0x0000022d889b5ee8: 0000 e908 | 0000 0048 | 8387 d800 | 0000 0148 

  0x0000022d889b5ef8: ;   {metadata(method data for {method} {0x0000022d98407c18} 'free' '()V' in 'org/lwjgl/system/Callback')}
  0x0000022d889b5ef8: 8b56 1048 | be80 4497 | 982d 0200 | 0048 8386 | 0801 0000 

  0x0000022d889b5f0c: ;   {static_call}
  0x0000022d889b5f0c: 0166 90e8 

  0x0000022d889b5f10: ; ImmutableOopMap {}
                      ;*invokestatic free {reexecute=0 rethrow=0 return_oop=0}
                      ; - org.lwjgl.system.Callback::free@4 (line 135)
                      ; - Jade.Window::destroy@25 (line 197)
                      ; - Rendering.ImGui.ImGuiMenubar::render@101 (line 30)
  0x0000022d889b5f10: 2d0b 0000 

  0x0000022d889b5f14: ;   {post_call_nop}
  0x0000022d889b5f14: 0f1f 8400 | 8c0d 0014 

  0x0000022d889b5f1c: ;   {metadata(method data for {method} {0x0000022d98401c80} 'destroy' '()V' in 'Jade/Window')}
  0x0000022d889b5f1c: 48ba 5033 | 9798 2d02 | 0000 4883 | 8268 0100 

  0x0000022d889b5f2c: ;   {metadata(method data for {method} {0x0000022d984bdb48} 'glfwTerminate' '()V' in 'org/lwjgl/glfw/GLFW')}
  0x0000022d889b5f2c: 0001 48ba | a847 9798 | 2d02 0000 | 8bb2 9000 | 0000 83c6 | 0289 b290 | 0000 0081 | e6fe ff1f 
  0x0000022d889b5f4c: 0085 f60f | 8444 0800 

  0x0000022d889b5f54: ;   {metadata(method data for {method} {0x0000022d984bdb48} 'glfwTerminate' '()V' in 'org/lwjgl/glfw/GLFW')}
  0x0000022d889b5f54: 0048 baa8 | 4797 982d | 0200 0048 | 8382 d800 | 0000 0148 | ba90 28f8 | aafa 7f00 | 0066 0f1f 
  0x0000022d889b5f74: ;   {static_call}
  0x0000022d889b5f74: 4400 00e8 

  0x0000022d889b5f78: ; ImmutableOopMap {}
                      ;*invokestatic invokeV {reexecute=0 rethrow=0 return_oop=0}
                      ; - org.lwjgl.glfw.GLFW::glfwTerminate@5 (line 1138)
                      ; - Jade.Window::destroy@28 (line 198)
                      ; - Rendering.ImGui.ImGuiMenubar::render@101 (line 30)
  0x0000022d889b5f78: 147f 9107 

  0x0000022d889b5f7c: ;   {post_call_nop}
  0x0000022d889b5f7c: 0f1f 8400 | f40d 0015 

  0x0000022d889b5f84: ;   {metadata(method data for {method} {0x0000022d9843ae80} 'render' '()V' in 'Rendering/ImGui/ImGuiMenubar')}
  0x0000022d889b5f84: 48be 8820 | 9798 2d02 | 0000 4883 | 8658 0200 

  0x0000022d889b5f94: ;   {metadata(method data for {method} {0x0000022d98639338} 'endMenu' '()V' in 'imgui/ImGui')}
  0x0000022d889b5f94: 0001 48be | 3032 9798 | 2d02 0000 | 8bbe 9000 | 0000 83c7 | 0289 be90 | 0000 0081 | e7fe ff1f 
  0x0000022d889b5fb4: 0085 ff0f | 84fd 0700 

  0x0000022d889b5fbc: ;   {metadata(method data for {method} {0x0000022d98639338} 'endMenu' '()V' in 'imgui/ImGui')}
  0x0000022d889b5fbc: 0048 be30 | 3297 982d | 0200 0048 | 8386 d800 

  0x0000022d889b5fcc: ;   {static_call}
  0x0000022d889b5fcc: 0000 01e8 

  0x0000022d889b5fd0: ; ImmutableOopMap {}
                      ;*invokestatic nEndMenu {reexecute=0 rethrow=0 return_oop=0}
                      ; - imgui.ImGui::endMenu@0 (line 10141)
                      ; - Rendering.ImGui.ImGuiMenubar::render@104 (line 31)
  0x0000022d889b5fd0: 3cb9 9207 

  0x0000022d889b5fd4: ;   {post_call_nop}
  0x0000022d889b5fd4: 0f1f 8400 | 4c0e 0016 

  0x0000022d889b5fdc: ;   {metadata(method data for {method} {0x0000022d9843ae80} 'render' '()V' in 'Rendering/ImGui/ImGuiMenubar')}
  0x0000022d889b5fdc: 48ba 8820 | 9798 2d02 | 0000 4883 | 8268 0200 

  0x0000022d889b5fec: ;   {metadata(method data for {method} {0x0000022d986390a0} 'beginMenu' '(Ljava/lang/String;)Z' in 'imgui/ImGui')}
  0x0000022d889b5fec: 0001 48ba | b040 9698 | 2d02 0000 | 8bb2 9000 | 0000 83c6 | 0289 b290 | 0000 0081 | e6fe ff1f 
  0x0000022d889b600c: 0085 f60f | 84c6 0700 

  0x0000022d889b6014: ;   {metadata(method data for {method} {0x0000022d986390a0} 'beginMenu' '(Ljava/lang/String;)Z' in 'imgui/ImGui')}
  0x0000022d889b6014: 0048 bab0 | 4096 982d | 0200 0048 | 8382 d800 

  0x0000022d889b6024: ;   {oop("Edit"{0x000000070fdd4cb0})}
  0x0000022d889b6024: 0000 0148 | bab0 4cdd | 0f07 0000 | 0066 0f1f 

  0x0000022d889b6034: ;   {static_call}
  0x0000022d889b6034: 4400 00e8 

  0x0000022d889b6038: ; ImmutableOopMap {}
                      ;*invokestatic nBeginMenu {reexecute=0 rethrow=0 return_oop=0}
                      ; - imgui.ImGui::beginMenu@1 (line 10113)
                      ; - Rendering.ImGui.ImGuiMenubar::render@109 (line 34)
  0x0000022d889b6038: 548d 9107 

  0x0000022d889b603c: ;   {post_call_nop}
  0x0000022d889b603c: 0f1f 8400 | b40e 0017 | 83e0 0185 

  0x0000022d889b6048: ;   {metadata(method data for {method} {0x0000022d9843ae80} 'render' '()V' in 'Rendering/ImGui/ImGuiMenubar')}
  0x0000022d889b6048: c048 ba88 | 2097 982d | 0200 0041 | b878 0200 | 0074 0641 | b888 0200 | 004e 8b0c | 024d 8d49 
  0x0000022d889b6068: 014e 890c | 020f 84a9 

  0x0000022d889b6070: ;   {metadata(method data for {method} {0x0000022d9843ae80} 'render' '()V' in 'Rendering/ImGui/ImGuiMenubar')}
  0x0000022d889b6070: 0300 0048 | ba88 2097 | 982d 0200 | 0048 8382 | 9802 0000 

  0x0000022d889b6084: ;   {metadata(method data for {method} {0x0000022d98639a38} 'menuItem' '(Ljava/lang/String;Ljava/lang/String;ZZ)Z' in 'imgui/ImGui')}
  0x0000022d889b6084: 0148 bae8 | 5696 982d | 0200 0044 | 8b82 9000 | 0000 4183 | c002 4489 | 8290 0000 | 0041 81e0 
  0x0000022d889b60a4: feff 1f00 | 4585 c00f | 844b 0700 

  0x0000022d889b60b0: ;   {metadata(method data for {method} {0x0000022d98639a38} 'menuItem' '(Ljava/lang/String;Ljava/lang/String;ZZ)Z' in 'imgui/ImGui')}
  0x0000022d889b60b0: 0048 bae8 | 5696 982d | 0200 0048 | 8382 d800 

  0x0000022d889b60c0: ;   {oop("Copy"{0x0000000710800468})}
  0x0000022d889b60c0: 0000 0148 | ba68 0480 | 1007 0000 

  0x0000022d889b60cc: ;   {oop("Ctrl+C"{0x0000000710800498})}
  0x0000022d889b60cc: 0049 b898 | 0480 1007 | 0000 0041 | b900 0000 | 00bf 0000 | 0000 0f1f 

  0x0000022d889b60e4: ;   {static_call}
  0x0000022d889b60e4: 4400 00e8 

  0x0000022d889b60e8: ; ImmutableOopMap {}
                      ;*invokestatic nMenuItem {reexecute=0 rethrow=0 return_oop=0}
                      ; - imgui.ImGui::menuItem@4 (line 10208)
                      ; - Rendering.ImGui.ImGuiMenubar::render@121 (line 35)
  0x0000022d889b60e8: f492 3807 

  0x0000022d889b60ec: ;   {post_call_nop}
  0x0000022d889b60ec: 0f1f 8400 | 640f 0018 

  0x0000022d889b60f4: ;   {metadata(method data for {method} {0x0000022d9843ae80} 'render' '()V' in 'Rendering/ImGui/ImGuiMenubar')}
  0x0000022d889b60f4: 48ba 8820 | 9798 2d02 | 0000 4883 | 82a8 0200 

  0x0000022d889b6104: ;   {metadata(method data for {method} {0x0000022d98639a38} 'menuItem' '(Ljava/lang/String;Ljava/lang/String;ZZ)Z' in 'imgui/ImGui')}
  0x0000022d889b6104: 0001 48ba | e856 9698 | 2d02 0000 | 448b 8290 | 0000 0041 | 83c0 0244 | 8982 9000 | 0000 4181 
  0x0000022d889b6124: e0fe ff1f | 0045 85c0 | 0f84 eb06 

  0x0000022d889b6130: ;   {metadata(method data for {method} {0x0000022d98639a38} 'menuItem' '(Ljava/lang/String;Ljava/lang/String;ZZ)Z' in 'imgui/ImGui')}
  0x0000022d889b6130: 0000 48ba | e856 9698 | 2d02 0000 | 4883 82d8 | 0000 0001 

  0x0000022d889b6144: ;   {oop("Paste"{0x00000007108004c8})}
  0x0000022d889b6144: 48ba c804 | 8010 0700 

  0x0000022d889b614c: ;   {oop("Ctrl+V"{0x00000007108004f8})}
  0x0000022d889b614c: 0000 49b8 | f804 8010 | 0700 0000 | 41b9 0000 | 0000 bf00 | 0000 000f 

  0x0000022d889b6164: ;   {static_call}
  0x0000022d889b6164: 1f40 00e8 

  0x0000022d889b6168: ; ImmutableOopMap {}
                      ;*invokestatic nMenuItem {reexecute=0 rethrow=0 return_oop=0}
                      ; - imgui.ImGui::menuItem@4 (line 10208)
                      ; - Rendering.ImGui.ImGuiMenubar::render@131 (line 36)
  0x0000022d889b6168: 7492 3807 

  0x0000022d889b616c: ;   {post_call_nop}
  0x0000022d889b616c: 0f1f 8400 | e40f 0019 

  0x0000022d889b6174: ;   {metadata(method data for {method} {0x0000022d9843ae80} 'render' '()V' in 'Rendering/ImGui/ImGuiMenubar')}
  0x0000022d889b6174: 48ba 8820 | 9798 2d02 | 0000 4883 | 82b8 0200 

  0x0000022d889b6184: ;   {metadata(method data for {method} {0x0000022d98639a38} 'menuItem' '(Ljava/lang/String;Ljava/lang/String;ZZ)Z' in 'imgui/ImGui')}
  0x0000022d889b6184: 0001 48ba | e856 9698 | 2d02 0000 | 448b 8290 | 0000 0041 | 83c0 0244 | 8982 9000 | 0000 4181 
  0x0000022d889b61a4: e0fe ff1f | 0045 85c0 | 0f84 8c06 

  0x0000022d889b61b0: ;   {metadata(method data for {method} {0x0000022d98639a38} 'menuItem' '(Ljava/lang/String;Ljava/lang/String;ZZ)Z' in 'imgui/ImGui')}
  0x0000022d889b61b0: 0000 48ba | e856 9698 | 2d02 0000 | 4883 82d8 | 0000 0001 

  0x0000022d889b61c4: ;   {oop("Cut"{0x0000000710800528})}
  0x0000022d889b61c4: 48ba 2805 | 8010 0700 

  0x0000022d889b61cc: ;   {oop("Ctrl+X"{0x0000000710800558})}
  0x0000022d889b61cc: 0000 49b8 | 5805 8010 | 0700 0000 | 41b9 0000 | 0000 bf00 | 0000 000f 

  0x0000022d889b61e4: ;   {static_call}
  0x0000022d889b61e4: 1f40 00e8 

  0x0000022d889b61e8: ; ImmutableOopMap {}
                      ;*invokestatic nMenuItem {reexecute=0 rethrow=0 return_oop=0}
                      ; - imgui.ImGui::menuItem@4 (line 10208)
                      ; - Rendering.ImGui.ImGuiMenubar::render@141 (line 37)
  0x0000022d889b61e8: f491 3807 

  0x0000022d889b61ec: ;   {post_call_nop}
  0x0000022d889b61ec: 0f1f 8400 | 6410 001a 

  0x0000022d889b61f4: ;   {metadata(method data for {method} {0x0000022d9843ae80} 'render' '()V' in 'Rendering/ImGui/ImGuiMenubar')}
  0x0000022d889b61f4: 48ba 8820 | 9798 2d02 | 0000 4883 | 82c8 0200 

  0x0000022d889b6204: ;   {metadata(method data for {method} {0x0000022d98639a38} 'menuItem' '(Ljava/lang/String;Ljava/lang/String;ZZ)Z' in 'imgui/ImGui')}
  0x0000022d889b6204: 0001 48ba | e856 9698 | 2d02 0000 | 448b 8290 | 0000 0041 | 83c0 0244 | 8982 9000 | 0000 4181 
  0x0000022d889b6224: e0fe ff1f | 0045 85c0 | 0f84 2d06 

  0x0000022d889b6230: ;   {metadata(method data for {method} {0x0000022d98639a38} 'menuItem' '(Ljava/lang/String;Ljava/lang/String;ZZ)Z' in 'imgui/ImGui')}
  0x0000022d889b6230: 0000 48ba | e856 9698 | 2d02 0000 | 4883 82d8 | 0000 0001 

  0x0000022d889b6244: ;   {oop("Delete"{0x0000000710800588})}
  0x0000022d889b6244: 49b8 8805 | 8010 0700 | 0000 498b | d041 b900 | 0000 00bf | 0000 0000 

  0x0000022d889b625c: ;   {static_call}
  0x0000022d889b625c: 6666 90e8 

  0x0000022d889b6260: ; ImmutableOopMap {}
                      ;*invokestatic nMenuItem {reexecute=0 rethrow=0 return_oop=0}
                      ; - imgui.ImGui::menuItem@4 (line 10208)
                      ; - Rendering.ImGui.ImGuiMenubar::render@151 (line 38)
  0x0000022d889b6260: 7c91 3807 

  0x0000022d889b6264: ;   {post_call_nop}
  0x0000022d889b6264: 0f1f 8400 | dc10 001b 

  0x0000022d889b626c: ;   {metadata(method data for {method} {0x0000022d9843ae80} 'render' '()V' in 'Rendering/ImGui/ImGuiMenubar')}
  0x0000022d889b626c: 48be 8820 | 9798 2d02 | 0000 4883 | 86d8 0200 

  0x0000022d889b627c: ;   {metadata(method data for {method} {0x0000022d98604f60} 'separator' '()V' in 'imgui/ImGui')}
  0x0000022d889b627c: 0001 48be | 2858 9698 | 2d02 0000 | 8bbe 9000 | 0000 83c7 | 0289 be90 | 0000 0081 | e7fe ff1f 
  0x0000022d889b629c: 0085 ff0f | 84db 0500 

  0x0000022d889b62a4: ;   {metadata(method data for {method} {0x0000022d98604f60} 'separator' '()V' in 'imgui/ImGui')}
  0x0000022d889b62a4: 0048 be28 | 5896 982d | 0200 0048 | 8386 d800 

  0x0000022d889b62b4: ;   {static_call}
  0x0000022d889b62b4: 0000 01e8 

  0x0000022d889b62b8: ; ImmutableOopMap {}
                      ;*invokestatic nSeparator {reexecute=0 rethrow=0 return_oop=0}
                      ; - imgui.ImGui::separator@0 (line 2550)
                      ; - Rendering.ImGui.ImGuiMenubar::render@155 (line 39)
  0x0000022d889b62b8: 2491 3807 

  0x0000022d889b62bc: ;   {post_call_nop}
  0x0000022d889b62bc: 0f1f 8400 | 3411 001c 

  0x0000022d889b62c4: ;   {metadata(method data for {method} {0x0000022d9843ae80} 'render' '()V' in 'Rendering/ImGui/ImGuiMenubar')}
  0x0000022d889b62c4: 48ba 8820 | 9798 2d02 | 0000 4883 | 82e8 0200 

  0x0000022d889b62d4: ;   {metadata(method data for {method} {0x0000022d98639a38} 'menuItem' '(Ljava/lang/String;Ljava/lang/String;ZZ)Z' in 'imgui/ImGui')}
  0x0000022d889b62d4: 0001 48ba | e856 9698 | 2d02 0000 | 448b 8290 | 0000 0041 | 83c0 0244 | 8982 9000 | 0000 4181 
  0x0000022d889b62f4: e0fe ff1f | 0045 85c0 | 0f84 9f05 

  0x0000022d889b6300: ;   {metadata(method data for {method} {0x0000022d98639a38} 'menuItem' '(Ljava/lang/String;Ljava/lang/String;ZZ)Z' in 'imgui/ImGui')}
  0x0000022d889b6300: 0000 48ba | e856 9698 | 2d02 0000 | 4883 82d8 | 0000 0001 

  0x0000022d889b6314: ;   {oop("Undo"{0x00000007108005b8})}
  0x0000022d889b6314: 48ba b805 | 8010 0700 

  0x0000022d889b631c: ;   {oop("Ctrl+Z"{0x00000007108005e8})}
  0x0000022d889b631c: 0000 49b8 | e805 8010 | 0700 0000 | 41b9 0000 | 0000 bf00 | 0000 000f 

  0x0000022d889b6334: ;   {static_call}
  0x0000022d889b6334: 1f40 00e8 

  0x0000022d889b6338: ; ImmutableOopMap {}
                      ;*invokestatic nMenuItem {reexecute=0 rethrow=0 return_oop=0}
                      ; - imgui.ImGui::menuItem@4 (line 10208)
                      ; - Rendering.ImGui.ImGuiMenubar::render@164 (line 40)
  0x0000022d889b6338: a490 3807 

  0x0000022d889b633c: ;   {post_call_nop}
  0x0000022d889b633c: 0f1f 8400 | b411 001d 

  0x0000022d889b6344: ;   {metadata(method data for {method} {0x0000022d9843ae80} 'render' '()V' in 'Rendering/ImGui/ImGuiMenubar')}
  0x0000022d889b6344: 48ba 8820 | 9798 2d02 | 0000 4883 | 82f8 0200 

  0x0000022d889b6354: ;   {metadata(method data for {method} {0x0000022d98639a38} 'menuItem' '(Ljava/lang/String;Ljava/lang/String;ZZ)Z' in 'imgui/ImGui')}
  0x0000022d889b6354: 0001 48ba | e856 9698 | 2d02 0000 | 448b 8290 | 0000 0041 | 83c0 0244 | 8982 9000 | 0000 4181 
  0x0000022d889b6374: e0fe ff1f | 0045 85c0 | 0f84 4005 

  0x0000022d889b6380: ;   {metadata(method data for {method} {0x0000022d98639a38} 'menuItem' '(Ljava/lang/String;Ljava/lang/String;ZZ)Z' in 'imgui/ImGui')}
  0x0000022d889b6380: 0000 48ba | e856 9698 | 2d02 0000 | 4883 82d8 | 0000 0001 

  0x0000022d889b6394: ;   {oop("Redo"{0x0000000710800618})}
  0x0000022d889b6394: 48ba 1806 | 8010 0700 

  0x0000022d889b639c: ;   {oop("Ctrl+Y"{0x0000000710800648})}
  0x0000022d889b639c: 0000 49b8 | 4806 8010 | 0700 0000 | 41b9 0000 | 0000 bf00 | 0000 000f 

  0x0000022d889b63b4: ;   {static_call}
  0x0000022d889b63b4: 1f40 00e8 

  0x0000022d889b63b8: ; ImmutableOopMap {}
                      ;*invokestatic nMenuItem {reexecute=0 rethrow=0 return_oop=0}
                      ; - imgui.ImGui::menuItem@4 (line 10208)
                      ; - Rendering.ImGui.ImGuiMenubar::render@174 (line 41)
  0x0000022d889b63b8: 2490 3807 

  0x0000022d889b63bc: ;   {post_call_nop}
  0x0000022d889b63bc: 0f1f 8400 | 3412 001e 

  0x0000022d889b63c4: ;   {metadata(method data for {method} {0x0000022d9843ae80} 'render' '()V' in 'Rendering/ImGui/ImGuiMenubar')}
  0x0000022d889b63c4: 48be 8820 | 9798 2d02 | 0000 4883 | 8608 0300 

  0x0000022d889b63d4: ;   {metadata(method data for {method} {0x0000022d98639338} 'endMenu' '()V' in 'imgui/ImGui')}
  0x0000022d889b63d4: 0001 48be | 3032 9798 | 2d02 0000 | 8bbe 9000 | 0000 83c7 | 0289 be90 | 0000 0081 | e7fe ff1f 
  0x0000022d889b63f4: 0085 ff0f | 84e6 0400 

  0x0000022d889b63fc: ;   {metadata(method data for {method} {0x0000022d98639338} 'endMenu' '()V' in 'imgui/ImGui')}
  0x0000022d889b63fc: 0048 be30 | 3297 982d | 0200 0048 | 8386 d800 

  0x0000022d889b640c: ;   {static_call}
  0x0000022d889b640c: 0000 01e8 

  0x0000022d889b6410: ; ImmutableOopMap {}
                      ;*invokestatic nEndMenu {reexecute=0 rethrow=0 return_oop=0}
                      ; - imgui.ImGui::endMenu@0 (line 10141)
                      ; - Rendering.ImGui.ImGuiMenubar::render@178 (line 42)
  0x0000022d889b6410: cc8f 3807 

  0x0000022d889b6414: ;   {post_call_nop}
  0x0000022d889b6414: 0f1f 8400 | 8c12 001f 

  0x0000022d889b641c: ;   {metadata(method data for {method} {0x0000022d9843ae80} 'render' '()V' in 'Rendering/ImGui/ImGuiMenubar')}
  0x0000022d889b641c: 48be 8820 | 9798 2d02 | 0000 4883 | 8618 0300 

  0x0000022d889b642c: ;   {metadata(method data for {method} {0x0000022d98638f50} 'endMainMenuBar' '()V' in 'imgui/ImGui')}
  0x0000022d889b642c: 0001 48be | c848 9798 | 2d02 0000 | 8bbe 9000 | 0000 83c7 | 0289 be90 | 0000 0081 | e7fe ff1f 
  0x0000022d889b644c: 0085 ff0f | 84af 0400 

  0x0000022d889b6454: ;   {metadata(method data for {method} {0x0000022d98638f50} 'endMainMenuBar' '()V' in 'imgui/ImGui')}
  0x0000022d889b6454: 0048 bec8 | 4897 982d | 0200 0048 | 8386 d800 

  0x0000022d889b6464: ;   {static_call}
  0x0000022d889b6464: 0000 01e8 

  0x0000022d889b6468: ; ImmutableOopMap {}
                      ;*invokestatic nEndMainMenuBar {reexecute=0 rethrow=0 return_oop=0}
                      ; - imgui.ImGui::endMainMenuBar@0 (line 10102)
                      ; - Rendering.ImGui.ImGuiMenubar::render@181 (line 45)
  0x0000022d889b6468: a446 9207 

  0x0000022d889b646c: ;   {post_call_nop}
  0x0000022d889b646c: 0f1f 8400 | e412 0020 | 4881 c4b0 | 0000 005d 

  0x0000022d889b647c: ;   {poll_return}
  0x0000022d889b647c: 493b 6728 | 0f87 9f04 

  0x0000022d889b6484: ;   {metadata({method} {0x0000022d9843ae80} 'render' '()V' in 'Rendering/ImGui/ImGuiMenubar')}
  0x0000022d889b6484: 0000 c349 | ba78 ae43 | 982d 0200 | 004c 8954 | 2408 48c7 | 0424 ffff 

  0x0000022d889b649c: ;   {runtime_call C1 Runtime counter_overflow_blob}
  0x0000022d889b649c: ffff e8bd 

  0x0000022d889b64a0: ; ImmutableOopMap {rdx=Oop }
                      ;*synchronization entry
                      ; - Rendering.ImGui.ImGuiMenubar::render@-1 (line 15)
  0x0000022d889b64a0: 7545 07e9 | 3eee ffff 

  0x0000022d889b64a8: ;   {metadata({method} {0x0000022d98638e10} 'beginMainMenuBar' '()Z' in 'imgui/ImGui')}
  0x0000022d889b64a8: 49ba 088e | 6398 2d02 | 0000 4c89 | 5424 0848 | c704 24ff 

  0x0000022d889b64bc: ;   {runtime_call C1 Runtime counter_overflow_blob}
  0x0000022d889b64bc: ffff ffe8 

  0x0000022d889b64c0: ; ImmutableOopMap {}
                      ;*synchronization entry
                      ; - imgui.ImGui::beginMainMenuBar@-1 (line 10091)
                      ; - Rendering.ImGui.ImGuiMenubar::render@0 (line 15)
  0x0000022d889b64c0: 9c75 4507 | e956 eeff 

  0x0000022d889b64c8: ;   {metadata({method} {0x0000022d986390a0} 'beginMenu' '(Ljava/lang/String;)Z' in 'imgui/ImGui')}
  0x0000022d889b64c8: ff49 ba98 | 9063 982d | 0200 004c | 8954 2408 | 48c7 0424 | ffff ffff 

  0x0000022d889b64e0: ;   {runtime_call C1 Runtime counter_overflow_blob}
  0x0000022d889b64e0: e87b 7545 

  0x0000022d889b64e4: ; ImmutableOopMap {}
                      ;*synchronization entry
                      ; - imgui.ImGui::beginMenu@-1 (line 10113)
                      ; - Rendering.ImGui.ImGuiMenubar::render@8 (line 17)
  0x0000022d889b64e4: 07e9 c0ee 

  0x0000022d889b64e8: ;   {metadata({method} {0x0000022d98639a38} 'menuItem' '(Ljava/lang/String;Ljava/lang/String;ZZ)Z' in 'imgui/ImGui')}
  0x0000022d889b64e8: ffff 49ba | 309a 6398 | 2d02 0000 | 4c89 5424 | 0848 c704 | 24ff ffff 

  0x0000022d889b6500: ;   {runtime_call C1 Runtime counter_overflow_blob}
  0x0000022d889b6500: ffe8 5a75 

  0x0000022d889b6504: ; ImmutableOopMap {}
                      ;*synchronization entry
                      ; - imgui.ImGui::menuItem@-1 (line 10208)
                      ; - Rendering.ImGui.ImGuiMenubar::render@20 (line 18)
  0x0000022d889b6504: 4507 e936 

  0x0000022d889b6508: ;   {metadata({method} {0x0000022d98639a38} 'menuItem' '(Ljava/lang/String;Ljava/lang/String;ZZ)Z' in 'imgui/ImGui')}
  0x0000022d889b6508: efff ff49 | ba30 9a63 | 982d 0200 | 004c 8954 | 2408 48c7 | 0424 ffff 

  0x0000022d889b6520: ;   {runtime_call C1 Runtime counter_overflow_blob}
  0x0000022d889b6520: ffff e839 

  0x0000022d889b6524: ; ImmutableOopMap {}
                      ;*synchronization entry
                      ; - imgui.ImGui::menuItem@-1 (line 10208)
                      ; - Rendering.ImGui.ImGuiMenubar::render@30 (line 19)
  0x0000022d889b6524: 7545 07e9 | 96ef ffff 

  0x0000022d889b652c: ;   {metadata({method} {0x0000022d98639158} 'beginMenu' '(Ljava/lang/String;Z)Z' in 'imgui/ImGui')}
  0x0000022d889b652c: 49ba 5091 | 6398 2d02 | 0000 4c89 | 5424 0848 | c704 24ff 

  0x0000022d889b6540: ;   {runtime_call C1 Runtime counter_overflow_blob}
  0x0000022d889b6540: ffff ffe8 

  0x0000022d889b6544: ; ImmutableOopMap {}
                      ;*synchronization entry
                      ; - imgui.ImGui::beginMenu@-1 (line 10120)
                      ; - Rendering.ImGui.ImGuiMenubar::render@37 (line 21)
  0x0000022d889b6544: 1875 4507 | e9f5 efff 

  0x0000022d889b654c: ;   {metadata({method} {0x0000022d98639a38} 'menuItem' '(Ljava/lang/String;Ljava/lang/String;ZZ)Z' in 'imgui/ImGui')}
  0x0000022d889b654c: ff49 ba30 | 9a63 982d | 0200 004c | 8954 2408 | 48c7 0424 | ffff ffff 

  0x0000022d889b6564: ;   {runtime_call C1 Runtime counter_overflow_blob}
  0x0000022d889b6564: e8f7 7445 

  0x0000022d889b6568: ; ImmutableOopMap {}
                      ;*synchronization entry
                      ; - imgui.ImGui::menuItem@-1 (line 10208)
                      ; - Rendering.ImGui.ImGuiMenubar::render@48 (line 22)
  0x0000022d889b6568: 07e9 73f0 

  0x0000022d889b656c: ;   {metadata({method} {0x0000022d98639a38} 'menuItem' '(Ljava/lang/String;Ljava/lang/String;ZZ)Z' in 'imgui/ImGui')}
  0x0000022d889b656c: ffff 49ba | 309a 6398 | 2d02 0000 | 4c89 5424 | 0848 c704 | 24ff ffff 

  0x0000022d889b6584: ;   {runtime_call C1 Runtime counter_overflow_blob}
  0x0000022d889b6584: ffe8 d674 

  0x0000022d889b6588: ; ImmutableOopMap {}
                      ;*synchronization entry
                      ; - imgui.ImGui::menuItem@-1 (line 10208)
                      ; - Rendering.ImGui.ImGuiMenubar::render@57 (line 23)
  0x0000022d889b6588: 4507 e9d3 

  0x0000022d889b658c: ;   {metadata({method} {0x0000022d98639338} 'endMenu' '()V' in 'imgui/ImGui')}
  0x0000022d889b658c: f0ff ff49 | ba30 9363 | 982d 0200 | 004c 8954 | 2408 48c7 | 0424 ffff 

  0x0000022d889b65a4: ;   {runtime_call C1 Runtime counter_overflow_blob}
  0x0000022d889b65a4: ffff e8b5 

  0x0000022d889b65a8: ; ImmutableOopMap {}
                      ;*synchronization entry
                      ; - imgui.ImGui::endMenu@-1 (line 10141)
                      ; - Rendering.ImGui.ImGuiMenubar::render@61 (line 24)
  0x0000022d889b65a8: 7445 07e9 | 2df1 ffff 

  0x0000022d889b65b0: ;   {metadata({method} {0x0000022d98639a38} 'menuItem' '(Ljava/lang/String;Ljava/lang/String;ZZ)Z' in 'imgui/ImGui')}
  0x0000022d889b65b0: 49ba 309a | 6398 2d02 | 0000 4c89 | 5424 0848 | c704 24ff 

  0x0000022d889b65c4: ;   {runtime_call C1 Runtime counter_overflow_blob}
  0x0000022d889b65c4: ffff ffe8 

  0x0000022d889b65c8: ; ImmutableOopMap {}
                      ;*synchronization entry
                      ; - imgui.ImGui::menuItem@-1 (line 10208)
                      ; - Rendering.ImGui.ImGuiMenubar::render@70 (line 26)
  0x0000022d889b65c8: 9474 4507 | e969 f1ff 

  0x0000022d889b65d0: ;   {metadata({method} {0x0000022d98639a38} 'menuItem' '(Ljava/lang/String;Ljava/lang/String;ZZ)Z' in 'imgui/ImGui')}
  0x0000022d889b65d0: ff49 ba30 | 9a63 982d | 0200 004c | 8954 2408 | 48c7 0424 | ffff ffff 

  0x0000022d889b65e8: ;   {runtime_call C1 Runtime counter_overflow_blob}
  0x0000022d889b65e8: e873 7445 

  0x0000022d889b65ec: ; ImmutableOopMap {}
                      ;*synchronization entry
                      ; - imgui.ImGui::menuItem@-1 (line 10208)
                      ; - Rendering.ImGui.ImGuiMenubar::render@79 (line 27)
  0x0000022d889b65ec: 07e9 c8f1 

  0x0000022d889b65f0: ;   {metadata({method} {0x0000022d98604f60} 'separator' '()V' in 'imgui/ImGui')}
  0x0000022d889b65f0: ffff 49ba | 584f 6098 | 2d02 0000 | 4c89 5424 | 0848 c704 | 24ff ffff 

  0x0000022d889b6608: ;   {runtime_call C1 Runtime counter_overflow_blob}
  0x0000022d889b6608: ffe8 5274 

  0x0000022d889b660c: ; ImmutableOopMap {}
                      ;*synchronization entry
                      ; - imgui.ImGui::separator@-1 (line 2550)
                      ; - Rendering.ImGui.ImGuiMenubar::render@83 (line 28)
  0x0000022d889b660c: 4507 e922 

  0x0000022d889b6610: ;   {metadata({method} {0x0000022d98639a38} 'menuItem' '(Ljava/lang/String;Ljava/lang/String;ZZ)Z' in 'imgui/ImGui')}
  0x0000022d889b6610: f2ff ff49 | ba30 9a63 | 982d 0200 | 004c 8954 | 2408 48c7 | 0424 ffff 

  0x0000022d889b6628: ;   {runtime_call C1 Runtime counter_overflow_blob}
  0x0000022d889b6628: ffff e831 

  0x0000022d889b662c: ; ImmutableOopMap {}
                      ;*synchronization entry
                      ; - imgui.ImGui::menuItem@-1 (line 10208)
                      ; - Rendering.ImGui.ImGuiMenubar::render@92 (line 30)
  0x0000022d889b662c: 7445 07e9 | 5ef2 ffff 

  0x0000022d889b6634: ;   {metadata({method} {0x0000022d984016d8} 'get' '()LJade/Window;' in 'Jade/Window')}
  0x0000022d889b6634: 49ba d016 | 4098 2d02 | 0000 4c89 | 5424 0848 | c704 24ff 

  0x0000022d889b6648: ;   {runtime_call C1 Runtime counter_overflow_blob}
  0x0000022d889b6648: ffff ffe8 

  0x0000022d889b664c: ; ImmutableOopMap {}
                      ;*synchronization entry
                      ; - Jade.Window::get@-1 (line 69)
                      ; - Rendering.ImGui.ImGuiMenubar::render@98 (line 30)
  0x0000022d889b664c: 1074 4507 | e9e5 f2ff | ff48 8bd2 

  0x0000022d889b6658: ;   {runtime_call C1 Runtime fast_new_instance_blob}
  0x0000022d889b6658: e883 2545 

  0x0000022d889b665c: ; ImmutableOopMap {}
                      ;*new {reexecute=0 rethrow=0 return_oop=0}
                      ; - Jade.Window::get@6 (line 70)
                      ; - Rendering.ImGui.ImGuiMenubar::render@98 (line 30)
  0x0000022d889b665c: 07e9 68f3 | ffff 8b72 | 7848 c1e6 | 0348 83fe | 000f 84a0 | f3ff ff48 

  0x0000022d889b6674: ;   {runtime_call g1_pre_barrier_slow}
  0x0000022d889b6674: 8934 24e8 | 647e 4507 | e992 f3ff | ff48 83f8 | 000f 84af | f3ff ff48 

  0x0000022d889b668c: ;   {runtime_call g1_post_barrier_slow}
  0x0000022d889b668c: 8914 24e8 | 4c81 4507 | e9a1 f3ff 

  0x0000022d889b6698: ;   {runtime_call C1 Runtime throw_null_pointer_exception_blob}
  0x0000022d889b6698: ffe8 4215 

  0x0000022d889b669c: ; ImmutableOopMap {rsi=Oop [144]=Oop }
                      ;*invokevirtual destroy {reexecute=0 rethrow=0 return_oop=0}
                      ; - Rendering.ImGui.ImGuiMenubar::render@101 (line 30)
                      ;   {metadata({method} {0x0000022d98401c80} 'destroy' '()V' in 'Jade/Window')}
  0x0000022d889b669c: 4507 49ba | 781c 4098 | 2d02 0000 | 4c89 5424 | 0848 c704 | 24ff ffff 

  0x0000022d889b66b4: ;   {runtime_call C1 Runtime counter_overflow_blob}
  0x0000022d889b66b4: ffe8 a673 

  0x0000022d889b66b8: ; ImmutableOopMap {rsi=Oop [144]=Oop }
                      ;*synchronization entry
                      ; - Jade.Window::destroy@-1 (line 190)
                      ; - Rendering.ImGui.ImGuiMenubar::render@101 (line 30)
  0x0000022d889b66b8: 4507 e9e4 

  0x0000022d889b66bc: ;   {runtime_call C1 Runtime throw_null_pointer_exception_blob}
  0x0000022d889b66bc: f3ff ffe8 

  0x0000022d889b66c0: ; ImmutableOopMap {rsi=Oop rdi=Oop [144]=Oop }
                      ;*invokevirtual destroy {reexecute=0 rethrow=0 return_oop=0}
                      ; - Jade.Window::destroy@4 (line 190)
                      ; - Rendering.ImGui.ImGuiMenubar::render@101 (line 30)
  0x0000022d889b66c0: 1c15 4507 

  0x0000022d889b66c4: ;   {metadata({method} {0x0000022d98403c58} 'destroy' '()V' in 'Rendering/ImGui/ImGuiWindow')}
  0x0000022d889b66c4: 49ba 503c | 4098 2d02 | 0000 4c89 | 5424 0848 | c704 24ff 

  0x0000022d889b66d8: ;   {runtime_call C1 Runtime counter_overflow_blob}
  0x0000022d889b66d8: ffff ffe8 

  0x0000022d889b66dc: ; ImmutableOopMap {rsi=Oop rdi=Oop [144]=Oop }
                      ;*synchronization entry
                      ; - Rendering.ImGui.ImGuiWindow::destroy@-1 (line 135)
                      ; - Jade.Window::destroy@4 (line 190)
                      ; - Rendering.ImGui.ImGuiMenubar::render@101 (line 30)
  0x0000022d889b66dc: 8073 4507 | e915 f4ff 

  0x0000022d889b66e4: ;   {runtime_call C1 Runtime throw_null_pointer_exception_blob}
  0x0000022d889b66e4: ffe8 f614 

  0x0000022d889b66e8: ; ImmutableOopMap {rsi=Oop rdi=Oop rdx=Oop [144]=Oop }
                      ;*invokevirtual shutdown {reexecute=0 rethrow=0 return_oop=0}
                      ; - Rendering.ImGui.ImGuiWindow::destroy@4 (line 135)
                      ; - Jade.Window::destroy@4 (line 190)
                      ; - Rendering.ImGui.ImGuiMenubar::render@101 (line 30)
                      ;   {runtime_call C1 Runtime throw_null_pointer_exception_blob}
  0x0000022d889b66e8: 4507 e8f1 

  0x0000022d889b66ec: ; ImmutableOopMap {rdx=Oop [144]=Oop }
                      ;*invokevirtual shutdown {reexecute=0 rethrow=0 return_oop=0}
                      ; - Rendering.ImGui.ImGuiWindow::destroy@11 (line 136)
                      ; - Jade.Window::destroy@4 (line 190)
                      ; - Rendering.ImGui.ImGuiMenubar::render@101 (line 30)
                      ;   {metadata({method} {0x0000022d985f4800} 'destroyContext' '()V' in 'imgui/ImGui')}
  0x0000022d889b66ec: 1445 0749 | baf8 475f | 982d 0200 | 004c 8954 | 2408 48c7 | 0424 ffff 

  0x0000022d889b6704: ;   {runtime_call C1 Runtime counter_overflow_blob}
  0x0000022d889b6704: ffff e855 

  0x0000022d889b6708: ; ImmutableOopMap {[144]=Oop }
                      ;*synchronization entry
                      ; - imgui.ImGui::destroyContext@-1 (line 183)
                      ; - Rendering.ImGui.ImGuiWindow::destroy@14 (line 137)
                      ; - Jade.Window::destroy@4 (line 190)
                      ; - Rendering.ImGui.ImGuiMenubar::render@101 (line 30)
  0x0000022d889b6708: 7345 07e9 | b5f4 ffff 

  0x0000022d889b6710: ;   {metadata({method} {0x0000022d984be4d0} 'glfwSetErrorCallback' '(Lorg/lwjgl/glfw/GLFWErrorCallbackI;)Lorg/lwjgl/glfw/GLFWErrorCallback;' in 'org/lwjgl/glfw/GLFW')}
  0x0000022d889b6710: 49ba c8e4 | 4b98 2d02 | 0000 4c89 | 5424 0848 | c704 24ff 

  0x0000022d889b6724: ;   {runtime_call C1 Runtime counter_overflow_blob}
  0x0000022d889b6724: ffff ffe8 

  0x0000022d889b6728: ; ImmutableOopMap {}
                      ;*synchronization entry
                      ; - org.lwjgl.glfw.GLFW::glfwSetErrorCallback@-1 (line 1352)
                      ; - Jade.Window::destroy@22 (line 197)
                      ; - Rendering.ImGui.ImGuiMenubar::render@101 (line 30)
  0x0000022d889b6728: 3473 4507 | e93c f5ff 

  0x0000022d889b6730: ;   {metadata({method} {0x0000022d98459f28} 'memAddressSafe' '(Lorg/lwjgl/system/Pointer;)J' in 'org/lwjgl/system/MemoryUtil')}
  0x0000022d889b6730: ff49 ba20 | 9f45 982d | 0200 004c | 8954 2408 | 48c7 0424 | ffff ffff 

  0x0000022d889b6748: ;   {runtime_call C1 Runtime counter_overflow_blob}
  0x0000022d889b6748: e813 7345 

  0x0000022d889b674c: ; ImmutableOopMap {}
                      ;*synchronization entry
                      ; - org.lwjgl.system.MemoryUtil::memAddressSafe@-1 (line 911)
                      ; - org.lwjgl.glfw.GLFW::glfwSetErrorCallback@1 (line 1352)
                      ; - Jade.Window::destroy@22 (line 197)
                      ; - Rendering.ImGui.ImGuiMenubar::render@101 (line 30)
  0x0000022d889b674c: 07e9 54f5 

  0x0000022d889b6750: ;   {metadata({method} {0x0000022d9843e4a0} 'createSafe' '(J)Lorg/lwjgl/glfw/GLFWErrorCallback;' in 'org/lwjgl/glfw/GLFWErrorCallback')}
  0x0000022d889b6750: ffff 49ba | 98e4 4398 | 2d02 0000 | 4c89 5424 | 0848 c704 | 24ff ffff 

  0x0000022d889b6768: ;   {runtime_call C1 Runtime counter_overflow_blob}
  0x0000022d889b6768: ffe8 f272 

  0x0000022d889b676c: ; ImmutableOopMap {}
                      ;*synchronization entry
                      ; - org.lwjgl.glfw.GLFWErrorCallback::createSafe@-1 (line 48)
                      ; - org.lwjgl.glfw.GLFW::glfwSetErrorCallback@7 (line 1352)
                      ; - Jade.Window::destroy@22 (line 197)
                      ; - Rendering.ImGui.ImGuiMenubar::render@101 (line 30)
  0x0000022d889b676c: 4507 e9c2 

  0x0000022d889b6770: ;   {runtime_call C1 Runtime throw_null_pointer_exception_blob}
  0x0000022d889b6770: f5ff ffe8 

  0x0000022d889b6774: ; ImmutableOopMap {rsi=Oop }
                      ;*invokevirtual free {reexecute=0 rethrow=0 return_oop=0}
                      ; - Jade.Window::destroy@25 (line 197)
                      ; - Rendering.ImGui.ImGuiMenubar::render@101 (line 30)
  0x0000022d889b6774: 6814 4507 

  0x0000022d889b6778: ;   {metadata({method} {0x0000022d98407c18} 'free' '()V' in 'org/lwjgl/system/Callback')}
  0x0000022d889b6778: 49ba 107c | 4098 2d02 | 0000 4c89 | 5424 0848 | c704 24ff 

  0x0000022d889b678c: ;   {runtime_call C1 Runtime counter_overflow_blob}
  0x0000022d889b678c: ffff ffe8 

  0x0000022d889b6790: ; ImmutableOopMap {rsi=Oop }
                      ;*synchronization entry
                      ; - org.lwjgl.system.Callback::free@-1 (line 135)
                      ; - Jade.Window::destroy@25 (line 197)
                      ; - Rendering.ImGui.ImGuiMenubar::render@101 (line 30)
  0x0000022d889b6790: cc72 4507 | e9cf f6ff 

  0x0000022d889b6798: ;   {metadata({method} {0x0000022d984bdb48} 'glfwTerminate' '()V' in 'org/lwjgl/glfw/GLFW')}
  0x0000022d889b6798: ff49 ba40 | db4b 982d | 0200 004c | 8954 2408 | 48c7 0424 | ffff ffff 

  0x0000022d889b67b0: ;   {runtime_call C1 Runtime counter_overflow_blob}
  0x0000022d889b67b0: e8ab 7245 

  0x0000022d889b67b4: ; ImmutableOopMap {}
                      ;*synchronization entry
                      ; - org.lwjgl.glfw.GLFW::glfwTerminate@-1 (line 1137)
                      ; - Jade.Window::destroy@28 (line 198)
                      ; - Rendering.ImGui.ImGuiMenubar::render@101 (line 30)
  0x0000022d889b67b4: 07e9 9bf7 

  0x0000022d889b67b8: ;   {metadata({method} {0x0000022d98639338} 'endMenu' '()V' in 'imgui/ImGui')}
  0x0000022d889b67b8: ffff 49ba | 3093 6398 | 2d02 0000 | 4c89 5424 | 0848 c704 | 24ff ffff 

  0x0000022d889b67d0: ;   {runtime_call C1 Runtime counter_overflow_blob}
  0x0000022d889b67d0: ffe8 8a72 

  0x0000022d889b67d4: ; ImmutableOopMap {}
                      ;*synchronization entry
                      ; - imgui.ImGui::endMenu@-1 (line 10141)
                      ; - Rendering.ImGui.ImGuiMenubar::render@104 (line 31)
  0x0000022d889b67d4: 4507 e9e2 

  0x0000022d889b67d8: ;   {metadata({method} {0x0000022d986390a0} 'beginMenu' '(Ljava/lang/String;)Z' in 'imgui/ImGui')}
  0x0000022d889b67d8: f7ff ff49 | ba98 9063 | 982d 0200 | 004c 8954 | 2408 48c7 | 0424 ffff 

  0x0000022d889b67f0: ;   {runtime_call C1 Runtime counter_overflow_blob}
  0x0000022d889b67f0: ffff e869 

  0x0000022d889b67f4: ; ImmutableOopMap {}
                      ;*synchronization entry
                      ; - imgui.ImGui::beginMenu@-1 (line 10113)
                      ; - Rendering.ImGui.ImGuiMenubar::render@109 (line 34)
  0x0000022d889b67f4: 7245 07e9 | 19f8 ffff 

  0x0000022d889b67fc: ;   {metadata({method} {0x0000022d98639a38} 'menuItem' '(Ljava/lang/String;Ljava/lang/String;ZZ)Z' in 'imgui/ImGui')}
  0x0000022d889b67fc: 49ba 309a | 6398 2d02 | 0000 4c89 | 5424 0848 | c704 24ff 

  0x0000022d889b6810: ;   {runtime_call C1 Runtime counter_overflow_blob}
  0x0000022d889b6810: ffff ffe8 

  0x0000022d889b6814: ; ImmutableOopMap {}
                      ;*synchronization entry
                      ; - imgui.ImGui::menuItem@-1 (line 10208)
                      ; - Rendering.ImGui.ImGuiMenubar::render@121 (line 35)
  0x0000022d889b6814: 4872 4507 | e994 f8ff 

  0x0000022d889b681c: ;   {metadata({method} {0x0000022d98639a38} 'menuItem' '(Ljava/lang/String;Ljava/lang/String;ZZ)Z' in 'imgui/ImGui')}
  0x0000022d889b681c: ff49 ba30 | 9a63 982d | 0200 004c | 8954 2408 | 48c7 0424 | ffff ffff 

  0x0000022d889b6834: ;   {runtime_call C1 Runtime counter_overflow_blob}
  0x0000022d889b6834: e827 7245 

  0x0000022d889b6838: ; ImmutableOopMap {}
                      ;*synchronization entry
                      ; - imgui.ImGui::menuItem@-1 (line 10208)
                      ; - Rendering.ImGui.ImGuiMenubar::render@131 (line 36)
  0x0000022d889b6838: 07e9 f4f8 

  0x0000022d889b683c: ;   {metadata({method} {0x0000022d98639a38} 'menuItem' '(Ljava/lang/String;Ljava/lang/String;ZZ)Z' in 'imgui/ImGui')}
  0x0000022d889b683c: ffff 49ba | 309a 6398 | 2d02 0000 | 4c89 5424 | 0848 c704 | 24ff ffff 

  0x0000022d889b6854: ;   {runtime_call C1 Runtime counter_overflow_blob}
  0x0000022d889b6854: ffe8 0672 

  0x0000022d889b6858: ; ImmutableOopMap {}
                      ;*synchronization entry
                      ; - imgui.ImGui::menuItem@-1 (line 10208)
                      ; - Rendering.ImGui.ImGuiMenubar::render@141 (line 37)
  0x0000022d889b6858: 4507 e953 

  0x0000022d889b685c: ;   {metadata({method} {0x0000022d98639a38} 'menuItem' '(Ljava/lang/String;Ljava/lang/String;ZZ)Z' in 'imgui/ImGui')}
  0x0000022d889b685c: f9ff ff49 | ba30 9a63 | 982d 0200 | 004c 8954 | 2408 48c7 | 0424 ffff 

  0x0000022d889b6874: ;   {runtime_call C1 Runtime counter_overflow_blob}
  0x0000022d889b6874: ffff e8e5 

  0x0000022d889b6878: ; ImmutableOopMap {}
                      ;*synchronization entry
                      ; - imgui.ImGui::menuItem@-1 (line 10208)
                      ; - Rendering.ImGui.ImGuiMenubar::render@151 (line 38)
  0x0000022d889b6878: 7145 07e9 | b2f9 ffff 

  0x0000022d889b6880: ;   {metadata({method} {0x0000022d98604f60} 'separator' '()V' in 'imgui/ImGui')}
  0x0000022d889b6880: 49ba 584f | 6098 2d02 | 0000 4c89 | 5424 0848 | c704 24ff 

  0x0000022d889b6894: ;   {runtime_call C1 Runtime counter_overflow_blob}
  0x0000022d889b6894: ffff ffe8 

  0x0000022d889b6898: ; ImmutableOopMap {}
                      ;*synchronization entry
                      ; - imgui.ImGui::separator@-1 (line 2550)
                      ; - Rendering.ImGui.ImGuiMenubar::render@155 (line 39)
  0x0000022d889b6898: c471 4507 | e904 faff 

  0x0000022d889b68a0: ;   {metadata({method} {0x0000022d98639a38} 'menuItem' '(Ljava/lang/String;Ljava/lang/String;ZZ)Z' in 'imgui/ImGui')}
  0x0000022d889b68a0: ff49 ba30 | 9a63 982d | 0200 004c | 8954 2408 | 48c7 0424 | ffff ffff 

  0x0000022d889b68b8: ;   {runtime_call C1 Runtime counter_overflow_blob}
  0x0000022d889b68b8: e8a3 7145 

  0x0000022d889b68bc: ; ImmutableOopMap {}
                      ;*synchronization entry
                      ; - imgui.ImGui::menuItem@-1 (line 10208)
                      ; - Rendering.ImGui.ImGuiMenubar::render@164 (line 40)
  0x0000022d889b68bc: 07e9 40fa 

  0x0000022d889b68c0: ;   {metadata({method} {0x0000022d98639a38} 'menuItem' '(Ljava/lang/String;Ljava/lang/String;ZZ)Z' in 'imgui/ImGui')}
  0x0000022d889b68c0: ffff 49ba | 309a 6398 | 2d02 0000 | 4c89 5424 | 0848 c704 | 24ff ffff 

  0x0000022d889b68d8: ;   {runtime_call C1 Runtime counter_overflow_blob}
  0x0000022d889b68d8: ffe8 8271 

  0x0000022d889b68dc: ; ImmutableOopMap {}
                      ;*synchronization entry
                      ; - imgui.ImGui::menuItem@-1 (line 10208)
                      ; - Rendering.ImGui.ImGuiMenubar::render@174 (line 41)
  0x0000022d889b68dc: 4507 e99f 

  0x0000022d889b68e0: ;   {metadata({method} {0x0000022d98639338} 'endMenu' '()V' in 'imgui/ImGui')}
  0x0000022d889b68e0: faff ff49 | ba30 9363 | 982d 0200 | 004c 8954 | 2408 48c7 | 0424 ffff 

  0x0000022d889b68f8: ;   {runtime_call C1 Runtime counter_overflow_blob}
  0x0000022d889b68f8: ffff e861 

  0x0000022d889b68fc: ; ImmutableOopMap {}
                      ;*synchronization entry
                      ; - imgui.ImGui::endMenu@-1 (line 10141)
                      ; - Rendering.ImGui.ImGuiMenubar::render@178 (line 42)
  0x0000022d889b68fc: 7145 07e9 | f9fa ffff 

  0x0000022d889b6904: ;   {metadata({method} {0x0000022d98638f50} 'endMainMenuBar' '()V' in 'imgui/ImGui')}
  0x0000022d889b6904: 49ba 488f | 6398 2d02 | 0000 4c89 | 5424 0848 | c704 24ff 

  0x0000022d889b6918: ;   {runtime_call C1 Runtime counter_overflow_blob}
  0x0000022d889b6918: ffff ffe8 

  0x0000022d889b691c: ; ImmutableOopMap {}
                      ;*synchronization entry
                      ; - imgui.ImGui::endMainMenuBar@-1 (line 10102)
                      ; - Rendering.ImGui.ImGuiMenubar::render@181 (line 45)
  0x0000022d889b691c: 4071 4507 | e930 fbff 

  0x0000022d889b6924: ;   {internal_word}
  0x0000022d889b6924: ff49 ba7c | 649b 882d | 0200 004d | 8997 e004 

  0x0000022d889b6934: ;   {runtime_call SafepointBlob}
  0x0000022d889b6934: 0000 e925 | a638 0749 | 8b87 8805 | 0000 49c7 | 8788 0500 | 0000 0000 | 0049 c787 | 9005 0000 
  0x0000022d889b6954: 0000 0000 | 4881 c4b0 | 0000 005d 

  0x0000022d889b6960: ;   {runtime_call C1 Runtime unwind_exception_blob}
  0x0000022d889b6960: e97b fc44 | 07f4 f4f4 
[Stub Code]
  0x0000022d889b6968: ;   {other}
  0x0000022d889b6968: 0f1f 4400 

  0x0000022d889b696c: ;   {static_stub}
  0x0000022d889b696c: 0048 bbc0 | 1d43 982d 

  0x0000022d889b6974: ;   {runtime_call I2C/C2I adapters}
  0x0000022d889b6974: 0200 00e9 | b69a 3807 

  0x0000022d889b697c: ;   {static_stub}
  0x0000022d889b697c: 9048 bb58 | c140 982d 

  0x0000022d889b6984: ;   {runtime_call I2C/C2I adapters}
  0x0000022d889b6984: 0200 00e9 | a69a 3807 

  0x0000022d889b698c: ;   {static_stub}
  0x0000022d889b698c: 9048 bb18 | 6397 982d 

  0x0000022d889b6994: ;   {runtime_call I2C/C2I adapters}
  0x0000022d889b6994: 0200 00e9 | 966c 3607 

  0x0000022d889b699c: ;   {static_stub}
  0x0000022d889b699c: 48bb 0000 | 0000 0000 

  0x0000022d889b69a4: ;   {runtime_call nmethod}
  0x0000022d889b69a4: 0000 e9fb 

  0x0000022d889b69a8: ;   {static_stub}
  0x0000022d889b69a8: ffff ff48 | bb00 0000 | 0000 0000 

  0x0000022d889b69b4: ;   {runtime_call nmethod}
  0x0000022d889b69b4: 00e9 fbff 

  0x0000022d889b69b8: ;   {static_stub}
  0x0000022d889b69b8: ffff 48bb | 0000 0000 | 0000 0000 

  0x0000022d889b69c4: ;   {runtime_call nmethod}
  0x0000022d889b69c4: e9fb ffff 

  0x0000022d889b69c8: ;   {static_stub}
  0x0000022d889b69c8: ff48 bb38 | 495f 982d 

  0x0000022d889b69d0: ;   {runtime_call I2C/C2I adapters}
  0x0000022d889b69d0: 0200 00e9 | d69d 3807 

  0x0000022d889b69d8: ;   {static_stub}
  0x0000022d889b69d8: 48bb e00b | 4c98 2d02 

  0x0000022d889b69e0: ;   {runtime_call I2C/C2I adapters}
  0x0000022d889b69e0: 0000 e94b 

  0x0000022d889b69e4: ;   {static_stub}
  0x0000022d889b69e4: 6c36 0748 | bb00 e44b | 982d 0200 

  0x0000022d889b69f0: ;   {runtime_call I2C/C2I adapters}
  0x0000022d889b69f0: 00e9 3c6c 

  0x0000022d889b69f4: ;   {static_stub}
  0x0000022d889b69f4: 3607 48bb | c0e3 4398 | 2d02 0000 

  0x0000022d889b6a00: ;   {runtime_call I2C/C2I adapters}
  0x0000022d889b6a00: e92d 6c36 

  0x0000022d889b6a04: ;   {static_stub}
  0x0000022d889b6a04: 0748 bb00 | 0000 0000 

  0x0000022d889b6a0c: ;   {runtime_call nmethod}
  0x0000022d889b6a0c: 0000 00e9 | fbff ffff 

  0x0000022d889b6a14: ;   {static_stub}
  0x0000022d889b6a14: 48bb 0000 | 0000 0000 

  0x0000022d889b6a1c: ;   {runtime_call nmethod}
  0x0000022d889b6a1c: 0000 e9fb 

  0x0000022d889b6a20: ;   {static_stub}
  0x0000022d889b6a20: ffff ff48 | bb00 0000 | 0000 0000 

  0x0000022d889b6a2c: ;   {runtime_call nmethod}
  0x0000022d889b6a2c: 00e9 fbff 

  0x0000022d889b6a30: ;   {static_stub}
  0x0000022d889b6a30: ffff 48bb | 0000 0000 | 0000 0000 

  0x0000022d889b6a3c: ;   {runtime_call nmethod}
  0x0000022d889b6a3c: e9fb ffff 

  0x0000022d889b6a40: ;   {static_stub}
  0x0000022d889b6a40: ff48 bbf8 | 5140 982d 

  0x0000022d889b6a48: ;   {runtime_call I2C/C2I adapters}
  0x0000022d889b6a48: 0200 00e9 | e26b 3607 

  0x0000022d889b6a50: ;   {static_stub}
  0x0000022d889b6a50: 48bb 0000 | 0000 0000 

  0x0000022d889b6a58: ;   {runtime_call nmethod}
  0x0000022d889b6a58: 0000 e9fb 

  0x0000022d889b6a5c: ;   {static_stub}
  0x0000022d889b6a5c: ffff ff48 | bb00 0000 | 0000 0000 

  0x0000022d889b6a68: ;   {runtime_call nmethod}
  0x0000022d889b6a68: 00e9 fbff 

  0x0000022d889b6a6c: ;   {runtime_call C1 Runtime handle_exception_from_callee_blob}
  0x0000022d889b6a6c: ffff e86d 

  0x0000022d889b6a70: ;   {external_word}
  0x0000022d889b6a70: 3645 0748 | b948 0805 | 17fa 7f00 | 0048 83e4 

  0x0000022d889b6a80: ;   {runtime_call}
  0x0000022d889b6a80: f048 b800 | 8dc8 16fa | 7f00 00ff 

  0x0000022d889b6a8c: ;   {section_word}
  0x0000022d889b6a8c: d0f4 49ba | 8e6a 9b88 | 2d02 0000 

  0x0000022d889b6a98: ;   {runtime_call DeoptimizationBlob}
  0x0000022d889b6a98: 4152 e9c1 | a738 07f4 
[/MachCode]


Compiled method (c1) 2534 1632       3       Rendering.ImGui.ImGuiEditor::render (89 bytes)
 total in heap  [0x0000022d889b2688,0x0000022d889b5178] = 10992
 constants      [0x0000022d889b2780,0x0000022d889b27a0] = 32
 main code      [0x0000022d889b27a0,0x0000022d889b4fa0] = 10240
 stub code      [0x0000022d889b4fa0,0x0000022d889b50f8] = 344
 oops           [0x0000022d889b50f8,0x0000022d889b5178] = 128
 mutable data [0x0000022d9f0248e0,0x0000022d9f024df8] = 1304
 relocation     [0x0000022d9f0248e0,0x0000022d9f024cc0] = 992
 metadata       [0x0000022d9f024cc0,0x0000022d9f024df8] = 312
 immutable data [0x0000022d9f023bc0,0x0000022d9f0248d8] = 3352
 dependencies   [0x0000022d9f023bc0,0x0000022d9f023c10] = 80
 nul chk table  [0x0000022d9f023c10,0x0000022d9f023c70] = 96
 scopes pcs     [0x0000022d9f023c70,0x0000022d9f024260] = 1520
 scopes data    [0x0000022d9f024260,0x0000022d9f0248d8] = 1656


[Constant Pool]
             Address          hex4                    hex8      
  0x0000022d889b2780:   0x3f800000      0xf4f4f4f43f800000      
  0x0000022d889b2784:   0xf4f4f4f4                              
  0x0000022d889b2788:   0xf4f4f4f4      0xf4f4f4f4f4f4f4f4      
  0x0000022d889b278c:   0xf4f4f4f4                              
  0x0000022d889b2790:   0xf4f4f4f4      0xf4f4f4f4f4f4f4f4      
  0x0000022d889b2794:   0xf4f4f4f4                              
  0x0000022d889b2798:   0xf4f4f4f4      0xf4f4f4f4f4f4f4f4      
  0x0000022d889b279c:   0xf4f4f4f4                              

[MachCode]
[Instructions begin]
  0x0000022d889b27a0: ;   {other}
  0x0000022d889b27a0: 660f 1f84 | 0000 0000 | 0066 0f1f | 8400 0000 | 0000 448b | 5208 443b 

  0x0000022d889b27b8: ;   {runtime_call Shared Runtime ic_miss_blob}
  0x0000022d889b27b8: 5008 0f85 | 20c3 3807 
[Verified Entry Point]
  0x0000022d889b27c0: 8984 2400 | 80ff ff55 | 4881 eca0 | 0100 0090 | 4181 7f20 | 0100 0000 

  0x0000022d889b27d8: ;   {runtime_call Stub::method_entry_barrier}
  0x0000022d889b27d8: 7405 e861 | 1a37 0748 | 8994 2420 

  0x0000022d889b27e4: ;   {metadata(method data for {method} {0x0000022d984391c0} 'render' '()V' in 'Rendering/ImGui/ImGuiEditor')}
  0x0000022d889b27e4: 0100 0048 | be00 8896 | 982d 0200 | 008b be90 | 0000 0083 | c702 89be | 9000 0000 | 81e7 fe07 
  0x0000022d889b2804: 0000 85ff | 0f84 5b20 | 0000 8b72 | 1848 c1e6 | 0348 3b06 

  0x0000022d889b2818: ;   {metadata(method data for {method} {0x0000022d984391c0} 'render' '()V' in 'Rendering/ImGui/ImGuiEditor')}
  0x0000022d889b2818: 488b fe48 | bb00 8896 | 982d 0200 | 0048 8383 | e800 0000 | 0148 8bd6 | 0f1f 8000 

  0x0000022d889b2834: ;   {optimized virtual_call}
  0x0000022d889b2834: 0000 00e8 

  0x0000022d889b2838: ; ImmutableOopMap {[288]=Oop }
                      ;*invokevirtual render {reexecute=0 rethrow=0 return_oop=0}
                      ; - Rendering.ImGui.ImGuiEditor::render@4 (line 19)
  0x0000022d889b2838: 642a 0000 

  0x0000022d889b283c: ;   {post_call_nop}
  0x0000022d889b283c: 0f1f 8400 | b401 0000 

  0x0000022d889b2844: ;   {metadata(method data for {method} {0x0000022d984391c0} 'render' '()V' in 'Rendering/ImGui/ImGuiEditor')}
  0x0000022d889b2844: 48ba 0088 | 9698 2d02 | 0000 4883 | 8208 0100 

  0x0000022d889b2854: ;   {metadata(method data for {method} {0x0000022d985f73c0} 'begin' '(Ljava/lang/String;I)Z' in 'imgui/ImGui')}
  0x0000022d889b2854: 0001 48ba | 0024 9798 | 2d02 0000 | 448b 8290 | 0000 0041 | 83c0 0244 | 8982 9000 | 0000 4181 
  0x0000022d889b2874: e0fe ff1f | 0045 85c0 | 0f84 0d20 

  0x0000022d889b2880: ;   {metadata(method data for {method} {0x0000022d985f73c0} 'begin' '(Ljava/lang/String;I)Z' in 'imgui/ImGui')}
  0x0000022d889b2880: 0000 48ba | 0024 9798 | 2d02 0000 | 4883 82d8 | 0000 0001 

  0x0000022d889b2894: ;   {oop("Editor Þ"{0x000000070fdd4d98})}
  0x0000022d889b2894: 48ba 984d | dd0f 0700 | 0000 41b8 | 4000 0000 

  0x0000022d889b28a4: ;   {static_call}
  0x0000022d889b28a4: 6666 90e8 

  0x0000022d889b28a8: ; ImmutableOopMap {[288]=Oop }
                      ;*invokestatic nBegin {reexecute=0 rethrow=0 return_oop=0}
                      ; - imgui.ImGui::begin@2 (line 581)
                      ; - Rendering.ImGui.ImGuiEditor::render@11 (line 21)
  0x0000022d889b28a8: 6485 9207 

  0x0000022d889b28ac: ;   {post_call_nop}
  0x0000022d889b28ac: 0f1f 8400 | 2402 0001 | 83e0 0185 

  0x0000022d889b28b8: ;   {metadata(method data for {method} {0x0000022d984391c0} 'render' '()V' in 'Rendering/ImGui/ImGuiEditor')}
  0x0000022d889b28b8: c048 ba00 | 8896 982d | 0200 00be | 1801 0000 | 7405 be28 | 0100 0048 | 8b3c 3248 | 8d7f 0148 
  0x0000022d889b28d8: 893c 320f | 8443 1d00 

  0x0000022d889b28e0: ;   {metadata(method data for {method} {0x0000022d984391c0} 'render' '()V' in 'Rendering/ImGui/ImGuiEditor')}
  0x0000022d889b28e0: 0048 ba00 | 8896 982d | 0200 0048 | 8382 3801 

  0x0000022d889b28f0: ;   {metadata(method data for {method} {0x000000009c194230} 'getProperty' '(Ljava/lang/String;)Ljava/lang/String;' in 'java/lang/System')}
  0x0000022d889b28f0: 0000 0148 | bad0 4d1e | 982d 0200 | 008b b290 | 0000 0083 | c602 89b2 | 9000 0000 | 81e6 feff 
  0x0000022d889b2910: 1f00 85f6 | 0f84 961f 

  0x0000022d889b2918: ;   {metadata(method data for {method} {0x000000009c194230} 'getProperty' '(Ljava/lang/String;)Ljava/lang/String;' in 'java/lang/System')}
  0x0000022d889b2918: 0000 48ba | d04d 1e98 | 2d02 0000 | 4883 82d8 | 0000 0001 

  0x0000022d889b292c: ;   {oop("os.name"{0x00000007ffe3e528})}
  0x0000022d889b292c: 48be 28e5 | e3ff 0700 | 0000 488b | d648 89b4 | 2428 0100 | 0066 0f1f 

  0x0000022d889b2944: ;   {static_call}
  0x0000022d889b2944: 4400 00e8 

  0x0000022d889b2948: ; ImmutableOopMap {[288]=Oop [296]=Oop }
                      ;*invokestatic checkKey {reexecute=0 rethrow=0 return_oop=0}
                      ; - java.lang.System::getProperty@1 (line 742)
                      ; - Rendering.ImGui.ImGuiEditor::render@19 (line 22)
  0x0000022d889b2948: 3423 fbff 

  0x0000022d889b294c: ;   {post_call_nop}
  0x0000022d889b294c: 0f1f 8400 | c402 0002 

  0x0000022d889b2954: ;   {oop(a 'java/lang/Class'{0x00000007ffe7e828} = 'java/lang/System')}
  0x0000022d889b2954: 48be 28e8 | e7ff 0700 | 0000 8b96 | 9400 0000 | 48c1 e203 

  0x0000022d889b2968: ; implicit exception: dispatches to 0x0000022d889b48d1
  0x0000022d889b2968: 483b 024c 

  0x0000022d889b296c: ;   {metadata(method data for {method} {0x000000009c194230} 'getProperty' '(Ljava/lang/String;)Ljava/lang/String;' in 'java/lang/System')}
  0x0000022d889b296c: 8bc2 48bf | d04d 1e98 | 2d02 0000 | 458b 4008 | 41ba 0000 | 009c 4d03 | c24c 3b87 | f000 0000 
  0x0000022d889b298c: 750d 4883 | 87f8 0000 | 0001 e960 | 0000 004c | 3b87 0001 | 0000 750d | 4883 8708 | 0100 0001 
  0x0000022d889b29ac: e94a 0000 | 0048 83bf | f000 0000 | 0075 174c | 8987 f000 | 0000 48c7 | 87f8 0000 | 0001 0000 
  0x0000022d889b29cc: 00e9 2900 | 0000 4883 | bf00 0100 | 0000 7517 | 4c89 8700 | 0100 0048 | c787 0801 | 0000 0100 
  0x0000022d889b29ec: 0000 e908 | 0000 0048 | 8387 e800 | 0000 014c | 8b84 2428 | 0100 0048 | 89b4 2430 | 0100 0066 
  0x0000022d889b2a0c: 9048 b800 | 61f8 9e2d 

  0x0000022d889b2a14: ;   {virtual_call}
  0x0000022d889b2a14: 0200 00e8 

  0x0000022d889b2a18: ; ImmutableOopMap {[288]=Oop [304]=Oop }
                      ;*invokevirtual getProperty {reexecute=0 rethrow=0 return_oop=0}
                      ; - java.lang.System::getProperty@8 (line 743)
                      ; - Rendering.ImGui.ImGuiEditor::render@19 (line 22)
  0x0000022d889b2a18: f691 faff 

  0x0000022d889b2a1c: ;   {post_call_nop}
  0x0000022d889b2a1c: 0f1f 8400 | 9403 0003 

  0x0000022d889b2a24: ;   {metadata(method data for {method} {0x0000022d984391c0} 'render' '()V' in 'Rendering/ImGui/ImGuiEditor')}
  0x0000022d889b2a24: 48ba 0088 | 9698 2d02 | 0000 4883 | 8248 0100 

  0x0000022d889b2a34: ;   {metadata(method data for {method} {0x000000009c194230} 'getProperty' '(Ljava/lang/String;)Ljava/lang/String;' in 'java/lang/System')}
  0x0000022d889b2a34: 0001 48ba | d04d 1e98 | 2d02 0000 | 8bb2 9000 | 0000 83c6 | 0289 b290 | 0000 0081 | e6fe ff1f 
  0x0000022d889b2a54: 0085 f60f | 8479 1e00 

  0x0000022d889b2a5c: ;   {metadata(method data for {method} {0x000000009c194230} 'getProperty' '(Ljava/lang/String;)Ljava/lang/String;' in 'java/lang/System')}
  0x0000022d889b2a5c: 0048 bad0 | 4d1e 982d | 0200 0048 | 8382 d800 

  0x0000022d889b2a6c: ;   {oop("os.arch"{0x00000007ffe67568})}
  0x0000022d889b2a6c: 0000 0148 | be68 75e6 | ff07 0000 | 0048 8bd6 | 4889 8424 | 4001 0000 | 4889 b424 | 3801 0000 
  0x0000022d889b2a8c: ;   {static_call}
  0x0000022d889b2a8c: 6666 90e8 

  0x0000022d889b2a90: ; ImmutableOopMap {[288]=Oop [304]=Oop [312]=Oop [320]=Oop }
                      ;*invokestatic checkKey {reexecute=0 rethrow=0 return_oop=0}
                      ; - java.lang.System::getProperty@1 (line 742)
                      ; - Rendering.ImGui.ImGuiEditor::render@24 (line 22)
  0x0000022d889b2a90: ec21 fbff 

  0x0000022d889b2a94: ;   {post_call_nop}
  0x0000022d889b2a94: 0f1f 8400 | 0c04 0004 | 488b b424 | 3001 0000 | 8b96 9400 | 0000 48c1 | e203 483b | 024c 8bc2 
  0x0000022d889b2ab4: ;   {metadata(method data for {method} {0x000000009c194230} 'getProperty' '(Ljava/lang/String;)Ljava/lang/String;' in 'java/lang/System')}
  0x0000022d889b2ab4: 48be d04d | 1e98 2d02 | 0000 458b | 4008 41ba | 0000 009c | 4d03 c24c | 3b86 f000 | 0000 750d 
  0x0000022d889b2ad4: 4883 86f8 | 0000 0001 | e960 0000 | 004c 3b86 | 0001 0000 | 750d 4883 | 8608 0100 | 0001 e94a 
  0x0000022d889b2af4: 0000 0048 | 83be f000 | 0000 0075 | 174c 8986 | f000 0000 | 48c7 86f8 | 0000 0001 | 0000 00e9 
  0x0000022d889b2b14: 2900 0000 | 4883 be00 | 0100 0000 | 7517 4c89 | 8600 0100 | 0048 c786 | 0801 0000 | 0100 0000 
  0x0000022d889b2b34: e908 0000 | 0048 8386 | e800 0000 | 014c 8b84 | 2438 0100 | 000f 1f40 | 0048 b828 | 61f8 9e2d 
  0x0000022d889b2b54: ;   {virtual_call}
  0x0000022d889b2b54: 0200 00e8 

  0x0000022d889b2b58: ; ImmutableOopMap {[288]=Oop [320]=Oop }
                      ;*invokevirtual getProperty {reexecute=0 rethrow=0 return_oop=0}
                      ; - java.lang.System::getProperty@8 (line 743)
                      ; - Rendering.ImGui.ImGuiEditor::render@24 (line 22)
  0x0000022d889b2b58: b690 faff 

  0x0000022d889b2b5c: ;   {post_call_nop}
  0x0000022d889b2b5c: 0f1f 8400 | d404 0005 

  0x0000022d889b2b64: ;   {metadata(method data for {method} {0x0000022d984391c0} 'render' '()V' in 'Rendering/ImGui/ImGuiEditor')}
  0x0000022d889b2b64: 48ba 0088 | 9698 2d02 | 0000 488d | 9268 0100 | 0048 8bb4 | 2440 0100 | 0048 85f6 | 750c f642 
  0x0000022d889b2b84: 0801 7506 | f048 834a | 0801 4885 | c075 0cf6 | 4218 0175 | 06f0 4883 

  0x0000022d889b2b9c: ;   {metadata(method data for {method} {0x000000009c212e98} 'linkToTargetMethod' '(Ljava/lang/Object;Ljava/lang/Object;Ljava/lang/Object;)Ljava/lang/Object;' in 'java/lang/invoke/Invokers$Holder')}
  0x0000022d889b2b9c: 4a18 0148 | bab0 791e | 982d 0200 | 0048 8d92 | d001 0000 | 4885 f675 | 0af6 0201 | 7505 f048 
  0x0000022d889b2bbc: 830a 0148 | 85c0 750c | f642 1001 | 7506 f048 | 834a 1001 

  0x0000022d889b2bd0: ;   {metadata(method data for {method} {0x0000022d984391c0} 'render' '()V' in 'Rendering/ImGui/ImGuiEditor')}
  0x0000022d889b2bd0: 48ba 0088 | 9698 2d02 | 0000 4883 | 8258 0100 

  0x0000022d889b2be0: ;   {metadata(method data for {method} {0x000000009c212e98} 'linkToTargetMethod' '(Ljava/lang/Object;Ljava/lang/Object;Ljava/lang/Object;)Ljava/lang/Object;' in 'java/lang/invoke/Invokers$Holder')}
  0x0000022d889b2be0: 0001 48ba | b079 1e98 | 2d02 0000 | 8bba 9000 | 0000 83c7 | 0289 ba90 | 0000 0081 | e7fe ff1f 
  0x0000022d889b2c00: 0085 ff0f | 84f3 1c00 

  0x0000022d889b2c08: ;   {metadata(method data for {method} {0x000000009c212e98} 'linkToTargetMethod' '(Ljava/lang/Object;Ljava/lang/Object;Ljava/lang/Object;)Ljava/lang/Object;' in 'java/lang/invoke/Invokers$Holder')}
  0x0000022d889b2c08: 0048 bab0 | 791e 982d | 0200 0048 | 8d92 3801 | 0000 4885 | f675 0cf6 | 4208 0175 | 06f0 4883 
  0x0000022d889b2c28: ;   {metadata(method data for {method} {0x0000022d9849ae90} 'invoke' '(Ljava/lang/Object;Ljava/lang/Object;Ljava/lang/Object;)Ljava/lang/Object;' in 'java/lang/invoke/LambdaForm$MH+0x000000009d051400')}
  0x0000022d889b2c28: 4a08 0148 | baf8 b049 | 982d 0200 | 0048 8d92 | 0002 0000 | 4885 f675 | 0cf6 4210 | 0175 06f0 
  0x0000022d889b2c48: 4883 4a10 

  0x0000022d889b2c4c: ;   {metadata(method data for {method} {0x000000009c212e98} 'linkToTargetMethod' '(Ljava/lang/Object;Ljava/lang/Object;Ljava/lang/Object;)Ljava/lang/Object;' in 'java/lang/invoke/Invokers$Holder')}
  0x0000022d889b2c4c: 0148 bab0 | 791e 982d | 0200 0048 | 8382 0801 

  0x0000022d889b2c5c: ;   {metadata(method data for {method} {0x0000022d9849ae90} 'invoke' '(Ljava/lang/Object;Ljava/lang/Object;Ljava/lang/Object;)Ljava/lang/Object;' in 'java/lang/invoke/LambdaForm$MH+0x000000009d051400')}
  0x0000022d889b2c5c: 0000 0148 | baf8 b049 | 982d 0200 | 008b ba90 | 0000 0083 | c702 89ba | 9000 0000 | 81e7 feff 
  0x0000022d889b2c7c: 1f00 85ff | 0f84 971c 

  0x0000022d889b2c84: ;   {metadata(method data for {method} {0x0000022d9849ae90} 'invoke' '(Ljava/lang/Object;Ljava/lang/Object;Ljava/lang/Object;)Ljava/lang/Object;' in 'java/lang/invoke/LambdaForm$MH+0x000000009d051400')}
  0x0000022d889b2c84: 0000 48ba | f8b0 4998 | 2d02 0000 | 4883 8238 | 0100 0001 

  0x0000022d889b2c98: ;   {metadata(method data for {method} {0x000000009c215400} 'invokeSpecial' '(Ljava/lang/Object;Ljava/lang/Object;Ljava/lang/Object;Ljava/lang/Object;)Ljava/lang/Object;' in 'java/lang/invoke/DirectMethodHandle$Holder')}
  0x0000022d889b2c98: 48ba 7884 | 1e98 2d02 | 0000 8bba | 9000 0000 | 83c7 0289 | ba90 0000 | 0081 e7fe | ff1f 0085 
  0x0000022d889b2cb8: ff0f 847f 

  0x0000022d889b2cbc: ;   {metadata(method data for {method} {0x000000009c215400} 'invokeSpecial' '(Ljava/lang/Object;Ljava/lang/Object;Ljava/lang/Object;Ljava/lang/Object;)Ljava/lang/Object;' in 'java/lang/invoke/DirectMethodHandle$Holder')}
  0x0000022d889b2cbc: 1c00 0048 | ba78 841e | 982d 0200 | 0048 8382 | d800 0000 

  0x0000022d889b2cd0: ;   {metadata(method data for {method} {0x000000009c206588} 'internalMemberName' '(Ljava/lang/Object;)Ljava/lang/Object;' in 'java/lang/invoke/DirectMethodHandle')}
  0x0000022d889b2cd0: 0148 ba70 | 501e 982d | 0200 008b | ba90 0000 | 0083 c702 | 89ba 9000 | 0000 81e7 | feff 1f00 
  0x0000022d889b2cf0: 85ff 0f84 | 671c 0000 

  0x0000022d889b2cf8: ;   {metadata(method data for {method} {0x000000009c215400} 'invokeSpecial' '(Ljava/lang/Object;Ljava/lang/Object;Ljava/lang/Object;Ljava/lang/Object;)Ljava/lang/Object;' in 'java/lang/invoke/DirectMethodHandle$Holder')}
  0x0000022d889b2cf8: 48ba 7884 | 1e98 2d02 | 0000 488d | 9248 0100 | 0048 85f6 | 750c f642 | 1801 7506 | f048 834a 
  0x0000022d889b2d18: ;   {oop(a 'java/lang/String$$StringConcat+0x000000009d051000'{0x000000070fdd53a0})}
  0x0000022d889b2d18: 1801 48ba | a053 dd0f | 0700 0000 

  0x0000022d889b2d24: ;   {metadata(method data for {method} {0x000000009c215400} 'invokeSpecial' '(Ljava/lang/Object;Ljava/lang/Object;Ljava/lang/Object;Ljava/lang/Object;)Ljava/lang/Object;' in 'java/lang/invoke/DirectMethodHandle$Holder')}
  0x0000022d889b2d24: 48bf 7884 | 1e98 2d02 | 0000 4883 | 8738 0100 

  0x0000022d889b2d34: ;   {metadata(method data for {method} {0x0000022d9849a5a0} 'concat' '(Ljava/lang/Object;Ljava/lang/Object;)Ljava/lang/String;' in 'java/lang/String$$StringConcat+0x000000009d051000')}
  0x0000022d889b2d34: 0001 48ba | d0a9 4998 | 2d02 0000 | 8bba 9000 | 0000 83c7 | 0289 ba90 | 0000 0081 | e7fe ff1f 
  0x0000022d889b2d54: 0085 ff0f | 8423 1c00 

  0x0000022d889b2d5c: ;   {metadata(method data for {method} {0x0000022d9849a5a0} 'concat' '(Ljava/lang/Object;Ljava/lang/Object;)Ljava/lang/String;' in 'java/lang/String$$StringConcat+0x000000009d051000')}
  0x0000022d889b2d5c: 0048 bad0 | a949 982d | 0200 0048 | 8382 d800 

  0x0000022d889b2d6c: ;   {metadata(method data for {method} {0x000000009c49a860} 'stringOf' '(Ljava/lang/Object;)Ljava/lang/String;' in 'java/lang/StringConcatHelper')}
  0x0000022d889b2d6c: 0000 0148 | ba90 be16 | 982d 0200 | 008b ba90 | 0000 0083 | c702 89ba | 9000 0000 | 81e7 feff 
  0x0000022d889b2d8c: 1f00 85ff | 0f84 0b1c | 0000 4885 

  0x0000022d889b2d98: ;   {metadata(method data for {method} {0x000000009c49a860} 'stringOf' '(Ljava/lang/Object;)Ljava/lang/String;' in 'java/lang/StringConcatHelper')}
  0x0000022d889b2d98: f648 ba90 | be16 982d | 0200 00bf | d800 0000 | 7405 bfe8 | 0000 0048 | 8b1c 3a48 | 8d5b 0148 
  0x0000022d889b2db8: 891c 3a0f | 846a 0000 | 0048 3b06 

  0x0000022d889b2dc4: ;   {metadata(method data for {method} {0x000000009c49a860} 'stringOf' '(Ljava/lang/Object;)Ljava/lang/String;' in 'java/lang/StringConcatHelper')}
  0x0000022d889b2dc4: 488b d648 | bf90 be16 | 982d 0200 | 0048 8387 | 0801 0000 

  0x0000022d889b2dd8: ;   {metadata(method data for {method} {0x000000009c188140} 'toString' '()Ljava/lang/String;' in 'java/lang/String')}
  0x0000022d889b2dd8: 0148 ba40 | da05 982d | 0200 008b | ba90 0000 | 0083 c702 | 89ba 9000 | 0000 81e7 | feff 1f00 
  0x0000022d889b2df8: 85ff 0f84 | c71b 0000 

  0x0000022d889b2e00: ;   {metadata(method data for {method} {0x000000009c49a860} 'stringOf' '(Ljava/lang/Object;)Ljava/lang/String;' in 'java/lang/StringConcatHelper')}
  0x0000022d889b2e00: 4885 f648 | ba90 be16 | 982d 0200 | 00bf 2801 | 0000 7505 | bf38 0100 | 0048 8b1c | 3a48 8d5b 
  0x0000022d889b2e20: 0148 891c | 3a0f 851a 

  0x0000022d889b2e28: ;   {metadata(method data for {method} {0x000000009c49a860} 'stringOf' '(Ljava/lang/Object;)Ljava/lang/String;' in 'java/lang/StringConcatHelper')}
  0x0000022d889b2e28: 0000 0048 | ba90 be16 | 982d 0200 | 00ff 8248 

  0x0000022d889b2e38: ;   {oop("null"{0x00000007ffe3a780})}
  0x0000022d889b2e38: 0100 0048 | be80 a7e3 | ff07 0000 

  0x0000022d889b2e44: ;   {metadata(method data for {method} {0x0000022d9849a5a0} 'concat' '(Ljava/lang/Object;Ljava/lang/Object;)Ljava/lang/String;' in 'java/lang/String$$StringConcat+0x000000009d051000')}
  0x0000022d889b2e44: 0048 bad0 | a949 982d | 0200 0048 | 8382 e800 

  0x0000022d889b2e54: ;   {metadata(method data for {method} {0x000000009c49a860} 'stringOf' '(Ljava/lang/Object;)Ljava/lang/String;' in 'java/lang/StringConcatHelper')}
  0x0000022d889b2e54: 0000 0148 | ba90 be16 | 982d 0200 | 008b ba90 | 0000 0083 | c702 89ba | 9000 0000 | 81e7 feff 
  0x0000022d889b2e74: 1f00 85ff | 0f84 6a1b | 0000 4885 

  0x0000022d889b2e80: ;   {metadata(method data for {method} {0x000000009c49a860} 'stringOf' '(Ljava/lang/Object;)Ljava/lang/String;' in 'java/lang/StringConcatHelper')}
  0x0000022d889b2e80: c048 ba90 | be16 982d | 0200 00bf | d800 0000 | 7405 bfe8 | 0000 0048 | 8b1c 3a48 | 8d5b 0148 
  0x0000022d889b2ea0: 891c 3a0f | 846a 0000 | 0048 3b00 

  0x0000022d889b2eac: ;   {metadata(method data for {method} {0x000000009c49a860} 'stringOf' '(Ljava/lang/Object;)Ljava/lang/String;' in 'java/lang/StringConcatHelper')}
  0x0000022d889b2eac: 488b d048 | bf90 be16 | 982d 0200 | 0048 8387 | 0801 0000 

  0x0000022d889b2ec0: ;   {metadata(method data for {method} {0x000000009c188140} 'toString' '()Ljava/lang/String;' in 'java/lang/String')}
  0x0000022d889b2ec0: 0148 ba40 | da05 982d | 0200 008b | ba90 0000 | 0083 c702 | 89ba 9000 | 0000 81e7 | feff 1f00 
  0x0000022d889b2ee0: 85ff 0f84 | 261b 0000 

  0x0000022d889b2ee8: ;   {metadata(method data for {method} {0x000000009c49a860} 'stringOf' '(Ljava/lang/Object;)Ljava/lang/String;' in 'java/lang/StringConcatHelper')}
  0x0000022d889b2ee8: 4885 c048 | ba90 be16 | 982d 0200 | 00bf 2801 | 0000 7505 | bf38 0100 | 0048 8b1c | 3a48 8d5b 
  0x0000022d889b2f08: 0148 891c | 3a0f 851a 

  0x0000022d889b2f10: ;   {metadata(method data for {method} {0x000000009c49a860} 'stringOf' '(Ljava/lang/Object;)Ljava/lang/String;' in 'java/lang/StringConcatHelper')}
  0x0000022d889b2f10: 0000 0048 | ba90 be16 | 982d 0200 | 00ff 8248 

  0x0000022d889b2f20: ;   {oop("null"{0x00000007ffe3a780})}
  0x0000022d889b2f20: 0100 0048 | b880 a7e3 | ff07 0000 

  0x0000022d889b2f2c: ;   {metadata(method data for {method} {0x0000022d9849a5a0} 'concat' '(Ljava/lang/Object;Ljava/lang/Object;)Ljava/lang/String;' in 'java/lang/String$$StringConcat+0x000000009d051000')}
  0x0000022d889b2f2c: 0048 bad0 | a949 982d | 0200 0048 | 8382 f800 

  0x0000022d889b2f3c: ;   {metadata(method data for {method} {0x0000022d9849a658} 'coder' '(ILjava/lang/String;Ljava/lang/String;)I' in 'java/lang/String$$StringConcat+0x000000009d051000')}
  0x0000022d889b2f3c: 0000 0148 | ba00 8096 | 982d 0200 | 008b ba90 | 0000 0083 | c702 89ba | 9000 0000 | 81e7 feff 
  0x0000022d889b2f5c: 1f00 85ff | 0f84 c91a | 0000 483b | 0648 8bd6 

  0x0000022d889b2f6c: ;   {metadata(method data for {method} {0x0000022d9849a658} 'coder' '(ILjava/lang/String;Ljava/lang/String;)I' in 'java/lang/String$$StringConcat+0x000000009d051000')}
  0x0000022d889b2f6c: 48bf 0080 | 9698 2d02 | 0000 8b52 | 0841 ba00 | 0000 9c49 | 03d2 483b | 97e0 0000 | 0075 0d48 
  0x0000022d889b2f8c: 8387 e800 | 0000 01e9 | 6000 0000 | 483b 97f0 | 0000 0075 | 0d48 8387 | f800 0000 | 01e9 4a00 
  0x0000022d889b2fac: 0000 4883 | bfe0 0000 | 0000 7517 | 4889 97e0 | 0000 0048 | c787 e800 | 0000 0100 | 0000 e929 
  0x0000022d889b2fcc: 0000 0048 | 83bf f000 | 0000 0075 | 1748 8997 | f000 0000 | 48c7 87f8 | 0000 0001 | 0000 00e9 
  0x0000022d889b2fec: 0800 0000 | 4883 87d8 | 0000 0001 

  0x0000022d889b2ff8: ;   {metadata(method data for {method} {0x000000009c4af4b0} 'coder' '()B' in 'java/lang/String')}
  0x0000022d889b2ff8: 48ba 28f7 | 0098 2d02 | 0000 8bba | 9000 0000 | 83c7 0289 | ba90 0000 | 0081 e7fe | ff1f 0085 
  0x0000022d889b3018: ff0f 8436 

  0x0000022d889b301c: ;   {metadata(method data for {method} {0x000000009c4af4b0} 'coder' '()B' in 'java/lang/String')}
  0x0000022d889b301c: 1a00 0048 | ba28 f700 | 982d 0200 | 00ff 82e8 | 0000 000f 

  0x0000022d889b3030: ;   {metadata(method data for {method} {0x000000009c4af4b0} 'coder' '()B' in 'java/lang/String')}
  0x0000022d889b3030: be56 1048 | bf28 f700 | 982d 0200 | 00ff 87f8 | 0000 00c1 | e218 c1fa | 1848 3b00 

  0x0000022d889b304c: ;   {metadata(method data for {method} {0x0000022d9849a658} 'coder' '(ILjava/lang/String;Ljava/lang/String;)I' in 'java/lang/String$$StringConcat+0x000000009d051000')}
  0x0000022d889b304c: 488b f848 | bb00 8096 | 982d 0200 | 008b 7f08 | 41ba 0000 | 009c 4903 | fa48 3bbb | 1001 0000 
  0x0000022d889b306c: 750d 4883 | 8318 0100 | 0001 e960 | 0000 0048 | 3bbb 2001 | 0000 750d | 4883 8328 | 0100 0001 
  0x0000022d889b308c: e94a 0000 | 0048 83bb | 1001 0000 | 0075 1748 | 89bb 1001 | 0000 48c7 | 8318 0100 | 0001 0000 
  0x0000022d889b30ac: 00e9 2900 | 0000 4883 | bb20 0100 | 0000 7517 | 4889 bb20 | 0100 0048 | c783 2801 | 0000 0100 
  0x0000022d889b30cc: 0000 e908 | 0000 0048 | 8383 0801 

  0x0000022d889b30d8: ;   {metadata(method data for {method} {0x000000009c4af4b0} 'coder' '()B' in 'java/lang/String')}
  0x0000022d889b30d8: 0000 0148 | bf28 f700 | 982d 0200 | 008b 9f90 | 0000 0083 | c302 899f | 9000 0000 | 81e3 feff 
  0x0000022d889b30f8: 1f00 85db | 0f84 7919 

  0x0000022d889b3100: ;   {metadata(method data for {method} {0x000000009c4af4b0} 'coder' '()B' in 'java/lang/String')}
  0x0000022d889b3100: 0000 48bf | 28f7 0098 | 2d02 0000 | ff87 e800 | 0000 0fbe 

  0x0000022d889b3114: ;   {metadata(method data for {method} {0x000000009c4af4b0} 'coder' '()B' in 'java/lang/String')}
  0x0000022d889b3114: 7810 48bb | 28f7 0098 | 2d02 0000 | ff83 f800 | 0000 c1e7 | 18c1 ff18 | 480b fa89 | bc24 4c01 
  0x0000022d889b3134: 0000 4889 | 8424 5001 

  0x0000022d889b313c: ;   {metadata(method data for {method} {0x0000022d9849a5a0} 'concat' '(Ljava/lang/Object;Ljava/lang/Object;)Ljava/lang/String;' in 'java/lang/String$$StringConcat+0x000000009d051000')}
  0x0000022d889b313c: 0000 48ba | d0a9 4998 | 2d02 0000 | 4883 8208 | 0100 0001 

  0x0000022d889b3150: ;   {metadata(method data for {method} {0x0000022d9849a3d8} 'length' '(ILjava/lang/String;Ljava/lang/String;)I' in 'java/lang/String$$StringConcat+0x000000009d051000')}
  0x0000022d889b3150: 48ba 8881 | 9698 2d02 | 0000 8b9a | 9000 0000 | 83c3 0289 | 9a90 0000 | 0081 e3fe | ff1f 0085 
  0x0000022d889b3170: db0f 8425 

  0x0000022d889b3174: ;   {metadata(method data for {method} {0x0000022d9849a3d8} 'length' '(ILjava/lang/String;Ljava/lang/String;)I' in 'java/lang/String$$StringConcat+0x000000009d051000')}
  0x0000022d889b3174: 1900 0048 | ba88 8196 | 982d 0200 | 0048 8382 | d800 0000 

  0x0000022d889b3188: ;   {metadata(method data for {method} {0x000000009c49acd8} 'stringSize' '(ILjava/lang/String;)I' in 'java/lang/StringConcatHelper')}
  0x0000022d889b3188: 0148 bab8 | 511e 982d | 0200 008b | 9a90 0000 | 0083 c302 | 899a 9000 | 0000 81e3 | feff 1f00 
  0x0000022d889b31a8: 85db 0f84 | 0d19 0000 

  0x0000022d889b31b0: ;   {metadata(method data for {method} {0x000000009c49acd8} 'stringSize' '(ILjava/lang/String;)I' in 'java/lang/StringConcatHelper')}
  0x0000022d889b31b0: 488b d648 | bbb8 511e | 982d 0200 | 008b 5208 | 41ba 0000 | 009c 4903 | d248 3b93 | e000 0000 
  0x0000022d889b31d0: 750d 4883 | 83e8 0000 | 0001 e960 | 0000 0048 | 3b93 f000 | 0000 750d | 4883 83f8 | 0000 0001 
  0x0000022d889b31f0: e94a 0000 | 0048 83bb | e000 0000 | 0075 1748 | 8993 e000 | 0000 48c7 | 83e8 0000 | 0001 0000 
  0x0000022d889b3210: 00e9 2900 | 0000 4883 | bbf0 0000 | 0000 7517 | 4889 93f0 | 0000 0048 | c783 f800 | 0000 0100 
  0x0000022d889b3230: 0000 e908 | 0000 0048 | 8383 d800 

  0x0000022d889b323c: ;   {metadata(method data for {method} {0x000000009c188868} 'length' '()I' in 'java/lang/String')}
  0x0000022d889b323c: 0000 0148 | ba68 f800 | 982d 0200 | 008b 9a90 | 0000 0083 | c302 899a | 9000 0000 | 81e3 feff 
  0x0000022d889b325c: 1f00 85db | 0f84 7818 | 0000 8b56 | 1448 c1e2 | 038b 5a0c 

  0x0000022d889b3270: ;   {metadata(method data for {method} {0x000000009c188868} 'length' '()I' in 'java/lang/String')}
  0x0000022d889b3270: 488b d648 | b968 f800 | 982d 0200 | 008b 5208 | 41ba 0000 | 009c 4903 | d248 3b91 | e000 0000 
  0x0000022d889b3290: 750d 4883 | 81e8 0000 | 0001 e960 | 0000 0048 | 3b91 f000 | 0000 750d | 4883 81f8 | 0000 0001 
  0x0000022d889b32b0: e94a 0000 | 0048 83b9 | e000 0000 | 0075 1748 | 8991 e000 | 0000 48c7 | 81e8 0000 | 0001 0000 
  0x0000022d889b32d0: 00e9 2900 | 0000 4883 | b9f0 0000 | 0000 7517 | 4889 91f0 | 0000 0048 | c781 f800 | 0000 0100 
  0x0000022d889b32f0: 0000 e908 | 0000 0048 | 8381 d800 | 0000 0148 | 8bd6 4889 | b424 5801 | 0000 899c | 2448 0100 
  0x0000022d889b3310: 0066 0f1f 

  0x0000022d889b3314: ;   {optimized virtual_call}
  0x0000022d889b3314: 4400 00e8 

  0x0000022d889b3318: ; ImmutableOopMap {[288]=Oop [336]=Oop [344]=Oop }
                      ;*invokevirtual coder {reexecute=0 rethrow=0 return_oop=0}
                      ; - java.lang.String::length@6 (line 1583)
                      ; - java.lang.StringConcatHelper::stringSize@2 (line 530)
                      ; - java.lang.String$$StringConcat/0x000000009d051000::length@2
                      ; - java.lang.String$$StringConcat/0x000000009d051000::concat@33
                      ; - java.lang.invoke.DirectMethodHandle$Holder::invokeSpecial@14
                      ; - java.lang.invoke.LambdaForm$MH/0x000000009d051400::invoke@24
                      ; - java.lang.invoke.Invokers$Holder::linkToTargetMethod@6
                      ; - Rendering.ImGui.ImGuiEditor::render@27 (line 22)
  0x0000022d889b3318: 7482 8d07 

  0x0000022d889b331c: ;   {post_call_nop}
  0x0000022d889b331c: 0f1f 8400 | 940c 0006 | 488b c88b | 9c24 4801 | 0000 d3fb 

  0x0000022d889b3330: ;   {metadata(method data for {method} {0x000000009c49acd8} 'stringSize' '(ILjava/lang/String;)I' in 'java/lang/StringConcatHelper')}
  0x0000022d889b3330: 83c3 0f48 | bab8 511e | 982d 0200 | 0048 8382 | 0801 0000 

  0x0000022d889b3344: ;   {metadata(method data for {method} {0x000000009c49a968} 'checkOverflow' '(I)I' in 'java/lang/StringConcatHelper')}
  0x0000022d889b3344: 0148 ba38 | 4c07 982d | 0200 008b | b290 0000 | 0083 c602 | 89b2 9000 | 0000 81e6 | feff 1f00 
  0x0000022d889b3364: 85f6 0f84 | 9817 0000 

  0x0000022d889b336c: ;   {metadata(method data for {method} {0x000000009c49a968} 'checkOverflow' '(I)I' in 'java/lang/StringConcatHelper')}
  0x0000022d889b336c: 85db 48ba | 384c 0798 | 2d02 0000 | bed8 0000 | 007c 05be | e800 0000 | 488b 3c32 | 488d 7f01 
  0x0000022d889b338c: 4889 3c32 | 0f8c 3314 | 0000 899c | 2464 0100 | 0048 8b84 | 2450 0100 

  0x0000022d889b33a4: ;   {metadata(method data for {method} {0x0000022d9849a3d8} 'length' '(ILjava/lang/String;Ljava/lang/String;)I' in 'java/lang/String$$StringConcat+0x000000009d051000')}
  0x0000022d889b33a4: 0048 ba88 | 8196 982d | 0200 0048 | 8382 e800 

  0x0000022d889b33b4: ;   {metadata(method data for {method} {0x000000009c49acd8} 'stringSize' '(ILjava/lang/String;)I' in 'java/lang/StringConcatHelper')}
  0x0000022d889b33b4: 0000 0148 | bab8 511e | 982d 0200 | 008b b290 | 0000 0083 | c602 89b2 | 9000 0000 | 81e6 feff 
  0x0000022d889b33d4: 1f00 85f6 | 0f84 4717 | 0000 488b 

  0x0000022d889b33e0: ;   {metadata(method data for {method} {0x000000009c49acd8} 'stringSize' '(ILjava/lang/String;)I' in 'java/lang/StringConcatHelper')}
  0x0000022d889b33e0: d048 beb8 | 511e 982d | 0200 008b | 5208 41ba | 0000 009c | 4903 d248 | 3b96 e000 | 0000 750d 
  0x0000022d889b3400: 4883 86e8 | 0000 0001 | e960 0000 | 0048 3b96 | f000 0000 | 750d 4883 | 86f8 0000 | 0001 e94a 
  0x0000022d889b3420: 0000 0048 | 83be e000 | 0000 0075 | 1748 8996 | e000 0000 | 48c7 86e8 | 0000 0001 | 0000 00e9 
  0x0000022d889b3440: 2900 0000 | 4883 bef0 | 0000 0000 | 7517 4889 | 96f0 0000 | 0048 c786 | f800 0000 | 0100 0000 
  0x0000022d889b3460: e908 0000 | 0048 8386 | d800 0000 

  0x0000022d889b346c: ;   {metadata(method data for {method} {0x000000009c188868} 'length' '()I' in 'java/lang/String')}
  0x0000022d889b346c: 0148 ba68 | f800 982d | 0200 008b | b290 0000 | 0083 c602 | 89b2 9000 | 0000 81e6 | feff 1f00 
  0x0000022d889b348c: 85f6 0f84 | b216 0000 | 8b50 1448 | c1e2 038b | 720c 488b 

  0x0000022d889b34a0: ;   {metadata(method data for {method} {0x000000009c188868} 'length' '()I' in 'java/lang/String')}
  0x0000022d889b34a0: d048 bf68 | f800 982d | 0200 008b | 5208 41ba | 0000 009c | 4903 d248 | 3b97 e000 | 0000 750d 
  0x0000022d889b34c0: 4883 87e8 | 0000 0001 | e960 0000 | 0048 3b97 | f000 0000 | 750d 4883 | 87f8 0000 | 0001 e94a 
  0x0000022d889b34e0: 0000 0048 | 83bf e000 | 0000 0075 | 1748 8997 | e000 0000 | 48c7 87e8 | 0000 0001 | 0000 00e9 
  0x0000022d889b3500: 2900 0000 | 4883 bff0 | 0000 0000 | 7517 4889 | 97f0 0000 | 0048 c787 | f800 0000 | 0100 0000 
  0x0000022d889b3520: e908 0000 | 0048 8387 | d800 0000 | 0148 8bd0 | 4889 8424 | 5001 0000 | 89b4 2460 

  0x0000022d889b353c: ;   {optimized virtual_call}
  0x0000022d889b353c: 0100 00e8 

  0x0000022d889b3540: ; ImmutableOopMap {[288]=Oop [336]=Oop [344]=Oop }
                      ;*invokevirtual coder {reexecute=0 rethrow=0 return_oop=0}
                      ; - java.lang.String::length@6 (line 1583)
                      ; - java.lang.StringConcatHelper::stringSize@2 (line 530)
                      ; - java.lang.String$$StringConcat/0x000000009d051000::length@6
                      ; - java.lang.String$$StringConcat/0x000000009d051000::concat@33
                      ; - java.lang.invoke.DirectMethodHandle$Holder::invokeSpecial@14
                      ; - java.lang.invoke.LambdaForm$MH/0x000000009d051400::invoke@24
                      ; - java.lang.invoke.Invokers$Holder::linkToTargetMethod@6
                      ; - Rendering.ImGui.ImGuiEditor::render@27 (line 22)
  0x0000022d889b3540: 4c80 8d07 

  0x0000022d889b3544: ;   {post_call_nop}
  0x0000022d889b3544: 0f1f 8400 | bc0e 0007 | 488b c88b | b424 6001 | 0000 d3fe | 03b4 2464 

  0x0000022d889b355c: ;   {metadata(method data for {method} {0x000000009c49acd8} 'stringSize' '(ILjava/lang/String;)I' in 'java/lang/StringConcatHelper')}
  0x0000022d889b355c: 0100 0048 | b9b8 511e | 982d 0200 | 0048 8381 | 0801 0000 

  0x0000022d889b3570: ;   {metadata(method data for {method} {0x000000009c49a968} 'checkOverflow' '(I)I' in 'java/lang/StringConcatHelper')}
  0x0000022d889b3570: 0148 b938 | 4c07 982d | 0200 0044 | 8b81 9000 | 0000 4183 | c002 4489 | 8190 0000 | 0041 81e0 
  0x0000022d889b3590: feff 1f00 | 4585 c00f | 84cf 1500 

  0x0000022d889b359c: ;   {metadata(method data for {method} {0x000000009c49a968} 'checkOverflow' '(I)I' in 'java/lang/StringConcatHelper')}
  0x0000022d889b359c: 0085 f648 | b938 4c07 | 982d 0200 | 0041 b8d8 | 0000 007c | 0641 b8e8 | 0000 004e | 8b0c 014d 
  0x0000022d889b35bc: 8d49 014e | 890c 010f | 8c60 1100 

  0x0000022d889b35c8: ;   {oop("]"{0x000000070fdd5310})}
  0x0000022d889b35c8: 0048 b910 | 53dd 0f07 | 0000 004c 

  0x0000022d889b35d4: ;   {metadata(method data for {method} {0x0000022d9849a5a0} 'concat' '(Ljava/lang/Object;Ljava/lang/Object;)Ljava/lang/String;' in 'java/lang/String$$StringConcat+0x000000009d051000')}
  0x0000022d889b35d4: 8bc1 49b9 | d0a9 4998 | 2d02 0000 | 458b 4008 | 41ba 0000 | 009c 4d03 | c24d 3b81 | 2001 0000 
  0x0000022d889b35f4: 750d 4983 | 8128 0100 | 0001 e960 | 0000 004d | 3b81 3001 | 0000 750d | 4983 8138 | 0100 0001 
  0x0000022d889b3614: e94a 0000 | 0049 83b9 | 2001 0000 | 0075 174d | 8981 2001 | 0000 49c7 | 8128 0100 | 0001 0000 
  0x0000022d889b3634: 00e9 2900 | 0000 4983 | b930 0100 | 0000 7517 | 4d89 8130 | 0100 0049 | c781 3801 | 0000 0100 
  0x0000022d889b3654: 0000 e908 | 0000 0049 | 8381 1801 

  0x0000022d889b3660: ;   {metadata(method data for {method} {0x000000009c188868} 'length' '()I' in 'java/lang/String')}
  0x0000022d889b3660: 0000 0149 | b868 f800 | 982d 0200 | 0045 8b88 | 9000 0000 | 4183 c102 | 4589 8890 | 0000 0041 
  0x0000022d889b3680: 81e1 feff | 1f00 4585 | c90f 84fe 

  0x0000022d889b368c: ;   {metadata(method data for {method} {0x000000009c188868} 'length' '()I' in 'java/lang/String')}
  0x0000022d889b368c: 1400 0049 | b868 f800 | 982d 0200 | 008b 4908 | 41ba 0000 | 009c 4903 | ca49 3b88 | e000 0000 
  0x0000022d889b36ac: 750d 4983 | 80e8 0000 | 0001 e960 | 0000 0049 | 3b88 f000 | 0000 750d | 4983 80f8 | 0000 0001 
  0x0000022d889b36cc: e94a 0000 | 0049 83b8 | e000 0000 | 0075 1749 | 8988 e000 | 0000 49c7 | 80e8 0000 | 0001 0000 
  0x0000022d889b36ec: 00e9 2900 | 0000 4983 | b8f0 0000 | 0000 7517 | 4989 88f0 | 0000 0049 | c780 f800 | 0000 0100 
  0x0000022d889b370c: 0000 e908 | 0000 0049 | 8380 d800 

  0x0000022d889b3718: ;   {metadata(method data for {method} {0x000000009c4af4b0} 'coder' '()B' in 'java/lang/String')}
  0x0000022d889b3718: 0000 0148 | b928 f700 | 982d 0200 | 0044 8b81 | 9000 0000 | 4183 c002 | 4489 8190 | 0000 0041 
  0x0000022d889b3738: 81e0 feff | 1f00 4585 | c00f 8467 

  0x0000022d889b3744: ;   {metadata(method data for {method} {0x000000009c4af4b0} 'coder' '()B' in 'java/lang/String')}
  0x0000022d889b3744: 1400 0048 | b928 f700 | 982d 0200 | 00ff 81e8 

  0x0000022d889b3754: ;   {metadata(method data for {method} {0x000000009c4af4b0} 'coder' '()B' in 'java/lang/String')}
  0x0000022d889b3754: 0000 0048 | b928 f700 | 982d 0200 | 00ff 81f8 | 0000 00ff | ce89 b424 | 6801 0000 

  0x0000022d889b3770: ;   {metadata(method data for {method} {0x0000022d9849a5a0} 'concat' '(Ljava/lang/Object;Ljava/lang/Object;)Ljava/lang/String;' in 'java/lang/String$$StringConcat+0x000000009d051000')}
  0x0000022d889b3770: 48b9 d0a9 | 4998 2d02 | 0000 4883 | 8148 0100 

  0x0000022d889b3780: ;   {metadata(method data for {method} {0x000000009c49a758} 'newArrayWithSuffix' '(Ljava/lang/String;IB)[B' in 'java/lang/StringConcatHelper')}
  0x0000022d889b3780: 0001 48b9 | 78d0 1698 | 2d02 0000 | 448b 8190 | 0000 0041 | 83c0 0244 | 8981 9000 | 0000 4181 
  0x0000022d889b37a0: e0fe ff1f | 0045 85c0 | 0f84 2114 

  0x0000022d889b37ac: ;   {oop("]"{0x000000070fdd5310})}
  0x0000022d889b37ac: 0000 48b9 | 1053 dd0f | 0700 0000 

  0x0000022d889b37b8: ;   {metadata(method data for {method} {0x000000009c49a758} 'newArrayWithSuffix' '(Ljava/lang/String;IB)[B' in 'java/lang/StringConcatHelper')}
  0x0000022d889b37b8: 4c8b c149 | b978 d016 | 982d 0200 | 0045 8b40 | 0841 ba00 | 0000 9c4d | 03c2 4d3b | 81e0 0000 
  0x0000022d889b37d8: 0075 0d49 | 8381 e800 | 0000 01e9 | 6000 0000 | 4d3b 81f0 | 0000 0075 | 0d49 8381 | f800 0000 
  0x0000022d889b37f8: 01e9 4a00 | 0000 4983 | b9e0 0000 | 0000 7517 | 4d89 81e0 | 0000 0049 | c781 e800 | 0000 0100 
  0x0000022d889b3818: 0000 e929 | 0000 0049 | 83b9 f000 | 0000 0075 | 174d 8981 | f000 0000 | 49c7 81f8 | 0000 0001 
  0x0000022d889b3838: 0000 00e9 | 0800 0000 | 4983 81d8 | 0000 0001 

  0x0000022d889b3848: ;   {metadata(method data for {method} {0x000000009c188868} 'length' '()I' in 'java/lang/String')}
  0x0000022d889b3848: 49b8 68f8 | 0098 2d02 | 0000 458b | 8890 0000 | 0041 83c1 | 0245 8988 | 9000 0000 | 4181 e1fe 
  0x0000022d889b3868: ff1f 0045 | 85c9 0f84 | 7c13 0000 

  0x0000022d889b3874: ;   {metadata(method data for {method} {0x000000009c188868} 'length' '()I' in 'java/lang/String')}
  0x0000022d889b3874: 49b8 68f8 | 0098 2d02 | 0000 8b49 | 0841 ba00 | 0000 9c49 | 03ca 493b | 88e0 0000 | 0075 0d49 
  0x0000022d889b3894: 8380 e800 | 0000 01e9 | 6000 0000 | 493b 88f0 | 0000 0075 | 0d49 8380 | f800 0000 | 01e9 4a00 
  0x0000022d889b38b4: 0000 4983 | b8e0 0000 | 0000 7517 | 4989 88e0 | 0000 0049 | c780 e800 | 0000 0100 | 0000 e929 
  0x0000022d889b38d4: 0000 0049 | 83b8 f000 | 0000 0075 | 1749 8988 | f000 0000 | 49c7 80f8 | 0000 0001 | 0000 00e9 
  0x0000022d889b38f4: 0800 0000 | 4983 80d8 | 0000 0001 

  0x0000022d889b3900: ;   {metadata(method data for {method} {0x000000009c4af4b0} 'coder' '()B' in 'java/lang/String')}
  0x0000022d889b3900: 48b9 28f7 | 0098 2d02 | 0000 448b | 8190 0000 | 0041 83c0 | 0244 8981 | 9000 0000 | 4181 e0fe 
  0x0000022d889b3920: ff1f 0045 | 85c0 0f84 | e512 0000 

  0x0000022d889b392c: ;   {metadata(method data for {method} {0x000000009c4af4b0} 'coder' '()B' in 'java/lang/String')}
  0x0000022d889b392c: 48b9 28f7 | 0098 2d02 | 0000 ff81 | e800 0000 

  0x0000022d889b393c: ;   {metadata(method data for {method} {0x000000009c4af4b0} 'coder' '()B' in 'java/lang/String')}
  0x0000022d889b393c: 48b9 28f7 | 0098 2d02 | 0000 ff81 | f800 0000 | 4c8b c641 | ffc0 8b8c | 244c 0100 | 004d 8bc8 
  0x0000022d889b395c: ;   {metadata(method data for {method} {0x000000009c49a758} 'newArrayWithSuffix' '(Ljava/lang/String;IB)[B' in 'java/lang/StringConcatHelper')}
  0x0000022d889b395c: 41d3 e149 | b878 d016 | 982d 0200 | 0049 8380 | 0801 0000 

  0x0000022d889b3970: ;   {metadata(method data for {method} {0x000000009c49b308} 'newArray' '(I)[B' in 'java/lang/StringConcatHelper')}
  0x0000022d889b3970: 0149 b800 | e404 982d | 0200 0041 | 8b90 9000 | 0000 83c2 | 0241 8990 | 9000 0000 | 81e2 feff 
  0x0000022d889b3990: 1f00 85d2 | 0f84 9812 | 0000 4585 

  0x0000022d889b399c: ;   {metadata(method data for {method} {0x000000009c49b308} 'newArray' '(I)[B' in 'java/lang/StringConcatHelper')}
  0x0000022d889b399c: c949 b800 | e404 982d | 0200 00ba | e800 0000 | 7c05 bad8 | 0000 0049 | 8b3c 1048 | 8d7f 0149 
  0x0000022d889b39bc: 893c 100f | 8cca 0c00 

  0x0000022d889b39c4: ;   {oop(a 'jdk/internal/misc/Unsafe'{0x0000000710a04580})}
  0x0000022d889b39c4: 0048 ba80 | 45a0 1007 | 0000 004c 

  0x0000022d889b39d0: ;   {metadata(method data for {method} {0x000000009c49b308} 'newArray' '(I)[B' in 'java/lang/StringConcatHelper')}
  0x0000022d889b39d0: 8bc2 48bf | 00e4 0498 | 2d02 0000 | 458b 4008 | 41ba 0000 | 009c 4d03 | c24c 3b87 | 1001 0000 
  0x0000022d889b39f0: 750d 4883 | 8718 0100 | 0001 e960 | 0000 004c | 3b87 2001 | 0000 750d | 4883 8728 | 0100 0001 
  0x0000022d889b3a10: e94a 0000 | 0048 83bf | 1001 0000 | 0075 174c | 8987 1001 | 0000 48c7 | 8718 0100 | 0001 0000 
  0x0000022d889b3a30: 00e9 2900 | 0000 4883 | bf20 0100 | 0000 7517 | 4c89 8720 | 0100 0048 | c787 2801 | 0000 0100 
  0x0000022d889b3a50: 0000 e908 | 0000 0048 | 8387 0801 

  0x0000022d889b3a5c: ;   {oop(a 'java/lang/Class'{0x00000007ffeb4b10} = byte)}
  0x0000022d889b3a5c: 0000 0149 | b810 4beb | ff07 0000 | 0066 0f1f 

  0x0000022d889b3a6c: ;   {optimized virtual_call}
  0x0000022d889b3a6c: 4400 00e8 

  0x0000022d889b3a70: ; ImmutableOopMap {[288]=Oop [336]=Oop [344]=Oop }
                      ;*invokevirtual allocateUninitializedArray {reexecute=0 rethrow=0 return_oop=0}
                      ; - java.lang.StringConcatHelper::newArray@21 (line 578)
                      ; - java.lang.StringConcatHelper::newArrayWithSuffix@8 (line 611)
                      ; - java.lang.String$$StringConcat/0x000000009d051000::concat@58
                      ; - java.lang.invoke.DirectMethodHandle$Holder::invokeSpecial@14
                      ; - java.lang.invoke.LambdaForm$MH/0x000000009d051400::invoke@24
                      ; - java.lang.invoke.Invokers$Holder::linkToTargetMethod@6
                      ; - Rendering.ImGui.ImGuiEditor::render@27 (line 22)
  0x0000022d889b3a70: ac0b e4ff 

  0x0000022d889b3a74: ;   {post_call_nop}
  0x0000022d889b3a74: 0f1f 8400 | ec13 0008 

  0x0000022d889b3a7c: ;   {metadata(method data for {method} {0x000000009c49b308} 'newArray' '(I)[B' in 'java/lang/StringConcatHelper')}
  0x0000022d889b3a7c: 4885 c049 | b900 e404 | 982d 0200 | 0075 0d41 | 8089 3101 | 0000 01e9 | a800 0000 | 8b78 0841 
  0x0000022d889b3a9c: ba00 0000 | 9c49 03fa | 493b b940 | 0100 0075 | 0d49 8381 | 4801 0000 | 01e9 6000 | 0000 493b 
  0x0000022d889b3abc: b950 0100 | 0075 0d49 | 8381 5801 | 0000 01e9 | 4a00 0000 | 4983 b940 | 0100 0000 | 7517 4989 
  0x0000022d889b3adc: b940 0100 | 0049 c781 | 4801 0000 | 0100 0000 | e929 0000 | 0049 83b9 | 5001 0000 | 0075 1749 
  0x0000022d889b3afc: 89b9 5001 | 0000 49c7 | 8158 0100 | 0001 0000 | 00e9 0800 | 0000 4983 | 8138 0100 

  0x0000022d889b3b18: ;   {metadata({type array byte})}
  0x0000022d889b3b18: 0001 48bf | 604e 189c | 0000 0000 | 448b 4808 | 41ba 0000 | 009c 4d03 | ca49 3b79 | 380f 8518 
  0x0000022d889b3b38: 1100 00e9 | 0000 0000 | 488b f048 | 89b4 2470 | 0100 008b | bc24 4c01 | 0000 85ff 

  0x0000022d889b3b54: ;   {metadata(method data for {method} {0x000000009c49a758} 'newArrayWithSuffix' '(Ljava/lang/String;IB)[B' in 'java/lang/StringConcatHelper')}
  0x0000022d889b3b54: 49b8 78d0 | 1698 2d02 | 0000 41b9 | 1801 0000 | 7506 41b9 | 2801 0000 | 4b8b 1408 | 488d 5201 
  0x0000022d889b3b74: 4b89 1408 | 0f85 d400 

  0x0000022d889b3b7c: ;   {oop("]"{0x000000070fdd5310})}
  0x0000022d889b3b7c: 0000 48ba | 1053 dd0f | 0700 0000 

  0x0000022d889b3b88: ;   {metadata(method data for {method} {0x000000009c49a758} 'newArrayWithSuffix' '(Ljava/lang/String;IB)[B' in 'java/lang/StringConcatHelper')}
  0x0000022d889b3b88: 4c8b c249 | b978 d016 | 982d 0200 | 0045 8b40 | 0841 ba00 | 0000 9c4d | 03c2 4d3b | 8140 0100 
  0x0000022d889b3ba8: 0075 0d49 | 8381 4801 | 0000 01e9 | 6000 0000 | 4d3b 8150 | 0100 0075 | 0d49 8381 | 5801 0000 
  0x0000022d889b3bc8: 01e9 4a00 | 0000 4983 | b940 0100 | 0000 7517 | 4d89 8140 | 0100 0049 | c781 4801 | 0000 0100 
  0x0000022d889b3be8: 0000 e929 | 0000 0049 | 83b9 5001 | 0000 0075 | 174d 8981 | 5001 0000 | 49c7 8158 | 0100 0001 
  0x0000022d889b3c08: 0000 00e9 | 0800 0000 | 4983 8138 | 0100 0001 | 4c8b c644 | 8b8c 2468 | 0100 00bf | 0000 0000 
  0x0000022d889b3c28: 0f1f 8000 

  0x0000022d889b3c2c: ;   {optimized virtual_call}
  0x0000022d889b3c2c: 0000 00e8 

  0x0000022d889b3c30: ; ImmutableOopMap {[288]=Oop [336]=Oop [344]=Oop [368]=Oop }
                      ;*invokevirtual getBytes {reexecute=0 rethrow=0 return_oop=0}
                      ; - java.lang.StringConcatHelper::newArrayWithSuffix@20 (line 613)
                      ; - java.lang.String$$StringConcat/0x000000009d051000::concat@58
                      ; - java.lang.invoke.DirectMethodHandle$Holder::invokeSpecial@14
                      ; - java.lang.invoke.LambdaForm$MH/0x000000009d051400::invoke@24
                      ; - java.lang.invoke.Invokers$Holder::linkToTargetMethod@6
                      ; - Rendering.ImGui.ImGuiEditor::render@27 (line 22)
  0x0000022d889b3c30: dc1a 9007 

  0x0000022d889b3c34: ;   {post_call_nop}
  0x0000022d889b3c34: 0f1f 8400 | ac15 0009 

  0x0000022d889b3c3c: ;   {metadata(method data for {method} {0x000000009c49a758} 'newArrayWithSuffix' '(Ljava/lang/String;IB)[B' in 'java/lang/StringConcatHelper')}
  0x0000022d889b3c3c: 49b8 78d0 | 1698 2d02 | 0000 41ff | 8068 0100 | 00e9 c200 

  0x0000022d889b3c50: ;   {oop("]"{0x000000070fdd5310})}
  0x0000022d889b3c50: 0000 48ba | 1053 dd0f | 0700 0000 

  0x0000022d889b3c5c: ;   {metadata(method data for {method} {0x000000009c49a758} 'newArrayWithSuffix' '(Ljava/lang/String;IB)[B' in 'java/lang/StringConcatHelper')}
  0x0000022d889b3c5c: 4c8b c249 | b978 d016 | 982d 0200 | 0045 8b40 | 0841 ba00 | 0000 9c4d | 03c2 4d3b | 8188 0100 
  0x0000022d889b3c7c: 0075 0d49 | 8381 9001 | 0000 01e9 | 6000 0000 | 4d3b 8198 | 0100 0075 | 0d49 8381 | a001 0000 
  0x0000022d889b3c9c: 01e9 4a00 | 0000 4983 | b988 0100 | 0000 7517 | 4d89 8188 | 0100 0049 | c781 9001 | 0000 0100 
  0x0000022d889b3cbc: 0000 e929 | 0000 0049 | 83b9 9801 | 0000 0075 | 174d 8981 | 9801 0000 | 49c7 81a0 | 0100 0001 
  0x0000022d889b3cdc: 0000 00e9 | 0800 0000 | 4983 8180 | 0100 0001 | 4c8b 8424 | 7001 0000 | 448b 8c24 | 6801 0000 
  0x0000022d889b3cfc: bf01 0000 | 0066 0f1f 

  0x0000022d889b3d04: ;   {optimized virtual_call}
  0x0000022d889b3d04: 4400 00e8 

  0x0000022d889b3d08: ; ImmutableOopMap {[288]=Oop [336]=Oop [344]=Oop [368]=Oop }
                      ;*invokevirtual getBytes {reexecute=0 rethrow=0 return_oop=0}
                      ; - java.lang.StringConcatHelper::newArrayWithSuffix@30 (line 615)
                      ; - java.lang.String$$StringConcat/0x000000009d051000::concat@58
                      ; - java.lang.invoke.DirectMethodHandle$Holder::invokeSpecial@14
                      ; - java.lang.invoke.LambdaForm$MH/0x000000009d051400::invoke@24
                      ; - java.lang.invoke.Invokers$Holder::linkToTargetMethod@6
                      ; - Rendering.ImGui.ImGuiEditor::render@27 (line 22)
  0x0000022d889b3d08: d4b0 3807 

  0x0000022d889b3d0c: ;   {post_call_nop}
  0x0000022d889b3d0c: 0f1f 8400 | 8416 000a | 488b b424 | 7001 0000 

  0x0000022d889b3d1c: ;   {metadata(method data for {method} {0x0000022d9849a5a0} 'concat' '(Ljava/lang/Object;Ljava/lang/Object;)Ljava/lang/String;' in 'java/lang/String$$StringConcat+0x000000009d051000')}
  0x0000022d889b3d1c: 48ba d0a9 | 4998 2d02 | 0000 4883 | 8258 0100 

  0x0000022d889b3d2c: ;   {metadata(method data for {method} {0x0000022d9849a498} 'prepend' '(IB[B[Ljava/lang/String;Ljava/lang/String;Ljava/lang/String;)I' in 'java/lang/String$$StringConcat+0x000000009d051000')}
  0x0000022d889b3d2c: 0001 48ba | d082 9698 | 2d02 0000 | 448b 8290 | 0000 0041 | 83c0 0244 | 8982 9000 | 0000 4181 
  0x0000022d889b3d4c: e0fe ff1f | 0045 85c0 | 0f84 020f 

  0x0000022d889b3d58: ;   {metadata(method data for {method} {0x0000022d9849a498} 'prepend' '(IB[B[Ljava/lang/String;Ljava/lang/String;Ljava/lang/String;)I' in 'java/lang/String$$StringConcat+0x000000009d051000')}
  0x0000022d889b3d58: 0000 48ba | d082 9698 | 2d02 0000 | 4883 82d8 | 0000 0001 | 8b94 2468 | 0100 0044 | 8b84 244c 
  0x0000022d889b3d78: 0100 004c | 8bce 488b | bc24 5001 

  0x0000022d889b3d84: ;   {oop("] Arch: ["{0x000000070fdd52d8})}
  0x0000022d889b3d84: 0000 48be | d852 dd0f | 0700 0000 | 0f1f 8000 

  0x0000022d889b3d94: ;   {static_call}
  0x0000022d889b3d94: 0000 00e8 

  0x0000022d889b3d98: ; ImmutableOopMap {[288]=Oop [344]=Oop [368]=Oop }
                      ;*invokestatic prepend {reexecute=0 rethrow=0 return_oop=0}
                      ; - java.lang.String$$StringConcat/0x000000009d051000::prepend@8
                      ; - java.lang.String$$StringConcat/0x000000009d051000::concat@74
                      ; - java.lang.invoke.DirectMethodHandle$Holder::invokeSpecial@14
                      ; - java.lang.invoke.LambdaForm$MH/0x000000009d051400::invoke@24
                      ; - java.lang.invoke.Invokers$Holder::linkToTargetMethod@6
                      ; - Rendering.ImGui.ImGuiEditor::render@27 (line 22)
  0x0000022d889b3d98: e427 edff 

  0x0000022d889b3d9c: ;   {post_call_nop}
  0x0000022d889b3d9c: 0f1f 8400 | 1417 000b 

  0x0000022d889b3da4: ;   {metadata(method data for {method} {0x0000022d9849a498} 'prepend' '(IB[B[Ljava/lang/String;Ljava/lang/String;Ljava/lang/String;)I' in 'java/lang/String$$StringConcat+0x000000009d051000')}
  0x0000022d889b3da4: 48ba d082 | 9698 2d02 | 0000 4883 | 82e8 0000 | 0001 488b | d044 8b84 | 244c 0100 | 004c 8b8c 
  0x0000022d889b3dc4: 2470 0100 | 0048 8bbc | 2458 0100 

  0x0000022d889b3dd0: ;   {oop("OS: ["{0x000000070fdd52a8})}
  0x0000022d889b3dd0: 0048 bea8 | 52dd 0f07 | 0000 000f 

  0x0000022d889b3ddc: ;   {static_call}
  0x0000022d889b3ddc: 1f40 00e8 

  0x0000022d889b3de0: ; ImmutableOopMap {[288]=Oop [368]=Oop }
                      ;*invokestatic prepend {reexecute=0 rethrow=0 return_oop=0}
                      ; - java.lang.String$$StringConcat/0x000000009d051000::prepend@18
                      ; - java.lang.String$$StringConcat/0x000000009d051000::concat@74
                      ; - java.lang.invoke.DirectMethodHandle$Holder::invokeSpecial@14
                      ; - java.lang.invoke.LambdaForm$MH/0x000000009d051400::invoke@24
                      ; - java.lang.invoke.Invokers$Holder::linkToTargetMethod@6
                      ; - Rendering.ImGui.ImGuiEditor::render@27 (line 22)
  0x0000022d889b3de0: 9c27 edff 

  0x0000022d889b3de4: ;   {post_call_nop}
  0x0000022d889b3de4: 0f1f 8400 | 5c17 000c 

  0x0000022d889b3dec: ;   {metadata('java/lang/String')}
  0x0000022d889b3dec: 488b d848 | ba30 7e18 | 9c00 0000 | 0049 8b87 | c801 0000 | 488d 7818 | 493b bfd8 | 0100 000f 
  0x0000022d889b3e0c: 876c 0e00 | 0049 89bf | c801 0000 | 48c7 0001 | 0000 0048 | 8bca 41ba | 0000 009c | 492b ca89 
  0x0000022d889b3e2c: 4808 4833 | c989 480c | 4833 c948 | 8948 1048 

  0x0000022d889b3e3c: ;   {metadata(method data for {method} {0x0000022d9849a5a0} 'concat' '(Ljava/lang/Object;Ljava/lang/Object;)Ljava/lang/String;' in 'java/lang/String$$StringConcat+0x000000009d051000')}
  0x0000022d889b3e3c: 8bd0 48be | d0a9 4998 | 2d02 0000 | 4883 8668 | 0100 0001 

  0x0000022d889b3e50: ;   {metadata(method data for {method} {0x000000009c4afea8} '<init>' '([BB)V' in 'java/lang/String')}
  0x0000022d889b3e50: 48ba e890 | 0498 2d02 | 0000 8bb2 | 9000 0000 | 83c6 0289 | b290 0000 | 0081 e6fe | ff1f 0085 
  0x0000022d889b3e70: f60f 8413 | 0e00 0048 

  0x0000022d889b3e78: ;   {metadata(method data for {method} {0x000000009c4afea8} '<init>' '([BB)V' in 'java/lang/String')}
  0x0000022d889b3e78: 8bd0 48be | e890 0498 | 2d02 0000 | 4883 86d8 | 0000 0001 

  0x0000022d889b3e8c: ;   {metadata(method data for {method} {0x000000009c4b4c90} '<init>' '()V' in 'java/lang/Object')}
  0x0000022d889b3e8c: 48ba 08d9 | 0098 2d02 | 0000 8bb2 | 9000 0000 | 83c6 0289 | b290 0000 | 0081 e6fe | ff1f 0085 
  0x0000022d889b3eac: f60f 84f8 | 0d00 0041 | 0fbe 5748 | 85d2 0f85 | 0c0e 0000 | 488b b424 | 7001 0000 | 4c8b d649 
  0x0000022d889b3ecc: c1ea 0344 | 8950 1448 | 8bd0 4833 | d648 c1ea | 1548 83fa | 000f 8504 | 0e00 008b | bc24 4c01 
  0x0000022d889b3eec: 0000 4088 

  0x0000022d889b3ef0: ;   {metadata(method data for {method} {0x0000022d984391c0} 'render' '()V' in 'Rendering/ImGui/ImGuiEditor')}
  0x0000022d889b3ef0: 7810 48ba | 0088 9698 | 2d02 0000 | 4883 8298 | 0100 0001 

  0x0000022d889b3f04: ;   {metadata(method data for {method} {0x0000022d98607418} 'text' '(Ljava/lang/String;)V' in 'imgui/ImGui')}
  0x0000022d889b3f04: 48ba 78fc | 9598 2d02 | 0000 8bb2 | 9000 0000 | 83c6 0289 | b290 0000 | 0081 e6fe | ff1f 0085 
  0x0000022d889b3f24: f60f 84d8 

  0x0000022d889b3f28: ;   {metadata(method data for {method} {0x0000022d98607418} 'text' '(Ljava/lang/String;)V' in 'imgui/ImGui')}
  0x0000022d889b3f28: 0d00 0048 | ba78 fc95 | 982d 0200 | 0048 8382 | d800 0000 | 0148 8bd0 | 0f1f 8000 

  0x0000022d889b3f44: ;   {static_call}
  0x0000022d889b3f44: 0000 00e8 

  0x0000022d889b3f48: ; ImmutableOopMap {[288]=Oop }
                      ;*invokestatic nText {reexecute=0 rethrow=0 return_oop=0}
                      ; - imgui.ImGui::text@1 (line 2909)
                      ; - Rendering.ImGui.ImGuiEditor::render@32 (line 22)
  0x0000022d889b3f48: 448d 9107 

  0x0000022d889b3f4c: ;   {post_call_nop}
  0x0000022d889b3f4c: 0f1f 8400 | c418 000d 

  0x0000022d889b3f54: ;   {metadata(method data for {method} {0x0000022d984391c0} 'render' '()V' in 'Rendering/ImGui/ImGuiEditor')}
  0x0000022d889b3f54: 48ba 0088 | 9698 2d02 | 0000 4883 | 82a8 0100 

  0x0000022d889b3f64: ;   {metadata(method data for {method} {0x0000022d98607f80} 'button' '(Ljava/lang/String;)Z' in 'imgui/ImGui')}
  0x0000022d889b3f64: 0001 48ba | 3025 9798 | 2d02 0000 | 8bb2 9000 | 0000 83c6 | 0289 b290 | 0000 0081 | e6fe ff1f 
  0x0000022d889b3f84: 0085 f60f | 8497 0d00 

  0x0000022d889b3f8c: ;   {metadata(method data for {method} {0x0000022d98607f80} 'button' '(Ljava/lang/String;)Z' in 'imgui/ImGui')}
  0x0000022d889b3f8c: 0048 ba30 | 2597 982d | 0200 0048 | 8382 d800 

  0x0000022d889b3f9c: ;   {oop("Ç Save"{0x000000070fdd55c0})}
  0x0000022d889b3f9c: 0000 0148 | bac0 55dd | 0f07 0000 | 0066 0f1f 

  0x0000022d889b3fac: ;   {static_call}
  0x0000022d889b3fac: 4400 00e8 

  0x0000022d889b3fb0: ; ImmutableOopMap {[288]=Oop }
                      ;*invokestatic nButton {reexecute=0 rethrow=0 return_oop=0}
                      ; - imgui.ImGui::button@1 (line 3030)
                      ; - Rendering.ImGui.ImGuiEditor::render@37 (line 23)
  0x0000022d889b3fb0: 5c71 9207 

  0x0000022d889b3fb4: ;   {post_call_nop}
  0x0000022d889b3fb4: 0f1f 8400 | 2c19 000e | 83e0 0185 

  0x0000022d889b3fc0: ;   {metadata(method data for {method} {0x0000022d984391c0} 'render' '()V' in 'Rendering/ImGui/ImGuiEditor')}
  0x0000022d889b3fc0: c048 be00 | 8896 982d | 0200 00bf | b801 0000 | 7405 bfc8 | 0100 0048 | 8b1c 3e48 | 8d5b 0148 
  0x0000022d889b3fe0: 891c 3e0f | 8410 0000 | 0048 8b94 | 2420 0100 | 008b 720c | ffc6 8972 

  0x0000022d889b3ff8: ;   {metadata(method data for {method} {0x0000022d984391c0} 'render' '()V' in 'Rendering/ImGui/ImGuiEditor')}
  0x0000022d889b3ff8: 0c48 be00 | 8896 982d | 0200 0048 | 8386 d801 

  0x0000022d889b4008: ;   {metadata(method data for {method} {0x0000022d986050a0} 'sameLine' '()V' in 'imgui/ImGui')}
  0x0000022d889b4008: 0000 0148 | be58 2697 | 982d 0200 | 008b be90 | 0000 0083 | c702 89be | 9000 0000 | 81e7 feff 
  0x0000022d889b4028: 1f00 85ff | 0f84 130d 

  0x0000022d889b4030: ;   {metadata(method data for {method} {0x0000022d986050a0} 'sameLine' '()V' in 'imgui/ImGui')}
  0x0000022d889b4030: 0000 48be | 5826 9798 | 2d02 0000 | 4883 86d8 | 0000 0001 

  0x0000022d889b4044: ;   {static_call}
  0x0000022d889b4044: 6666 90e8 

  0x0000022d889b4048: ; ImmutableOopMap {[288]=Oop }
                      ;*invokestatic nSameLine {reexecute=0 rethrow=0 return_oop=0}
                      ; - imgui.ImGui::sameLine@0 (line 2561)
                      ; - Rendering.ImGui.ImGuiEditor::render@53 (line 26)
  0x0000022d889b4048: c473 9207 

  0x0000022d889b404c: ;   {post_call_nop}
  0x0000022d889b404c: 0f1f 8400 | c419 000f | 488b 9424 | 2001 0000 

  0x0000022d889b405c: ;   {metadata(method data for {method} {0x0000022d984391c0} 'render' '()V' in 'Rendering/ImGui/ImGuiEditor')}
  0x0000022d889b405c: 8b72 0c48 | bf00 8896 | 982d 0200 | 0048 8387 | e801 0000 

  0x0000022d889b4070: ;   {metadata(method data for {method} {0x000000009c4af718} 'valueOf' '(I)Ljava/lang/String;' in 'java/lang/String')}
  0x0000022d889b4070: 0148 bf78 | 861e 982d | 0200 008b | 9f90 0000 | 0083 c302 | 899f 9000 | 0000 81e3 | feff 1f00 
  0x0000022d889b4090: 85db 0f84 | ce0c 0000 

  0x0000022d889b4098: ;   {metadata(method data for {method} {0x000000009c4af718} 'valueOf' '(I)Ljava/lang/String;' in 'java/lang/String')}
  0x0000022d889b4098: 48bf 7886 | 1e98 2d02 | 0000 4883 | 87d8 0000 | 0001 488b 

  0x0000022d889b40ac: ;   {static_call}
  0x0000022d889b40ac: d666 90e8 

  0x0000022d889b40b0: ; ImmutableOopMap {[288]=Oop }
                      ;*invokestatic toString {reexecute=0 rethrow=0 return_oop=0}
                      ; - java.lang.String::valueOf@1 (line 4643)
                      ; - Rendering.ImGui.ImGuiEditor::render@60 (line 27)
  0x0000022d889b40b0: cccd fdff 

  0x0000022d889b40b4: ;   {post_call_nop}
  0x0000022d889b40b4: 0f1f 8400 | 2c1a 0010 

  0x0000022d889b40bc: ;   {metadata(method data for {method} {0x0000022d984391c0} 'render' '()V' in 'Rendering/ImGui/ImGuiEditor')}
  0x0000022d889b40bc: 48ba 0088 | 9698 2d02 | 0000 4883 | 82f8 0100 

  0x0000022d889b40cc: ;   {metadata(method data for {method} {0x0000022d98607418} 'text' '(Ljava/lang/String;)V' in 'imgui/ImGui')}
  0x0000022d889b40cc: 0001 48ba | 78fc 9598 | 2d02 0000 | 8bb2 9000 | 0000 83c6 | 0289 b290 | 0000 0081 | e6fe ff1f 
  0x0000022d889b40ec: 0085 f60f | 8492 0c00 

  0x0000022d889b40f4: ;   {metadata(method data for {method} {0x0000022d98607418} 'text' '(Ljava/lang/String;)V' in 'imgui/ImGui')}
  0x0000022d889b40f4: 0048 ba78 | fc95 982d | 0200 0048 | 8382 d800 | 0000 0148 | 8bd0 0f1f 

  0x0000022d889b410c: ;   {static_call}
  0x0000022d889b410c: 4400 00e8 

  0x0000022d889b4110: ; ImmutableOopMap {[288]=Oop }
                      ;*invokestatic nText {reexecute=0 rethrow=0 return_oop=0}
                      ; - imgui.ImGui::text@1 (line 2909)
                      ; - Rendering.ImGui.ImGuiEditor::render@63 (line 27)
  0x0000022d889b4110: 7c8b 9107 

  0x0000022d889b4114: ;   {post_call_nop}
  0x0000022d889b4114: 0f1f 8400 | 8c1a 0011 | 488b 9424 | 2001 0000 | 448b 4214 | 49c1 e003 

  0x0000022d889b412c: ;   {metadata(method data for {method} {0x0000022d984391c0} 'render' '()V' in 'Rendering/ImGui/ImGuiEditor')}
  0x0000022d889b412c: 48be 0088 | 9698 2d02 | 0000 4883 | 8608 0200 

  0x0000022d889b413c: ;   {metadata(method data for {method} {0x0000022d98617f50} 'sliderFloat' '(Ljava/lang/String;[FFF)Z' in 'imgui/ImGui')}
  0x0000022d889b413c: 0001 48be | 7827 9798 | 2d02 0000 | 8bbe 9000 | 0000 83c7 | 0289 be90 | 0000 0081 | e7fe ff1f 
  0x0000022d889b415c: 0085 ff0f | 8443 0c00 

  0x0000022d889b4164: ;   {metadata(method data for {method} {0x0000022d98617f50} 'sliderFloat' '(Ljava/lang/String;[FFF)Z' in 'imgui/ImGui')}
  0x0000022d889b4164: 0048 be78 | 2797 982d | 0200 0048 | 8386 d800 

  0x0000022d889b4174: ;   {oop("float"{0x00000007ffe3b118})}
  0x0000022d889b4174: 0000 0148 | ba18 b1e3 | ff07 0000 | 00c5 f857 

  0x0000022d889b4184: ;   {section_word}
  0x0000022d889b4184: c0c5 fa10 | 0df3 e5ff 

  0x0000022d889b418c: ;   {static_call}
  0x0000022d889b418c: ff66 90e8 

  0x0000022d889b4190: ; ImmutableOopMap {[288]=Oop }
                      ;*invokestatic nSliderFloat {reexecute=0 rethrow=0 return_oop=0}
                      ; - imgui.ImGui::sliderFloat@4 (line 5409)
                      ; - Rendering.ImGui.ImGuiEditor::render@74 (line 28)
  0x0000022d889b4190: 7c75 9207 

  0x0000022d889b4194: ;   {post_call_nop}
  0x0000022d889b4194: 0f1f 8400 | 0c1b 0012 

  0x0000022d889b419c: ;   {metadata(method data for {method} {0x0000022d984391c0} 'render' '()V' in 'Rendering/ImGui/ImGuiEditor')}
  0x0000022d889b419c: 48be 0088 | 9698 2d02 | 0000 4883 | 8618 0200 

  0x0000022d889b41ac: ;   {metadata(method data for {method} {0x0000022d98604f60} 'separator' '()V' in 'imgui/ImGui')}
  0x0000022d889b41ac: 0001 48be | 2858 9698 | 2d02 0000 | 8bbe 9000 | 0000 83c7 | 0289 be90 | 0000 0081 | e7fe ff1f 
  0x0000022d889b41cc: 0085 ff0f | 84f4 0b00 

  0x0000022d889b41d4: ;   {metadata(method data for {method} {0x0000022d98604f60} 'separator' '()V' in 'imgui/ImGui')}
  0x0000022d889b41d4: 0048 be28 | 5896 982d | 0200 0048 | 8386 d800 

  0x0000022d889b41e4: ;   {static_call}
  0x0000022d889b41e4: 0000 01e8 

  0x0000022d889b41e8: ; ImmutableOopMap {[288]=Oop }
                      ;*invokestatic nSeparator {reexecute=0 rethrow=0 return_oop=0}
                      ; - imgui.ImGui::separator@0 (line 2550)
                      ; - Rendering.ImGui.ImGuiEditor::render@78 (line 29)
  0x0000022d889b41e8: 2478 9207 

  0x0000022d889b41ec: ;   {post_call_nop}
  0x0000022d889b41ec: 0f1f 8400 | 641b 0013 | 488b 9424 | 2001 0000 

  0x0000022d889b41fc: ;   {metadata(method data for {method} {0x0000022d984391c0} 'render' '()V' in 'Rendering/ImGui/ImGuiEditor')}
  0x0000022d889b41fc: 48be 0088 | 9698 2d02 | 0000 4883 | 8628 0200 

  0x0000022d889b420c: ;   {metadata(method data for {method} {0x0000022d98439298} 'showExtras' '()V' in 'Rendering/ImGui/ImGuiEditor')}
  0x0000022d889b420c: 0001 48ba | b828 9798 | 2d02 0000 | 8bb2 9000 | 0000 83c6 | 0289 b290 | 0000 0081 | e6fe ff1f 
  0x0000022d889b422c: 0085 f60f | 84b5 0b00 

  0x0000022d889b4234: ;   {metadata(method data for {method} {0x0000022d98439298} 'showExtras' '()V' in 'Rendering/ImGui/ImGuiEditor')}
  0x0000022d889b4234: 0048 bab8 | 2897 982d | 0200 0048 | 8382 d800 

  0x0000022d889b4244: ;   {metadata(method data for {method} {0x0000022d98607418} 'text' '(Ljava/lang/String;)V' in 'imgui/ImGui')}
  0x0000022d889b4244: 0000 0148 | ba78 fc95 | 982d 0200 | 008b b290 | 0000 0083 | c602 89b2 | 9000 0000 | 81e6 feff 
  0x0000022d889b4264: 1f00 85f6 | 0f84 9d0b 

  0x0000022d889b426c: ;   {metadata(method data for {method} {0x0000022d98607418} 'text' '(Ljava/lang/String;)V' in 'imgui/ImGui')}
  0x0000022d889b426c: 0000 48ba | 78fc 9598 | 2d02 0000 | 4883 82d8 | 0000 0001 

  0x0000022d889b4280: ;   {oop("Extras"{0x000000070fdd5b40})}
  0x0000022d889b4280: 48ba 405b | dd0f 0700 | 0000 0f1f 

  0x0000022d889b428c: ;   {static_call}
  0x0000022d889b428c: 4400 00e8 

  0x0000022d889b4290: ; ImmutableOopMap {[288]=Oop }
                      ;*invokestatic nText {reexecute=0 rethrow=0 return_oop=0}
                      ; - imgui.ImGui::text@1 (line 2909)
                      ; - Rendering.ImGui.ImGuiEditor::showExtras@2 (line 36)
                      ; - Rendering.ImGui.ImGuiEditor::render@82 (line 30)
  0x0000022d889b4290: fc89 9107 

  0x0000022d889b4294: ;   {post_call_nop}
  0x0000022d889b4294: 0f1f 8400 | 0c1c 0014 

  0x0000022d889b429c: ;   {metadata(method data for {method} {0x0000022d98439298} 'showExtras' '()V' in 'Rendering/ImGui/ImGuiEditor')}
  0x0000022d889b429c: 48ba b828 | 9798 2d02 | 0000 4883 | 82e8 0000 

  0x0000022d889b42ac: ;   {metadata(method data for {method} {0x0000022d98608b98} 'checkbox' '(Ljava/lang/String;Limgui/type/ImBoolean;)Z' in 'imgui/ImGui')}
  0x0000022d889b42ac: 0001 48ba | 702a 9798 | 2d02 0000 | 448b 8290 | 0000 0041 | 83c0 0244 | 8982 9000 | 0000 4181 
  0x0000022d889b42cc: e0fe ff1f | 0045 85c0 | 0f84 520b 

  0x0000022d889b42d8: ;   {metadata(method data for {method} {0x0000022d98608b98} 'checkbox' '(Ljava/lang/String;Limgui/type/ImBoolean;)Z' in 'imgui/ImGui')}
  0x0000022d889b42d8: 0000 48ba | 702a 9798 | 2d02 0000 | ff82 e800 

  0x0000022d889b42e8: ;   {oop(a 'imgui/type/ImBoolean'{0x00000007109767b8})}
  0x0000022d889b42e8: 0000 48ba | b867 9710 | 0700 0000 

  0x0000022d889b42f4: ;   {metadata(method data for {method} {0x0000022d98608b98} 'checkbox' '(Ljava/lang/String;Limgui/type/ImBoolean;)Z' in 'imgui/ImGui')}
  0x0000022d889b42f4: 4c8b c248 | be70 2a97 | 982d 0200 | 0045 8b40 | 0841 ba00 | 0000 9c4d | 03c2 4c3b | 8600 0100 
  0x0000022d889b4314: 0075 0d48 | 8386 0801 | 0000 01e9 | 6000 0000 | 4c3b 8610 | 0100 0075 | 0d48 8386 | 1801 0000 
  0x0000022d889b4334: 01e9 4a00 | 0000 4883 | be00 0100 | 0000 7517 | 4c89 8600 | 0100 0048 | c786 0801 | 0000 0100 
  0x0000022d889b4354: 0000 e929 | 0000 0048 | 83be 1001 | 0000 0075 | 174c 8986 | 1001 0000 | 48c7 8618 | 0100 0001 
  0x0000022d889b4374: 0000 00e9 | 0800 0000 | 4883 86f8 | 0000 0001 | 448b 420c | 49c1 e003 

  0x0000022d889b438c: ;   {metadata(method data for {method} {0x0000022d98608b98} 'checkbox' '(Ljava/lang/String;Limgui/type/ImBoolean;)Z' in 'imgui/ImGui')}
  0x0000022d889b438c: 48ba 702a | 9798 2d02 | 0000 ff82 | 2801 0000 

  0x0000022d889b439c: ;   {metadata(method data for {method} {0x0000022d98608b98} 'checkbox' '(Ljava/lang/String;Limgui/type/ImBoolean;)Z' in 'imgui/ImGui')}
  0x0000022d889b439c: 48ba 702a | 9798 2d02 | 0000 4883 | 8240 0100 

  0x0000022d889b43ac: ;   {oop("Show Demo Window"{0x000000070fdd5b70})}
  0x0000022d889b43ac: 0001 48ba | 705b dd0f | 0700 0000 | 0f1f 8000 

  0x0000022d889b43bc: ;   {static_call}
  0x0000022d889b43bc: 0000 00e8 

  0x0000022d889b43c0: ; ImmutableOopMap {[288]=Oop }
                      ;*invokestatic nCheckbox {reexecute=0 rethrow=0 return_oop=0}
                      ; - imgui.ImGui::checkbox@13 (line 3144)
                      ; - Rendering.ImGui.ImGuiEditor::showExtras@10 (line 37)
                      ; - Rendering.ImGui.ImGuiEditor::render@82 (line 30)
  0x0000022d889b43c0: 4c79 9207 

  0x0000022d889b43c4: ;   {post_call_nop}
  0x0000022d889b43c4: 0f1f 8400 | 3c1d 0015 

  0x0000022d889b43cc: ;   {oop(a 'imgui/type/ImBoolean'{0x00000007109767b8})}
  0x0000022d889b43cc: 83e0 0148 | bab8 6797 | 1007 0000 | 0048 8bf2 

  0x0000022d889b43dc: ;   {metadata(method data for {method} {0x0000022d98439298} 'showExtras' '()V' in 'Rendering/ImGui/ImGuiEditor')}
  0x0000022d889b43dc: 48bf b828 | 9798 2d02 | 0000 8b76 | 0841 ba00 | 0000 9c49 | 03f2 483b | b700 0100 | 0075 0d48 
  0x0000022d889b43fc: 8387 0801 | 0000 01e9 | 6000 0000 | 483b b710 | 0100 0075 | 0d48 8387 | 1801 0000 | 01e9 4a00 
  0x0000022d889b441c: 0000 4883 | bf00 0100 | 0000 7517 | 4889 b700 | 0100 0048 | c787 0801 | 0000 0100 | 0000 e929 
  0x0000022d889b443c: 0000 0048 | 83bf 1001 | 0000 0075 | 1748 89b7 | 1001 0000 | 48c7 8718 | 0100 0001 | 0000 00e9 
  0x0000022d889b445c: 0800 0000 | 4883 87f8 | 0000 0001 

  0x0000022d889b4468: ;   {metadata(method data for {method} {0x0000022d98439e80} 'get' '()Z' in 'imgui/type/ImBoolean')}
  0x0000022d889b4468: 48be f89e | 9698 2d02 | 0000 8bbe | 9000 0000 | 83c7 0289 | be90 0000 | 0081 e7fe | ff1f 0085 
  0x0000022d889b4488: ff0f 84be | 0900 008b | 520c 48c1 | e203 837a | 0c00 0f86 | d809 0000 | 0fbe 7210 | 83e6 0185 
  0x0000022d889b44a8: ;   {metadata(method data for {method} {0x0000022d98439298} 'showExtras' '()V' in 'Rendering/ImGui/ImGuiEditor')}
  0x0000022d889b44a8: f648 beb8 | 2897 982d | 0200 00bf | 2801 0000 | 7405 bf38 | 0100 0048 | 8b1c 3e48 | 8d5b 0148 
  0x0000022d889b44c8: 891c 3e0f | 8453 0100 | 0048 8bb4 | 2420 0100 

  0x0000022d889b44d8: ;   {metadata(method data for {method} {0x0000022d98439298} 'showExtras' '()V' in 'Rendering/ImGui/ImGuiEditor')}
  0x0000022d889b44d8: 0048 bfb8 | 2897 982d | 0200 0048 | 8387 4801 

  0x0000022d889b44e8: ;   {metadata(method data for {method} {0x0000022d98439358} 'showDemo' '()V' in 'Rendering/ImGui/ImGuiEditor')}
  0x0000022d889b44e8: 0000 0148 | be08 2c97 | 982d 0200 | 008b be90 | 0000 0083 | c702 89be | 9000 0000 | 81e7 feff 
  0x0000022d889b4508: 1f00 85ff | 0f84 7809 

  0x0000022d889b4510: ;   {metadata(method data for {method} {0x0000022d98439358} 'showDemo' '()V' in 'Rendering/ImGui/ImGuiEditor')}
  0x0000022d889b4510: 0000 48be | 082c 9798 | 2d02 0000 | 4883 86d8 | 0000 0001 

  0x0000022d889b4524: ;   {metadata(method data for {method} {0x0000022d985f5570} 'showDemoWindow' '(Limgui/type/ImBoolean;)V' in 'imgui/ImGui')}
  0x0000022d889b4524: 48be 302d | 9798 2d02 | 0000 8bbe | 9000 0000 | 83c7 0289 | be90 0000 | 0081 e7fe | ff1f 0085 
  0x0000022d889b4544: ff0f 8460 

  0x0000022d889b4548: ;   {metadata(method data for {method} {0x0000022d985f5570} 'showDemoWindow' '(Limgui/type/ImBoolean;)V' in 'imgui/ImGui')}
  0x0000022d889b4548: 0900 0048 | be30 2d97 | 982d 0200 | 00ff 86e8 

  0x0000022d889b4558: ;   {oop(a 'imgui/type/ImBoolean'{0x00000007109767b8})}
  0x0000022d889b4558: 0000 0048 | beb8 6797 | 1007 0000 

  0x0000022d889b4564: ;   {metadata(method data for {method} {0x0000022d985f5570} 'showDemoWindow' '(Limgui/type/ImBoolean;)V' in 'imgui/ImGui')}
  0x0000022d889b4564: 0048 bf30 | 2d97 982d | 0200 008b | 7608 41ba | 0000 009c | 4903 f248 | 3bb7 0001 | 0000 750d 
  0x0000022d889b4584: 4883 8708 | 0100 0001 | e960 0000 | 0048 3bb7 | 1001 0000 | 750d 4883 | 8718 0100 | 0001 e94a 
  0x0000022d889b45a4: 0000 0048 | 83bf 0001 | 0000 0075 | 1748 89b7 | 0001 0000 | 48c7 8708 | 0100 0001 | 0000 00e9 
  0x0000022d889b45c4: 2900 0000 | 4883 bf10 | 0100 0000 | 7517 4889 | b710 0100 | 0048 c787 | 1801 0000 | 0100 0000 
  0x0000022d889b45e4: e908 0000 | 0048 8387 | f800 0000 

  0x0000022d889b45f0: ;   {metadata(method data for {method} {0x0000022d985f5570} 'showDemoWindow' '(Limgui/type/ImBoolean;)V' in 'imgui/ImGui')}
  0x0000022d889b45f0: 0148 be30 | 2d97 982d | 0200 00ff | 8628 0100 

  0x0000022d889b4600: ;   {metadata(method data for {method} {0x0000022d985f5570} 'showDemoWindow' '(Limgui/type/ImBoolean;)V' in 'imgui/ImGui')}
  0x0000022d889b4600: 0048 be30 | 2d97 982d | 0200 0048 | 8386 4001 | 0000 010f 

  0x0000022d889b4614: ;   {static_call}
  0x0000022d889b4614: 1f40 00e8 

  0x0000022d889b4618: ; ImmutableOopMap {}
                      ;*invokestatic nShowDemoWindow {reexecute=0 rethrow=0 return_oop=0}
                      ; - imgui.ImGui::showDemoWindow@12 (line 305)
                      ; - Rendering.ImGui.ImGuiEditor::showDemo@3 (line 46)
                      ; - Rendering.ImGui.ImGuiEditor::showExtras@24 (line 40)
                      ; - Rendering.ImGui.ImGuiEditor::render@82 (line 30)
  0x0000022d889b4618: c4ad 3807 

  0x0000022d889b461c: ;   {post_call_nop}
  0x0000022d889b461c: 0f1f 8400 | 941f 0016 

  0x0000022d889b4624: ;   {metadata(method data for {method} {0x0000022d984391c0} 'render' '()V' in 'Rendering/ImGui/ImGuiEditor')}
  0x0000022d889b4624: 48be 0088 | 9698 2d02 | 0000 4883 | 8658 0200 

  0x0000022d889b4634: ;   {metadata(method data for {method} {0x0000022d985f76e0} 'end' '()V' in 'imgui/ImGui')}
  0x0000022d889b4634: 0001 48be | c02e 9798 | 2d02 0000 | 8bbe 9000 | 0000 83c7 | 0289 be90 | 0000 0081 | e7fe ff1f 
  0x0000022d889b4654: 0085 ff0f | 846f 0800 

  0x0000022d889b465c: ;   {metadata(method data for {method} {0x0000022d985f76e0} 'end' '()V' in 'imgui/ImGui')}
  0x0000022d889b465c: 0048 bec0 | 2e97 982d | 0200 0048 | 8386 d800 

  0x0000022d889b466c: ;   {static_call}
  0x0000022d889b466c: 0000 01e8 

  0x0000022d889b4670: ; ImmutableOopMap {}
                      ;*invokestatic nEnd {reexecute=0 rethrow=0 return_oop=0}
                      ; - imgui.ImGui::end@0 (line 617)
                      ; - Rendering.ImGui.ImGuiEditor::render@85 (line 32)
  0x0000022d889b4670: 9c79 9207 

  0x0000022d889b4674: ;   {post_call_nop}
  0x0000022d889b4674: 0f1f 8400 | ec1f 0017 | 4881 c4a0 | 0100 005d 

  0x0000022d889b4684: ;   {poll_return}
  0x0000022d889b4684: 493b 6728 | 0f87 5f08 | 0000 c390 

  0x0000022d889b4690: ;   {other}
  0x0000022d889b4690: e97d 0800 | 0000 0000 | 0000 498b | 87c8 0100 | 0048 8d78 | 2849 3bbf | d801 0000 | 0f87 6a08 
  0x0000022d889b46b0: 0000 4989 | bfc8 0100 | 0048 c700 | 0100 0000 | 488b ca41 | ba00 0000 | 9c49 2bca | 8948 0848 
  0x0000022d889b46d0: 33c9 8948 | 0c48 33c9 | 4889 4810 | 4889 4818 | 4889 4820 

  0x0000022d889b46e4: ;   {metadata(method data for {method} {0x000000009c49b308} 'newArray' '(I)[B' in 'java/lang/StringConcatHelper')}
  0x0000022d889b46e4: 4c8b c048 | ba00 e404 | 982d 0200 | 0048 8382 | f800 0000 

  0x0000022d889b46f8: ;   {oop("Overflow: String length out of range"{0x00000007ffe53c08})}
  0x0000022d889b46f8: 0149 b808 | 3ce5 ff07 | 0000 0048 | 8bd0 4889 | 8424 7801 

  0x0000022d889b470c: ;   {optimized virtual_call}
  0x0000022d889b470c: 0000 90e8 

  0x0000022d889b4710: ; ImmutableOopMap {[288]=Oop [336]=Oop [344]=Oop [376]=Oop }
                      ;*invokespecial <init> {reexecute=0 rethrow=0 return_oop=0}
                      ; - java.lang.StringConcatHelper::newArray@10 (line 576)
                      ; - java.lang.StringConcatHelper::newArrayWithSuffix@8 (line 611)
                      ; - java.lang.String$$StringConcat/0x000000009d051000::concat@58
                      ; - java.lang.invoke.DirectMethodHandle$Holder::invokeSpecial@14
                      ; - java.lang.invoke.LambdaForm$MH/0x000000009d051400::invoke@24
                      ; - java.lang.invoke.Invokers$Holder::linkToTargetMethod@6
                      ; - Rendering.ImGui.ImGuiEditor::render@27 (line 22)
  0x0000022d889b4710: cca6 3807 

  0x0000022d889b4714: ;   {post_call_nop}
  0x0000022d889b4714: 0f1f 8400 | 8c20 0018 | 488b 8424 | 7801 0000 | e969 0800 | 000f 1f80 | 0000 0000 

  0x0000022d889b4730: ;   {other}
  0x0000022d889b4730: e903 0800 | 0000 0000 | 0000 498b | 87c8 0100 | 0048 8d78 | 2849 3bbf | d801 0000 | 0f87 f007 
  0x0000022d889b4750: 0000 4989 | bfc8 0100 | 0048 c700 | 0100 0000 | 488b ca41 | ba00 0000 | 9c49 2bca | 8948 0848 
  0x0000022d889b4770: 33c9 8948 | 0c48 33c9 | 4889 4810 | 4889 4818 | 4889 4820 

  0x0000022d889b4784: ;   {metadata(method data for {method} {0x000000009c49a968} 'checkOverflow' '(I)I' in 'java/lang/StringConcatHelper')}
  0x0000022d889b4784: 4c8b c048 | ba38 4c07 | 982d 0200 | 0048 8382 | f800 0000 

  0x0000022d889b4798: ;   {oop("Overflow: String length out of range"{0x00000007ffe53c08})}
  0x0000022d889b4798: 0149 b808 | 3ce5 ff07 | 0000 0048 | 8bd0 4889 | 8424 8001 

  0x0000022d889b47ac: ;   {optimized virtual_call}
  0x0000022d889b47ac: 0000 90e8 

  0x0000022d889b47b0: ; ImmutableOopMap {[288]=Oop [336]=Oop [344]=Oop [384]=Oop }
                      ;*invokespecial <init> {reexecute=0 rethrow=0 return_oop=0}
                      ; - java.lang.StringConcatHelper::checkOverflow@12 (line 787)
                      ; - java.lang.StringConcatHelper::stringSize@6 (line 530)
                      ; - java.lang.String$$StringConcat/0x000000009d051000::length@6
                      ; - java.lang.String$$StringConcat/0x000000009d051000::concat@33
                      ; - java.lang.invoke.DirectMethodHandle$Holder::invokeSpecial@14
                      ; - java.lang.invoke.LambdaForm$MH/0x000000009d051400::invoke@24
                      ; - java.lang.invoke.Invokers$Holder::linkToTargetMethod@6
                      ; - Rendering.ImGui.ImGuiEditor::render@27 (line 22)
  0x0000022d889b47b0: 2ca6 3807 

  0x0000022d889b47b4: ;   {post_call_nop}
  0x0000022d889b47b4: 0f1f 8400 | 2c21 0019 | 488b 8424 | 8001 0000 | e9c9 0700 | 000f 1f80 | 0000 0000 

  0x0000022d889b47d0: ;   {other}
  0x0000022d889b47d0: e989 0700 | 0000 0000 | 0000 498b | 87c8 0100 | 0048 8d78 | 2849 3bbf | d801 0000 | 0f87 7607 
  0x0000022d889b47f0: 0000 4989 | bfc8 0100 | 0048 c700 | 0100 0000 | 488b ca41 | ba00 0000 | 9c49 2bca | 8948 0848 
  0x0000022d889b4810: 33c9 8948 | 0c48 33c9 | 4889 4810 | 4889 4818 | 4889 4820 

  0x0000022d889b4824: ;   {metadata(method data for {method} {0x000000009c49a968} 'checkOverflow' '(I)I' in 'java/lang/StringConcatHelper')}
  0x0000022d889b4824: 4c8b c048 | ba38 4c07 | 982d 0200 | 0048 8382 | f800 0000 

  0x0000022d889b4838: ;   {oop("Overflow: String length out of range"{0x00000007ffe53c08})}
  0x0000022d889b4838: 0149 b808 | 3ce5 ff07 | 0000 0048 | 8bd0 4889 | 8424 8801 

  0x0000022d889b484c: ;   {optimized virtual_call}
  0x0000022d889b484c: 0000 90e8 

  0x0000022d889b4850: ; ImmutableOopMap {[288]=Oop [336]=Oop [344]=Oop [392]=Oop }
                      ;*invokespecial <init> {reexecute=0 rethrow=0 return_oop=0}
                      ; - java.lang.StringConcatHelper::checkOverflow@12 (line 787)
                      ; - java.lang.StringConcatHelper::stringSize@6 (line 530)
                      ; - java.lang.String$$StringConcat/0x000000009d051000::length@2
                      ; - java.lang.String$$StringConcat/0x000000009d051000::concat@33
                      ; - java.lang.invoke.DirectMethodHandle$Holder::invokeSpecial@14
                      ; - java.lang.invoke.LambdaForm$MH/0x000000009d051400::invoke@24
                      ; - java.lang.invoke.Invokers$Holder::linkToTargetMethod@6
                      ; - Rendering.ImGui.ImGuiEditor::render@27 (line 22)
  0x0000022d889b4850: 8ca5 3807 

  0x0000022d889b4854: ;   {post_call_nop}
  0x0000022d889b4854: 0f1f 8400 | cc21 001a | 488b 8424 | 8801 0000 | e929 0700 

  0x0000022d889b4868: ;   {metadata({method} {0x0000022d984391c0} 'render' '()V' in 'Rendering/ImGui/ImGuiEditor')}
  0x0000022d889b4868: 0049 bab8 | 9143 982d | 0200 004c | 8954 2408 | 48c7 0424 | ffff ffff 

  0x0000022d889b4880: ;   {runtime_call C1 Runtime counter_overflow_blob}
  0x0000022d889b4880: e8db 9145 

  0x0000022d889b4884: ; ImmutableOopMap {rdx=Oop [288]=Oop }
                      ;*synchronization entry
                      ; - Rendering.ImGui.ImGuiEditor::render@-1 (line 19)
  0x0000022d889b4884: 07e9 84df 

  0x0000022d889b4888: ;   {runtime_call C1 Runtime throw_null_pointer_exception_blob}
  0x0000022d889b4888: ffff e851 

  0x0000022d889b488c: ; ImmutableOopMap {rdx=Oop rsi=Oop [288]=Oop }
                      ;*invokevirtual render {reexecute=0 rethrow=0 return_oop=0}
                      ; - Rendering.ImGui.ImGuiEditor::render@4 (line 19)
                      ;   {metadata({method} {0x0000022d985f73c0} 'begin' '(Ljava/lang/String;I)Z' in 'imgui/ImGui')}
  0x0000022d889b488c: 3345 0749 | bab8 735f | 982d 0200 | 004c 8954 | 2408 48c7 | 0424 ffff 

  0x0000022d889b48a4: ;   {runtime_call C1 Runtime counter_overflow_blob}
  0x0000022d889b48a4: ffff e8b5 

  0x0000022d889b48a8: ; ImmutableOopMap {[288]=Oop }
                      ;*synchronization entry
                      ; - imgui.ImGui::begin@-1 (line 581)
                      ; - Rendering.ImGui.ImGuiEditor::render@11 (line 21)
  0x0000022d889b48a8: 9145 07e9 | d2df ffff 

  0x0000022d889b48b0: ;   {metadata({method} {0x000000009c194230} 'getProperty' '(Ljava/lang/String;)Ljava/lang/String;' in 'java/lang/System')}
  0x0000022d889b48b0: 49ba 2842 | 199c 0000 | 0000 4c89 | 5424 0848 | c704 24ff 

  0x0000022d889b48c4: ;   {runtime_call C1 Runtime counter_overflow_blob}
  0x0000022d889b48c4: ffff ffe8 

  0x0000022d889b48c8: ; ImmutableOopMap {[288]=Oop }
                      ;*synchronization entry
                      ; - java.lang.System::getProperty@-1 (line 742)
                      ; - Rendering.ImGui.ImGuiEditor::render@19 (line 22)
  0x0000022d889b48c8: 9491 4507 | e949 e0ff 

  0x0000022d889b48d0: ;   {runtime_call C1 Runtime throw_null_pointer_exception_blob}
  0x0000022d889b48d0: ffe8 0a33 

  0x0000022d889b48d4: ; ImmutableOopMap {rsi=Oop rdx=Oop [288]=Oop [296]=Oop }
                      ;*invokevirtual getProperty {reexecute=0 rethrow=0 return_oop=0}
                      ; - java.lang.System::getProperty@8 (line 743)
                      ; - Rendering.ImGui.ImGuiEditor::render@19 (line 22)
                      ;   {metadata({method} {0x000000009c194230} 'getProperty' '(Ljava/lang/String;)Ljava/lang/String;' in 'java/lang/System')}
  0x0000022d889b48d4: 4507 49ba | 2842 199c | 0000 0000 | 4c89 5424 | 0848 c704 | 24ff ffff 

  0x0000022d889b48ec: ;   {runtime_call C1 Runtime counter_overflow_blob}
  0x0000022d889b48ec: ffe8 6e91 

  0x0000022d889b48f0: ; ImmutableOopMap {rax=Oop [288]=Oop [304]=Oop }
                      ;*synchronization entry
                      ; - java.lang.System::getProperty@-1 (line 742)
                      ; - Rendering.ImGui.ImGuiEditor::render@24 (line 22)
  0x0000022d889b48f0: 4507 e966 

  0x0000022d889b48f4: ;   {runtime_call C1 Runtime throw_null_pointer_exception_blob}
  0x0000022d889b48f4: e1ff ffe8 

  0x0000022d889b48f8: ; ImmutableOopMap {rdx=Oop [288]=Oop [312]=Oop [320]=Oop }
                      ;*invokevirtual getProperty {reexecute=0 rethrow=0 return_oop=0}
                      ; - java.lang.System::getProperty@8 (line 743)
                      ; - Rendering.ImGui.ImGuiEditor::render@24 (line 22)
  0x0000022d889b48f8: e432 4507 

  0x0000022d889b48fc: ;   {metadata({method} {0x000000009c212e98} 'linkToTargetMethod' '(Ljava/lang/Object;Ljava/lang/Object;Ljava/lang/Object;)Ljava/lang/Object;' in 'java/lang/invoke/Invokers$Holder')}
  0x0000022d889b48fc: 49ba 902e | 219c 0000 | 0000 4c89 | 5424 0848 | c704 24ff 

  0x0000022d889b4910: ;   {runtime_call C1 Runtime counter_overflow_blob}
  0x0000022d889b4910: ffff ffe8 

  0x0000022d889b4914: ; ImmutableOopMap {rax=Oop rsi=Oop [288]=Oop }
                      ;*synchronization entry
                      ; - java.lang.invoke.Invokers$Holder::linkToTargetMethod@-1
                      ; - Rendering.ImGui.ImGuiEditor::render@27 (line 22)
  0x0000022d889b4914: 4891 4507 | e9ec e2ff 

  0x0000022d889b491c: ;   {metadata({method} {0x0000022d9849ae90} 'invoke' '(Ljava/lang/Object;Ljava/lang/Object;Ljava/lang/Object;)Ljava/lang/Object;' in 'java/lang/invoke/LambdaForm$MH+0x000000009d051400')}
  0x0000022d889b491c: ff49 ba88 | ae49 982d | 0200 004c | 8954 2408 | 48c7 0424 | ffff ffff 

  0x0000022d889b4934: ;   {runtime_call C1 Runtime counter_overflow_blob}
  0x0000022d889b4934: e827 9145 

  0x0000022d889b4938: ; ImmutableOopMap {rax=Oop rsi=Oop [288]=Oop }
                      ;*synchronization entry
                      ; - java.lang.invoke.LambdaForm$MH/0x000000009d051400::invoke@-1
                      ; - java.lang.invoke.Invokers$Holder::linkToTargetMethod@6
                      ; - Rendering.ImGui.ImGuiEditor::render@27 (line 22)
  0x0000022d889b4938: 07e9 48e3 

  0x0000022d889b493c: ;   {metadata({method} {0x000000009c215400} 'invokeSpecial' '(Ljava/lang/Object;Ljava/lang/Object;Ljava/lang/Object;Ljava/lang/Object;)Ljava/lang/Object;' in 'java/lang/invoke/DirectMethodHandle$Holder')}
  0x0000022d889b493c: ffff 49ba | f853 219c | 0000 0000 | 4c89 5424 | 0848 c704 | 24ff ffff 

  0x0000022d889b4954: ;   {runtime_call C1 Runtime counter_overflow_blob}
  0x0000022d889b4954: ffe8 0691 

  0x0000022d889b4958: ; ImmutableOopMap {rax=Oop rsi=Oop [288]=Oop }
                      ;*synchronization entry
                      ; - java.lang.invoke.DirectMethodHandle$Holder::invokeSpecial@-1
                      ; - java.lang.invoke.LambdaForm$MH/0x000000009d051400::invoke@24
                      ; - java.lang.invoke.Invokers$Holder::linkToTargetMethod@6
                      ; - Rendering.ImGui.ImGuiEditor::render@27 (line 22)
  0x0000022d889b4958: 4507 e960 

  0x0000022d889b495c: ;   {metadata({method} {0x000000009c206588} 'internalMemberName' '(Ljava/lang/Object;)Ljava/lang/Object;' in 'java/lang/invoke/DirectMethodHandle')}
  0x0000022d889b495c: e3ff ff49 | ba80 6520 | 9c00 0000 | 004c 8954 | 2408 48c7 | 0424 ffff 

  0x0000022d889b4974: ;   {runtime_call C1 Runtime counter_overflow_blob}
  0x0000022d889b4974: ffff e8e5 

  0x0000022d889b4978: ; ImmutableOopMap {rax=Oop rsi=Oop [288]=Oop }
                      ;*synchronization entry
                      ; - java.lang.invoke.DirectMethodHandle::internalMemberName@-1 (line 326)
                      ; - java.lang.invoke.DirectMethodHandle$Holder::invokeSpecial@1
                      ; - java.lang.invoke.LambdaForm$MH/0x000000009d051400::invoke@24
                      ; - java.lang.invoke.Invokers$Holder::linkToTargetMethod@6
                      ; - Rendering.ImGui.ImGuiEditor::render@27 (line 22)
  0x0000022d889b4978: 9045 07e9 | 78e3 ffff 

  0x0000022d889b4980: ;   {metadata({method} {0x0000022d9849a5a0} 'concat' '(Ljava/lang/Object;Ljava/lang/Object;)Ljava/lang/String;' in 'java/lang/String$$StringConcat+0x000000009d051000')}
  0x0000022d889b4980: 49ba 98a5 | 4998 2d02 | 0000 4c89 | 5424 0848 | c704 24ff 

  0x0000022d889b4994: ;   {runtime_call C1 Runtime counter_overflow_blob}
  0x0000022d889b4994: ffff ffe8 

  0x0000022d889b4998: ; ImmutableOopMap {rax=Oop rsi=Oop [288]=Oop }
                      ;*synchronization entry
                      ; - java.lang.String$$StringConcat/0x000000009d051000::concat@-1
                      ; - java.lang.invoke.DirectMethodHandle$Holder::invokeSpecial@14
                      ; - java.lang.invoke.LambdaForm$MH/0x000000009d051400::invoke@24
                      ; - java.lang.invoke.Invokers$Holder::linkToTargetMethod@6
                      ; - Rendering.ImGui.ImGuiEditor::render@27 (line 22)
  0x0000022d889b4998: c490 4507 | e9bc e3ff 

  0x0000022d889b49a0: ;   {metadata({method} {0x000000009c49a860} 'stringOf' '(Ljava/lang/Object;)Ljava/lang/String;' in 'java/lang/StringConcatHelper')}
  0x0000022d889b49a0: ff49 ba58 | a849 9c00 | 0000 004c | 8954 2408 | 48c7 0424 | ffff ffff 

  0x0000022d889b49b8: ;   {runtime_call C1 Runtime counter_overflow_blob}
  0x0000022d889b49b8: e8a3 9045 

  0x0000022d889b49bc: ; ImmutableOopMap {rax=Oop rsi=Oop [288]=Oop }
                      ;*synchronization entry
                      ; - java.lang.StringConcatHelper::stringOf@-1 (line 466)
                      ; - java.lang.String$$StringConcat/0x000000009d051000::concat@1
                      ; - java.lang.invoke.DirectMethodHandle$Holder::invokeSpecial@14
                      ; - java.lang.invoke.LambdaForm$MH/0x000000009d051400::invoke@24
                      ; - java.lang.invoke.Invokers$Holder::linkToTargetMethod@6
                      ; - Rendering.ImGui.ImGuiEditor::render@27 (line 22)
  0x0000022d889b49bc: 07e9 d4e3 

  0x0000022d889b49c0: ;   {runtime_call C1 Runtime throw_null_pointer_exception_blob}
  0x0000022d889b49c0: ffff e819 

  0x0000022d889b49c4: ; ImmutableOopMap {rax=Oop rsi=Oop [288]=Oop }
                      ;*invokevirtual toString {reexecute=0 rethrow=0 return_oop=0}
                      ; - java.lang.StringConcatHelper::stringOf@5 (line 466)
                      ; - java.lang.String$$StringConcat/0x000000009d051000::concat@1
                      ; - java.lang.invoke.DirectMethodHandle$Holder::invokeSpecial@14
                      ; - java.lang.invoke.LambdaForm$MH/0x000000009d051400::invoke@24
                      ; - java.lang.invoke.Invokers$Holder::linkToTargetMethod@6
                      ; - Rendering.ImGui.ImGuiEditor::render@27 (line 22)
                      ;   {metadata({method} {0x000000009c188140} 'toString' '()Ljava/lang/String;' in 'java/lang/String')}
  0x0000022d889b49c4: 3245 0749 | ba38 8118 | 9c00 0000 | 004c 8954 | 2408 48c7 | 0424 ffff 

  0x0000022d889b49dc: ;   {runtime_call C1 Runtime counter_overflow_blob}
  0x0000022d889b49dc: ffff e87d 

  0x0000022d889b49e0: ; ImmutableOopMap {rax=Oop rsi=Oop [288]=Oop }
                      ;*synchronization entry
                      ; - java.lang.String::toString@-1 (line 4365)
                      ; - java.lang.StringConcatHelper::stringOf@5 (line 466)
                      ; - java.lang.String$$StringConcat/0x000000009d051000::concat@1
                      ; - java.lang.invoke.DirectMethodHandle$Holder::invokeSpecial@14
                      ; - java.lang.invoke.LambdaForm$MH/0x000000009d051400::invoke@24
                      ; - java.lang.invoke.Invokers$Holder::linkToTargetMethod@6
                      ; - Rendering.ImGui.ImGuiEditor::render@27 (line 22)
  0x0000022d889b49e0: 9045 07e9 | 18e4 ffff 

  0x0000022d889b49e8: ;   {metadata({method} {0x000000009c49a860} 'stringOf' '(Ljava/lang/Object;)Ljava/lang/String;' in 'java/lang/StringConcatHelper')}
  0x0000022d889b49e8: 49ba 58a8 | 499c 0000 | 0000 4c89 | 5424 0848 | c704 24ff 

  0x0000022d889b49fc: ;   {runtime_call C1 Runtime counter_overflow_blob}
  0x0000022d889b49fc: ffff ffe8 

  0x0000022d889b4a00: ; ImmutableOopMap {rax=Oop rsi=Oop [288]=Oop }
                      ;*synchronization entry
                      ; - java.lang.StringConcatHelper::stringOf@-1 (line 466)
                      ; - java.lang.String$$StringConcat/0x000000009d051000::concat@7
                      ; - java.lang.invoke.DirectMethodHandle$Holder::invokeSpecial@14
                      ; - java.lang.invoke.LambdaForm$MH/0x000000009d051400::invoke@24
                      ; - java.lang.invoke.Invokers$Holder::linkToTargetMethod@6
                      ; - Rendering.ImGui.ImGuiEditor::render@27 (line 22)
  0x0000022d889b4a00: 5c90 4507 | e975 e4ff 

  0x0000022d889b4a08: ;   {runtime_call C1 Runtime throw_null_pointer_exception_blob}
  0x0000022d889b4a08: ffe8 d231 

  0x0000022d889b4a0c: ; ImmutableOopMap {rsi=Oop rax=Oop [288]=Oop }
                      ;*invokevirtual toString {reexecute=0 rethrow=0 return_oop=0}
                      ; - java.lang.StringConcatHelper::stringOf@5 (line 466)
                      ; - java.lang.String$$StringConcat/0x000000009d051000::concat@7
                      ; - java.lang.invoke.DirectMethodHandle$Holder::invokeSpecial@14
                      ; - java.lang.invoke.LambdaForm$MH/0x000000009d051400::invoke@24
                      ; - java.lang.invoke.Invokers$Holder::linkToTargetMethod@6
                      ; - Rendering.ImGui.ImGuiEditor::render@27 (line 22)
                      ;   {metadata({method} {0x000000009c188140} 'toString' '()Ljava/lang/String;' in 'java/lang/String')}
  0x0000022d889b4a0c: 4507 49ba | 3881 189c | 0000 0000 | 4c89 5424 | 0848 c704 | 24ff ffff 

  0x0000022d889b4a24: ;   {runtime_call C1 Runtime counter_overflow_blob}
  0x0000022d889b4a24: ffe8 3690 

  0x0000022d889b4a28: ; ImmutableOopMap {rsi=Oop rax=Oop [288]=Oop }
                      ;*synchronization entry
                      ; - java.lang.String::toString@-1 (line 4365)
                      ; - java.lang.StringConcatHelper::stringOf@5 (line 466)
                      ; - java.lang.String$$StringConcat/0x000000009d051000::concat@7
                      ; - java.lang.invoke.DirectMethodHandle$Holder::invokeSpecial@14
                      ; - java.lang.invoke.LambdaForm$MH/0x000000009d051400::invoke@24
                      ; - java.lang.invoke.Invokers$Holder::linkToTargetMethod@6
                      ; - Rendering.ImGui.ImGuiEditor::render@27 (line 22)
  0x0000022d889b4a28: 4507 e9b9 

  0x0000022d889b4a2c: ;   {metadata({method} {0x0000022d9849a658} 'coder' '(ILjava/lang/String;Ljava/lang/String;)I' in 'java/lang/String$$StringConcat+0x000000009d051000')}
  0x0000022d889b4a2c: e4ff ff49 | ba50 a649 | 982d 0200 | 004c 8954 | 2408 48c7 | 0424 ffff 

  0x0000022d889b4a44: ;   {runtime_call C1 Runtime counter_overflow_blob}
  0x0000022d889b4a44: ffff e815 

  0x0000022d889b4a48: ; ImmutableOopMap {rsi=Oop rax=Oop [288]=Oop }
                      ;*synchronization entry
                      ; - java.lang.String$$StringConcat/0x000000009d051000::coder@-1
                      ; - java.lang.String$$StringConcat/0x000000009d051000::concat@20
                      ; - java.lang.invoke.DirectMethodHandle$Holder::invokeSpecial@14
                      ; - java.lang.invoke.LambdaForm$MH/0x000000009d051400::invoke@24
                      ; - java.lang.invoke.Invokers$Holder::linkToTargetMethod@6
                      ; - Rendering.ImGui.ImGuiEditor::render@27 (line 22)
  0x0000022d889b4a48: 9045 07e9 | 16e5 ffff 

  0x0000022d889b4a50: ;   {runtime_call C1 Runtime throw_null_pointer_exception_blob}
  0x0000022d889b4a50: e88b 3145 

  0x0000022d889b4a54: ; ImmutableOopMap {rsi=Oop rax=Oop [288]=Oop }
                      ;*invokevirtual coder {reexecute=0 rethrow=0 return_oop=0}
                      ; - java.lang.String$$StringConcat/0x000000009d051000::coder@2
                      ; - java.lang.String$$StringConcat/0x000000009d051000::concat@20
                      ; - java.lang.invoke.DirectMethodHandle$Holder::invokeSpecial@14
                      ; - java.lang.invoke.LambdaForm$MH/0x000000009d051400::invoke@24
                      ; - java.lang.invoke.Invokers$Holder::linkToTargetMethod@6
                      ; - Rendering.ImGui.ImGuiEditor::render@27 (line 22)
                      ;   {metadata({method} {0x000000009c4af4b0} 'coder' '()B' in 'java/lang/String')}
  0x0000022d889b4a54: 0749 baa8 | f44a 9c00 | 0000 004c | 8954 2408 | 48c7 0424 | ffff ffff 

  0x0000022d889b4a6c: ;   {runtime_call C1 Runtime counter_overflow_blob}
  0x0000022d889b4a6c: e8ef 8f45 

  0x0000022d889b4a70: ; ImmutableOopMap {rsi=Oop rax=Oop [288]=Oop }
                      ;*synchronization entry
                      ; - java.lang.String::coder@-1 (line 4885)
                      ; - java.lang.String$$StringConcat/0x000000009d051000::coder@2
                      ; - java.lang.String$$StringConcat/0x000000009d051000::concat@20
                      ; - java.lang.invoke.DirectMethodHandle$Holder::invokeSpecial@14
                      ; - java.lang.invoke.LambdaForm$MH/0x000000009d051400::invoke@24
                      ; - java.lang.invoke.Invokers$Holder::linkToTargetMethod@6
                      ; - Rendering.ImGui.ImGuiEditor::render@27 (line 22)
  0x0000022d889b4a70: 07e9 a9e5 

  0x0000022d889b4a74: ;   {runtime_call C1 Runtime throw_null_pointer_exception_blob}
  0x0000022d889b4a74: ffff e865 

  0x0000022d889b4a78: ; ImmutableOopMap {rsi=Oop rax=Oop [288]=Oop }
                      ;*invokevirtual coder {reexecute=0 rethrow=0 return_oop=0}
                      ; - java.lang.String$$StringConcat/0x000000009d051000::coder@7
                      ; - java.lang.String$$StringConcat/0x000000009d051000::concat@20
                      ; - java.lang.invoke.DirectMethodHandle$Holder::invokeSpecial@14
                      ; - java.lang.invoke.LambdaForm$MH/0x000000009d051400::invoke@24
                      ; - java.lang.invoke.Invokers$Holder::linkToTargetMethod@6
                      ; - Rendering.ImGui.ImGuiEditor::render@27 (line 22)
                      ;   {metadata({method} {0x000000009c4af4b0} 'coder' '()B' in 'java/lang/String')}
  0x0000022d889b4a78: 3145 0749 | baa8 f44a | 9c00 0000 | 004c 8954 | 2408 48c7 | 0424 ffff 

  0x0000022d889b4a90: ;   {runtime_call C1 Runtime counter_overflow_blob}
  0x0000022d889b4a90: ffff e8c9 

  0x0000022d889b4a94: ; ImmutableOopMap {rsi=Oop rax=Oop [288]=Oop }
                      ;*synchronization entry
                      ; - java.lang.String::coder@-1 (line 4885)
                      ; - java.lang.String$$StringConcat/0x000000009d051000::coder@7
                      ; - java.lang.String$$StringConcat/0x000000009d051000::concat@20
                      ; - java.lang.invoke.DirectMethodHandle$Holder::invokeSpecial@14
                      ; - java.lang.invoke.LambdaForm$MH/0x000000009d051400::invoke@24
                      ; - java.lang.invoke.Invokers$Holder::linkToTargetMethod@6
                      ; - Rendering.ImGui.ImGuiEditor::render@27 (line 22)
  0x0000022d889b4a94: 8f45 07e9 | 66e6 ffff 

  0x0000022d889b4a9c: ;   {metadata({method} {0x0000022d9849a3d8} 'length' '(ILjava/lang/String;Ljava/lang/String;)I' in 'java/lang/String$$StringConcat+0x000000009d051000')}
  0x0000022d889b4a9c: 49ba d0a3 | 4998 2d02 | 0000 4c89 | 5424 0848 | c704 24ff 

  0x0000022d889b4ab0: ;   {runtime_call C1 Runtime counter_overflow_blob}
  0x0000022d889b4ab0: ffff ffe8 

  0x0000022d889b4ab4: ; ImmutableOopMap {rsi=Oop [288]=Oop [336]=Oop }
                      ;*synchronization entry
                      ; - java.lang.String$$StringConcat/0x000000009d051000::length@-1
                      ; - java.lang.String$$StringConcat/0x000000009d051000::concat@33
                      ; - java.lang.invoke.DirectMethodHandle$Holder::invokeSpecial@14
                      ; - java.lang.invoke.LambdaForm$MH/0x000000009d051400::invoke@24
                      ; - java.lang.invoke.Invokers$Holder::linkToTargetMethod@6
                      ; - Rendering.ImGui.ImGuiEditor::render@27 (line 22)
  0x0000022d889b4ab4: a88f 4507 | e9ba e6ff 

  0x0000022d889b4abc: ;   {metadata({method} {0x000000009c49acd8} 'stringSize' '(ILjava/lang/String;)I' in 'java/lang/StringConcatHelper')}
  0x0000022d889b4abc: ff49 bad0 | ac49 9c00 | 0000 004c | 8954 2408 | 48c7 0424 | ffff ffff 

  0x0000022d889b4ad4: ;   {runtime_call C1 Runtime counter_overflow_blob}
  0x0000022d889b4ad4: e887 8f45 

  0x0000022d889b4ad8: ; ImmutableOopMap {rsi=Oop [288]=Oop [336]=Oop }
                      ;*synchronization entry
                      ; - java.lang.StringConcatHelper::stringSize@-1 (line 530)
                      ; - java.lang.String$$StringConcat/0x000000009d051000::length@2
                      ; - java.lang.String$$StringConcat/0x000000009d051000::concat@33
                      ; - java.lang.invoke.DirectMethodHandle$Holder::invokeSpecial@14
                      ; - java.lang.invoke.LambdaForm$MH/0x000000009d051400::invoke@24
                      ; - java.lang.invoke.Invokers$Holder::linkToTargetMethod@6
                      ; - Rendering.ImGui.ImGuiEditor::render@27 (line 22)
  0x0000022d889b4ad8: 07e9 d2e6 

  0x0000022d889b4adc: ;   {metadata({method} {0x000000009c188868} 'length' '()I' in 'java/lang/String')}
  0x0000022d889b4adc: ffff 49ba | 6088 189c | 0000 0000 | 4c89 5424 | 0848 c704 | 24ff ffff 

  0x0000022d889b4af4: ;   {runtime_call C1 Runtime counter_overflow_blob}
  0x0000022d889b4af4: ffe8 668f 

  0x0000022d889b4af8: ; ImmutableOopMap {rsi=Oop [288]=Oop [336]=Oop }
                      ;*synchronization entry
                      ; - java.lang.String::length@-1 (line 1583)
                      ; - java.lang.StringConcatHelper::stringSize@2 (line 530)
                      ; - java.lang.String$$StringConcat/0x000000009d051000::length@2
                      ; - java.lang.String$$StringConcat/0x000000009d051000::concat@33
                      ; - java.lang.invoke.DirectMethodHandle$Holder::invokeSpecial@14
                      ; - java.lang.invoke.LambdaForm$MH/0x000000009d051400::invoke@24
                      ; - java.lang.invoke.Invokers$Holder::linkToTargetMethod@6
                      ; - Rendering.ImGui.ImGuiEditor::render@27 (line 22)
  0x0000022d889b4af8: 4507 e967 

  0x0000022d889b4afc: ;   {runtime_call C1 Runtime throw_null_pointer_exception_blob}
  0x0000022d889b4afc: e7ff ffe8 

  0x0000022d889b4b00: ; ImmutableOopMap {rsi=Oop [288]=Oop [336]=Oop }
                      ;*arraylength {reexecute=0 rethrow=0 return_oop=0}
                      ; - java.lang.String::length@4 (line 1583)
                      ; - java.lang.StringConcatHelper::stringSize@2 (line 530)
                      ; - java.lang.String$$StringConcat/0x000000009d051000::length@2
                      ; - java.lang.String$$StringConcat/0x000000009d051000::concat@33
                      ; - java.lang.invoke.DirectMethodHandle$Holder::invokeSpecial@14
                      ; - java.lang.invoke.LambdaForm$MH/0x000000009d051400::invoke@24
                      ; - java.lang.invoke.Invokers$Holder::linkToTargetMethod@6
                      ; - Rendering.ImGui.ImGuiEditor::render@27 (line 22)
  0x0000022d889b4b00: dc30 4507 

  0x0000022d889b4b04: ;   {metadata({method} {0x000000009c49a968} 'checkOverflow' '(I)I' in 'java/lang/StringConcatHelper')}
  0x0000022d889b4b04: 49ba 60a9 | 499c 0000 | 0000 4c89 | 5424 0848 | c704 24ff 

  0x0000022d889b4b18: ;   {runtime_call C1 Runtime counter_overflow_blob}
  0x0000022d889b4b18: ffff ffe8 

  0x0000022d889b4b1c: ; ImmutableOopMap {[288]=Oop [336]=Oop [344]=Oop }
                      ;*synchronization entry
                      ; - java.lang.StringConcatHelper::checkOverflow@-1 (line 784)
                      ; - java.lang.StringConcatHelper::stringSize@6 (line 530)
                      ; - java.lang.String$$StringConcat/0x000000009d051000::length@2
                      ; - java.lang.String$$StringConcat/0x000000009d051000::concat@33
                      ; - java.lang.invoke.DirectMethodHandle$Holder::invokeSpecial@14
                      ; - java.lang.invoke.LambdaForm$MH/0x000000009d051400::invoke@24
                      ; - java.lang.invoke.Invokers$Holder::linkToTargetMethod@6
                      ; - Rendering.ImGui.ImGuiEditor::render@27 (line 22)
  0x0000022d889b4b1c: 408f 4507 | e947 e8ff 

  0x0000022d889b4b24: ;   {metadata({method} {0x000000009c49acd8} 'stringSize' '(ILjava/lang/String;)I' in 'java/lang/StringConcatHelper')}
  0x0000022d889b4b24: ff49 bad0 | ac49 9c00 | 0000 004c | 8954 2408 | 48c7 0424 | ffff ffff 

  0x0000022d889b4b3c: ;   {runtime_call C1 Runtime counter_overflow_blob}
  0x0000022d889b4b3c: e81f 8f45 

  0x0000022d889b4b40: ; ImmutableOopMap {rax=Oop [288]=Oop [344]=Oop }
                      ;*synchronization entry
                      ; - java.lang.StringConcatHelper::stringSize@-1 (line 530)
                      ; - java.lang.String$$StringConcat/0x000000009d051000::length@6
                      ; - java.lang.String$$StringConcat/0x000000009d051000::concat@33
                      ; - java.lang.invoke.DirectMethodHandle$Holder::invokeSpecial@14
                      ; - java.lang.invoke.LambdaForm$MH/0x000000009d051400::invoke@24
                      ; - java.lang.invoke.Invokers$Holder::linkToTargetMethod@6
                      ; - Rendering.ImGui.ImGuiEditor::render@27 (line 22)
  0x0000022d889b4b40: 07e9 98e8 

  0x0000022d889b4b44: ;   {metadata({method} {0x000000009c188868} 'length' '()I' in 'java/lang/String')}
  0x0000022d889b4b44: ffff 49ba | 6088 189c | 0000 0000 | 4c89 5424 | 0848 c704 | 24ff ffff 

  0x0000022d889b4b5c: ;   {runtime_call C1 Runtime counter_overflow_blob}
  0x0000022d889b4b5c: ffe8 fe8e 

  0x0000022d889b4b60: ; ImmutableOopMap {rax=Oop [288]=Oop [344]=Oop }
                      ;*synchronization entry
                      ; - java.lang.String::length@-1 (line 1583)
                      ; - java.lang.StringConcatHelper::stringSize@2 (line 530)
                      ; - java.lang.String$$StringConcat/0x000000009d051000::length@6
                      ; - java.lang.String$$StringConcat/0x000000009d051000::concat@33
                      ; - java.lang.invoke.DirectMethodHandle$Holder::invokeSpecial@14
                      ; - java.lang.invoke.LambdaForm$MH/0x000000009d051400::invoke@24
                      ; - java.lang.invoke.Invokers$Holder::linkToTargetMethod@6
                      ; - Rendering.ImGui.ImGuiEditor::render@27 (line 22)
  0x0000022d889b4b60: 4507 e92d 

  0x0000022d889b4b64: ;   {runtime_call C1 Runtime throw_null_pointer_exception_blob}
  0x0000022d889b4b64: e9ff ffe8 

  0x0000022d889b4b68: ; ImmutableOopMap {rax=Oop [288]=Oop [344]=Oop }
                      ;*arraylength {reexecute=0 rethrow=0 return_oop=0}
                      ; - java.lang.String::length@4 (line 1583)
                      ; - java.lang.StringConcatHelper::stringSize@2 (line 530)
                      ; - java.lang.String$$StringConcat/0x000000009d051000::length@6
                      ; - java.lang.String$$StringConcat/0x000000009d051000::concat@33
                      ; - java.lang.invoke.DirectMethodHandle$Holder::invokeSpecial@14
                      ; - java.lang.invoke.LambdaForm$MH/0x000000009d051400::invoke@24
                      ; - java.lang.invoke.Invokers$Holder::linkToTargetMethod@6
                      ; - Rendering.ImGui.ImGuiEditor::render@27 (line 22)
  0x0000022d889b4b68: 7430 4507 

  0x0000022d889b4b6c: ;   {metadata({method} {0x000000009c49a968} 'checkOverflow' '(I)I' in 'java/lang/StringConcatHelper')}
  0x0000022d889b4b6c: 49ba 60a9 | 499c 0000 | 0000 4c89 | 5424 0848 | c704 24ff 

  0x0000022d889b4b80: ;   {runtime_call C1 Runtime counter_overflow_blob}
  0x0000022d889b4b80: ffff ffe8 

  0x0000022d889b4b84: ; ImmutableOopMap {[288]=Oop [336]=Oop [344]=Oop }
                      ;*synchronization entry
                      ; - java.lang.StringConcatHelper::checkOverflow@-1 (line 784)
                      ; - java.lang.StringConcatHelper::stringSize@6 (line 530)
                      ; - java.lang.String$$StringConcat/0x000000009d051000::length@6
                      ; - java.lang.String$$StringConcat/0x000000009d051000::concat@33
                      ; - java.lang.invoke.DirectMethodHandle$Holder::invokeSpecial@14
                      ; - java.lang.invoke.LambdaForm$MH/0x000000009d051400::invoke@24
                      ; - java.lang.invoke.Invokers$Holder::linkToTargetMethod@6
                      ; - Rendering.ImGui.ImGuiEditor::render@27 (line 22)
  0x0000022d889b4b84: d88e 4507 | e910 eaff 

  0x0000022d889b4b8c: ;   {metadata({method} {0x000000009c188868} 'length' '()I' in 'java/lang/String')}
  0x0000022d889b4b8c: ff49 ba60 | 8818 9c00 | 0000 004c | 8954 2408 | 48c7 0424 | ffff ffff 

  0x0000022d889b4ba4: ;   {runtime_call C1 Runtime counter_overflow_blob}
  0x0000022d889b4ba4: e8b7 8e45 

  0x0000022d889b4ba8: ; ImmutableOopMap {rcx=Oop [288]=Oop [336]=Oop [344]=Oop }
                      ;*synchronization entry
                      ; - java.lang.String::length@-1 (line 1583)
                      ; - java.lang.String$$StringConcat/0x000000009d051000::concat@48
                      ; - java.lang.invoke.DirectMethodHandle$Holder::invokeSpecial@14
                      ; - java.lang.invoke.LambdaForm$MH/0x000000009d051400::invoke@24
                      ; - java.lang.invoke.Invokers$Holder::linkToTargetMethod@6
                      ; - Rendering.ImGui.ImGuiEditor::render@27 (line 22)
  0x0000022d889b4ba8: 07e9 e1ea 

  0x0000022d889b4bac: ;   {metadata({method} {0x000000009c4af4b0} 'coder' '()B' in 'java/lang/String')}
  0x0000022d889b4bac: ffff 49ba | a8f4 4a9c | 0000 0000 | 4c89 5424 | 0848 c704 | 24ff ffff 

  0x0000022d889b4bc4: ;   {runtime_call C1 Runtime counter_overflow_blob}
  0x0000022d889b4bc4: ffe8 968e 

  0x0000022d889b4bc8: ; ImmutableOopMap {[288]=Oop [336]=Oop [344]=Oop }
                      ;*synchronization entry
                      ; - java.lang.String::coder@-1 (line 4885)
                      ; - java.lang.String::length@6 (line 1583)
                      ; - java.lang.String$$StringConcat/0x000000009d051000::concat@48
                      ; - java.lang.invoke.DirectMethodHandle$Holder::invokeSpecial@14
                      ; - java.lang.invoke.LambdaForm$MH/0x000000009d051400::invoke@24
                      ; - java.lang.invoke.Invokers$Holder::linkToTargetMethod@6
                      ; - Rendering.ImGui.ImGuiEditor::render@27 (line 22)
  0x0000022d889b4bc8: 4507 e978 

  0x0000022d889b4bcc: ;   {metadata({method} {0x000000009c49a758} 'newArrayWithSuffix' '(Ljava/lang/String;IB)[B' in 'java/lang/StringConcatHelper')}
  0x0000022d889b4bcc: ebff ff49 | ba50 a749 | 9c00 0000 | 004c 8954 | 2408 48c7 | 0424 ffff 

  0x0000022d889b4be4: ;   {runtime_call C1 Runtime counter_overflow_blob}
  0x0000022d889b4be4: ffff e875 

  0x0000022d889b4be8: ; ImmutableOopMap {[288]=Oop [336]=Oop [344]=Oop }
                      ;*synchronization entry
                      ; - java.lang.StringConcatHelper::newArrayWithSuffix@-1 (line 611)
                      ; - java.lang.String$$StringConcat/0x000000009d051000::concat@58
                      ; - java.lang.invoke.DirectMethodHandle$Holder::invokeSpecial@14
                      ; - java.lang.invoke.LambdaForm$MH/0x000000009d051400::invoke@24
                      ; - java.lang.invoke.Invokers$Holder::linkToTargetMethod@6
                      ; - Rendering.ImGui.ImGuiEditor::render@27 (line 22)
  0x0000022d889b4be8: 8e45 07e9 | beeb ffff 

  0x0000022d889b4bf0: ;   {metadata({method} {0x000000009c188868} 'length' '()I' in 'java/lang/String')}
  0x0000022d889b4bf0: 49ba 6088 | 189c 0000 | 0000 4c89 | 5424 0848 | c704 24ff 

  0x0000022d889b4c04: ;   {runtime_call C1 Runtime counter_overflow_blob}
  0x0000022d889b4c04: ffff ffe8 

  0x0000022d889b4c08: ; ImmutableOopMap {rcx=Oop [288]=Oop [336]=Oop [344]=Oop }
                      ;*synchronization entry
                      ; - java.lang.String::length@-1 (line 1583)
                      ; - java.lang.StringConcatHelper::newArrayWithSuffix@2 (line 611)
                      ; - java.lang.String$$StringConcat/0x000000009d051000::concat@58
                      ; - java.lang.invoke.DirectMethodHandle$Holder::invokeSpecial@14
                      ; - java.lang.invoke.LambdaForm$MH/0x000000009d051400::invoke@24
                      ; - java.lang.invoke.Invokers$Holder::linkToTargetMethod@6
                      ; - Rendering.ImGui.ImGuiEditor::render@27 (line 22)
  0x0000022d889b4c08: 548e 4507 | e963 ecff 

  0x0000022d889b4c10: ;   {metadata({method} {0x000000009c4af4b0} 'coder' '()B' in 'java/lang/String')}
  0x0000022d889b4c10: ff49 baa8 | f44a 9c00 | 0000 004c | 8954 2408 | 48c7 0424 | ffff ffff 

  0x0000022d889b4c28: ;   {runtime_call C1 Runtime counter_overflow_blob}
  0x0000022d889b4c28: e833 8e45 

  0x0000022d889b4c2c: ; ImmutableOopMap {[288]=Oop [336]=Oop [344]=Oop }
                      ;*synchronization entry
                      ; - java.lang.String::coder@-1 (line 4885)
                      ; - java.lang.String::length@6 (line 1583)
                      ; - java.lang.StringConcatHelper::newArrayWithSuffix@2 (line 611)
                      ; - java.lang.String$$StringConcat/0x000000009d051000::concat@58
                      ; - java.lang.invoke.DirectMethodHandle$Holder::invokeSpecial@14
                      ; - java.lang.invoke.LambdaForm$MH/0x000000009d051400::invoke@24
                      ; - java.lang.invoke.Invokers$Holder::linkToTargetMethod@6
                      ; - Rendering.ImGui.ImGuiEditor::render@27 (line 22)
  0x0000022d889b4c2c: 07e9 faec 

  0x0000022d889b4c30: ;   {metadata({method} {0x000000009c49b308} 'newArray' '(I)[B' in 'java/lang/StringConcatHelper')}
  0x0000022d889b4c30: ffff 49ba | 00b3 499c | 0000 0000 | 4c89 5424 | 0848 c704 | 24ff ffff 

  0x0000022d889b4c48: ;   {runtime_call C1 Runtime counter_overflow_blob}
  0x0000022d889b4c48: ffe8 128e 

  0x0000022d889b4c4c: ; ImmutableOopMap {[288]=Oop [336]=Oop [344]=Oop }
                      ;*synchronization entry
                      ; - java.lang.StringConcatHelper::newArray@-1 (line 575)
                      ; - java.lang.StringConcatHelper::newArrayWithSuffix@8 (line 611)
                      ; - java.lang.String$$StringConcat/0x000000009d051000::concat@58
                      ; - java.lang.invoke.DirectMethodHandle$Holder::invokeSpecial@14
                      ; - java.lang.invoke.LambdaForm$MH/0x000000009d051400::invoke@24
                      ; - java.lang.invoke.Invokers$Holder::linkToTargetMethod@6
                      ; - Rendering.ImGui.ImGuiEditor::render@27 (line 22)
  0x0000022d889b4c4c: 4507 e947 | edff ff48 

  0x0000022d889b4c54: ;   {runtime_call C1 Runtime throw_class_cast_exception_blob}
  0x0000022d889b4c54: 8904 24e8 

  0x0000022d889b4c58: ; ImmutableOopMap {[288]=Oop [336]=Oop [344]=Oop }
                      ;*checkcast {reexecute=0 rethrow=0 return_oop=0}
                      ; - java.lang.StringConcatHelper::newArray@24 (line 578)
                      ; - java.lang.StringConcatHelper::newArrayWithSuffix@8 (line 611)
                      ; - java.lang.String$$StringConcat/0x000000009d051000::concat@58
                      ; - java.lang.invoke.DirectMethodHandle$Holder::invokeSpecial@14
                      ; - java.lang.invoke.LambdaForm$MH/0x000000009d051400::invoke@24
                      ; - java.lang.invoke.Invokers$Holder::linkToTargetMethod@6
                      ; - Rendering.ImGui.ImGuiEditor::render@27 (line 22)
  0x0000022d889b4c58: 845a 4507 

  0x0000022d889b4c5c: ;   {metadata({method} {0x0000022d9849a498} 'prepend' '(IB[B[Ljava/lang/String;Ljava/lang/String;Ljava/lang/String;)I' in 'java/lang/String$$StringConcat+0x000000009d051000')}
  0x0000022d889b4c5c: 49ba 90a4 | 4998 2d02 | 0000 4c89 | 5424 0848 | c704 24ff 

  0x0000022d889b4c70: ;   {runtime_call C1 Runtime counter_overflow_blob}
  0x0000022d889b4c70: ffff ffe8 

  0x0000022d889b4c74: ; ImmutableOopMap {rsi=Oop [288]=Oop [336]=Oop [344]=Oop [368]=Oop }
                      ;*synchronization entry
                      ; - java.lang.String$$StringConcat/0x000000009d051000::prepend@-1
                      ; - java.lang.String$$StringConcat/0x000000009d051000::concat@74
                      ; - java.lang.invoke.DirectMethodHandle$Holder::invokeSpecial@14
                      ; - java.lang.invoke.LambdaForm$MH/0x000000009d051400::invoke@24
                      ; - java.lang.invoke.Invokers$Holder::linkToTargetMethod@6
                      ; - Rendering.ImGui.ImGuiEditor::render@27 (line 22)
  0x0000022d889b4c74: e88d 4507 | e9dd f0ff | ff48 8bd2 

  0x0000022d889b4c80: ;   {runtime_call C1 Runtime fast_new_instance_blob}
  0x0000022d889b4c80: e85b 3f45 

  0x0000022d889b4c84: ; ImmutableOopMap {[288]=Oop [368]=Oop }
                      ;*new {reexecute=0 rethrow=0 return_oop=0}
                      ; - java.lang.String$$StringConcat/0x000000009d051000::concat@77
                      ; - java.lang.invoke.DirectMethodHandle$Holder::invokeSpecial@14
                      ; - java.lang.invoke.LambdaForm$MH/0x000000009d051400::invoke@24
                      ; - java.lang.invoke.Invokers$Holder::linkToTargetMethod@6
                      ; - Rendering.ImGui.ImGuiEditor::render@27 (line 22)
  0x0000022d889b4c84: 07e9 b1f1 

  0x0000022d889b4c88: ;   {metadata({method} {0x000000009c4afea8} '<init>' '([BB)V' in 'java/lang/String')}
  0x0000022d889b4c88: ffff 49ba | a0fe 4a9c | 0000 0000 | 4c89 5424 | 0848 c704 | 24ff ffff 

  0x0000022d889b4ca0: ;   {runtime_call C1 Runtime counter_overflow_blob}
  0x0000022d889b4ca0: ffe8 ba8d 

  0x0000022d889b4ca4: ; ImmutableOopMap {rax=Oop [288]=Oop [368]=Oop }
                      ;*synchronization entry
                      ; - java.lang.String::<init>@-1 (line 4879)
                      ; - java.lang.String$$StringConcat/0x000000009d051000::concat@85
                      ; - java.lang.invoke.DirectMethodHandle$Holder::invokeSpecial@14
                      ; - java.lang.invoke.LambdaForm$MH/0x000000009d051400::invoke@24
                      ; - java.lang.invoke.Invokers$Holder::linkToTargetMethod@6
                      ; - Rendering.ImGui.ImGuiEditor::render@27 (line 22)
  0x0000022d889b4ca4: 4507 e9cc 

  0x0000022d889b4ca8: ;   {metadata({method} {0x000000009c4b4c90} '<init>' '()V' in 'java/lang/Object')}
  0x0000022d889b4ca8: f1ff ff49 | ba88 4c4b | 9c00 0000 | 004c 8954 | 2408 48c7 | 0424 ffff 

  0x0000022d889b4cc0: ;   {runtime_call C1 Runtime counter_overflow_blob}
  0x0000022d889b4cc0: ffff e899 

  0x0000022d889b4cc4: ; ImmutableOopMap {rax=Oop [288]=Oop [368]=Oop }
                      ;*synchronization entry
                      ; - java.lang.Object::<init>@-1 (line 44)
                      ; - java.lang.String::<init>@1 (line 4879)
                      ; - java.lang.String$$StringConcat/0x000000009d051000::concat@85
                      ; - java.lang.invoke.DirectMethodHandle$Holder::invokeSpecial@14
                      ; - java.lang.invoke.LambdaForm$MH/0x000000009d051400::invoke@24
                      ; - java.lang.invoke.Invokers$Holder::linkToTargetMethod@6
                      ; - Rendering.ImGui.ImGuiEditor::render@27 (line 22)
  0x0000022d889b4cc4: 8d45 07e9 | e7f1 ffff | 8b50 1448 | c1e2 0348 | 83fa 000f | 84e3 f1ff | ff48 8914 

  0x0000022d889b4ce0: ;   {runtime_call g1_pre_barrier_slow}
  0x0000022d889b4ce0: 24e8 fa97 | 4507 e9d5 | f1ff ff48 | 83fe 000f | 84f2 f1ff | ff48 8904 

  0x0000022d889b4cf8: ;   {runtime_call g1_post_barrier_slow}
  0x0000022d889b4cf8: 24e8 e29a | 4507 e9e4 

  0x0000022d889b4d00: ;   {metadata({method} {0x0000022d98607418} 'text' '(Ljava/lang/String;)V' in 'imgui/ImGui')}
  0x0000022d889b4d00: f1ff ff49 | ba10 7460 | 982d 0200 | 004c 8954 | 2408 48c7 | 0424 ffff 

  0x0000022d889b4d18: ;   {runtime_call C1 Runtime counter_overflow_blob}
  0x0000022d889b4d18: ffff e841 

  0x0000022d889b4d1c: ; ImmutableOopMap {rax=Oop [288]=Oop }
                      ;*synchronization entry
                      ; - imgui.ImGui::text@-1 (line 2909)
                      ; - Rendering.ImGui.ImGuiEditor::render@32 (line 22)
  0x0000022d889b4d1c: 8d45 07e9 | 07f2 ffff 

  0x0000022d889b4d24: ;   {metadata({method} {0x0000022d98607f80} 'button' '(Ljava/lang/String;)Z' in 'imgui/ImGui')}
  0x0000022d889b4d24: 49ba 787f | 6098 2d02 | 0000 4c89 | 5424 0848 | c704 24ff 

  0x0000022d889b4d38: ;   {runtime_call C1 Runtime counter_overflow_blob}
  0x0000022d889b4d38: ffff ffe8 

  0x0000022d889b4d3c: ; ImmutableOopMap {[288]=Oop }
                      ;*synchronization entry
                      ; - imgui.ImGui::button@-1 (line 3030)
                      ; - Rendering.ImGui.ImGuiEditor::render@37 (line 23)
  0x0000022d889b4d3c: 208d 4507 | e948 f2ff 

  0x0000022d889b4d44: ;   {metadata({method} {0x0000022d986050a0} 'sameLine' '()V' in 'imgui/ImGui')}
  0x0000022d889b4d44: ff49 ba98 | 5060 982d | 0200 004c | 8954 2408 | 48c7 0424 | ffff ffff 

  0x0000022d889b4d5c: ;   {runtime_call C1 Runtime counter_overflow_blob}
  0x0000022d889b4d5c: e8ff 8c45 

  0x0000022d889b4d60: ; ImmutableOopMap {[288]=Oop }
                      ;*synchronization entry
                      ; - imgui.ImGui::sameLine@-1 (line 2561)
                      ; - Rendering.ImGui.ImGuiEditor::render@53 (line 26)
  0x0000022d889b4d60: 07e9 ccf2 

  0x0000022d889b4d64: ;   {metadata({method} {0x000000009c4af718} 'valueOf' '(I)Ljava/lang/String;' in 'java/lang/String')}
  0x0000022d889b4d64: ffff 49ba | 10f7 4a9c | 0000 0000 | 4c89 5424 | 0848 c704 | 24ff ffff 

  0x0000022d889b4d7c: ;   {runtime_call C1 Runtime counter_overflow_blob}
  0x0000022d889b4d7c: ffe8 de8c 

  0x0000022d889b4d80: ; ImmutableOopMap {rdx=Oop [288]=Oop }
                      ;*synchronization entry
                      ; - java.lang.String::valueOf@-1 (line 4643)
                      ; - Rendering.ImGui.ImGuiEditor::render@60 (line 27)
  0x0000022d889b4d80: 4507 e911 

  0x0000022d889b4d84: ;   {metadata({method} {0x0000022d98607418} 'text' '(Ljava/lang/String;)V' in 'imgui/ImGui')}
  0x0000022d889b4d84: f3ff ff49 | ba10 7460 | 982d 0200 | 004c 8954 | 2408 48c7 | 0424 ffff 

  0x0000022d889b4d9c: ;   {runtime_call C1 Runtime counter_overflow_blob}
  0x0000022d889b4d9c: ffff e8bd 

  0x0000022d889b4da0: ; ImmutableOopMap {rax=Oop [288]=Oop }
                      ;*synchronization entry
                      ; - imgui.ImGui::text@-1 (line 2909)
                      ; - Rendering.ImGui.ImGuiEditor::render@63 (line 27)
  0x0000022d889b4da0: 8c45 07e9 | 4df3 ffff 

  0x0000022d889b4da8: ;   {metadata({method} {0x0000022d98617f50} 'sliderFloat' '(Ljava/lang/String;[FFF)Z' in 'imgui/ImGui')}
  0x0000022d889b4da8: 49ba 487f | 6198 2d02 | 0000 4c89 | 5424 0848 | c704 24ff 

  0x0000022d889b4dbc: ;   {runtime_call C1 Runtime counter_overflow_blob}
  0x0000022d889b4dbc: ffff ffe8 

  0x0000022d889b4dc0: ; ImmutableOopMap {rdx=Oop r8=Oop [288]=Oop }
                      ;*synchronization entry
                      ; - imgui.ImGui::sliderFloat@-1 (line 5409)
                      ; - Rendering.ImGui.ImGuiEditor::render@74 (line 28)
  0x0000022d889b4dc0: 9c8c 4507 | e99c f3ff 

  0x0000022d889b4dc8: ;   {metadata({method} {0x0000022d98604f60} 'separator' '()V' in 'imgui/ImGui')}
  0x0000022d889b4dc8: ff49 ba58 | 4f60 982d | 0200 004c | 8954 2408 | 48c7 0424 | ffff ffff 

  0x0000022d889b4de0: ;   {runtime_call C1 Runtime counter_overflow_blob}
  0x0000022d889b4de0: e87b 8c45 

  0x0000022d889b4de4: ; ImmutableOopMap {[288]=Oop }
                      ;*synchronization entry
                      ; - imgui.ImGui::separator@-1 (line 2550)
                      ; - Rendering.ImGui.ImGuiEditor::render@78 (line 29)
  0x0000022d889b4de4: 07e9 ebf3 

  0x0000022d889b4de8: ;   {metadata({method} {0x0000022d98439298} 'showExtras' '()V' in 'Rendering/ImGui/ImGuiEditor')}
  0x0000022d889b4de8: ffff 49ba | 9092 4398 | 2d02 0000 | 4c89 5424 | 0848 c704 | 24ff ffff 

  0x0000022d889b4e00: ;   {runtime_call C1 Runtime counter_overflow_blob}
  0x0000022d889b4e00: ffe8 5a8c 

  0x0000022d889b4e04: ; ImmutableOopMap {[288]=Oop }
                      ;*synchronization entry
                      ; - Rendering.ImGui.ImGuiEditor::showExtras@-1 (line 36)
                      ; - Rendering.ImGui.ImGuiEditor::render@82 (line 30)
  0x0000022d889b4e04: 4507 e92a 

  0x0000022d889b4e08: ;   {metadata({method} {0x0000022d98607418} 'text' '(Ljava/lang/String;)V' in 'imgui/ImGui')}
  0x0000022d889b4e08: f4ff ff49 | ba10 7460 | 982d 0200 | 004c 8954 | 2408 48c7 | 0424 ffff 

  0x0000022d889b4e20: ;   {runtime_call C1 Runtime counter_overflow_blob}
  0x0000022d889b4e20: ffff e839 

  0x0000022d889b4e24: ; ImmutableOopMap {[288]=Oop }
                      ;*synchronization entry
                      ; - imgui.ImGui::text@-1 (line 2909)
                      ; - Rendering.ImGui.ImGuiEditor::showExtras@2 (line 36)
                      ; - Rendering.ImGui.ImGuiEditor::render@82 (line 30)
  0x0000022d889b4e24: 8c45 07e9 | 42f4 ffff 

  0x0000022d889b4e2c: ;   {metadata({method} {0x0000022d98608b98} 'checkbox' '(Ljava/lang/String;Limgui/type/ImBoolean;)Z' in 'imgui/ImGui')}
  0x0000022d889b4e2c: 49ba 908b | 6098 2d02 | 0000 4c89 | 5424 0848 | c704 24ff 

  0x0000022d889b4e40: ;   {runtime_call C1 Runtime counter_overflow_blob}
  0x0000022d889b4e40: ffff ffe8 

  0x0000022d889b4e44: ; ImmutableOopMap {[288]=Oop }
                      ;*synchronization entry
                      ; - imgui.ImGui::checkbox@-1 (line 3144)
                      ; - Rendering.ImGui.ImGuiEditor::showExtras@10 (line 37)
                      ; - Rendering.ImGui.ImGuiEditor::render@82 (line 30)
  0x0000022d889b4e44: 188c 4507 | e98d f4ff 

  0x0000022d889b4e4c: ;   {metadata({method} {0x0000022d98439e80} 'get' '()Z' in 'imgui/type/ImBoolean')}
  0x0000022d889b4e4c: ff49 ba78 | 9e43 982d | 0200 004c | 8954 2408 | 48c7 0424 | ffff ffff 

  0x0000022d889b4e64: ;   {runtime_call C1 Runtime counter_overflow_blob}
  0x0000022d889b4e64: e8f7 8b45 

  0x0000022d889b4e68: ; ImmutableOopMap {rdx=Oop [288]=Oop }
                      ;*synchronization entry
                      ; - imgui.type.ImBoolean::get@-1 (line 18)
                      ; - Rendering.ImGui.ImGuiEditor::showExtras@17 (line 39)
                      ; - Rendering.ImGui.ImGuiEditor::render@82 (line 30)
  0x0000022d889b4e68: 07e9 21f6 

  0x0000022d889b4e6c: ;   {runtime_call C1 Runtime throw_null_pointer_exception_blob}
  0x0000022d889b4e6c: ffff e86d 

  0x0000022d889b4e70: ; ImmutableOopMap {rdx=Oop [288]=Oop }
                      ;*baload {reexecute=0 rethrow=0 return_oop=0}
                      ; - imgui.type.ImBoolean::get@5 (line 18)
                      ; - Rendering.ImGui.ImGuiEditor::showExtras@17 (line 39)
                      ; - Rendering.ImGui.ImGuiEditor::render@82 (line 30)
                      ;   {runtime_call C1 Runtime throw_null_pointer_exception_blob}
  0x0000022d889b4e70: 2d45 07e8 

  0x0000022d889b4e74: ; ImmutableOopMap {rdx=Oop [288]=Oop }
                      ;*baload {reexecute=0 rethrow=0 return_oop=0}
                      ; - imgui.type.ImBoolean::get@5 (line 18)
                      ; - Rendering.ImGui.ImGuiEditor::showExtras@17 (line 39)
                      ; - Rendering.ImGui.ImGuiEditor::render@82 (line 30)
  0x0000022d889b4e74: 682d 4507 | 48c7 0424 | 0000 0000 | 4889 5424 

  0x0000022d889b4e84: ;   {runtime_call C1 Runtime throw_range_check_failed_blob}
  0x0000022d889b4e84: 08e8 d620 

  0x0000022d889b4e88: ; ImmutableOopMap {rdx=Oop [288]=Oop }
                      ;*baload {reexecute=0 rethrow=0 return_oop=0}
                      ; - imgui.type.ImBoolean::get@5 (line 18)
                      ; - Rendering.ImGui.ImGuiEditor::showExtras@17 (line 39)
                      ; - Rendering.ImGui.ImGuiEditor::render@82 (line 30)
                      ;   {metadata({method} {0x0000022d98439358} 'showDemo' '()V' in 'Rendering/ImGui/ImGuiEditor')}
  0x0000022d889b4e88: 4507 49ba | 5093 4398 | 2d02 0000 | 4c89 5424 | 0848 c704 | 24ff ffff 

  0x0000022d889b4ea0: ;   {runtime_call C1 Runtime counter_overflow_blob}
  0x0000022d889b4ea0: ffe8 ba8b 

  0x0000022d889b4ea4: ; ImmutableOopMap {rdx=Oop }
                      ;*synchronization entry
                      ; - Rendering.ImGui.ImGuiEditor::showDemo@-1 (line 46)
                      ; - Rendering.ImGui.ImGuiEditor::showExtras@24 (line 40)
                      ; - Rendering.ImGui.ImGuiEditor::render@82 (line 30)
  0x0000022d889b4ea4: 4507 e967 

  0x0000022d889b4ea8: ;   {metadata({method} {0x0000022d985f5570} 'showDemoWindow' '(Limgui/type/ImBoolean;)V' in 'imgui/ImGui')}
  0x0000022d889b4ea8: f6ff ff49 | ba68 555f | 982d 0200 | 004c 8954 | 2408 48c7 | 0424 ffff 

  0x0000022d889b4ec0: ;   {runtime_call C1 Runtime counter_overflow_blob}
  0x0000022d889b4ec0: ffff e899 

  0x0000022d889b4ec4: ; ImmutableOopMap {rdx=Oop }
                      ;*synchronization entry
                      ; - imgui.ImGui::showDemoWindow@-1 (line 305)
                      ; - Rendering.ImGui.ImGuiEditor::showDemo@3 (line 46)
                      ; - Rendering.ImGui.ImGuiEditor::showExtras@24 (line 40)
                      ; - Rendering.ImGui.ImGuiEditor::render@82 (line 30)
  0x0000022d889b4ec4: 8b45 07e9 | 7ff6 ffff 

  0x0000022d889b4ecc: ;   {metadata({method} {0x0000022d985f76e0} 'end' '()V' in 'imgui/ImGui')}
  0x0000022d889b4ecc: 49ba d876 | 5f98 2d02 | 0000 4c89 | 5424 0848 | c704 24ff 

  0x0000022d889b4ee0: ;   {runtime_call C1 Runtime counter_overflow_blob}
  0x0000022d889b4ee0: ffff ffe8 

  0x0000022d889b4ee4: ; ImmutableOopMap {}
                      ;*synchronization entry
                      ; - imgui.ImGui::end@-1 (line 617)
                      ; - Rendering.ImGui.ImGuiEditor::render@85 (line 32)
  0x0000022d889b4ee4: 788b 4507 | e970 f7ff 

  0x0000022d889b4eec: ;   {internal_word}
  0x0000022d889b4eec: ff49 ba84 | 469b 882d | 0200 004d | 8997 e004 

  0x0000022d889b4efc: ;   {runtime_call SafepointBlob}
  0x0000022d889b4efc: 0000 e95d 

  0x0000022d889b4f00: ;   {metadata(nullptr)}
  0x0000022d889b4f00: c038 0748 | ba00 0000 | 0000 0000 | 00b8 000f 

  0x0000022d889b4f10: ;   {runtime_call C1 Runtime load_klass_patching_blob}
  0x0000022d889b4f10: 050a e8c9 

  0x0000022d889b4f14: ; ImmutableOopMap {[288]=Oop [336]=Oop [344]=Oop }
                      ;*new {reexecute=1 rethrow=0 return_oop=0}
                      ; - (reexecute) java.lang.StringConcatHelper::newArray@4 (line 576)
                      ; - java.lang.StringConcatHelper::newArrayWithSuffix@8 (line 611)
                      ; - java.lang.String$$StringConcat/0x000000009d051000::concat@58
                      ; - java.lang.invoke.DirectMethodHandle$Holder::invokeSpecial@14
                      ; - java.lang.invoke.LambdaForm$MH/0x000000009d051400::invoke@24
                      ; - java.lang.invoke.Invokers$Holder::linkToTargetMethod@6
                      ; - Rendering.ImGui.ImGuiEditor::render@27 (line 22)
  0x0000022d889b4f14: 7a45 07e9 | 74f7 ffff 

  0x0000022d889b4f1c: ;   {runtime_call C1 Runtime fast_new_instance_blob}
  0x0000022d889b4f1c: 488b d2e8 

  0x0000022d889b4f20: ; ImmutableOopMap {[288]=Oop [336]=Oop [344]=Oop }
                      ;*new {reexecute=0 rethrow=0 return_oop=0}
                      ; - java.lang.StringConcatHelper::newArray@4 (line 576)
                      ; - java.lang.StringConcatHelper::newArrayWithSuffix@8 (line 611)
                      ; - java.lang.String$$StringConcat/0x000000009d051000::concat@58
                      ; - java.lang.invoke.DirectMethodHandle$Holder::invokeSpecial@14
                      ; - java.lang.invoke.LambdaForm$MH/0x000000009d051400::invoke@24
                      ; - java.lang.invoke.Invokers$Holder::linkToTargetMethod@6
                      ; - Rendering.ImGui.ImGuiEditor::render@27 (line 22)
  0x0000022d889b4f20: bc3c 4507 | e9bb f7ff 

  0x0000022d889b4f28: ;   {metadata(nullptr)}
  0x0000022d889b4f28: ff48 ba00 | 0000 0000 | 0000 00b8 | 000f 050a 

  0x0000022d889b4f38: ;   {runtime_call C1 Runtime load_klass_patching_blob}
  0x0000022d889b4f38: e8a3 7a45 

  0x0000022d889b4f3c: ; ImmutableOopMap {[288]=Oop [336]=Oop [344]=Oop }
                      ;*new {reexecute=1 rethrow=0 return_oop=0}
                      ; - (reexecute) java.lang.StringConcatHelper::checkOverflow@6 (line 787)
                      ; - java.lang.StringConcatHelper::stringSize@6 (line 530)
                      ; - java.lang.String$$StringConcat/0x000000009d051000::length@6
                      ; - java.lang.String$$StringConcat/0x000000009d051000::concat@33
                      ; - java.lang.invoke.DirectMethodHandle$Holder::invokeSpecial@14
                      ; - java.lang.invoke.LambdaForm$MH/0x000000009d051400::invoke@24
                      ; - java.lang.invoke.Invokers$Holder::linkToTargetMethod@6
                      ; - Rendering.ImGui.ImGuiEditor::render@27 (line 22)
  0x0000022d889b4f3c: 07e9 eef7 | ffff 488b 

  0x0000022d889b4f44: ;   {runtime_call C1 Runtime fast_new_instance_blob}
  0x0000022d889b4f44: d2e8 963c 

  0x0000022d889b4f48: ; ImmutableOopMap {[288]=Oop [336]=Oop [344]=Oop }
                      ;*new {reexecute=0 rethrow=0 return_oop=0}
                      ; - java.lang.StringConcatHelper::checkOverflow@6 (line 787)
                      ; - java.lang.StringConcatHelper::stringSize@6 (line 530)
                      ; - java.lang.String$$StringConcat/0x000000009d051000::length@6
                      ; - java.lang.String$$StringConcat/0x000000009d051000::concat@33
                      ; - java.lang.invoke.DirectMethodHandle$Holder::invokeSpecial@14
                      ; - java.lang.invoke.LambdaForm$MH/0x000000009d051400::invoke@24
                      ; - java.lang.invoke.Invokers$Holder::linkToTargetMethod@6
                      ; - Rendering.ImGui.ImGuiEditor::render@27 (line 22)
  0x0000022d889b4f48: 4507 e935 

  0x0000022d889b4f4c: ;   {metadata(nullptr)}
  0x0000022d889b4f4c: f8ff ff48 | ba00 0000 | 0000 0000 | 00b8 000f 

  0x0000022d889b4f5c: ;   {runtime_call C1 Runtime load_klass_patching_blob}
  0x0000022d889b4f5c: 050a e87d 

  0x0000022d889b4f60: ; ImmutableOopMap {[288]=Oop [336]=Oop [344]=Oop }
                      ;*new {reexecute=1 rethrow=0 return_oop=0}
                      ; - (reexecute) java.lang.StringConcatHelper::checkOverflow@6 (line 787)
                      ; - java.lang.StringConcatHelper::stringSize@6 (line 530)
                      ; - java.lang.String$$StringConcat/0x000000009d051000::length@2
                      ; - java.lang.String$$StringConcat/0x000000009d051000::concat@33
                      ; - java.lang.invoke.DirectMethodHandle$Holder::invokeSpecial@14
                      ; - java.lang.invoke.LambdaForm$MH/0x000000009d051400::invoke@24
                      ; - java.lang.invoke.Invokers$Holder::linkToTargetMethod@6
                      ; - Rendering.ImGui.ImGuiEditor::render@27 (line 22)
  0x0000022d889b4f60: 7a45 07e9 | 68f8 ffff 

  0x0000022d889b4f68: ;   {runtime_call C1 Runtime fast_new_instance_blob}
  0x0000022d889b4f68: 488b d2e8 

  0x0000022d889b4f6c: ; ImmutableOopMap {[288]=Oop [336]=Oop [344]=Oop }
                      ;*new {reexecute=0 rethrow=0 return_oop=0}
                      ; - java.lang.StringConcatHelper::checkOverflow@6 (line 787)
                      ; - java.lang.StringConcatHelper::stringSize@6 (line 530)
                      ; - java.lang.String$$StringConcat/0x000000009d051000::length@2
                      ; - java.lang.String$$StringConcat/0x000000009d051000::concat@33
                      ; - java.lang.invoke.DirectMethodHandle$Holder::invokeSpecial@14
                      ; - java.lang.invoke.LambdaForm$MH/0x000000009d051400::invoke@24
                      ; - java.lang.invoke.Invokers$Holder::linkToTargetMethod@6
                      ; - Rendering.ImGui.ImGuiEditor::render@27 (line 22)
  0x0000022d889b4f6c: 703c 4507 | e9af f8ff | ff49 8b87 | 8805 0000 | 49c7 8788 | 0500 0000 | 0000 0049 | c787 9005 
  0x0000022d889b4f8c: 0000 0000 | 0000 4881 | c4a0 0100 

  0x0000022d889b4f98: ;   {runtime_call C1 Runtime unwind_exception_blob}
  0x0000022d889b4f98: 005d e941 | 1645 07f4 
[Stub Code]
  0x0000022d889b4fa0: ;   {other}
  0x0000022d889b4fa0: 0f1f 4400 

  0x0000022d889b4fa4: ;   {static_stub}
  0x0000022d889b4fa4: 0048 bb00 | 0000 0000 

  0x0000022d889b4fac: ;   {runtime_call nmethod}
  0x0000022d889b4fac: 0000 00e9 | fbff ffff 

  0x0000022d889b4fb4: ;   {static_stub}
  0x0000022d889b4fb4: 9048 bb00 | 0000 0000 

  0x0000022d889b4fbc: ;   {runtime_call nmethod}
  0x0000022d889b4fbc: 0000 00e9 | fbff ffff 

  0x0000022d889b4fc4: ;   {static_stub}
  0x0000022d889b4fc4: 9048 bb00 | 0000 0000 

  0x0000022d889b4fcc: ;   {runtime_call nmethod}
  0x0000022d889b4fcc: 0000 00e9 | fbff ffff 

  0x0000022d889b4fd4: ;   {static_stub}
  0x0000022d889b4fd4: 48bb 0000 | 0000 0000 

  0x0000022d889b4fdc: ;   {runtime_call nmethod}
  0x0000022d889b4fdc: 0000 e9fb 

  0x0000022d889b4fe0: ;   {static_stub}
  0x0000022d889b4fe0: ffff ff48 | bb00 0000 | 0000 0000 

  0x0000022d889b4fec: ;   {runtime_call nmethod}
  0x0000022d889b4fec: 00e9 fbff 

  0x0000022d889b4ff0: ;   {static_stub}
  0x0000022d889b4ff0: ffff 48bb | 0000 0000 | 0000 0000 

  0x0000022d889b4ffc: ;   {runtime_call nmethod}
  0x0000022d889b4ffc: e9fb ffff 

  0x0000022d889b5000: ;   {static_stub}
  0x0000022d889b5000: ff48 bb00 | 0000 0000 

  0x0000022d889b5008: ;   {runtime_call nmethod}
  0x0000022d889b5008: 0000 00e9 | fbff ffff 

  0x0000022d889b5010: ;   {static_stub}
  0x0000022d889b5010: 48bb 0000 | 0000 0000 

  0x0000022d889b5018: ;   {runtime_call nmethod}
  0x0000022d889b5018: 0000 e9fb 

  0x0000022d889b501c: ;   {static_stub}
  0x0000022d889b501c: ffff ff48 | bb00 0000 | 0000 0000 

  0x0000022d889b5028: ;   {runtime_call nmethod}
  0x0000022d889b5028: 00e9 fbff 

  0x0000022d889b502c: ;   {static_stub}
  0x0000022d889b502c: ffff 48bb | 0000 0000 | 0000 0000 

  0x0000022d889b5038: ;   {runtime_call nmethod}
  0x0000022d889b5038: e9fb ffff 

  0x0000022d889b503c: ;   {static_stub}
  0x0000022d889b503c: ff48 bb00 | 0000 0000 

  0x0000022d889b5044: ;   {runtime_call nmethod}
  0x0000022d889b5044: 0000 00e9 | fbff ffff 

  0x0000022d889b504c: ;   {static_stub}
  0x0000022d889b504c: 48bb 0000 | 0000 0000 

  0x0000022d889b5054: ;   {runtime_call nmethod}
  0x0000022d889b5054: 0000 e9fb 

  0x0000022d889b5058: ;   {static_stub}
  0x0000022d889b5058: ffff ff48 | bb00 0000 | 0000 0000 

  0x0000022d889b5064: ;   {runtime_call nmethod}
  0x0000022d889b5064: 00e9 fbff 

  0x0000022d889b5068: ;   {static_stub}
  0x0000022d889b5068: ffff 48bb | 0000 0000 | 0000 0000 

  0x0000022d889b5074: ;   {runtime_call nmethod}
  0x0000022d889b5074: e9fb ffff 

  0x0000022d889b5078: ;   {static_stub}
  0x0000022d889b5078: ff48 bb00 | 0000 0000 

  0x0000022d889b5080: ;   {runtime_call nmethod}
  0x0000022d889b5080: 0000 00e9 | fbff ffff 

  0x0000022d889b5088: ;   {static_stub}
  0x0000022d889b5088: 48bb 0000 | 0000 0000 

  0x0000022d889b5090: ;   {runtime_call nmethod}
  0x0000022d889b5090: 0000 e9fb 

  0x0000022d889b5094: ;   {static_stub}
  0x0000022d889b5094: ffff ff48 | bb00 0000 | 0000 0000 

  0x0000022d889b50a0: ;   {runtime_call nmethod}
  0x0000022d889b50a0: 00e9 fbff 

  0x0000022d889b50a4: ;   {static_stub}
  0x0000022d889b50a4: ffff 48bb | 0000 0000 | 0000 0000 

  0x0000022d889b50b0: ;   {runtime_call nmethod}
  0x0000022d889b50b0: e9fb ffff 

  0x0000022d889b50b4: ;   {static_stub}
  0x0000022d889b50b4: ff48 bb00 | 0000 0000 

  0x0000022d889b50bc: ;   {runtime_call nmethod}
  0x0000022d889b50bc: 0000 00e9 | fbff ffff 
[Exception Handler]
  0x0000022d889b50c4: ;   {runtime_call C1 Runtime handle_exception_from_callee_blob}
  0x0000022d889b50c4: e817 5045 

  0x0000022d889b50c8: ;   {external_word}
  0x0000022d889b50c8: 0748 b948 | 0805 17fa | 7f00 0048 

  0x0000022d889b50d4: ;   {runtime_call}
  0x0000022d889b50d4: 83e4 f048 | b800 8dc8 | 16fa 7f00 | 00ff d0f4 
[Deopt Handler Code]
  0x0000022d889b50e4: ;   {section_word}
  0x0000022d889b50e4: 49ba e450 | 9b88 2d02 | 0000 4152 

  0x0000022d889b50f0: ;   {runtime_call DeoptimizationBlob}
  0x0000022d889b50f0: e96b c138 | 07f4 f4f4 
[/MachCode]


---------------  P R O C E S S  ---------------

Threads class SMR info:
_java_thread_list=0x0000022d9c4e56d0, length=11, elements={
0x0000022df5771030, 0x0000022dffd09560, 0x0000022dffd0bfd0, 0x0000022dffd0def0,
0x0000022dffd0eab0, 0x0000022dffd0f670, 0x0000022dffd10230, 0x0000022dffd13130,
0x0000022dffd1d630, 0x0000022d97896a40, 0x0000022dffd9b0b0
}

Java Threads: ( => current thread )
=>0x0000022df5771030 JavaThread "main"                              [_thread_in_native, id=3832, stack(0x000000d1db900000,0x000000d1dba00000) (1024K)]
  0x0000022dffd09560 JavaThread "Reference Handler"          daemon [_thread_blocked, id=12668, stack(0x000000d1dc100000,0x000000d1dc200000) (1024K)]
  0x0000022dffd0bfd0 JavaThread "Finalizer"                  daemon [_thread_blocked, id=15440, stack(0x000000d1dc200000,0x000000d1dc300000) (1024K)]
  0x0000022dffd0def0 JavaThread "Signal Dispatcher"          daemon [_thread_blocked, id=13356, stack(0x000000d1dc300000,0x000000d1dc400000) (1024K)]
  0x0000022dffd0eab0 JavaThread "Attach Listener"            daemon [_thread_blocked, id=20868, stack(0x000000d1dc400000,0x000000d1dc500000) (1024K)]
  0x0000022dffd0f670 JavaThread "Service Thread"             daemon [_thread_blocked, id=25248, stack(0x000000d1dc500000,0x000000d1dc600000) (1024K)]
  0x0000022dffd10230 JavaThread "Monitor Deflation Thread"   daemon [_thread_blocked, id=14728, stack(0x000000d1dc600000,0x000000d1dc700000) (1024K)]
  0x0000022dffd13130 JavaThread "C2 CompilerThread0"         daemon [_thread_blocked, id=20752, stack(0x000000d1dc700000,0x000000d1dc800000) (1024K)]
  0x0000022dffd1d630 JavaThread "C1 CompilerThread0"         daemon [_thread_blocked, id=22724, stack(0x000000d1dc800000,0x000000d1dc900000) (1024K)]
  0x0000022d97896a40 JavaThread "Notification Thread"        daemon [_thread_blocked, id=9756, stack(0x000000d1dc900000,0x000000d1dca00000) (1024K)]
  0x0000022dffd9b0b0 JavaThread "Common-Cleaner"             daemon [_thread_blocked, id=9044, stack(0x000000d1dca00000,0x000000d1dcb00000) (1024K)]
Total: 11

Other Threads:
  0x0000022dffbc62b0 VMThread "VM Thread"                           [id=17088, stack(0x000000d1dc000000,0x000000d1dc100000) (1024K)]
  0x0000022dffcee250 WatcherThread "VM Periodic Task Thread"        [id=7248, stack(0x000000d1dbf00000,0x000000d1dc000000) (1024K)]
  0x0000022df7b85120 WorkerThread "GC Thread#0"                     [id=3644, stack(0x000000d1dba00000,0x000000d1dbb00000) (1024K)]
  0x0000022df7b9e250 ConcurrentGCThread "G1 Main Marker"            [id=20284, stack(0x000000d1dbb00000,0x000000d1dbc00000) (1024K)]
  0x0000022df7b9f590 WorkerThread "G1 Conc#0"                       [id=5452, stack(0x000000d1dbc00000,0x000000d1dbd00000) (1024K)]
  0x0000022df7bde9d0 ConcurrentGCThread "G1 Refine#0"               [id=4980, stack(0x000000d1dbd00000,0x000000d1dbe00000) (1024K)]
  0x0000022dffbb93b0 ConcurrentGCThread "G1 Service"                [id=10876, stack(0x000000d1dbe00000,0x000000d1dbf00000) (1024K)]
Total: 7

Threads with active compile tasks:
Total: 0

VM state: not at safepoint (normal execution)

VM Mutex/Monitor currently owned by a thread: None

Heap address: 0x0000000700c00000, size: 4084 MB, Compressed Oops mode: Zero based, Oop shift amount: 3

CDS archive(s) mapped at: [0x000000009c000000-0x000000009cdd0000-0x000000009cdd0000), size 14483456, SharedBaseAddress: 0x000000009c000000, ArchiveRelocationMode: 1.
Compressed class space mapped at: 0x000000009d000000-0x00000000dd000000, reserved size: 1073741824
UseCompressedClassPointers 1, UseCompactObjectHeaders 0
Narrow klass pointer bits 32, Max shift 3
Narrow klass base: 0x000000009c000000, Narrow klass shift: 0
Encoding Range: [0x000000009c000000 - 0x000000019c000000), (4294967296 bytes)
Klass Range:    [0x000000009c010000 - 0x00000000dd000000), (1090453504 bytes)
Klass ID Range:  [65536 - 1090519033) (1090453497)
Protection zone: [0x000000009c000000 - 0x000000009c010000), (65536 bytes)

GC Precious Log:
 CardTable entry size: 512
 Card Set container configuration: InlinePtr #cards 4 size 8 Array Of Cards #cards 16 size 48 Howl #buckets 8 coarsen threshold 3686 Howl Bitmap #cards 512 size 80 coarsen threshold 460 Card regions per heap region 1 cards per card region 4096
 CPUs: 12 total, 12 available
 Memory: 16330M
 Large Page Support: Disabled
 NUMA Support: Disabled
 Compressed Oops: Enabled (Zero based)
 Heap Region Size: 2M
 Heap Min Capacity: 8M
 Heap Initial Capacity: 256M
 Heap Max Capacity: 4084M
 Pre-touch: Disabled
 Parallel Workers: 10
 Concurrent Workers: 3
 Concurrent Refinement Workers: 10
 Periodic GC: Disabled

Heap:
 garbage-first heap   total reserved 4182016K, committed 264192K, used 15509K [0x0000000700c00000, 0x0000000800000000)
  region size 2048K, 9 young (18432K), 0 survivors (0K)

Heap Regions: E=young(eden), S=young(survivor), O=old, HS=humongous(starts), HC=humongous(continues), CS=collection set, F=free, TAMS=top-at-mark-start, PB=parsable bottom
|   0|0x0000000700c00000, 0x0000000700c00000, 0x0000000700e00000|  0%| F|  |TAMS 0x0000000700c00000| PB 0x0000000700c00000| Untracked |  0
|   1|0x0000000700e00000, 0x0000000700e00000, 0x0000000701000000|  0%| F|  |TAMS 0x0000000700e00000| PB 0x0000000700e00000| Untracked |  0
|   2|0x0000000701000000, 0x0000000701000000, 0x0000000701200000|  0%| F|  |TAMS 0x0000000701000000| PB 0x0000000701000000| Untracked |  0
|   3|0x0000000701200000, 0x0000000701200000, 0x0000000701400000|  0%| F|  |TAMS 0x0000000701200000| PB 0x0000000701200000| Untracked |  0
|   4|0x0000000701400000, 0x0000000701400000, 0x0000000701600000|  0%| F|  |TAMS 0x0000000701400000| PB 0x0000000701400000| Untracked |  0
|   5|0x0000000701600000, 0x0000000701600000, 0x0000000701800000|  0%| F|  |TAMS 0x0000000701600000| PB 0x0000000701600000| Untracked |  0
|   6|0x0000000701800000, 0x0000000701800000, 0x0000000701a00000|  0%| F|  |TAMS 0x0000000701800000| PB 0x0000000701800000| Untracked |  0
|   7|0x0000000701a00000, 0x0000000701a00000, 0x0000000701c00000|  0%| F|  |TAMS 0x0000000701a00000| PB 0x0000000701a00000| Untracked |  0
|   8|0x0000000701c00000, 0x0000000701c00000, 0x0000000701e00000|  0%| F|  |TAMS 0x0000000701c00000| PB 0x0000000701c00000| Untracked |  0
|   9|0x0000000701e00000, 0x0000000701e00000, 0x0000000702000000|  0%| F|  |TAMS 0x0000000701e00000| PB 0x0000000701e00000| Untracked |  0
|  10|0x0000000702000000, 0x0000000702000000, 0x0000000702200000|  0%| F|  |TAMS 0x0000000702000000| PB 0x0000000702000000| Untracked |  0
|  11|0x0000000702200000, 0x0000000702200000, 0x0000000702400000|  0%| F|  |TAMS 0x0000000702200000| PB 0x0000000702200000| Untracked |  0
|  12|0x0000000702400000, 0x0000000702400000, 0x0000000702600000|  0%| F|  |TAMS 0x0000000702400000| PB 0x0000000702400000| Untracked |  0
|  13|0x0000000702600000, 0x0000000702600000, 0x0000000702800000|  0%| F|  |TAMS 0x0000000702600000| PB 0x0000000702600000| Untracked |  0
|  14|0x0000000702800000, 0x0000000702800000, 0x0000000702a00000|  0%| F|  |TAMS 0x0000000702800000| PB 0x0000000702800000| Untracked |  0
|  15|0x0000000702a00000, 0x0000000702a00000, 0x0000000702c00000|  0%| F|  |TAMS 0x0000000702a00000| PB 0x0000000702a00000| Untracked |  0
|  16|0x0000000702c00000, 0x0000000702c00000, 0x0000000702e00000|  0%| F|  |TAMS 0x0000000702c00000| PB 0x0000000702c00000| Untracked |  0
|  17|0x0000000702e00000, 0x0000000702e00000, 0x0000000703000000|  0%| F|  |TAMS 0x0000000702e00000| PB 0x0000000702e00000| Untracked |  0
|  18|0x0000000703000000, 0x0000000703000000, 0x0000000703200000|  0%| F|  |TAMS 0x0000000703000000| PB 0x0000000703000000| Untracked |  0
|  19|0x0000000703200000, 0x0000000703200000, 0x0000000703400000|  0%| F|  |TAMS 0x0000000703200000| PB 0x0000000703200000| Untracked |  0
|  20|0x0000000703400000, 0x0000000703400000, 0x0000000703600000|  0%| F|  |TAMS 0x0000000703400000| PB 0x0000000703400000| Untracked |  0
|  21|0x0000000703600000, 0x0000000703600000, 0x0000000703800000|  0%| F|  |TAMS 0x0000000703600000| PB 0x0000000703600000| Untracked |  0
|  22|0x0000000703800000, 0x0000000703800000, 0x0000000703a00000|  0%| F|  |TAMS 0x0000000703800000| PB 0x0000000703800000| Untracked |  0
|  23|0x0000000703a00000, 0x0000000703a00000, 0x0000000703c00000|  0%| F|  |TAMS 0x0000000703a00000| PB 0x0000000703a00000| Untracked |  0
|  24|0x0000000703c00000, 0x0000000703c00000, 0x0000000703e00000|  0%| F|  |TAMS 0x0000000703c00000| PB 0x0000000703c00000| Untracked |  0
|  25|0x0000000703e00000, 0x0000000703e00000, 0x0000000704000000|  0%| F|  |TAMS 0x0000000703e00000| PB 0x0000000703e00000| Untracked |  0
|  26|0x0000000704000000, 0x0000000704000000, 0x0000000704200000|  0%| F|  |TAMS 0x0000000704000000| PB 0x0000000704000000| Untracked |  0
|  27|0x0000000704200000, 0x0000000704200000, 0x0000000704400000|  0%| F|  |TAMS 0x0000000704200000| PB 0x0000000704200000| Untracked |  0
|  28|0x0000000704400000, 0x0000000704400000, 0x0000000704600000|  0%| F|  |TAMS 0x0000000704400000| PB 0x0000000704400000| Untracked |  0
|  29|0x0000000704600000, 0x0000000704600000, 0x0000000704800000|  0%| F|  |TAMS 0x0000000704600000| PB 0x0000000704600000| Untracked |  0
|  30|0x0000000704800000, 0x0000000704800000, 0x0000000704a00000|  0%| F|  |TAMS 0x0000000704800000| PB 0x0000000704800000| Untracked |  0
|  31|0x0000000704a00000, 0x0000000704a00000, 0x0000000704c00000|  0%| F|  |TAMS 0x0000000704a00000| PB 0x0000000704a00000| Untracked |  0
|  32|0x0000000704c00000, 0x0000000704c00000, 0x0000000704e00000|  0%| F|  |TAMS 0x0000000704c00000| PB 0x0000000704c00000| Untracked |  0
|  33|0x0000000704e00000, 0x0000000704e00000, 0x0000000705000000|  0%| F|  |TAMS 0x0000000704e00000| PB 0x0000000704e00000| Untracked |  0
|  34|0x0000000705000000, 0x0000000705000000, 0x0000000705200000|  0%| F|  |TAMS 0x0000000705000000| PB 0x0000000705000000| Untracked |  0
|  35|0x0000000705200000, 0x0000000705200000, 0x0000000705400000|  0%| F|  |TAMS 0x0000000705200000| PB 0x0000000705200000| Untracked |  0
|  36|0x0000000705400000, 0x0000000705400000, 0x0000000705600000|  0%| F|  |TAMS 0x0000000705400000| PB 0x0000000705400000| Untracked |  0
|  37|0x0000000705600000, 0x0000000705600000, 0x0000000705800000|  0%| F|  |TAMS 0x0000000705600000| PB 0x0000000705600000| Untracked |  0
|  38|0x0000000705800000, 0x0000000705800000, 0x0000000705a00000|  0%| F|  |TAMS 0x0000000705800000| PB 0x0000000705800000| Untracked |  0
|  39|0x0000000705a00000, 0x0000000705a00000, 0x0000000705c00000|  0%| F|  |TAMS 0x0000000705a00000| PB 0x0000000705a00000| Untracked |  0
|  40|0x0000000705c00000, 0x0000000705c00000, 0x0000000705e00000|  0%| F|  |TAMS 0x0000000705c00000| PB 0x0000000705c00000| Untracked |  0
|  41|0x0000000705e00000, 0x0000000705e00000, 0x0000000706000000|  0%| F|  |TAMS 0x0000000705e00000| PB 0x0000000705e00000| Untracked |  0
|  42|0x0000000706000000, 0x0000000706000000, 0x0000000706200000|  0%| F|  |TAMS 0x0000000706000000| PB 0x0000000706000000| Untracked |  0
|  43|0x0000000706200000, 0x0000000706200000, 0x0000000706400000|  0%| F|  |TAMS 0x0000000706200000| PB 0x0000000706200000| Untracked |  0
|  44|0x0000000706400000, 0x0000000706400000, 0x0000000706600000|  0%| F|  |TAMS 0x0000000706400000| PB 0x0000000706400000| Untracked |  0
|  45|0x0000000706600000, 0x0000000706600000, 0x0000000706800000|  0%| F|  |TAMS 0x0000000706600000| PB 0x0000000706600000| Untracked |  0
|  46|0x0000000706800000, 0x0000000706800000, 0x0000000706a00000|  0%| F|  |TAMS 0x0000000706800000| PB 0x0000000706800000| Untracked |  0
|  47|0x0000000706a00000, 0x0000000706a00000, 0x0000000706c00000|  0%| F|  |TAMS 0x0000000706a00000| PB 0x0000000706a00000| Untracked |  0
|  48|0x0000000706c00000, 0x0000000706c00000, 0x0000000706e00000|  0%| F|  |TAMS 0x0000000706c00000| PB 0x0000000706c00000| Untracked |  0
|  49|0x0000000706e00000, 0x0000000706e00000, 0x0000000707000000|  0%| F|  |TAMS 0x0000000706e00000| PB 0x0000000706e00000| Untracked |  0
|  50|0x0000000707000000, 0x0000000707000000, 0x0000000707200000|  0%| F|  |TAMS 0x0000000707000000| PB 0x0000000707000000| Untracked |  0
|  51|0x0000000707200000, 0x0000000707200000, 0x0000000707400000|  0%| F|  |TAMS 0x0000000707200000| PB 0x0000000707200000| Untracked |  0
|  52|0x0000000707400000, 0x0000000707400000, 0x0000000707600000|  0%| F|  |TAMS 0x0000000707400000| PB 0x0000000707400000| Untracked |  0
|  53|0x0000000707600000, 0x0000000707600000, 0x0000000707800000|  0%| F|  |TAMS 0x0000000707600000| PB 0x0000000707600000| Untracked |  0
|  54|0x0000000707800000, 0x0000000707800000, 0x0000000707a00000|  0%| F|  |TAMS 0x0000000707800000| PB 0x0000000707800000| Untracked |  0
|  55|0x0000000707a00000, 0x0000000707a00000, 0x0000000707c00000|  0%| F|  |TAMS 0x0000000707a00000| PB 0x0000000707a00000| Untracked |  0
|  56|0x0000000707c00000, 0x0000000707c00000, 0x0000000707e00000|  0%| F|  |TAMS 0x0000000707c00000| PB 0x0000000707c00000| Untracked |  0
|  57|0x0000000707e00000, 0x0000000707e00000, 0x0000000708000000|  0%| F|  |TAMS 0x0000000707e00000| PB 0x0000000707e00000| Untracked |  0
|  58|0x0000000708000000, 0x0000000708000000, 0x0000000708200000|  0%| F|  |TAMS 0x0000000708000000| PB 0x0000000708000000| Untracked |  0
|  59|0x0000000708200000, 0x0000000708200000, 0x0000000708400000|  0%| F|  |TAMS 0x0000000708200000| PB 0x0000000708200000| Untracked |  0
|  60|0x0000000708400000, 0x0000000708400000, 0x0000000708600000|  0%| F|  |TAMS 0x0000000708400000| PB 0x0000000708400000| Untracked |  0
|  61|0x0000000708600000, 0x0000000708600000, 0x0000000708800000|  0%| F|  |TAMS 0x0000000708600000| PB 0x0000000708600000| Untracked |  0
|  62|0x0000000708800000, 0x0000000708800000, 0x0000000708a00000|  0%| F|  |TAMS 0x0000000708800000| PB 0x0000000708800000| Untracked |  0
|  63|0x0000000708a00000, 0x0000000708a00000, 0x0000000708c00000|  0%| F|  |TAMS 0x0000000708a00000| PB 0x0000000708a00000| Untracked |  0
|  64|0x0000000708c00000, 0x0000000708c00000, 0x0000000708e00000|  0%| F|  |TAMS 0x0000000708c00000| PB 0x0000000708c00000| Untracked |  0
|  65|0x0000000708e00000, 0x0000000708e00000, 0x0000000709000000|  0%| F|  |TAMS 0x0000000708e00000| PB 0x0000000708e00000| Untracked |  0
|  66|0x0000000709000000, 0x0000000709000000, 0x0000000709200000|  0%| F|  |TAMS 0x0000000709000000| PB 0x0000000709000000| Untracked |  0
|  67|0x0000000709200000, 0x0000000709200000, 0x0000000709400000|  0%| F|  |TAMS 0x0000000709200000| PB 0x0000000709200000| Untracked |  0
|  68|0x0000000709400000, 0x0000000709400000, 0x0000000709600000|  0%| F|  |TAMS 0x0000000709400000| PB 0x0000000709400000| Untracked |  0
|  69|0x0000000709600000, 0x0000000709600000, 0x0000000709800000|  0%| F|  |TAMS 0x0000000709600000| PB 0x0000000709600000| Untracked |  0
|  70|0x0000000709800000, 0x0000000709800000, 0x0000000709a00000|  0%| F|  |TAMS 0x0000000709800000| PB 0x0000000709800000| Untracked |  0
|  71|0x0000000709a00000, 0x0000000709a00000, 0x0000000709c00000|  0%| F|  |TAMS 0x0000000709a00000| PB 0x0000000709a00000| Untracked |  0
|  72|0x0000000709c00000, 0x0000000709c00000, 0x0000000709e00000|  0%| F|  |TAMS 0x0000000709c00000| PB 0x0000000709c00000| Untracked |  0
|  73|0x0000000709e00000, 0x0000000709e00000, 0x000000070a000000|  0%| F|  |TAMS 0x0000000709e00000| PB 0x0000000709e00000| Untracked |  0
|  74|0x000000070a000000, 0x000000070a000000, 0x000000070a200000|  0%| F|  |TAMS 0x000000070a000000| PB 0x000000070a000000| Untracked |  0
|  75|0x000000070a200000, 0x000000070a200000, 0x000000070a400000|  0%| F|  |TAMS 0x000000070a200000| PB 0x000000070a200000| Untracked |  0
|  76|0x000000070a400000, 0x000000070a400000, 0x000000070a600000|  0%| F|  |TAMS 0x000000070a400000| PB 0x000000070a400000| Untracked |  0
|  77|0x000000070a600000, 0x000000070a600000, 0x000000070a800000|  0%| F|  |TAMS 0x000000070a600000| PB 0x000000070a600000| Untracked |  0
|  78|0x000000070a800000, 0x000000070a800000, 0x000000070aa00000|  0%| F|  |TAMS 0x000000070a800000| PB 0x000000070a800000| Untracked |  0
|  79|0x000000070aa00000, 0x000000070aa00000, 0x000000070ac00000|  0%| F|  |TAMS 0x000000070aa00000| PB 0x000000070aa00000| Untracked |  0
|  80|0x000000070ac00000, 0x000000070ac00000, 0x000000070ae00000|  0%| F|  |TAMS 0x000000070ac00000| PB 0x000000070ac00000| Untracked |  0
|  81|0x000000070ae00000, 0x000000070ae00000, 0x000000070b000000|  0%| F|  |TAMS 0x000000070ae00000| PB 0x000000070ae00000| Untracked |  0
|  82|0x000000070b000000, 0x000000070b000000, 0x000000070b200000|  0%| F|  |TAMS 0x000000070b000000| PB 0x000000070b000000| Untracked |  0
|  83|0x000000070b200000, 0x000000070b200000, 0x000000070b400000|  0%| F|  |TAMS 0x000000070b200000| PB 0x000000070b200000| Untracked |  0
|  84|0x000000070b400000, 0x000000070b400000, 0x000000070b600000|  0%| F|  |TAMS 0x000000070b400000| PB 0x000000070b400000| Untracked |  0
|  85|0x000000070b600000, 0x000000070b600000, 0x000000070b800000|  0%| F|  |TAMS 0x000000070b600000| PB 0x000000070b600000| Untracked |  0
|  86|0x000000070b800000, 0x000000070b800000, 0x000000070ba00000|  0%| F|  |TAMS 0x000000070b800000| PB 0x000000070b800000| Untracked |  0
|  87|0x000000070ba00000, 0x000000070ba00000, 0x000000070bc00000|  0%| F|  |TAMS 0x000000070ba00000| PB 0x000000070ba00000| Untracked |  0
|  88|0x000000070bc00000, 0x000000070bc00000, 0x000000070be00000|  0%| F|  |TAMS 0x000000070bc00000| PB 0x000000070bc00000| Untracked |  0
|  89|0x000000070be00000, 0x000000070be00000, 0x000000070c000000|  0%| F|  |TAMS 0x000000070be00000| PB 0x000000070be00000| Untracked |  0
|  90|0x000000070c000000, 0x000000070c000000, 0x000000070c200000|  0%| F|  |TAMS 0x000000070c000000| PB 0x000000070c000000| Untracked |  0
|  91|0x000000070c200000, 0x000000070c200000, 0x000000070c400000|  0%| F|  |TAMS 0x000000070c200000| PB 0x000000070c200000| Untracked |  0
|  92|0x000000070c400000, 0x000000070c400000, 0x000000070c600000|  0%| F|  |TAMS 0x000000070c400000| PB 0x000000070c400000| Untracked |  0
|  93|0x000000070c600000, 0x000000070c600000, 0x000000070c800000|  0%| F|  |TAMS 0x000000070c600000| PB 0x000000070c600000| Untracked |  0
|  94|0x000000070c800000, 0x000000070c800000, 0x000000070ca00000|  0%| F|  |TAMS 0x000000070c800000| PB 0x000000070c800000| Untracked |  0
|  95|0x000000070ca00000, 0x000000070ca00000, 0x000000070cc00000|  0%| F|  |TAMS 0x000000070ca00000| PB 0x000000070ca00000| Untracked |  0
|  96|0x000000070cc00000, 0x000000070cc00000, 0x000000070ce00000|  0%| F|  |TAMS 0x000000070cc00000| PB 0x000000070cc00000| Untracked |  0
|  97|0x000000070ce00000, 0x000000070ce00000, 0x000000070d000000|  0%| F|  |TAMS 0x000000070ce00000| PB 0x000000070ce00000| Untracked |  0
|  98|0x000000070d000000, 0x000000070d000000, 0x000000070d200000|  0%| F|  |TAMS 0x000000070d000000| PB 0x000000070d000000| Untracked |  0
|  99|0x000000070d200000, 0x000000070d200000, 0x000000070d400000|  0%| F|  |TAMS 0x000000070d200000| PB 0x000000070d200000| Untracked |  0
| 100|0x000000070d400000, 0x000000070d400000, 0x000000070d600000|  0%| F|  |TAMS 0x000000070d400000| PB 0x000000070d400000| Untracked |  0
| 101|0x000000070d600000, 0x000000070d600000, 0x000000070d800000|  0%| F|  |TAMS 0x000000070d600000| PB 0x000000070d600000| Untracked |  0
| 102|0x000000070d800000, 0x000000070d800000, 0x000000070da00000|  0%| F|  |TAMS 0x000000070d800000| PB 0x000000070d800000| Untracked |  0
| 103|0x000000070da00000, 0x000000070da00000, 0x000000070dc00000|  0%| F|  |TAMS 0x000000070da00000| PB 0x000000070da00000| Untracked |  0
| 104|0x000000070dc00000, 0x000000070dc00000, 0x000000070de00000|  0%| F|  |TAMS 0x000000070dc00000| PB 0x000000070dc00000| Untracked |  0
| 105|0x000000070de00000, 0x000000070de00000, 0x000000070e000000|  0%| F|  |TAMS 0x000000070de00000| PB 0x000000070de00000| Untracked |  0
| 106|0x000000070e000000, 0x000000070e000000, 0x000000070e200000|  0%| F|  |TAMS 0x000000070e000000| PB 0x000000070e000000| Untracked |  0
| 107|0x000000070e200000, 0x000000070e200000, 0x000000070e400000|  0%| F|  |TAMS 0x000000070e200000| PB 0x000000070e200000| Untracked |  0
| 108|0x000000070e400000, 0x000000070e400000, 0x000000070e600000|  0%| F|  |TAMS 0x000000070e400000| PB 0x000000070e400000| Untracked |  0
| 109|0x000000070e600000, 0x000000070e600000, 0x000000070e800000|  0%| F|  |TAMS 0x000000070e600000| PB 0x000000070e600000| Untracked |  0
| 110|0x000000070e800000, 0x000000070e800000, 0x000000070ea00000|  0%| F|  |TAMS 0x000000070e800000| PB 0x000000070e800000| Untracked |  0
| 111|0x000000070ea00000, 0x000000070ea00000, 0x000000070ec00000|  0%| F|  |TAMS 0x000000070ea00000| PB 0x000000070ea00000| Untracked |  0
| 112|0x000000070ec00000, 0x000000070ec00000, 0x000000070ee00000|  0%| F|  |TAMS 0x000000070ec00000| PB 0x000000070ec00000| Untracked |  0
| 113|0x000000070ee00000, 0x000000070ee00000, 0x000000070f000000|  0%| F|  |TAMS 0x000000070ee00000| PB 0x000000070ee00000| Untracked |  0
| 114|0x000000070f000000, 0x000000070f000000, 0x000000070f200000|  0%| F|  |TAMS 0x000000070f000000| PB 0x000000070f000000| Untracked |  0
| 115|0x000000070f200000, 0x000000070f200000, 0x000000070f400000|  0%| F|  |TAMS 0x000000070f200000| PB 0x000000070f200000| Untracked |  0
| 116|0x000000070f400000, 0x000000070f400000, 0x000000070f600000|  0%| F|  |TAMS 0x000000070f400000| PB 0x000000070f400000| Untracked |  0
| 117|0x000000070f600000, 0x000000070f600000, 0x000000070f800000|  0%| F|  |TAMS 0x000000070f600000| PB 0x000000070f600000| Untracked |  0
| 118|0x000000070f800000, 0x000000070f800000, 0x000000070fa00000|  0%| F|  |TAMS 0x000000070f800000| PB 0x000000070f800000| Untracked |  0
| 119|0x000000070fa00000, 0x000000070faf5c48, 0x000000070fc00000| 48%| E|  |TAMS 0x000000070fa00000| PB 0x000000070fa00000| Complete |  0
| 120|0x000000070fc00000, 0x000000070fe00000, 0x000000070fe00000|100%| E|CS|TAMS 0x000000070fc00000| PB 0x000000070fc00000| Complete |  0
| 121|0x000000070fe00000, 0x0000000710000000, 0x0000000710000000|100%| E|CS|TAMS 0x000000070fe00000| PB 0x000000070fe00000| Complete |  0
| 122|0x0000000710000000, 0x0000000710200000, 0x0000000710200000|100%| E|CS|TAMS 0x0000000710000000| PB 0x0000000710000000| Complete |  0
| 123|0x0000000710200000, 0x0000000710400000, 0x0000000710400000|100%| E|  |TAMS 0x0000000710200000| PB 0x0000000710200000| Complete |  0
| 124|0x0000000710400000, 0x0000000710600000, 0x0000000710600000|100%| E|CS|TAMS 0x0000000710400000| PB 0x0000000710400000| Complete |  0
| 125|0x0000000710600000, 0x0000000710800000, 0x0000000710800000|100%| E|CS|TAMS 0x0000000710600000| PB 0x0000000710600000| Complete |  0
| 126|0x0000000710800000, 0x0000000710a00000, 0x0000000710a00000|100%| E|CS|TAMS 0x0000000710800000| PB 0x0000000710800000| Complete |  0
| 127|0x0000000710a00000, 0x0000000710c00000, 0x0000000710c00000|100%| E|CS|TAMS 0x0000000710a00000| PB 0x0000000710a00000| Complete |  0
|2041|0x00000007ffe00000, 0x00000007fff256a0, 0x0000000800000000| 57%| O|  |TAMS 0x00000007ffe00000| PB 0x00000007ffe00000| Untracked |  0

Card table byte_map: [0x0000022df8930000,0x0000022df9130000] _byte_map_base: 0x0000022df512a000

Marking Bits: (CMBitMap*) 0x0000022df7b858b0
 Bits: [0x0000022df9130000, 0x0000022dfd100000)

Polling page: 0x0000022df59c0000

Metaspace:
Metaspace        used 7832K, committed 8000K, reserved 1114112K
 class space     used 319K, committed 384K, reserved 1048576K

Usage:
  Non-class:      7.34 MB used.
      Class:    319.07 KB used.
       Both:      7.65 MB used.

Virtual space:
  Non-class space:       64.00 MB reserved,       7.44 MB ( 12%) committed,  1 nodes.
      Class space:        1.00 GB reserved,     384.00 KB ( <1%) committed,  1 nodes.
             Both:        1.06 GB reserved,       7.81 MB ( <1%) committed. 

Chunk freelists:
   Non-Class:  6.53 MB
       Class:  15.51 MB
        Both:  22.05 MB

MaxMetaspaceSize: unlimited
CompressedClassSpaceSize: 1.00 GB
Initial GC threshold: 21.00 MB
Current GC threshold: 21.00 MB
CDS: on
 - commit_granule_bytes: 65536.
 - commit_granule_words: 8192.
 - virtual_space_node_default_size: 8388608.
 - enlarge_chunks_in_place: 1.
UseCompressedClassPointers 1, UseCompactObjectHeaders 0
Narrow klass pointer bits 32, Max shift 3
Narrow klass base: 0x000000009c000000, Narrow klass shift: 0
Encoding Range: [0x000000009c000000 - 0x000000019c000000), (4294967296 bytes)
Klass Range:    [0x000000009c010000 - 0x00000000dd000000), (1090453504 bytes)
Klass ID Range:  [65536 - 1090519033) (1090453497)
Protection zone: [0x000000009c000000 - 0x000000009c010000), (65536 bytes)


Internal statistics:

num_allocs_failed_limit: 0.
num_arena_births: 102.
num_arena_deaths: 0.
num_vsnodes_births: 2.
num_vsnodes_deaths: 0.
num_space_committed: 124.
num_space_uncommitted: 0.
num_chunks_returned_to_freelist: 0.
num_chunks_taken_from_freelist: 344.
num_chunk_merges: 0.
num_chunk_splits: 248.
num_chunks_enlarged: 186.
num_inconsistent_stats: 0.

CodeHeap 'non-profiled nmethods': size=120064Kb used=392Kb max_used=392Kb free=119671Kb
 bounds [0x0000022d90280000, 0x0000022d904f0000, 0x0000022d977c0000]
CodeHeap 'profiled nmethods': size=120000Kb used=2047Kb max_used=2047Kb free=117952Kb
 bounds [0x0000022d887c0000, 0x0000022d88a30000, 0x0000022d8fcf0000]
CodeHeap 'non-nmethods': size=5696Kb used=2229Kb max_used=2243Kb free=3467Kb
 bounds [0x0000022d8fcf0000, 0x0000022d8ff60000, 0x0000022d90280000]
CodeCache: size=245760Kb, used=4668Kb, max_used=4682Kb, free=241090Kb
 total_blobs=3055, nmethods=1669, adapters=1290, full_count=0
Compilation: enabled, stopped_count=0, restarted_count=0

Compilation events (20 events):
Event: 2.310 Thread 0x0000022dffd1d630 1660       3       org.lwjgl.opengl.GL30::glDeleteVertexArrays (5 bytes)
Event: 2.310 Thread 0x0000022dffd1d630 nmethod 1660 0x0000022d889bd688 code [0x0000022d889bd780, 0x0000022d889bd890]
Event: 2.310 Thread 0x0000022dffd1d630 1661   !   3       org.lwjgl.opengl.GL30C::glDeleteVertexArrays (42 bytes)
Event: 2.310 Thread 0x0000022dffd1d630 nmethod 1661 0x0000022d889bd988 code [0x0000022d889bda80, 0x0000022d889beb98]
Event: 2.310 Thread 0x0000022dffd1d630 1662       3       org.lwjgl.opengl.GL20::glIsProgram (5 bytes)
Event: 2.310 Thread 0x0000022dffd1d630 nmethod 1662 0x0000022d889bec08 code [0x0000022d889bed00, 0x0000022d889bee18]
Event: 2.310 Thread 0x0000022dffd1d630 1663       3       org.lwjgl.opengl.GL20::glBlendEquationSeparate (6 bytes)
Event: 2.310 Thread 0x0000022dffd1d630 nmethod 1663 0x0000022d889bef08 code [0x0000022d889bf000, 0x0000022d889bf110]
Event: 2.310 Thread 0x0000022dffd1d630 1664       3       org.lwjgl.glfw.GLFW::glfwGetCurrentContext (9 bytes)
Event: 2.310 Thread 0x0000022dffd1d630 nmethod 1664 0x0000022d889bf208 code [0x0000022d889bf300, 0x0000022d889bf418]
Event: 2.310 Thread 0x0000022dffd1d630 1665       3       imgui.ImGui::updatePlatformWindows (4 bytes)
Event: 2.310 Thread 0x0000022dffd1d630 nmethod 1665 0x0000022d889bf508 code [0x0000022d889bf600, 0x0000022d889bf710]
Event: 2.310 Thread 0x0000022dffd1d630 1666       3       imgui.ImGui::renderPlatformWindowsDefault (4 bytes)
Event: 2.310 Thread 0x0000022dffd1d630 nmethod 1666 0x0000022d889bf808 code [0x0000022d889bf900, 0x0000022d889bfa10]
Event: 2.310 Thread 0x0000022dffd1d630 1667       3       util.Time::endFrame (9 bytes)
Event: 2.310 Thread 0x0000022dffd1d630 nmethod 1667 0x0000022d889bfb08 code [0x0000022d889bfc20, 0x0000022d889bfde8]
Event: 2.313 Thread 0x0000022dffd13130 1668       4       org.lwjgl.system.MemoryStack::nmalloc (61 bytes)
Event: 2.313 Thread 0x0000022dffd13130 nmethod 1668 0x0000022d902e1b08 code [0x0000022d902e1c00, 0x0000022d902e1cb8]
Event: 2.375 Thread 0x0000022dffd13130 1669       4       java.nio.Buffer::limit (65 bytes)
Event: 2.375 Thread 0x0000022dffd13130 nmethod 1669 0x0000022d902e1e08 code [0x0000022d902e1f00, 0x0000022d902e1ff8]

GC Heap Usage History (0 events):
No events

Metaspace Usage History (0 events):
No events

Dll operation events (9 events):
Event: 0.005 Loaded shared library C:\Program Files\Java\jdk-25\bin\java.dll
Event: 0.049 Loaded shared library C:\Program Files\Java\jdk-25\bin\net.dll
Event: 0.050 Loaded shared library C:\Program Files\Java\jdk-25\bin\nio.dll
Event: 0.052 Loaded shared library C:\Program Files\Java\jdk-25\bin\zip.dll
Event: 0.099 Loaded shared library C:\Program Files\Java\jdk-25\bin\jimage.dll
Event: 0.111 Loaded shared library C:\Users\ciara\AppData\Local\Temp\lwjgl_ciara\3.3.6+1\x64\lwjgl.dll
Event: 0.347 Loaded shared library C:\Users\ciara\AppData\Local\Temp\lwjgl_ciara\3.3.6+1\x64\lwjgl_opengl.dll
Event: 0.406 Loaded shared library C:\Users\ciara\AppData\Local\Temp\imgui-java-natives\1.90.0\imgui-java64.dll
Event: 0.455 Loaded shared library C:\Program Files\Java\jdk-25\bin\verify.dll

Deoptimization events (20 events):
Event: 0.530 Thread 0x0000022df5771030 Uncommon trap: trap_request=0xffffffde fr.pc=0x0000022d902bfc64 relative=0x00000000000002e4
Event: 0.530 Thread 0x0000022df5771030 Uncommon trap: reason=class_check action=maybe_recompile pc=0x0000022d902bfc64 method=java.util.regex.Pattern$BmpCharPropertyGreedy.match(Ljava/util/regex/Matcher;ILjava/lang/CharSequence;)Z @ 26 c2
Event: 0.530 Thread 0x0000022df5771030 DEOPT PACKING pc=0x0000022d902bfc64 sp=0x000000d1db9fee60
Event: 0.530 Thread 0x0000022df5771030 DEOPT UNPACKING pc=0x0000022d8fe0fc02 sp=0x000000d1db9fedf8 mode 2
Event: 0.530 Thread 0x0000022df5771030 Uncommon trap: trap_request=0xffffffde fr.pc=0x0000022d902bfc64 relative=0x00000000000002e4
Event: 0.530 Thread 0x0000022df5771030 Uncommon trap: reason=class_check action=maybe_recompile pc=0x0000022d902bfc64 method=java.util.regex.Pattern$BmpCharPropertyGreedy.match(Ljava/util/regex/Matcher;ILjava/lang/CharSequence;)Z @ 26 c2
Event: 0.530 Thread 0x0000022df5771030 DEOPT PACKING pc=0x0000022d902bfc64 sp=0x000000d1db9fee60
Event: 0.530 Thread 0x0000022df5771030 DEOPT UNPACKING pc=0x0000022d8fe0fc02 sp=0x000000d1db9fedf8 mode 2
Event: 0.530 Thread 0x0000022df5771030 Uncommon trap: trap_request=0xffffffde fr.pc=0x0000022d902bfc64 relative=0x00000000000002e4
Event: 0.530 Thread 0x0000022df5771030 Uncommon trap: reason=class_check action=maybe_recompile pc=0x0000022d902bfc64 method=java.util.regex.Pattern$BmpCharPropertyGreedy.match(Ljava/util/regex/Matcher;ILjava/lang/CharSequence;)Z @ 26 c2
Event: 0.530 Thread 0x0000022df5771030 DEOPT PACKING pc=0x0000022d902bfc64 sp=0x000000d1db9fee60
Event: 0.530 Thread 0x0000022df5771030 DEOPT UNPACKING pc=0x0000022d8fe0fc02 sp=0x000000d1db9fedf8 mode 2
Event: 0.653 Thread 0x0000022df5771030 Uncommon trap: trap_request=0xffffff4c fr.pc=0x0000022d902c3bd8 relative=0x0000000000000058
Event: 0.653 Thread 0x0000022df5771030 Uncommon trap: reason=speculate_null_assert action=make_not_entrant pc=0x0000022d902c3bd8 method=sun.misc.Unsafe.getLong(Ljava/lang/Object;J)J @ 8 c2
Event: 0.653 Thread 0x0000022df5771030 DEOPT PACKING pc=0x0000022d902c3bd8 sp=0x000000d1db9feea0
Event: 0.653 Thread 0x0000022df5771030 DEOPT UNPACKING pc=0x0000022d8fe0fc02 sp=0x000000d1db9fee28 mode 2
Event: 0.723 Thread 0x0000022df5771030 Uncommon trap: trap_request=0xffffff4c fr.pc=0x0000022d902c7adc relative=0x000000000000005c
Event: 0.723 Thread 0x0000022df5771030 Uncommon trap: reason=speculate_null_assert action=make_not_entrant pc=0x0000022d902c7adc method=sun.misc.Unsafe.putLong(Ljava/lang/Object;JJ)V @ 10 c2
Event: 0.723 Thread 0x0000022df5771030 DEOPT PACKING pc=0x0000022d902c7adc sp=0x000000d1db9fed80
Event: 0.723 Thread 0x0000022df5771030 DEOPT UNPACKING pc=0x0000022d8fe0fc02 sp=0x000000d1db9fecf8 mode 2

Classes loaded (20 events):
Event: 0.486 Loading class sun/text/resources/cldr/FormatData_en
Event: 0.487 Loading class sun/text/resources/cldr/FormatData_en done
Event: 0.487 Loading class jdk/internal/foreign/MemorySessionImpl
Event: 0.487 Loading class java/lang/foreign/MemorySegment$Scope
Event: 0.487 Loading class java/lang/foreign/MemorySegment$Scope done
Event: 0.487 Loading class jdk/internal/foreign/MemorySessionImpl done
Event: 0.493 Loading class java/lang/SecurityException
Event: 0.493 Loading class java/lang/SecurityException done
Event: 0.528 Loading class java/util/stream/IntStream
Event: 0.528 Loading class java/util/stream/IntStream done
Event: 0.528 Loading class java/util/stream/Streams$RangeIntSpliterator
Event: 0.528 Loading class java/util/Spliterator$OfInt
Event: 0.528 Loading class java/util/Spliterator$OfPrimitive
Event: 0.528 Loading class java/util/Spliterator$OfPrimitive done
Event: 0.528 Loading class java/util/Spliterator$OfInt done
Event: 0.528 Loading class java/util/stream/Streams$RangeIntSpliterator done
Event: 0.528 Loading class java/util/stream/IntPipeline$Head
Event: 0.528 Loading class java/util/stream/IntPipeline
Event: 0.529 Loading class java/util/stream/IntPipeline done
Event: 0.529 Loading class java/util/stream/IntPipeline$Head done

Classes unloaded (0 events):
No events

Classes redefined (0 events):
No events

Internal exceptions (20 events):
Event: 0.113 Thread 0x0000022df5771030 Exception <a 'sun/nio/fs/WindowsException'{0x0000000710751190}> (0x0000000710751190) 
thrown [s\open\src\hotspot\share\prims\jni.cpp, line 516]
Event: 0.139 Thread 0x0000022df5771030 Exception <a 'java/lang/NoSuchMethodError'{0x000000071042b790}: 'int java.lang.invoke.DirectMethodHandle$Holder.invokeStaticInit(java.lang.Object, java.lang.Object, int, long)'> (0x000000071042b790) 
thrown [s\open\src\hotspot\share\interpreter\linkResolver.cpp, line 804]
Event: 0.140 Thread 0x0000022df5771030 Exception <a 'java/lang/NoSuchMethodError'{0x000000071043ab48}: 'java.lang.Object java.lang.invoke.DirectMethodHandle$Holder.newInvokeSpecial(java.lang.Object, java.lang.Object, int)'> (0x000000071043ab48) 
thrown [s\open\src\hotspot\share\interpreter\linkResolver.cpp, line 804]
Event: 0.146 Thread 0x0000022df5771030 Exception <a 'java/lang/NoSuchMethodError'{0x0000000710487588}: 'int java.lang.invoke.DirectMethodHandle$Holder.invokeStaticInit(java.lang.Object, java.lang.Object, long, long)'> (0x0000000710487588) 
thrown [s\open\src\hotspot\share\interpreter\linkResolver.cpp, line 804]
Event: 0.147 Thread 0x0000022df5771030 Exception <a 'java/lang/NoSuchMethodError'{0x0000000710496998}: 'java.lang.Object java.lang.invoke.DirectMethodHandle$Holder.newInvokeSpecial(java.lang.Object, java.lang.Object, long)'> (0x0000000710496998) 
thrown [s\open\src\hotspot\share\interpreter\linkResolver.cpp, line 804]
Event: 0.147 Thread 0x0000022df5771030 Exception <a 'java/lang/NoSuchMethodError'{0x000000071049f708}: 'java.lang.Object java.lang.invoke.Invokers$Holder.linkToTargetMethod(java.lang.Object, long, java.lang.Object)'> (0x000000071049f708) 
thrown [s\open\src\hotspot\share\interpreter\linkResolver.cpp, line 804]
Event: 0.147 Thread 0x0000022df5771030 Exception <a 'java/lang/NoSuchMethodError'{0x00000007104afd80}: 'int java.lang.invoke.DirectMethodHandle$Holder.invokeStaticInit(java.lang.Object, java.lang.Object, java.lang.Object, long)'> (0x00000007104afd80) 
thrown [s\open\src\hotspot\share\interpreter\linkResolver.cpp, line 804]
Event: 0.158 Thread 0x0000022df5771030 Exception <a 'sun/nio/fs/WindowsException'{0x000000071054f840}> (0x000000071054f840) 
thrown [s\open\src\hotspot\share\prims\jni.cpp, line 516]
Event: 0.158 Thread 0x0000022df5771030 Exception <a 'sun/nio/fs/WindowsException'{0x000000071054fba0}> (0x000000071054fba0) 
thrown [s\open\src\hotspot\share\prims\jni.cpp, line 516]
Event: 0.162 Thread 0x0000022df5771030 Exception <a 'java/lang/NoSuchMethodError'{0x0000000710561220}: 'int java.lang.invoke.Invokers$Holder.invokeExact_MT(java.lang.Object, java.lang.Object)'> (0x0000000710561220) 
thrown [s\open\src\hotspot\share\interpreter\linkResolver.cpp, line 804]
Event: 0.328 Thread 0x0000022df5771030 Exception <a 'java/lang/NoSuchMethodError'{0x00000007105b61d8}: 'void java.lang.invoke.DirectMethodHandle$Holder.invokeStaticInit(java.lang.Object, long, double, double)'> (0x00000007105b61d8) 
thrown [s\open\src\hotspot\share\interpreter\linkResolver.cpp, line 804]
Event: 0.329 Thread 0x0000022df5771030 Exception <a 'java/lang/NoSuchMethodError'{0x00000007105ce3c0}: 'void java.lang.invoke.DirectMethodHandle$Holder.invokeStaticInit(java.lang.Object, long, int, int, int)'> (0x00000007105ce3c0) 
thrown [s\open\src\hotspot\share\interpreter\linkResolver.cpp, line 804]
Event: 0.331 Thread 0x0000022df5771030 Exception <a 'java/lang/NoSuchMethodError'{0x00000007105f21e8}: 'void java.lang.invoke.DirectMethodHandle$Holder.invokeStaticInit(java.lang.Object, long, int, int, int, int)'> (0x00000007105f21e8) 
thrown [s\open\src\hotspot\share\interpreter\linkResolver.cpp, line 804]
Event: 0.343 Thread 0x0000022df5771030 Exception <a 'java/lang/NoSuchMethodError'{0x00000007102174d0}: 'void java.lang.System.load(java.lang.String, java.lang.Class)'> (0x00000007102174d0) 
thrown [s\open\src\hotspot\share\interpreter\linkResolver.cpp, line 804]
Event: 0.344 Thread 0x0000022df5771030 Exception <a 'java/lang/NoSuchMethodError'{0x000000071021f2b0}: 'void java.lang.System.loadLibrary(java.lang.String, java.lang.Class)'> (0x000000071021f2b0) 
thrown [s\open\src\hotspot\share\interpreter\linkResolver.cpp, line 804]
Event: 0.346 Thread 0x0000022df5771030 Exception <a 'sun/nio/fs/WindowsException'{0x0000000710232f10}> (0x0000000710232f10) 
thrown [s\open\src\hotspot\share\prims\jni.cpp, line 516]
Event: 0.346 Thread 0x0000022df5771030 Exception <a 'sun/nio/fs/WindowsException'{0x00000007102332b0}> (0x00000007102332b0) 
thrown [s\open\src\hotspot\share\prims\jni.cpp, line 516]
Event: 0.349 Thread 0x0000022df5771030 Exception <a 'sun/nio/fs/WindowsException'{0x000000071023c430}> (0x000000071023c430) 
thrown [s\open\src\hotspot\share\prims\jni.cpp, line 516]
Event: 0.350 Thread 0x0000022df5771030 Exception <a 'sun/nio/fs/WindowsException'{0x000000071023c700}> (0x000000071023c700) 
thrown [s\open\src\hotspot\share\prims\jni.cpp, line 516]
Event: 0.529 Thread 0x0000022df5771030 Exception <a 'java/lang/NoSuchMethodError'{0x000000070fdc11c8}: 'void java.lang.invoke.DirectMethodHandle$Holder.invokeStatic(java.lang.Object, java.lang.Object, int)'> (0x000000070fdc11c8) 
thrown [s\open\src\hotspot\share\interpreter\linkResolver.cpp, line 804]

VM Operations (8 events):
Event: 0.054 Executing non-safepoint VM operation: HandshakeAllThreads (Deoptimize)
Event: 0.054 Executing non-safepoint VM operation: HandshakeAllThreads (Deoptimize) done
Event: 0.093 Executing non-safepoint VM operation: HandshakeAllThreads (Deoptimize)
Event: 0.093 Executing non-safepoint VM operation: HandshakeAllThreads (Deoptimize) done
Event: 0.107 Executing non-safepoint VM operation: HandshakeAllThreads (Deoptimize)
Event: 0.107 Executing non-safepoint VM operation: HandshakeAllThreads (Deoptimize) done
Event: 0.483 Executing non-safepoint VM operation: HandshakeAllThreads (Deoptimize)
Event: 0.483 Executing non-safepoint VM operation: HandshakeAllThreads (Deoptimize) done

Memory protections (0 events):
No events

Nmethod flushes (0 events):
No events

Events (13 events):
Event: 0.015 Thread 0x0000022df5771030 Thread added: 0x0000022df5771030
Event: 0.021 Thread 0x0000022df5771030 Thread added: 0x0000022dffd09560
Event: 0.021 Thread 0x0000022df5771030 Thread added: 0x0000022dffd0bfd0
Event: 0.021 Thread 0x0000022df5771030 Thread added: 0x0000022dffd0def0
Event: 0.021 Thread 0x0000022df5771030 Thread added: 0x0000022dffd0eab0
Event: 0.021 Thread 0x0000022df5771030 Thread added: 0x0000022dffd0f670
Event: 0.021 Thread 0x0000022df5771030 Thread added: 0x0000022dffd10230
Event: 0.021 Thread 0x0000022df5771030 Thread added: 0x0000022dffd13130
Event: 0.021 Thread 0x0000022df5771030 Thread added: 0x0000022dffd1d630
Event: 0.043 Thread 0x0000022df5771030 Thread added: 0x0000022d97896a40
Event: 0.045 Thread 0x0000022df5771030 Thread added: 0x0000022dffd9b0b0
Event: 0.062 Thread 0x0000022dffd13130 Thread added: 0x0000022d978f9a90
Event: 0.327 Thread 0x0000022d978f9a90 Thread exited: 0x0000022d978f9a90


Dynamic libraries:
0x00007ff7234d0000 - 0x00007ff7234e0000 	C:\Program Files\Java\jdk-25\bin\java.exe
0x00007ffaf5770000 - 0x00007ffaf5968000 	C:\WINDOWS\SYSTEM32\ntdll.dll
0x00007ffaf4ab0000 - 0x00007ffaf4b72000 	C:\WINDOWS\System32\KERNEL32.DLL
0x00007ffaf32c0000 - 0x00007ffaf35b6000 	C:\WINDOWS\System32\KERNELBASE.dll
0x00007ffaf3130000 - 0x00007ffaf3230000 	C:\WINDOWS\System32\ucrtbase.dll
0x00007ffac3fc0000 - 0x00007ffac3fd7000 	C:\Program Files\Java\jdk-25\bin\jli.dll
0x00007ffac3e40000 - 0x00007ffac3e5e000 	C:\Program Files\Java\jdk-25\bin\VCRUNTIME140.dll
0x00007ffaf4290000 - 0x00007ffaf4431000 	C:\WINDOWS\System32\USER32.dll
0x00007ffaf35c0000 - 0x00007ffaf35e2000 	C:\WINDOWS\System32\win32u.dll
0x00007ffae6dc0000 - 0x00007ffae705b000 	C:\WINDOWS\WinSxS\amd64_microsoft.windows.common-controls_6595b64144ccf1df_6.0.19041.6456_none_60b8a6cb71f64256\COMCTL32.dll
0x00007ffaf3a00000 - 0x00007ffaf3a2b000 	C:\WINDOWS\System32\GDI32.dll
0x00007ffaf3a30000 - 0x00007ffaf3ace000 	C:\WINDOWS\System32\msvcrt.dll
0x00007ffaf2e00000 - 0x00007ffaf2f19000 	C:\WINDOWS\System32\gdi32full.dll
0x00007ffaf3670000 - 0x00007ffaf370d000 	C:\WINDOWS\System32\msvcp_win.dll
0x00007ffaf3bf0000 - 0x00007ffaf3c1f000 	C:\WINDOWS\System32\IMM32.DLL
0x00007ffac56c0000 - 0x00007ffac56cc000 	C:\Program Files\Java\jdk-25\bin\vcruntime140_1.dll
0x00007ffab80e0000 - 0x00007ffab816d000 	C:\Program Files\Java\jdk-25\bin\msvcp140.dll
0x00007ffa165a0000 - 0x00007ffa173ff000 	C:\Program Files\Java\jdk-25\bin\server\jvm.dll
0x00007ffaf4450000 - 0x00007ffaf4501000 	C:\WINDOWS\System32\ADVAPI32.dll
0x00007ffaf4a10000 - 0x00007ffaf4aaf000 	C:\WINDOWS\System32\sechost.dll
0x00007ffaf3790000 - 0x00007ffaf38b0000 	C:\WINDOWS\System32\RPCRT4.dll
0x00007ffaf3710000 - 0x00007ffaf3737000 	C:\WINDOWS\System32\bcrypt.dll
0x00007ffaf56c0000 - 0x00007ffaf572b000 	C:\WINDOWS\System32\WS2_32.dll
0x00007ffaf2390000 - 0x00007ffaf23db000 	C:\WINDOWS\SYSTEM32\POWRPROF.dll
0x00007ffae8e90000 - 0x00007ffae8eb7000 	C:\WINDOWS\SYSTEM32\WINMM.dll
0x00007ffaece90000 - 0x00007ffaece9a000 	C:\WINDOWS\SYSTEM32\VERSION.dll
0x00007ffaf2200000 - 0x00007ffaf2212000 	C:\WINDOWS\SYSTEM32\UMPDC.dll
0x00007ffaf0c90000 - 0x00007ffaf0ca2000 	C:\WINDOWS\SYSTEM32\kernel.appcore.dll
0x00007ffac5500000 - 0x00007ffac550a000 	C:\Program Files\Java\jdk-25\bin\jimage.dll
0x00007ffae8530000 - 0x00007ffae8731000 	C:\WINDOWS\SYSTEM32\DBGHELP.DLL
0x00007ffaddeb0000 - 0x00007ffaddee4000 	C:\WINDOWS\SYSTEM32\dbgcore.DLL
0x00007ffaf3230000 - 0x00007ffaf32b2000 	C:\WINDOWS\System32\bcryptPrimitives.dll
0x00007ffac3490000 - 0x00007ffac34af000 	C:\Program Files\Java\jdk-25\bin\java.dll
0x00007ffaf53c0000 - 0x00007ffaf54eb000 	C:\WINDOWS\System32\ole32.dll
0x00007ffaf45c0000 - 0x00007ffaf4914000 	C:\WINDOWS\System32\combase.dll
0x00007ffaf4b90000 - 0x00007ffaf5300000 	C:\WINDOWS\System32\SHELL32.dll
0x00007ffaf0e90000 - 0x00007ffaf1635000 	C:\WINDOWS\SYSTEM32\windows.storage.dll
0x00007ffaf2830000 - 0x00007ffaf285b000 	C:\WINDOWS\SYSTEM32\Wldp.dll
0x00007ffaf3930000 - 0x00007ffaf39fd000 	C:\WINDOWS\System32\OLEAUT32.dll
0x00007ffaf41e0000 - 0x00007ffaf428d000 	C:\WINDOWS\System32\SHCORE.dll
0x00007ffaf5300000 - 0x00007ffaf535b000 	C:\WINDOWS\System32\shlwapi.dll
0x00007ffaf2d30000 - 0x00007ffaf2d54000 	C:\WINDOWS\SYSTEM32\profapi.dll
0x00007ffac3400000 - 0x00007ffac3412000 	C:\Program Files\Java\jdk-25\bin\net.dll
0x00007ffaf2590000 - 0x00007ffaf25fa000 	C:\WINDOWS\system32\mswsock.dll
0x00007ffabc720000 - 0x00007ffabc736000 	C:\Program Files\Java\jdk-25\bin\nio.dll
0x00007ffabc400000 - 0x00007ffabc417000 	C:\Program Files\Java\jdk-25\bin\zip.dll
0x00007ffab3140000 - 0x00007ffab31be000 	C:\Users\ciara\AppData\Local\Temp\lwjgl_ciara\3.3.6+1\x64\lwjgl.dll
0x00007ffaaaf80000 - 0x00007ffaab009000 	C:\Users\ciara\AppData\Local\Temp\lwjgl_ciara\3.3.6+1\x64\glfw.dll
0x00007ffacb8e0000 - 0x00007ffacb925000 	C:\WINDOWS\SYSTEM32\dinput8.dll
0x00007ffa825e0000 - 0x00007ffa825f1000 	C:\WINDOWS\SYSTEM32\xinput1_4.dll
0x00007ffaf3740000 - 0x00007ffaf378e000 	C:\WINDOWS\System32\cfgmgr32.dll
0x00007ffaf2b90000 - 0x00007ffaf2bc3000 	C:\WINDOWS\SYSTEM32\DEVOBJ.dll
0x00007ffaf0ab0000 - 0x00007ffaf0ade000 	C:\WINDOWS\SYSTEM32\dwmapi.dll
0x00007ffad09a0000 - 0x00007ffad0af2000 	C:\WINDOWS\SYSTEM32\inputhost.dll
0x00007ffaf01c0000 - 0x00007ffaf02b4000 	C:\WINDOWS\SYSTEM32\PROPSYS.dll
0x00007ffaef960000 - 0x00007ffaefab7000 	C:\WINDOWS\SYSTEM32\wintypes.dll
0x00007ffaef0d0000 - 0x00007ffaef1c2000 	C:\WINDOWS\SYSTEM32\CoreMessaging.dll
0x00007ffaeec70000 - 0x00007ffaeefcb000 	C:\WINDOWS\SYSTEM32\CoreUIComponents.dll
0x00007ffaf2090000 - 0x00007ffaf20c3000 	C:\WINDOWS\SYSTEM32\ntmarta.dll
0x00007ffaf0700000 - 0x00007ffaf079e000 	C:\WINDOWS\system32\uxtheme.dll
0x00007ffaf3ad0000 - 0x00007ffaf3be5000 	C:\WINDOWS\System32\MSCTF.dll
0x00007ffa86940000 - 0x00007ffa86a68000 	C:\WINDOWS\SYSTEM32\opengl32.dll
0x00007ffa86910000 - 0x00007ffa8693c000 	C:\WINDOWS\SYSTEM32\GLU32.dll
0x00007ffaf4510000 - 0x00007ffaf45b9000 	C:\WINDOWS\System32\clbcatq.dll
0x00007ffa56b00000 - 0x00007ffa59453000 	C:\WINDOWS\System32\DriverStore\FileRepository\nv_dispi.inf_amd64_d471cab2f241c3c2\nvoglv64.dll
0x00007ffaf3d00000 - 0x00007ffaf4170000 	C:\WINDOWS\System32\SETUPAPI.dll
0x00007ffaef280000 - 0x00007ffaef294000 	C:\WINDOWS\SYSTEM32\WTSAPI32.dll
0x00007ffaf29c0000 - 0x00007ffaf29d2000 	C:\WINDOWS\SYSTEM32\msasn1.dll
0x00007ffaec620000 - 0x00007ffaec651000 	C:\WINDOWS\SYSTEM32\cryptnet.dll
0x00007ffaf2f20000 - 0x00007ffaf307d000 	C:\WINDOWS\System32\CRYPT32.dll
0x00007ffaf27a0000 - 0x00007ffaf27ac000 	C:\WINDOWS\SYSTEM32\cryptbase.dll
0x00007ffaec920000 - 0x00007ffaeca67000 	C:\WINDOWS\SYSTEM32\drvstore.dll
0x00007ffaf35f0000 - 0x00007ffaf3663000 	C:\WINDOWS\System32\WINTRUST.dll
0x00007ffaf56a0000 - 0x00007ffaf56bd000 	C:\WINDOWS\System32\imagehlp.dll
0x00007ffaf2780000 - 0x00007ffaf2798000 	C:\WINDOWS\SYSTEM32\CRYPTSP.dll
0x00007ffaf1e40000 - 0x00007ffaf1e78000 	C:\WINDOWS\system32\rsaenh.dll
0x00007ffadf780000 - 0x00007ffae3514000 	C:\WINDOWS\System32\DriverStore\FileRepository\nv_dispi.inf_amd64_d471cab2f241c3c2\nvgpucomp64.dll
0x00007ffae84f0000 - 0x00007ffae852b000 	C:\WINDOWS\SYSTEM32\dxcore.dll
0x00007ffa72a60000 - 0x00007ffa72ba7000 	C:\WINDOWS\system32\nvspcap64.dll
0x00007ffaf1ab0000 - 0x00007ffaf1b13000 	C:\WINDOWS\SYSTEM32\WINSTA.dll
0x00007ffad4900000 - 0x00007ffad49f9000 	C:\WINDOWS\SYSTEM32\textinputframework.dll
0x00007ffab7fa0000 - 0x00007ffab7ffd000 	C:\Users\ciara\AppData\Local\Temp\lwjgl_ciara\3.3.6+1\x64\lwjgl_opengl.dll
0x00007ffa1a350000 - 0x00007ffa1ab57000 	C:\Users\ciara\AppData\Local\Temp\imgui-java-natives\1.90.0\imgui-java64.dll
0x00007ffac4640000 - 0x00007ffac4650000 	C:\Program Files\Java\jdk-25\bin\verify.dll

JVMTI agents: none

dbghelp: loaded successfully - version: 4.0.5 - missing functions: none
symbol engine: initialized successfully - sym options: 0x614 - pdb path: .;C:\Program Files\Java\jdk-25\bin;C:\WINDOWS\SYSTEM32;C:\WINDOWS\WinSxS\amd64_microsoft.windows.common-controls_6595b64144ccf1df_6.0.19041.6456_none_60b8a6cb71f64256;C:\Program Files\Java\jdk-25\bin\server;C:\Users\ciara\AppData\Local\Temp\lwjgl_ciara\3.3.6+1\x64;C:\WINDOWS\System32\DriverStore\FileRepository\nv_dispi.inf_amd64_d471cab2f241c3c2;C:\Users\ciara\AppData\Local\Temp\imgui-java-natives\1.90.0

VM Arguments:
jvm_args: --enable-native-access=ALL-UNNAMED --add-opens=java.base/sun.misc=ALL-UNNAMED --add-opens=java.base/java.nio=ALL-UNNAMED --enable-preview --enable-preview -Dfile.encoding=UTF-8 -Duser.country=IE -Duser.language=en -Duser.variant -ea 
java_command: Main java.library.path=libs
java_class_path (initial): C:\Users\ciara\Desktop\Code\College Work\Year 4\FYP\PrototypeEngine\build\classes\java\main;C:\Users\ciara\Desktop\Code\College Work\Year 4\FYP\PrototypeEngine\build\resources\main;C:\Users\ciara\Desktop\Code\College Work\Year 4\FYP\PrototypeEngine\libs\imgui-app-1.90.0.jar;C:\Users\ciara\Desktop\Code\College Work\Year 4\FYP\PrototypeEngine\libs\imgui-binding-1.90.0.jar;C:\Users\ciara\Desktop\Code\College Work\Year 4\FYP\PrototypeEngine\libs\imgui-lwjgl3-1.90.0.jar;C:\Users\ciara\.gradle\caches\modules-2\files-2.1\org.lwjgl\lwjgl-assimp\3.3.6\931a8de55dd5ee546689119c85ed4d4af7fa68f2\lwjgl-assimp-3.3.6.jar;C:\Users\ciara\.gradle\caches\modules-2\files-2.1\org.lwjgl\lwjgl-assimp\3.3.6\486fa1e2db9fc903a0cab984604cef1a895b0e28\lwjgl-assimp-3.3.6-natives-windows.jar;C:\Users\ciara\.gradle\caches\modules-2\files-2.1\org.lwjgl\lwjgl-glfw\3.3.6\7119f7d0eeb1e5502ff0ca71d2b4d47317da015\lwjgl-glfw-3.3.6.jar;C:\Users\ciara\.gradle\caches\modules-2\files-2.1\org.lwjgl\lwjgl-glfw\3.3.6\99ef08056feb9627f90425a4d2a22cd9fae8e39b\lwjgl-glfw-3.3.6-natives-windows.jar;C:\Users\ciara\.gradle\caches\modules-2\files-2.1\org.lwjgl\lwjgl-openal\3.3.6\ad313317ff399fd2a7f4dd74716a68cf3976c6ad\lwjgl-openal-3.3.6.jar;C:\Users\ciara\.gradle\caches\modules-2\files-2.1\org.lwjgl\lwjgl-openal\3.3.6\9c2b9b660e085bb0b47a4453dc0e26f24a5475e4\lwjgl-openal-3.3.6-natives-windows.jar;C:\Users\ciara\.gradle\caches\modules-2\files-2.1\org.lwjgl\lwjgl-opengl\3.3.6\ac2532612a4df374e9a9282bcf8ce2573018ebbb\lwjgl-opengl-3.3.6.jar;C:\Users\ciara\.gradle\caches\modules-2\files-2.1\org.lwjgl\lwjgl-opengl\3.3.6\18dc639ebc94aa5202c2157f7490d28997b697c5\lwjgl-opengl-3.3.6-natives-windows.jar;C:\Users\ciara\.gradle\caches\modules-2\files-2.1\org.lwjgl\lwjgl-stb\3.3.6\e2d3739dcfe7b672b626ded66d94f6587083306e\lwjgl-stb-3.3.6.jar;C:\Users\ciara\.gradle\caches\modules-2\files-2.1\org.lwjgl\lwjgl-stb\3.3.6\334cf885b39e2db9070c39e70e65efb136435f10\lwjgl-stb-3.3.6-natives-windows.jar;C:\Users\ciara\.gradle\caches\modules-2\files-2.1\org.lwjgl\lwjgl\3.3.6\ce7721d30cfaf47feaed10213e0c43eb55c49d68\lwjgl-3.3.6.jar;C:\Users\ciara\.gradle\caches\modules-2\files-2.1\org.lwjgl\lwjgl\3.3.6\9a29b6a22fc5184604b8cb434ee5d5ecc4bfcbee\lwjgl-3.3.6-natives-windows.jar;C:\Users\ciara\.gradle\caches\modules-2\files-2.1\org.joml\joml\1.10.8\fc0a71dad90a2cf41d82a76156a0e700af8e4f8d\joml-1.10.8.jar;C:\Users\ciara\.gradle\caches\modules-2\files-2.1\com.code-disaster.steamworks4j\steamworks4j\1.9.0\d69b7f7540745a8d569a5400554e34d42e035da8\steamworks4j-1.9.0.jar;C:\Users\ciara\.gradle\caches\modules-2\files-2.1\org.jetbrains.kotlin\kotlin-stdlib-jdk8\1.8.20\73576ddf378c5b4f1f6b449fe6b119b8183fc078\kotlin-stdlib-jdk8-1.8.20.jar;C:\Users\ciara\.gradle\caches\modules-2\files-2.1\org.jetbrains.kotlin\kotlin-stdlib-jdk7\1.8.20\3aa51faf20aae8b31e1a4bc54f8370673d7b7df4\kotlin-stdlib-jdk7-1.8.20.jar;C:\Users\ciara\.gradle\caches\modules-2\files-2.1\org.jetbrains.kotlin\kotlin-stdlib\1.8.20\e72fc5e03ec6c064c678a6bd0d955c88d55b0c4a\kotlin-stdlib-1.8.20.jar;C:\Users\ciara\.gradle\caches\modules-2\files-2.1\org.jetbrains.kotlin\kotlin-stdlib-common\1.8.20\5eddaaf234c8c49d03eebeb6a14feb7f90faca71\kotlin-stdlib-common-1.8.20.jar;C:\Users\ciara\.gradle\caches\modules-2\files-2.1\org.jetbrains\annotations\13.0\919f0dfe192fb4e063e7dacadee7f8bb9a2672a9\annotations-13.0.jar
Launcher Type: SUN_STANDARD

[Global flags]
     intx CICompilerCount                          = 4                                         {product} {ergonomic}
     uint ConcGCThreads                            = 3                                         {product} {ergonomic}
     uint G1ConcRefinementThreads                  = 10                                        {product} {ergonomic}
   size_t G1HeapRegionSize                         = 2097152                                   {product} {ergonomic}
   size_t InitialHeapSize                          = 268435456                                 {product} {ergonomic}
   size_t MarkStackSize                            = 4194304                                   {product} {ergonomic}
   size_t MarkStackSizeMax                         = 536870912                                 {product} {ergonomic}
   size_t MaxHeapSize                              = 4282384384                                {product} {ergonomic}
   size_t MaxNewSize                               = 2569011200                                {product} {ergonomic}
   size_t MinHeapDeltaBytes                        = 2097152                                   {product} {ergonomic}
   size_t MinHeapSize                              = 8388608                                   {product} {ergonomic}
    uintx NonNMethodCodeHeapSize                   = 5832704                                {pd product} {ergonomic}
    uintx NonProfiledCodeHeapSize                  = 122945536                              {pd product} {ergonomic}
    uintx ProfiledCodeHeapSize                     = 122880000                              {pd product} {ergonomic}
    uintx ReservedCodeCacheSize                    = 251658240                              {pd product} {ergonomic}
     bool SegmentedCodeCache                       = true                                      {product} {ergonomic}
   size_t SoftMaxHeapSize                          = 4282384384                             {manageable} {ergonomic}
     bool UseCompressedOops                        = true                           {product lp64_product} {ergonomic}
     bool UseG1GC                                  = true                                      {product} {ergonomic}
     bool UseLargePagesIndividualAllocation        = false                                  {pd product} {ergonomic}

Logging:
Log output configuration:
 #0: stdout all=warning uptime,level,tags foldmultilines=false
 #1: stderr all=off uptime,level,tags foldmultilines=false

Release file:
IMPLEMENTOR="Oracle Corporation" 
JAVA_RUNTIME_VERSION="25.0.1+8-LTS-27" 
JAVA_VERSION="25.0.1" 
JAVA_VERSION_DATE="2025-10-21" 
LIBC="default" 
MODULES="java.base java.compiler java.datatransfer java.xml java.prefs java.desktop java.instrument java.logging java.management java.security.sasl java.naming java.rmi java.management.rmi java.net.http java.scripting java.security.jgss java.transaction.xa java.sql java.sql.rowset java.xml.crypto java.se java.smartcardio jdk.accessibility jdk.internal.jvmstat jdk.attach jdk.charsets jdk.internal.opt jdk.zipfs jdk.compiler jdk.crypto.cryptoki jdk.crypto.ec jdk.crypto.mscapi jdk.dynalink jdk.internal.ed jdk.editpad jdk.internal.vm.ci jdk.graal.compiler jdk.graal.compiler.management jdk.hotspot.agent jdk.httpserver jdk.incubator.vector jdk.internal.le jdk.internal.md jdk.jartool jdk.javadoc jdk.jcmd jdk.management jdk.management.agent jdk.jconsole jdk.jdeps jdk.jdwp.agent jdk.jdi jdk.jfr jdk.jlink jdk.jpackage jdk.jshell jdk.jsobject jdk.jstatd jdk.localedata jdk.management.jfr jdk.naming.dns jdk.naming.rmi jdk.net jdk.nio.mapmode jdk.sctp jdk.security.auth jdk.security.jgss jdk.unsupported jdk.unsupported.desktop jdk.xml.dom" 
OS_ARCH="x86_64" 
OS_NAME="Windows" 
SOURCE=".:git:862c85bc42b7 open:git:78770bfaefd2" 

Environment Variables:
PATH=C:\Program Files\Common Files\Oracle\Java\javapath;C:\WINDOWS\system32;C:\WINDOWS;C:\WINDOWS\System32\Wbem;C:\WINDOWS\System32\WindowsPowerShell\v1.0\;C:\WINDOWS\System32\OpenSSH\;C:\Program Files\NVIDIA Corporation\NVIDIA App\NvDLISR;C:\Program Files (x86)\NVIDIA Corporation\PhysX\Common;C:\Program Files\Git\cmd;C:\Users\ciara\AppData\Local\Android\Sdk\platform-tools;C:\Program Files\ytDLP;C:\WINDOWS\system32\config\systemprofile\AppData\Local\Muse Hub\lib;C:\Users\ciara\AppData\Local\Microsoft\WindowsApps;C:\Users\ciara\AppData\Local\Programs\Microsoft VS Code\bin;C:\Users\ciara\AppData\Local\Python\bin
USERNAME=ciara
OS=Windows_NT
PROCESSOR_IDENTIFIER=AMD64 Family 25 Model 33 Stepping 0, AuthenticAMD
TMP=C:\Users\ciara\AppData\Local\Temp
TEMP=C:\Users\ciara\AppData\Local\Temp




Compilation memory statistics disabled.

Periodic native trim disabled

---------------  S Y S T E M  ---------------

OS:
 Windows 10 , 64 bit Build 19041 (10.0.19041.5915)
OS uptime: 1 days 23:50 hours

CPU: total 12 (initial active 12) (12 cores per cpu, 2 threads per core) family 25 model 33 stepping 0 microcode 0x0, cx8, cmov, fxsr, ht, mmx, 3dnowpref, sse, sse2, sse3, ssse3, sse4a, sse4.1, sse4.2, popcnt, lzcnt, tsc, tscinvbit, avx, avx2, aes, erms, clmul, bmi1, bmi2, adx, sha, fma, vzeroupper, clflush, clflushopt, clwb, rdtscp, rdpid, fsrm, f16c, pku, cet_ss
Processor Information for the first 12 processors :
  Max Mhz: 3701, Current Mhz: 3701, Mhz Limit: 3701

Memory: 4k page, system-wide physical 16330M (2976M free)
TotalPageFile size 28438M (AvailPageFile size 3149M)
current process WorkingSet (physical memory assigned to process): 146M, peak: 151M
current process commit charge ("private bytes"): 508M, peak: 516M

vm_info: Java HotSpot(TM) 64-Bit Server VM (25.0.1+8-LTS-27) for windows-amd64 JRE (25.0.1+8-LTS-27), built on 2025-09-25T16:41:16Z with unknown MS VC++:1943

END.
