#
# A fatal error has been detected by the Java Runtime Environment:
#
#  EXCEPTION_ACCESS_VIOLATION (0xc0000005) at pc=0x00007ffa1a4fe771, pid=4772, tid=10880
#
# JRE version: Java(TM) SE Runtime Environment (25.0.1+8) (build 25.0.1+8-LTS-27)
# Java VM: Java HotSpot(TM) 64-Bit Server VM (25.0.1+8-LTS-27, mixed mode, sharing, tiered, compressed oops, compressed class ptrs, g1 gc, windows-amd64)
# Problematic frame:
# C  [imgui-java64.dll+0x1ae771]
#
# No core dump will be written. Minidumps are not enabled by default on client versions of Windows
#
# If you would like to submit a bug report, please visit:
#   https://bugreport.java.com/bugreport/crash.jsp
# The crash happened outside the Java Virtual Machine in native code.
# See problematic frame for where to report the bug.
#

---------------  S U M M A R Y ------------

Command Line: --enable-native-access=ALL-UNNAMED --add-opens=java.base/sun.misc=ALL-UNNAMED --add-opens=java.base/java.nio=ALL-UNNAMED --enable-preview --enable-preview -Dfile.encoding=UTF-8 -Duser.country=IE -Duser.language=en -Duser.variant -ea Main java.library.path=libs

Host: AMD Ryzen 5 5600X 6-Core Processor             , 12 cores, 15G,  Windows 10 , 64 bit Build 19041 (10.0.19041.5915)
Time: Sun Feb 15 00:39:40 2026 GMT Standard Time elapsed time: 2.836500 seconds (0d 0h 0m 2s)

---------------  T H R E A D  ---------------

Current thread (0x00000256fa834d30):  JavaThread "main"             [_thread_in_native, id=10880, stack(0x0000009f92200000,0x0000009f92300000) (1024K)]

Stack: [0x0000009f92200000,0x0000009f92300000],  sp=0x0000009f922ff100,  free space=1020k
Native frames: (J=compiled Java code, j=interpreted, Vv=VM code, C=native code)
C  [imgui-java64.dll+0x1ae771]  (no source info available)
C  0x00000256902e2bff  (no source info available)

The last pc belongs to native nmethod (printed below).
Java frames: (J=compiled Java code, j=interpreted, Vv=VM code)
J 1675  imgui.ImGui.nEndMenu()V (0 bytes) @ 0x00000256902e2bc6 [0x00000256902e2b80+0x0000000000000046]
J 1635 c1 Rendering.ImGui.ImGuiMenubar.render()V (185 bytes) @ 0x00000256889b6bd4 [0x00000256889b5e80+0x0000000000000d54]
J 1634 c1 Rendering.ImGui.ImGuiEditor.render()V (89 bytes) @ 0x00000256889b33cc [0x00000256889b3320+0x00000000000000ac]
J 1604 c1 Rendering.ImGui.ImGuiWindow.render()V (29 bytes) @ 0x00000256889aa884 [0x00000256889aa600+0x0000000000000284]
j  Jade.Window.loop()V+58
j  Jade.Window.run()V+16
j  Main.main([Ljava/lang/String;)V+5
v  ~StubRoutines::call_stub 0x000002568fcf12ed

siginfo: EXCEPTION_ACCESS_VIOLATION (0xc0000005), reading address 0x0000000000004180


Registers:
RAX=0x00007ffa1a93c788, RBX=0x0000009f922ff1b0, RCX=0x00000256fa835178, RDX=0x0000009f922ff190
RSP=0x0000009f922ff100, RBP=0x0000009f922ff1a0, RSI=0x0000000000000000, RDI=0x0000000000000096
R8 =0x00007ffab8163dc8, R9 =0x0000000000000003, R10=0x00000256902e2bc6, R11=0x0000009f922ff0d0
R12=0x0000000000000000, R13=0x00000256889b6b7c, R14=0x0000009f922ff190, R15=0x00000256fa834d30
RIP=0x00007ffa1a4fe771, EFLAGS=0x0000000000010206

XMM[0]=0x0000000000000000 0x0000000000000000
XMM[1]=0x0000000000000000 0x0000000000000000
XMM[2]=0x0000000000000000 0x0000000000000000
XMM[3]=0x0000000000000000 0x0000000000000000
XMM[4]=0x0000000000000000 0x0000000000000000
XMM[5]=0x0000000000000000 0x0000000000000000
XMM[6]=0x0000000000000000 0x0000000000000000
XMM[7]=0x0000000000000000 0x0000000000000000
XMM[8]=0x0000000000000000 0x0000000000000000
XMM[9]=0x0000000000000000 0x0000000042480000
XMM[10]=0x0000000000000000 0x0000000000000000
XMM[11]=0x0000000000000000 0x0000000000000000
XMM[12]=0x0000000000000000 0x0000000000000000
XMM[13]=0x0000000000000000 0x0000000000000000
XMM[14]=0x0000000000000000 0x0000000000000000
XMM[15]=0x0000000000000000 0x0000000000000000
  MXCSR=0x00001fa0


Register to memory mapping:

RAX=0x00007ffa1a93c788 imgui-java64.dll
RBX=0x0000009f922ff1b0 is pointing into the stack for thread: 0x00000256fa834d30
RCX=0x00000256fa835178 points into unknown readable memory: 0x00000256a4b11070 | 70 10 b1 a4 56 02 00 00
RDX=0x0000009f922ff190 is pointing into the stack for thread: 0x00000256fa834d30
RSP=0x0000009f922ff100 is pointing into the stack for thread: 0x00000256fa834d30
RBP=0x0000009f922ff1a0 is pointing into the stack for thread: 0x00000256fa834d30
RSI=0x0 is null
RDI=0x0000000000000096 is an unknown value
R8 =0x00007ffab8163dc8 lwjgl.dll
R9 =0x0000000000000003 is an unknown value
R10=0x00000256902e2bc6 is at entry_point+70 in (nmethod*)0x00000256902e2a88
Compiled method (n/a) 2902 1675     n 0       imgui.ImGui::nEndMenu (native)
 total in heap  [0x00000256902e2a88,0x00000256902e2cf0] = 616
 main code      [0x00000256902e2b80,0x00000256902e2ce2] = 354
 stub code      [0x00000256902e2ce2,0x00000256902e2ce8] = 6
 oops           [0x00000256902e2ce8,0x00000256902e2cf0] = 8
 mutable data [0x00000256a4c2da50,0x00000256a4c2da70] = 32
 relocation     [0x00000256a4c2da50,0x00000256a4c2da70] = 32
R11=0x0000009f922ff0d0 is pointing into the stack for thread: 0x00000256fa834d30
R12=0x0 is null
R13=0x00000256889b6b7c is at entry_point+3306 in (nmethod*)0x00000256889b5d88
Compiled method (c1) 2902 1635       3       Rendering.ImGui.ImGuiMenubar::render (185 bytes)
 total in heap  [0x00000256889b5d88,0x00000256889b7770] = 6632
 main code      [0x00000256889b5e80,0x00000256889b7568] = 5864
 stub code      [0x00000256889b7568,0x00000256889b76a0] = 312
 oops           [0x00000256889b76a0,0x00000256889b7770] = 208
 mutable data [0x00000256a5083ad0,0x00000256a5083f00] = 1072
 relocation     [0x00000256a5083ad0,0x00000256a5083e40] = 880
 metadata       [0x00000256a5083e40,0x00000256a5083f00] = 192
 immutable data [0x00000256a5083260,0x00000256a5083ac0] = 2144
 dependencies   [0x00000256a5083260,0x00000256a5083298] = 56
 nul chk table  [0x00000256a5083298,0x00000256a50832c8] = 48
 scopes pcs     [0x00000256a50832c8,0x00000256a5083768] = 1184
 scopes data    [0x00000256a5083768,0x00000256a5083ac0] = 856
R14=0x0000009f922ff190 is pointing into the stack for thread: 0x00000256fa834d30
R15=0x00000256fa834d30 is a thread

Top of Stack: (sp=0x0000009f922ff100)
0x0000009f922ff100:   0000000000000000 00000007104d1168   ........h.M.....
0x0000009f922ff110:   000002569e4aa650 0000000000000000   P.J.V...........
0x0000009f922ff120:   0000009f922ff1b0 000002569e973230   ../.....02..V...
0x0000009f922ff130:   0000000000000096 00000256902e2bff   .........+..V...
0x0000009f922ff140:   fffffffffffffff7 000002569e416695   .........fA.V...
0x0000009f922ff150:   0000000000000004 000002569e43fe70   ........p.C.V...
0x0000009f922ff160:   000002569e974878 0000000710916b70   xH..V...pk......
0x0000009f922ff170:   000002569e4166c0 0000000000000000   .fA.V...........
0x0000009f922ff180:   0000009f922ff1b0 0000009f922ff4c0   ../......./.....
0x0000009f922ff190:   00000007103cc3c8 000000070fa734c8   ..<......4......
0x0000009f922ff1a0:   0000009f922ff4c0 00000256889b6bd4   ../......k..V...
0x0000009f922ff1b0:   0000000000000000 0000000000000001   ................
0x0000009f922ff1c0:   0000000100000000 0000000000000000   ................
0x0000009f922ff1d0:   0000000000000000 0000000000000000   ................
0x0000009f922ff1e0:   0000000000000000 0000000000000000   ................
0x0000009f922ff1f0:   0000000000000000 0000000000000000   ................
0x0000009f922ff200:   0000000042480000 0000000000000000   ..HB............
0x0000009f922ff210:   0000000000000000 0000000000000000   ................
0x0000009f922ff220:   0000000000000000 0000000000000000   ................
0x0000009f922ff230:   0000000000000000 0000000710a6c4a8   ................
0x0000009f922ff240:   0000000710a69818 0000000000000000   ................
0x0000009f922ff250:   0000000000000000 0000000000000000   ................
0x0000009f922ff260:   0000009f922ff4c0 00000256889b33cc   ../......3..V...
0x0000009f922ff270:   000000007f7fffff 000002569dd92aa0   .........*..V...
0x0000009f922ff280:   000002569dd92aa0 0000000000000000   .*..V...........
0x0000009f922ff290:   0000000000000000 0000000000000000   ................
0x0000009f922ff2a0:   0000000000000000 0000000000000000   ................
0x0000009f922ff2b0:   000002569dd92aa0 00007ffa1a3b62ae   .*..V....b;.....
0x0000009f922ff2c0:   00007ffa1a87f19b 0000000000000000   ................
0x0000009f922ff2d0:   0000009f922ff380 00007ffa1a3f725c   ../.....\r?.....
0x0000009f922ff2e0:   0000000700000804 00007ffab31345eb   .........E......
0x0000009f922ff2f0:   0000000700000000 0000009f922ff310   ........../.....

Instructions: (pc=0x00007ffa1a4fe771)
  0x00007ffa1a4fe671:   84 9b fc ff ff c6 44 24 44 00 e9 c0 fd ff ff f3
  0x00007ffa1a4fe681:   44 0f 10 15 07 18 3a 00 f3 0f 10 0d ef 17 3a 00
  0x00007ffa1a4fe691:   44 0f 10 c0 f3 0f 10 3d 83 17 3a 00 e9 ed fe ff
  0x00007ffa1a4fe6a1:   ff 8b 93 ec 41 00 00 85 d2 74 0a 44 22 6c 24 44
  0x00007ffa1a4fe6b1:   e9 75 f9 ff ff 44 0f b6 6c 24 30 44 22 6c 24 44
  0x00007ffa1a4fe6c1:   41 39 c7 0f 84 2a fd ff ff 44 88 6c 24 44 e9 7c
  0x00007ffa1a4fe6d1:   f9 ff ff 0f b6 44 24 43 c6 44 24 48 00 41 bd 01
  0x00007ffa1a4fe6e1:   00 00 00 83 f0 01 88 44 24 44 e9 60 f9 ff ff 0f
  0x00007ffa1a4fe6f1:   b6 44 24 43 34 01 74 48 80 7c 24 30 00 0f 85 9b
  0x00007ffa1a4fe701:   fb ff ff 45 84 ed 74 38 80 7c 24 44 00 0f 84 8b
  0x00007ffa1a4fe711:   fb ff ff f3 0f 10 83 e0 41 00 00 0f 2f 05 05 18
  0x00007ffa1a4fe721:   3a 00 0f 82 17 fd ff ff f3 0f 10 83 04 51 00 00
  0x00007ffa1a4fe731:   0f 2f 05 f0 17 3a 00 41 0f 93 c5 e9 ea f8 ff ff
  0x00007ffa1a4fe741:   88 44 24 44 e9 f6 fc ff ff 66 0f 1f 44 00 00 44
  0x00007ffa1a4fe751:   0f b6 c2 31 d2 e9 d5 f1 ff ff 0f 1f 44 00 00 57
  0x00007ffa1a4fe761:   56 53 48 83 ec 20 48 8b 05 42 df 3c 00 48 8b 30
=>0x00007ffa1a4fe771:   48 8b 9e 80 41 00 00 f6 43 17 04 74 7a 48 8b bb
  0x00007ffa1a4fe781:   b8 03 00 00 0f b7 83 10 01 00 00 66 39 83 0e 01
  0x00007ffa1a4fe791:   00 00 74 13 48 83 c4 20 5b 5e 5f e9 df df e8 ff
  0x00007ffa1a4fe7a1:   0f 1f 80 00 00 00 00 8b 86 f0 4d 00 00 85 c0 75
  0x00007ffa1a4fe7b1:   e3 e8 e9 9b e8 ff 84 c0 74 da 48 8b 86 48 4d 00
  0x00007ffa1a4fe7c1:   00 48 85 c0 74 ce 48 39 98 e8 03 00 00 75 c5 83
  0x00007ffa1a4fe7d1:   bf fc 01 00 00 01 75 bc 8b 8e a8 4c 00 00 ba 01
  0x00007ffa1a4fe7e1:   00 00 00 83 e9 01 e8 e4 8a e9 ff e8 6f 9f e8 ff
  0x00007ffa1a4fe7f1:   eb a2 0f 1f 44 00 00 e8 d3 91 05 00 84 c0 75 27
  0x00007ffa1a4fe801:   f6 43 17 04 0f 85 73 ff ff ff 41 b8 40 1e 00 00
  0x00007ffa1a4fe811:   48 8d 15 e8 f7 39 00 48 8d 0d 89 09 3a 00 ff 15
  0x00007ffa1a4fe821:   5b 1e 65 00 0f 1f 00 4c 8d 05 d1 f7 39 00 ba 40
  0x00007ffa1a4fe831:   1e 00 00 48 8d 0d 6d 09 3a 00 e8 d0 90 05 00 e9
  0x00007ffa1a4fe841:   39 ff ff ff 66 66 2e 0f 1f 84 00 00 00 00 00 41
  0x00007ffa1a4fe851:   57 41 56 41 55 41 54 55 57 56 53 48 81 ec b8 00
  0x00007ffa1a4fe861:   00 00 0f 11 74 24 40 0f 11 7c 24 50 44 0f 11 44


Stack slot to memory mapping:

stack at sp + 0 slots: 0x0 is null
stack at sp + 1 slots: 0x00000007104d1168 is an oop: java.lang.Class 
{0x00000007104d1168} - klass: 'java/lang/Class' - flags: 

 - ---- fields (total size 39 words):
 - private volatile transient 'classRedefinedCount' 'I' @12  0 (0x00000000)
 - injected 'klass' 'J' @16  335854608 (0x000000001404bc10)
 - injected 'array_klass' 'J' @24  0 (0x0000000000000000)
 - injected 'oop_size' 'I' @32  39 (0x00000027)
 - injected 'static_oop_field_count' 'I' @36  21 (0x00000015)
 - private final transient 'modifiers' 'C' @40    1 (0x0001)
 - private final transient 'primitive' 'Z' @42  false (0x00)
 - private volatile transient 'cachedConstructor' 'Ljava/lang/reflect/Constructor;' @44  null (0x00000000)
 - private transient 'name' 'Ljava/lang/String;' @48  "org.lwjgl.system.libffi.LibFFI"{0x00000007104d12b0} (0xe209a256)
 - private transient 'module' 'Ljava/lang/Module;' @52  a 'java/lang/Module'{0x0000000710a242b0} (0xe2144856)
 - private final 'classLoader' 'Ljava/lang/ClassLoader;' @56  a 'jdk/internal/loader/ClassLoaders$AppClassLoader'{0x0000000710a24138} (0xe2144827)
 - private transient 'classData' 'Ljava/lang/Object;' @60  null (0x00000000)
 - private transient 'signers' '[Ljava/lang/Object;' @64  null (0x00000000)
 - private transient 'packageName' 'Ljava/lang/String;' @68  "org.lwjgl.system.libffi"{0x00000007104c0660} (0xe20980cc)
 - private final transient 'componentType' 'Ljava/lang/Class;' @72  null (0x00000000)
 - private final transient 'protectionDomain' 'Ljava/security/ProtectionDomain;' @76  a 'java/security/ProtectionDomain'{0x00000007108f9070} (0xe211f20e)
 - private volatile transient 'reflectionData' 'Ljava/lang/ref/SoftReference;' @80  null (0x00000000)
 - private volatile transient 'genericInfo' 'Lsun/reflect/generics/repository/ClassRepository;' @84  null (0x00000000)
 - private volatile transient 'enumConstants' '[Ljava/lang/Object;' @88  null (0x00000000)
 - private volatile transient 'enumConstantDirectory' 'Ljava/util/Map;' @92  null (0x00000000)
 - private volatile transient 'annotationData' 'Ljava/lang/Class$AnnotationData;' @96  null (0x00000000)
 - private volatile transient 'annotationType' 'Lsun/reflect/annotation/AnnotationType;' @100  null (0x00000000)
 - transient 'classValueMap' 'Ljava/lang/ClassValue$ClassValueMap;' @104  null (0x00000000)
 - injected 'source_file' 'Ljava/lang/Object;' @108  null (0x00000000)
 - injected '<init_lock>' 'Ljava/lang/Object;' @112  null (0x00000000)
 - signature: Lorg/lwjgl/system/libffi/LibFFI;
 - ---- static fields (21):
 - public static final 'FFI_TYPE_VOID' 'S' @280  0 (0x0000)
 - public static final 'FFI_TYPE_INT' 'S' @282  1 (0x0001)
 - public static final 'FFI_TYPE_FLOAT' 'S' @284  2 (0x0002)
 - public static final 'FFI_TYPE_DOUBLE' 'S' @286  3 (0x0003)
 - public static final 'FFI_TYPE_LONGDOUBLE' 'S' @288  3 (0x0003)
 - public static final 'FFI_TYPE_UINT8' 'S' @290  5 (0x0005)
 - public static final 'FFI_TYPE_SINT8' 'S' @292  6 (0x0006)
 - public static final 'FFI_TYPE_UINT16' 'S' @294  7 (0x0007)
 - public static final 'FFI_TYPE_SINT16' 'S' @296  8 (0x0008)
 - public static final 'FFI_TYPE_UINT32' 'S' @298  9 (0x0009)
 - public static final 'FFI_TYPE_SINT32' 'S' @300  10 (0x000a)
 - public static final 'FFI_TYPE_UINT64' 'S' @302  11 (0x000b)
 - public static final 'FFI_TYPE_SINT64' 'S' @304  12 (0x000c)
 - public static final 'FFI_TYPE_STRUCT' 'S' @306  13 (0x000d)
 - public static final 'FFI_TYPE_POINTER' 'S' @308  14 (0x000e)
 - public static final 'FFI_FIRST_ABI' 'I' @204  0 (0x00000000)
 - public static final 'FFI_WIN64' 'I' @208  1 (0x00000001)
 - public static final 'FFI_GNUW64' 'I' @212  2 (0x00000002)
 - public static final 'FFI_UNIX64' 'I' @216  -1 (0xffffffff)
 - public static final 'FFI_EFI64' 'I' @220  -1 (0xffffffff)
 - public static final 'FFI_SYSV' 'I' @224  -1 (0xffffffff)
 - public static final 'FFI_STDCALL' 'I' @228  -1 (0xffffffff)
 - public static final 'FFI_THISCALL' 'I' @232  -1 (0xffffffff)
 - public static final 'FFI_FASTCALL' 'I' @236  -1 (0xffffffff)
 - public static final 'FFI_MS_CDECL' 'I' @240  -1 (0xffffffff)
 - public static final 'FFI_PASCAL' 'I' @244  -1 (0xffffffff)
 - public static final 'FFI_REGISTER' 'I' @248  -1 (0xffffffff)
 - public static final 'FFI_VFP' 'I' @252  -1 (0xffffffff)
 - public static final 'FFI_LAST_ABI' 'I' @256  3 (0x00000003)
 - public static final 'FFI_DEFAULT_ABI' 'I' @260  1 (0x00000001)
 - public static final 'FFI_OK' 'I' @264  0 (0x00000000)
 - public static final 'FFI_BAD_TYPEDEF' 'I' @268  1 (0x00000001)
 - public static final 'FFI_BAD_ABI' 'I' @272  2 (0x00000002)
 - public static final 'FFI_BAD_ARGTYPE' 'I' @276  3 (0x00000003)
 - public static final 'ffi_type_void' 'Lorg/lwjgl/system/libffi/FFIType;' @120  a 'org/lwjgl/system/libffi/FFIType'{0x00000007104d9780} (0xe209b2f0)
 - public static final 'ffi_type_uint8' 'Lorg/lwjgl/system/libffi/FFIType;' @124  a 'org/lwjgl/system/libffi/FFIType'{0x00000007104d9868} (0xe209b30d)
 - public static final 'ffi_type_sint8' 'Lorg/lwjgl/system/libffi/FFIType;' @128  a 'org/lwjgl/system/libffi/FFIType'{0x00000007104d9950} (0xe209b32a)
 - public static final 'ffi_type_uint16' 'Lorg/lwjgl/system/libffi/FFIType;' @132  a 'org/lwjgl/system/libffi/FFIType'{0x00000007104d9a38} (0xe209b347)
 - public static final 'ffi_type_sint16' 'Lorg/lwjgl/system/libffi/FFIType;' @136  a 'org/lwjgl/system/libffi/FFIType'{0x00000007104d9b20} (0xe209b364)
 - public static final 'ffi_type_uint32' 'Lorg/lwjgl/system/libffi/FFIType;' @140  a 'org/lwjgl/system/libffi/FFIType'{0x00000007104d9c08} (0xe209b381)
 - public static final 'ffi_type_sint32' 'Lorg/lwjgl/system/libffi/FFIType;' @144  a 'org/lwjgl/system/libffi/FFIType'{0x00000007104d9cf0} (0xe209b39e)
 - public static final 'ffi_type_uint64' 'Lorg/lwjgl/system/libffi/FFIType;' @148  a 'org/lwjgl/system/libffi/FFIType'{0x00000007104d9dd8} (0xe209b3bb)
 - public static final 'ffi_type_sint64' 'Lorg/lwjgl/system/libffi/FFIType;' @152  a 'org/lwjgl/system/libffi/FFIType'{0x00000007104d9ec0} (0xe209b3d8)
 - public static final 'ffi_type_uchar' 'Lorg/lwjgl/system/libffi/FFIType;' @156  a 'org/lwjgl/system/libffi/FFIType'{0x00000007104d9fa8} (0xe209b3f5)
 - public static final 'ffi_type_schar' 'Lorg/lwjgl/system/libffi/FFIType;' @160  a 'org/lwjgl/system/libffi/FFIType'{0x00000007104da090} (0xe209b412)
 - public static final 'ffi_type_ushort' 'Lorg/lwjgl/system/libffi/FFIType;' @164  a 'org/lwjgl/system/libffi/FFIType'{0x00000007104da178} (0xe209b42f)
 - public static final 'ffi_type_sshort' 'Lorg/lwjgl/system/libffi/FFIType;' @168  a 'org/lwjgl/system/libffi/FFIType'{0x00000007104da260} (0xe209b44c)
 - public static final 'ffi_type_uint' 'Lorg/lwjgl/system/libffi/FFIType;' @172  a 'org/lwjgl/system/libffi/FFIType'{0x00000007104da348} (0xe209b469)
 - public static final 'ffi_type_sint' 'Lorg/lwjgl/system/libffi/FFIType;' @176  a 'org/lwjgl/system/libffi/FFIType'{0x00000007104da430} (0xe209b486)
 - public static final 'ffi_type_ulong' 'Lorg/lwjgl/system/libffi/FFIType;' @180  a 'org/lwjgl/system/libffi/FFIType'{0x00000007104da518} (0xe209b4a3)
 - public static final 'ffi_type_slong' 'Lorg/lwjgl/system/libffi/FFIType;' @184  a 'org/lwjgl/system/libffi/FFIType'{0x00000007104da600} (0xe209b4c0)
 - public static final 'ffi_type_float' 'Lorg/lwjgl/system/libffi/FFIType;' @188  a 'org/lwjgl/system/libffi/FFIType'{0x00000007104da6e8} (0xe209b4dd)
 - public static final 'ffi_type_double' 'Lorg/lwjgl/system/libffi/FFIType;' @192  a 'org/lwjgl/system/libffi/FFIType'{0x00000007104da7d0} (0xe209b4fa)
 - public static final 'ffi_type_longdouble' 'Lorg/lwjgl/system/libffi/FFIType;' @196  a 'org/lwjgl/system/libffi/FFIType'{0x00000007104da8c8} (0xe209b519)
 - public static final 'ffi_type_pointer' 'Lorg/lwjgl/system/libffi/FFIType;' @200  a 'org/lwjgl/system/libffi/FFIType'{0x00000007104da9b8} (0xe209b537)
stack at sp + 2 slots: {method} {0x000002569e4aa658} 'ffi_closure_free' '(Lorg/lwjgl/system/libffi/FFIClosure;)V' in 'org/lwjgl/system/libffi/LibFFI'
stack at sp + 3 slots: 0x0 is null
stack at sp + 4 slots: 0x0000009f922ff1b0 is pointing into the stack for thread: 0x00000256fa834d30
stack at sp + 5 slots: 0x000002569e973230 is pointing into metadata
stack at sp + 6 slots: 0x0000000000000096 is an unknown value
stack at sp + 7 slots: 0x00000256902e2bff is at entry_point+127 in (nmethod*)0x00000256902e2a88
Compiled method (n/a) 2910 1675     n 0       imgui.ImGui::nEndMenu (native)
 total in heap  [0x00000256902e2a88,0x00000256902e2cf0] = 616
 main code      [0x00000256902e2b80,0x00000256902e2ce2] = 354
 stub code      [0x00000256902e2ce2,0x00000256902e2ce8] = 6
 oops           [0x00000256902e2ce8,0x00000256902e2cf0] = 8
 mutable data [0x00000256a4c2da50,0x00000256a4c2da70] = 32
 relocation     [0x00000256a4c2da50,0x00000256a4c2da70] = 32

Lock stack of current Java thread (top to bottom):


Compiled method (n/a) 2911 1675     n 0       imgui.ImGui::nEndMenu (native)
 total in heap  [0x00000256902e2a88,0x00000256902e2cf0] = 616
 main code      [0x00000256902e2b80,0x00000256902e2ce2] = 354
 stub code      [0x00000256902e2ce2,0x00000256902e2ce8] = 6
 oops           [0x00000256902e2ce8,0x00000256902e2cf0] = 8
 mutable data [0x00000256a4c2da50,0x00000256a4c2da70] = 32
 relocation     [0x00000256a4c2da50,0x00000256a4c2da70] = 32

[Constant Pool (empty)]

[MachCode]
[Entry Point]
  # {method} {0x000002569e6393c8} 'nEndMenu' '()V' in 'imgui/ImGui'
  #           [sp+0x70]  (sp of caller)
  0x00000256902e2b80: 6690 448b | 5208 443b 

  0x00000256902e2b88: ;   {runtime_call Shared Runtime ic_miss_blob}
  0x00000256902e2b88: 5008 0f85 | 50bf a5ff 
[Verified Entry Point]
  0x00000256902e2b90: 8984 2400 | 80ff ff55 | 488b ec48 | 83ec 6090 | 4181 7f20 | 0100 0000 

  0x00000256902e2ba8: ;   {runtime_call Stub::method_entry_barrier}
  0x00000256902e2ba8: 7405 e891 

  0x00000256902e2bac: ;   {oop(a 'java/lang/Class'{0x00000007103cc3c8} = 'imgui/ImGui')}
  0x00000256902e2bac: 16a4 ff49 | bec8 c33c | 1007 0000 | 004c 8974 | 2450 4c8d | 7424 5049 | 8bd6 c5f8 

  0x00000256902e2bc8: ;   {internal_word}
  0x00000256902e2bc8: 7749 bac6 | 2b2e 9056 | 0200 004d | 8997 3004 | 0000 4989 | a728 0400 | 0049 8d8f | 4804 0000 
  0x00000256902e2be8: 41c7 87d4 | 0400 0004 

  0x00000256902e2bf0: ;   {runtime_call}
  0x00000256902e2bf0: 0000 0048 | b8d0 2b3f | 1afa 7f00 | 00ff d0c5 | f877 41c7 | 87d4 0400 | 0005 0000 | 00f0 8344 
  0x00000256902e2c10: 24c0 0049 | 3b6f 280f | 870e 0000 | 0041 83bf | d004 0000 | 000f 8423 | 0000 00c5 | f877 498b 
  0x00000256902e2c30: cf4c 8be4 | 4883 ec20 | 4883 e4f0 

  0x00000256902e2c3c: ;   {runtime_call}
  0x00000256902e2c3c: 48b8 a0ac | a216 fa7f | 0000 ffd0 | 498b e44d | 33e4 41c7 | 87d4 0400 | 0008 0000 | 0041 83bf 
  0x00000256902e2c5c: 5005 0000 | 020f 8459 | 0000 0049 | c787 2804 | 0000 0000 | 0000 49c7 | 8730 0400 | 0000 0000 
  0x00000256902e2c7c: 00c5 f877 | 498b 8fb8 | 0400 00c7 | 8100 0100 | 0000 0000 

  0x00000256902e2c90: ;   {poll_return}
  0x00000256902e2c90: 00c9 41f6 | 4728 0174 

  0x00000256902e2c98: ;   {internal_word}
  0x00000256902e2c98: 1649 ba92 | 2c2e 9056 | 0200 004d | 8997 e004 

  0x00000256902e2ca8: ;   {runtime_call SafepointBlob}
  0x00000256902e2ca8: 0000 e9b1 | e2a5 ff49 | 837f 0800 | 0f85 0100 

  0x00000256902e2cb8: ;   {runtime_call Stub::forward_exception}
  0x00000256902e2cb8: 0000 c3e9 | 20e5 a0ff | c5f8 774c | 8be4 4883 | ec20 4883 

  0x00000256902e2ccc: ;   {runtime_call}
  0x00000256902e2ccc: e4f0 48b8 | 10f7 db16 | fa7f 0000 | ffd0 498b | e44d 33e4 | eb85 f4f4 | f4f4 f4f4 
[/MachCode]


Compiled method (c1) 2913 1635       3       Rendering.ImGui.ImGuiMenubar::render (185 bytes)
 total in heap  [0x00000256889b5d88,0x00000256889b7770] = 6632
 main code      [0x00000256889b5e80,0x00000256889b7568] = 5864
 stub code      [0x00000256889b7568,0x00000256889b76a0] = 312
 oops           [0x00000256889b76a0,0x00000256889b7770] = 208
 mutable data [0x00000256a5083ad0,0x00000256a5083f00] = 1072
 relocation     [0x00000256a5083ad0,0x00000256a5083e40] = 880
 metadata       [0x00000256a5083e40,0x00000256a5083f00] = 192
 immutable data [0x00000256a5083260,0x00000256a5083ac0] = 2144
 dependencies   [0x00000256a5083260,0x00000256a5083298] = 56
 nul chk table  [0x00000256a5083298,0x00000256a50832c8] = 48
 scopes pcs     [0x00000256a50832c8,0x00000256a5083768] = 1184
 scopes data    [0x00000256a5083768,0x00000256a5083ac0] = 856

[Constant Pool (empty)]

[MachCode]
[Instructions begin]
  0x00000256889b5e80: 660f 1f84 | 0000 0000 | 0066 0f1f | 8400 0000 | 0000 448b | 5208 443b 

  0x00000256889b5e98: ;   {runtime_call Shared Runtime ic_miss_blob}
  0x00000256889b5e98: 5008 0f85 | 408c 3807 
[Verified Entry Point]
  0x00000256889b5ea0: 8984 2400 | 80ff ff55 | 4881 ecb0 | 0000 0090 | 4181 7f20 | 0100 0000 

  0x00000256889b5eb8: ;   {runtime_call Stub::method_entry_barrier}
  0x00000256889b5eb8: 7405 e881 

  0x00000256889b5ebc: ;   {metadata(method data for {method} {0x000002569e43ae80} 'render' '()V' in 'Rendering/ImGui/ImGuiMenubar')}
  0x00000256889b5ebc: e336 0748 | be88 2097 | 9e56 0200 | 008b be90 | 0000 0083 | c702 89be | 9000 0000 | 81e7 fe07 
  0x00000256889b5edc: 0000 85ff | 0f84 a111 

  0x00000256889b5ee4: ;   {metadata(method data for {method} {0x000002569e43ae80} 'render' '()V' in 'Rendering/ImGui/ImGuiMenubar')}
  0x00000256889b5ee4: 0000 48be | 8820 979e | 5602 0000 | 4883 86d8 | 0000 0001 

  0x00000256889b5ef8: ;   {metadata(method data for {method} {0x000002569e638e10} 'beginMainMenuBar' '()Z' in 'imgui/ImGui')}
  0x00000256889b5ef8: 48be e02f | 979e 5602 | 0000 8bbe | 9000 0000 | 83c7 0289 | be90 0000 | 0081 e7fe | ff1f 0085 
  0x00000256889b5f18: ff0f 8489 

  0x00000256889b5f1c: ;   {metadata(method data for {method} {0x000002569e638e10} 'beginMainMenuBar' '()Z' in 'imgui/ImGui')}
  0x00000256889b5f1c: 1100 0048 | bee0 2f97 | 9e56 0200 | 0048 8386 | d800 0000 | 0166 0f1f 

  0x00000256889b5f34: ;   {static_call}
  0x00000256889b5f34: 4400 00e8 

  0x00000256889b5f38: ; ImmutableOopMap {}
                      ;*invokestatic nBeginMainMenuBar {reexecute=0 rethrow=0 return_oop=0}
                      ; - imgui.ImGui::beginMainMenuBar@0 (line 10091)
                      ; - Rendering.ImGui.ImGuiMenubar::render@0 (line 15)
  0x00000256889b5f38: 5444 9207 

  0x00000256889b5f3c: ;   {post_call_nop}
  0x00000256889b5f3c: 0f1f 8400 | b401 0000 | 83e0 0185 

  0x00000256889b5f48: ;   {metadata(method data for {method} {0x000002569e43ae80} 'render' '()V' in 'Rendering/ImGui/ImGuiMenubar')}
  0x00000256889b5f48: c048 ba88 | 2097 9e56 | 0200 00be | e800 0000 | 7405 bef8 | 0000 0048 | 8b3c 3248 | 8d7f 0148 
  0x00000256889b5f68: 893c 320f | 8403 1100 

  0x00000256889b5f70: ;   {metadata(method data for {method} {0x000002569e43ae80} 'render' '()V' in 'Rendering/ImGui/ImGuiMenubar')}
  0x00000256889b5f70: 0048 ba88 | 2097 9e56 | 0200 0048 | 8382 0801 

  0x00000256889b5f80: ;   {metadata(method data for {method} {0x000002569e6390a0} 'beginMenu' '(Ljava/lang/String;)Z' in 'imgui/ImGui')}
  0x00000256889b5f80: 0000 0148 | ba70 3d96 | 9e56 0200 | 008b b290 | 0000 0083 | c602 89b2 | 9000 0000 | 81e6 feff 
  0x00000256889b5fa0: 1f00 85f6 | 0f84 1f11 

  0x00000256889b5fa8: ;   {metadata(method data for {method} {0x000002569e6390a0} 'beginMenu' '(Ljava/lang/String;)Z' in 'imgui/ImGui')}
  0x00000256889b5fa8: 0000 48ba | 703d 969e | 5602 0000 | 4883 82d8 | 0000 0001 

  0x00000256889b5fbc: ;   {oop("File"{0x000000070fdd4b00})}
  0x00000256889b5fbc: 48ba 004b | dd0f 0700 

  0x00000256889b5fc4: ;   {static_call}
  0x00000256889b5fc4: 0000 90e8 

  0x00000256889b5fc8: ; ImmutableOopMap {}
                      ;*invokestatic nBeginMenu {reexecute=0 rethrow=0 return_oop=0}
                      ; - imgui.ImGui::beginMenu@1 (line 10113)
                      ; - Rendering.ImGui.ImGuiMenubar::render@8 (line 17)
  0x00000256889b5fc8: 4480 9107 

  0x00000256889b5fcc: ;   {post_call_nop}
  0x00000256889b5fcc: 0f1f 8400 | 4402 0001 | 83e0 0185 

  0x00000256889b5fd8: ;   {metadata(method data for {method} {0x000002569e43ae80} 'render' '()V' in 'Rendering/ImGui/ImGuiMenubar')}
  0x00000256889b5fd8: c048 ba88 | 2097 9e56 | 0200 0041 | b818 0100 | 0074 0641 | b828 0100 | 004e 8b0c | 024d 8d49 
  0x00000256889b5ff8: 014e 890c | 020f 84d9 

  0x00000256889b6000: ;   {metadata(method data for {method} {0x000002569e43ae80} 'render' '()V' in 'Rendering/ImGui/ImGuiMenubar')}
  0x00000256889b6000: 0b00 0048 | ba88 2097 | 9e56 0200 | 0048 8382 | 3801 0000 

  0x00000256889b6014: ;   {metadata(method data for {method} {0x000002569e639a38} 'menuItem' '(Ljava/lang/String;Ljava/lang/String;ZZ)Z' in 'imgui/ImGui')}
  0x00000256889b6014: 0148 ba60 | 5f96 9e56 | 0200 0044 | 8b82 9000 | 0000 4183 | c002 4489 | 8290 0000 | 0041 81e0 
  0x00000256889b6034: feff 1f00 | 4585 c00f | 84a9 1000 

  0x00000256889b6040: ;   {metadata(method data for {method} {0x000002569e639a38} 'menuItem' '(Ljava/lang/String;Ljava/lang/String;ZZ)Z' in 'imgui/ImGui')}
  0x00000256889b6040: 0048 ba60 | 5f96 9e56 | 0200 0048 | 8382 d800 

  0x00000256889b6050: ;   {oop("New"{0x000000070fa42ed8})}
  0x00000256889b6050: 0000 0148 | bad8 2ea4 | 0f07 0000 

  0x00000256889b605c: ;   {oop("Ctrl+N"{0x000000070fa42f08})}
  0x00000256889b605c: 0049 b808 | 2fa4 0f07 | 0000 0041 | b900 0000 | 00bf 0100 | 0000 0f1f 

  0x00000256889b6074: ;   {static_call}
  0x00000256889b6074: 4400 00e8 

  0x00000256889b6078: ; ImmutableOopMap {}
                      ;*invokestatic nMenuItem {reexecute=0 rethrow=0 return_oop=0}
                      ; - imgui.ImGui::menuItem@4 (line 10208)
                      ; - Rendering.ImGui.ImGuiMenubar::render@20 (line 18)
  0x00000256889b6078: 14b1 9207 

  0x00000256889b607c: ;   {post_call_nop}
  0x00000256889b607c: 0f1f 8400 | f402 0002 

  0x00000256889b6084: ;   {metadata(method data for {method} {0x000002569e43ae80} 'render' '()V' in 'Rendering/ImGui/ImGuiMenubar')}
  0x00000256889b6084: 48ba 8820 | 979e 5602 | 0000 4883 | 8248 0100 

  0x00000256889b6094: ;   {metadata(method data for {method} {0x000002569e639a38} 'menuItem' '(Ljava/lang/String;Ljava/lang/String;ZZ)Z' in 'imgui/ImGui')}
  0x00000256889b6094: 0001 48ba | 605f 969e | 5602 0000 | 448b 8290 | 0000 0041 | 83c0 0244 | 8982 9000 | 0000 4181 
  0x00000256889b60b4: e0fe ff1f | 0045 85c0 | 0f84 4910 

  0x00000256889b60c0: ;   {metadata(method data for {method} {0x000002569e639a38} 'menuItem' '(Ljava/lang/String;Ljava/lang/String;ZZ)Z' in 'imgui/ImGui')}
  0x00000256889b60c0: 0000 48ba | 605f 969e | 5602 0000 | 4883 82d8 | 0000 0001 

  0x00000256889b60d4: ;   {oop("Open"{0x000000070fa430d0})}
  0x00000256889b60d4: 48ba d030 | a40f 0700 

  0x00000256889b60dc: ;   {oop("Ctrl+O"{0x000000070fa43100})}
  0x00000256889b60dc: 0000 49b8 | 0031 a40f | 0700 0000 | 41b9 0000 | 0000 bf01 | 0000 000f 

  0x00000256889b60f4: ;   {static_call}
  0x00000256889b60f4: 1f40 00e8 

  0x00000256889b60f8: ; ImmutableOopMap {}
                      ;*invokestatic nMenuItem {reexecute=0 rethrow=0 return_oop=0}
                      ; - imgui.ImGui::menuItem@4 (line 10208)
                      ; - Rendering.ImGui.ImGuiMenubar::render@30 (line 19)
  0x00000256889b60f8: 94b0 9207 

  0x00000256889b60fc: ;   {post_call_nop}
  0x00000256889b60fc: 0f1f 8400 | 7403 0003 

  0x00000256889b6104: ;   {metadata(method data for {method} {0x000002569e43ae80} 'render' '()V' in 'Rendering/ImGui/ImGuiMenubar')}
  0x00000256889b6104: 48ba 8820 | 979e 5602 | 0000 4883 | 8258 0100 

  0x00000256889b6114: ;   {metadata(method data for {method} {0x000002569e639158} 'beginMenu' '(Ljava/lang/String;Z)Z' in 'imgui/ImGui')}
  0x00000256889b6114: 0001 48ba | 0031 979e | 5602 0000 | 448b 8290 | 0000 0041 | 83c0 0244 | 8982 9000 | 0000 4181 
  0x00000256889b6134: e0fe ff1f | 0045 85c0 | 0f84 ea0f 

  0x00000256889b6140: ;   {metadata(method data for {method} {0x000002569e639158} 'beginMenu' '(Ljava/lang/String;Z)Z' in 'imgui/ImGui')}
  0x00000256889b6140: 0000 48ba | 0031 979e | 5602 0000 | 4883 82d8 | 0000 0001 

  0x00000256889b6154: ;   {oop("Open Recent"{0x000000070fa43130})}
  0x00000256889b6154: 48ba 3031 | a40f 0700 | 0000 41b8 | 0000 0000 

  0x00000256889b6164: ;   {static_call}
  0x00000256889b6164: 6666 90e8 

  0x00000256889b6168: ; ImmutableOopMap {}
                      ;*invokestatic nBeginMenu {reexecute=0 rethrow=0 return_oop=0}
                      ; - imgui.ImGui::beginMenu@2 (line 10120)
                      ; - Rendering.ImGui.ImGuiMenubar::render@37 (line 21)
  0x00000256889b6168: 24c7 9207 

  0x00000256889b616c: ;   {post_call_nop}
  0x00000256889b616c: 0f1f 8400 | e403 0004 | 83e0 0185 

  0x00000256889b6178: ;   {metadata(method data for {method} {0x000002569e43ae80} 'render' '()V' in 'Rendering/ImGui/ImGuiMenubar')}
  0x00000256889b6178: c048 ba88 | 2097 9e56 | 0200 0041 | b868 0100 | 0074 0641 | b878 0100 | 004e 8b0c | 024d 8d49 
  0x00000256889b6198: 014e 890c | 020f 8459 

  0x00000256889b61a0: ;   {metadata(method data for {method} {0x000002569e43ae80} 'render' '()V' in 'Rendering/ImGui/ImGuiMenubar')}
  0x00000256889b61a0: 0100 0048 | ba88 2097 | 9e56 0200 | 0048 8382 | 8801 0000 

  0x00000256889b61b4: ;   {metadata(method data for {method} {0x000002569e639a38} 'menuItem' '(Ljava/lang/String;Ljava/lang/String;ZZ)Z' in 'imgui/ImGui')}
  0x00000256889b61b4: 0148 ba60 | 5f96 9e56 | 0200 0044 | 8b82 9000 | 0000 4183 | c002 4489 | 8290 0000 | 0041 81e0 
  0x00000256889b61d4: feff 1f00 | 4585 c00f | 846c 0f00 

  0x00000256889b61e0: ;   {metadata(method data for {method} {0x000002569e639a38} 'menuItem' '(Ljava/lang/String;Ljava/lang/String;ZZ)Z' in 'imgui/ImGui')}
  0x00000256889b61e0: 0048 ba60 | 5f96 9e56 | 0200 0048 | 8382 d800 

  0x00000256889b61f0: ;   {oop("File 1"{0x0000000710800408})}
  0x00000256889b61f0: 0000 0148 | ba08 0480 | 1007 0000 

  0x00000256889b61fc: ;   {oop(nullptr)}
  0x00000256889b61fc: 0049 b800 | 0000 0000 | 0000 0041 | b900 0000 | 00bf 0100 | 0000 0f1f 

  0x00000256889b6214: ;   {static_call}
  0x00000256889b6214: 4400 00e8 

  0x00000256889b6218: ; ImmutableOopMap {}
                      ;*invokestatic nMenuItem {reexecute=0 rethrow=0 return_oop=0}
                      ; - imgui.ImGui::menuItem@4 (line 10208)
                      ; - Rendering.ImGui.ImGuiMenubar::render@48 (line 22)
  0x00000256889b6218: c491 3807 

  0x00000256889b621c: ;   {post_call_nop}
  0x00000256889b621c: 0f1f 8400 | 9404 0005 

  0x00000256889b6224: ;   {metadata(method data for {method} {0x000002569e43ae80} 'render' '()V' in 'Rendering/ImGui/ImGuiMenubar')}
  0x00000256889b6224: 48ba 8820 | 979e 5602 | 0000 4883 | 8298 0100 

  0x00000256889b6234: ;   {metadata(method data for {method} {0x000002569e639a38} 'menuItem' '(Ljava/lang/String;Ljava/lang/String;ZZ)Z' in 'imgui/ImGui')}
  0x00000256889b6234: 0001 48ba | 605f 969e | 5602 0000 | 448b 8290 | 0000 0041 | 83c0 0244 | 8982 9000 | 0000 4181 
  0x00000256889b6254: e0fe ff1f | 0045 85c0 | 0f84 0c0f 

  0x00000256889b6260: ;   {metadata(method data for {method} {0x000002569e639a38} 'menuItem' '(Ljava/lang/String;Ljava/lang/String;ZZ)Z' in 'imgui/ImGui')}
  0x00000256889b6260: 0000 48ba | 605f 969e | 5602 0000 | 4883 82d8 | 0000 0001 

  0x00000256889b6274: ;   {oop("File 2"{0x0000000710800438})}
  0x00000256889b6274: 48ba 3804 | 8010 0700 

  0x00000256889b627c: ;   {oop(nullptr)}
  0x00000256889b627c: 0000 49b8 | 0000 0000 | 0000 0000 | 41b9 0000 | 0000 bf01 | 0000 000f 

  0x00000256889b6294: ;   {static_call}
  0x00000256889b6294: 1f40 00e8 

  0x00000256889b6298: ; ImmutableOopMap {}
                      ;*invokestatic nMenuItem {reexecute=0 rethrow=0 return_oop=0}
                      ; - imgui.ImGui::menuItem@4 (line 10208)
                      ; - Rendering.ImGui.ImGuiMenubar::render@57 (line 23)
  0x00000256889b6298: 4491 3807 

  0x00000256889b629c: ;   {post_call_nop}
  0x00000256889b629c: 0f1f 8400 | 1405 0006 

  0x00000256889b62a4: ;   {metadata(method data for {method} {0x000002569e43ae80} 'render' '()V' in 'Rendering/ImGui/ImGuiMenubar')}
  0x00000256889b62a4: 48be 8820 | 979e 5602 | 0000 4883 | 86a8 0100 

  0x00000256889b62b4: ;   {metadata(method data for {method} {0x000002569e639338} 'endMenu' '()V' in 'imgui/ImGui')}
  0x00000256889b62b4: 0001 48be | 3032 979e | 5602 0000 | 8bbe 9000 | 0000 83c7 | 0289 be90 | 0000 0081 | e7fe ff1f 
  0x00000256889b62d4: 0085 ff0f | 84b2 0e00 

  0x00000256889b62dc: ;   {metadata(method data for {method} {0x000002569e639338} 'endMenu' '()V' in 'imgui/ImGui')}
  0x00000256889b62dc: 0048 be30 | 3297 9e56 | 0200 0048 | 8386 d800 

  0x00000256889b62ec: ;   {static_call}
  0x00000256889b62ec: 0000 01e8 

  0x00000256889b62f0: ; ImmutableOopMap {}
                      ;*invokestatic nEndMenu {reexecute=0 rethrow=0 return_oop=0}
                      ; - imgui.ImGui::endMenu@0 (line 10141)
                      ; - Rendering.ImGui.ImGuiMenubar::render@61 (line 24)
  0x00000256889b62f0: ec90 3807 

  0x00000256889b62f4: ;   {post_call_nop}
  0x00000256889b62f4: 0f1f 8400 | 6c05 0007 

  0x00000256889b62fc: ;   {metadata(method data for {method} {0x000002569e43ae80} 'render' '()V' in 'Rendering/ImGui/ImGuiMenubar')}
  0x00000256889b62fc: 48ba 8820 | 979e 5602 | 0000 4883 | 82b8 0100 

  0x00000256889b630c: ;   {metadata(method data for {method} {0x000002569e639a38} 'menuItem' '(Ljava/lang/String;Ljava/lang/String;ZZ)Z' in 'imgui/ImGui')}
  0x00000256889b630c: 0001 48ba | 605f 969e | 5602 0000 | 448b 8290 | 0000 0041 | 83c0 0244 | 8982 9000 | 0000 4181 
  0x00000256889b632c: e0fe ff1f | 0045 85c0 | 0f84 760e 

  0x00000256889b6338: ;   {metadata(method data for {method} {0x000002569e639a38} 'menuItem' '(Ljava/lang/String;Ljava/lang/String;ZZ)Z' in 'imgui/ImGui')}
  0x00000256889b6338: 0000 48ba | 605f 969e | 5602 0000 | 4883 82d8 | 0000 0001 

  0x00000256889b634c: ;   {oop("Save"{0x000000070fa432f0})}
  0x00000256889b634c: 48ba f032 | a40f 0700 

  0x00000256889b6354: ;   {oop("Ctrl+S"{0x000000070fa43320})}
  0x00000256889b6354: 0000 49b8 | 2033 a40f | 0700 0000 | 41b9 0000 | 0000 bf01 | 0000 000f 

  0x00000256889b636c: ;   {static_call}
  0x00000256889b636c: 1f40 00e8 

  0x00000256889b6370: ; ImmutableOopMap {}
                      ;*invokestatic nMenuItem {reexecute=0 rethrow=0 return_oop=0}
                      ; - imgui.ImGui::menuItem@4 (line 10208)
                      ; - Rendering.ImGui.ImGuiMenubar::render@70 (line 26)
  0x00000256889b6370: 1cae 9207 

  0x00000256889b6374: ;   {post_call_nop}
  0x00000256889b6374: 0f1f 8400 | ec05 0008 

  0x00000256889b637c: ;   {metadata(method data for {method} {0x000002569e43ae80} 'render' '()V' in 'Rendering/ImGui/ImGuiMenubar')}
  0x00000256889b637c: 48ba 8820 | 979e 5602 | 0000 4883 | 82c8 0100 

  0x00000256889b638c: ;   {metadata(method data for {method} {0x000002569e639a38} 'menuItem' '(Ljava/lang/String;Ljava/lang/String;ZZ)Z' in 'imgui/ImGui')}
  0x00000256889b638c: 0001 48ba | 605f 969e | 5602 0000 | 448b 8290 | 0000 0041 | 83c0 0244 | 8982 9000 | 0000 4181 
  0x00000256889b63ac: e0fe ff1f | 0045 85c0 | 0f84 170e 

  0x00000256889b63b8: ;   {metadata(method data for {method} {0x000002569e639a38} 'menuItem' '(Ljava/lang/String;Ljava/lang/String;ZZ)Z' in 'imgui/ImGui')}
  0x00000256889b63b8: 0000 48ba | 605f 969e | 5602 0000 | 4883 82d8 | 0000 0001 

  0x00000256889b63cc: ;   {oop("Save As..."{0x000000070fa43350})}
  0x00000256889b63cc: 48ba 5033 | a40f 0700 

  0x00000256889b63d4: ;   {oop(nullptr)}
  0x00000256889b63d4: 0000 49b8 | 0000 0000 | 0000 0000 | 41b9 0000 | 0000 bf01 | 0000 000f 

  0x00000256889b63ec: ;   {static_call}
  0x00000256889b63ec: 1f40 00e8 

  0x00000256889b63f0: ; ImmutableOopMap {}
                      ;*invokestatic nMenuItem {reexecute=0 rethrow=0 return_oop=0}
                      ; - imgui.ImGui::menuItem@4 (line 10208)
                      ; - Rendering.ImGui.ImGuiMenubar::render@79 (line 27)
  0x00000256889b63f0: 9cad 9207 

  0x00000256889b63f4: ;   {post_call_nop}
  0x00000256889b63f4: 0f1f 8400 | 6c06 0009 

  0x00000256889b63fc: ;   {metadata(method data for {method} {0x000002569e43ae80} 'render' '()V' in 'Rendering/ImGui/ImGuiMenubar')}
  0x00000256889b63fc: 48be 8820 | 979e 5602 | 0000 4883 | 86d8 0100 

  0x00000256889b640c: ;   {metadata(method data for {method} {0x000002569e604f60} 'separator' '()V' in 'imgui/ImGui')}
  0x00000256889b640c: 0001 48be | e856 969e | 5602 0000 | 8bbe 9000 | 0000 83c7 | 0289 be90 | 0000 0081 | e7fe ff1f 
  0x00000256889b642c: 0085 ff0f | 84bd 0d00 

  0x00000256889b6434: ;   {metadata(method data for {method} {0x000002569e604f60} 'separator' '()V' in 'imgui/ImGui')}
  0x00000256889b6434: 0048 bee8 | 5696 9e56 | 0200 0048 | 8386 d800 

  0x00000256889b6444: ;   {static_call}
  0x00000256889b6444: 0000 01e8 

  0x00000256889b6448: ; ImmutableOopMap {}
                      ;*invokestatic nSeparator {reexecute=0 rethrow=0 return_oop=0}
                      ; - imgui.ImGui::separator@0 (line 2550)
                      ; - Rendering.ImGui.ImGuiMenubar::render@83 (line 28)
  0x00000256889b6448: 4451 9207 

  0x00000256889b644c: ;   {post_call_nop}
  0x00000256889b644c: 0f1f 8400 | c406 000a 

  0x00000256889b6454: ;   {metadata(method data for {method} {0x000002569e43ae80} 'render' '()V' in 'Rendering/ImGui/ImGuiMenubar')}
  0x00000256889b6454: 48ba 8820 | 979e 5602 | 0000 4883 | 82e8 0100 

  0x00000256889b6464: ;   {metadata(method data for {method} {0x000002569e639a38} 'menuItem' '(Ljava/lang/String;Ljava/lang/String;ZZ)Z' in 'imgui/ImGui')}
  0x00000256889b6464: 0001 48ba | 605f 969e | 5602 0000 | 448b 8290 | 0000 0041 | 83c0 0244 | 8982 9000 | 0000 4181 
  0x00000256889b6484: e0fe ff1f | 0045 85c0 | 0f84 810d 

  0x00000256889b6490: ;   {metadata(method data for {method} {0x000002569e639a38} 'menuItem' '(Ljava/lang/String;Ljava/lang/String;ZZ)Z' in 'imgui/ImGui')}
  0x00000256889b6490: 0000 48ba | 605f 969e | 5602 0000 | 4883 82d8 | 0000 0001 

  0x00000256889b64a4: ;   {oop("Quit"{0x000000070fa43388})}
  0x00000256889b64a4: 48ba 8833 | a40f 0700 

  0x00000256889b64ac: ;   {oop("Alt+F4"{0x000000070fa433b8})}
  0x00000256889b64ac: 0000 49b8 | b833 a40f | 0700 0000 | 41b9 0000 | 0000 bf01 | 0000 000f 

  0x00000256889b64c4: ;   {static_call}
  0x00000256889b64c4: 1f40 00e8 

  0x00000256889b64c8: ; ImmutableOopMap {}
                      ;*invokestatic nMenuItem {reexecute=0 rethrow=0 return_oop=0}
                      ; - imgui.ImGui::menuItem@4 (line 10208)
                      ; - Rendering.ImGui.ImGuiMenubar::render@92 (line 30)
  0x00000256889b64c8: c4ac 9207 

  0x00000256889b64cc: ;   {post_call_nop}
  0x00000256889b64cc: 0f1f 8400 | 4407 000b | 83e0 0185 

  0x00000256889b64d8: ;   {metadata(method data for {method} {0x000002569e43ae80} 'render' '()V' in 'Rendering/ImGui/ImGuiMenubar')}
  0x00000256889b64d8: c048 ba88 | 2097 9e56 | 0200 00be | f801 0000 | 7405 be08 | 0200 0048 | 8b3c 3248 | 8d7f 0148 
  0x00000256889b64f8: 893c 320f | 8483 0600 

  0x00000256889b6500: ;   {metadata(method data for {method} {0x000002569e43ae80} 'render' '()V' in 'Rendering/ImGui/ImGuiMenubar')}
  0x00000256889b6500: 0048 ba88 | 2097 9e56 | 0200 0048 | 8382 1802 

  0x00000256889b6510: ;   {metadata(method data for {method} {0x000002569e4016d8} 'get' '()LJade/Window;' in 'Jade/Window')}
  0x00000256889b6510: 0000 0148 | baa0 0596 | 9e56 0200 | 008b b290 | 0000 0083 | c602 89b2 | 9000 0000 | 81e6 feff 
  0x00000256889b6530: 1f00 85f6 | 0f84 fa0c 

  0x00000256889b6538: ;   {oop(a 'java/lang/Class'{0x0000000710a690b8} = 'Jade/Window')}
  0x00000256889b6538: 0000 48ba | b890 a610 | 0700 0000 | 8b52 7848 | c1e2 0348 

  0x00000256889b654c: ;   {metadata(method data for {method} {0x000002569e4016d8} 'get' '()LJade/Window;' in 'Jade/Window')}
  0x00000256889b654c: 85d2 48ba | a005 969e | 5602 0000 | bed8 0000 | 0075 05be | e800 0000 | 488b 3c32 | 488d 7f01 
  0x00000256889b656c: 4889 3c32 | 0f85 c400 

  0x00000256889b6574: ;   {metadata('Jade/Window')}
  0x00000256889b6574: 0000 48ba | 1002 0414 | 0000 0000 | 498b 87c8 | 0100 0048 | 8d78 2849 | 3bbf d801 | 0000 0f87 
  0x00000256889b6594: bd0c 0000 | 4989 bfc8 | 0100 0048 | c700 0100 | 0000 488b | ca41 ba00 | 0000 1349 | 2bca 8948 
  0x00000256889b65b4: 0848 33c9 | 8948 0c48 | 33c9 4889 | 4810 4889 | 4818 4889 | 4820 488b 

  0x00000256889b65cc: ;   {metadata(method data for {method} {0x000002569e4016d8} 'get' '()LJade/Window;' in 'Jade/Window')}
  0x00000256889b65cc: d048 bea0 | 0596 9e56 | 0200 0048 | 8386 f800 | 0000 0148 | 8bd0 4889 | 8424 8000 | 0000 0f1f 
  0x00000256889b65ec: ;   {optimized virtual_call}
  0x00000256889b65ec: 4400 00e8 

  0x00000256889b65f0: ; ImmutableOopMap {[128]=Oop }
                      ;*invokespecial <init> {reexecute=0 rethrow=0 return_oop=0}
                      ; - Jade.Window::get@10 (line 70)
                      ; - Rendering.ImGui.ImGuiMenubar::render@98 (line 30)
  0x00000256889b65f0: ec87 3807 

  0x00000256889b65f4: ;   {post_call_nop}
  0x00000256889b65f4: 0f1f 8400 | 6c08 000c 

  0x00000256889b65fc: ;   {oop(a 'java/lang/Class'{0x0000000710a690b8} = 'Jade/Window')}
  0x00000256889b65fc: 48ba b890 | a610 0700 | 0000 410f | be77 4885 | f60f 854f | 0c00 0048 | 8b84 2480 | 0000 004c 
  0x00000256889b661c: 8bd0 49c1 | ea03 4489 | 5278 488b | f248 33f0 | 48c1 ee15 | 4883 fe00 | 0f85 470c 

  0x00000256889b6638: ;   {oop(a 'java/lang/Class'{0x0000000710a690b8} = 'Jade/Window')}
  0x00000256889b6638: 0000 48ba | b890 a610 | 0700 0000 | 8b72 7848 | c1e6 0348 | 89b4 2490 | 0000 0048 | 3b06 488b 
  0x00000256889b6658: ;   {metadata(method data for {method} {0x000002569e43ae80} 'render' '()V' in 'Rendering/ImGui/ImGuiMenubar')}
  0x00000256889b6658: d648 bf88 | 2097 9e56 

  0x00000256889b6660: ;   {metadata('Jade/Window')}
  0x00000256889b6660: 0200 0049 | ba10 0204 | 1400 0000 | 004c 8997 | 3002 0000 | 4883 8738 | 0200 0001 

  0x00000256889b667c: ;   {metadata(method data for {method} {0x000002569e401c80} 'destroy' '()V' in 'Jade/Window')}
  0x00000256889b667c: 48ba 5033 | 979e 5602 | 0000 8bba | 9000 0000 | 83c7 0289 | ba90 0000 | 0081 e7fe | ff1f 0085 
  0x00000256889b669c: ff0f 84fb | 0b00 008b | 7e20 48c1 | e703 483b | 0748 8bd7 

  0x00000256889b66b0: ;   {metadata(method data for {method} {0x000002569e401c80} 'destroy' '()V' in 'Jade/Window')}
  0x00000256889b66b0: 48bb 5033 | 979e 5602 

  0x00000256889b66b8: ;   {metadata('Rendering/ImGui/ImGuiWindow')}
  0x00000256889b66b8: 0000 49ba | 6004 0414 | 0000 0000 | 4c89 93e0 | 0000 0048 | 8383 e800 

  0x00000256889b66d0: ;   {metadata(method data for {method} {0x000002569e403c58} 'destroy' '()V' in 'Rendering/ImGui/ImGuiWindow')}
  0x00000256889b66d0: 0000 0148 | ba08 3597 | 9e56 0200 | 008b 9a90 | 0000 0083 | c302 899a | 9000 0000 | 81e3 feff 
  0x00000256889b66f0: 1f00 85db | 0f84 ca0b | 0000 8b57 | 1848 c1e2 | 0348 3b02 

  0x00000256889b6704: ;   {metadata(method data for {method} {0x000002569e403c58} 'destroy' '()V' in 'Rendering/ImGui/ImGuiWindow')}
  0x00000256889b6704: 488b da48 | b808 3597 | 9e56 0200 

  0x00000256889b6710: ;   {metadata('imgui/gl3/ImGuiImplGl3')}
  0x00000256889b6710: 0049 ba20 | 3704 1400 | 0000 004c | 8990 e000 | 0000 4883 | 80e8 0000 | 0001 4889 | bc24 8800 
  0x00000256889b6730: 0000 0f1f 

  0x00000256889b6734: ;   {optimized virtual_call}
  0x00000256889b6734: 4400 00e8 

  0x00000256889b6738: ; ImmutableOopMap {[136]=Oop [144]=Oop }
                      ;*invokevirtual shutdown {reexecute=0 rethrow=0 return_oop=0}
                      ; - Rendering.ImGui.ImGuiWindow::destroy@4 (line 135)
                      ; - Jade.Window::destroy@4 (line 190)
                      ; - Rendering.ImGui.ImGuiMenubar::render@101 (line 30)
  0x00000256889b6738: 310e 0000 

  0x00000256889b673c: ;   {post_call_nop}
  0x00000256889b673c: 0f1f 8400 | b409 000d | 488b bc24 | 8800 0000 | 8b57 0c48 | c1e2 0348 | 3b02 488b 

  0x00000256889b6758: ;   {metadata(method data for {method} {0x000002569e403c58} 'destroy' '()V' in 'Rendering/ImGui/ImGuiWindow')}
  0x00000256889b6758: f248 bf08 | 3597 9e56 

  0x00000256889b6760: ;   {metadata('imgui/glfw/ImGuiImplGlfw')}
  0x00000256889b6760: 0200 0049 | baa0 0604 | 1400 0000 | 004c 8997 | 1001 0000 | 4883 8718 | 0100 0001 

  0x00000256889b677c: ;   {optimized virtual_call}
  0x00000256889b677c: 6666 90e8 

  0x00000256889b6780: ; ImmutableOopMap {[144]=Oop }
                      ;*invokevirtual shutdown {reexecute=0 rethrow=0 return_oop=0}
                      ; - Rendering.ImGui.ImGuiWindow::destroy@11 (line 136)
                      ; - Jade.Window::destroy@4 (line 190)
                      ; - Rendering.ImGui.ImGuiMenubar::render@101 (line 30)
  0x00000256889b6780: f90d 0000 

  0x00000256889b6784: ;   {post_call_nop}
  0x00000256889b6784: 0f1f 8400 | fc09 000e 

  0x00000256889b678c: ;   {metadata(method data for {method} {0x000002569e403c58} 'destroy' '()V' in 'Rendering/ImGui/ImGuiWindow')}
  0x00000256889b678c: 48be 0835 | 979e 5602 | 0000 4883 | 8638 0100 

  0x00000256889b679c: ;   {metadata(method data for {method} {0x000002569e5f4800} 'destroyContext' '()V' in 'imgui/ImGui')}
  0x00000256889b679c: 0001 48be | c83a 979e | 5602 0000 | 8bbe 9000 | 0000 83c7 | 0289 be90 | 0000 0081 | e7fe ff1f 
  0x00000256889b67bc: 0085 ff0f | 842a 0b00 

  0x00000256889b67c4: ;   {metadata(method data for {method} {0x000002569e5f4800} 'destroyContext' '()V' in 'imgui/ImGui')}
  0x00000256889b67c4: 0048 bec8 | 3a97 9e56 | 0200 0048 | 8386 d800 

  0x00000256889b67d4: ;   {static_call}
  0x00000256889b67d4: 0000 01e8 

  0x00000256889b67d8: ; ImmutableOopMap {[144]=Oop }
                      ;*invokestatic nDestroyContext {reexecute=0 rethrow=0 return_oop=0}
                      ; - imgui.ImGui::destroyContext@0 (line 183)
                      ; - Rendering.ImGui.ImGuiWindow::destroy@14 (line 137)
                      ; - Jade.Window::destroy@4 (line 190)
                      ; - Rendering.ImGui.ImGuiMenubar::render@101 (line 30)
  0x00000256889b67d8: ed0d 0000 

  0x00000256889b67dc: ;   {post_call_nop}
  0x00000256889b67dc: 0f1f 8400 | 540a 000f | 488b b424 | 9000 0000 | 488b 5610 | 0f1f 8000 

  0x00000256889b67f4: ;   {static_call}
  0x00000256889b67f4: 0000 00e8 

  0x00000256889b67f8: ; ImmutableOopMap {[144]=Oop }
                      ;*invokestatic glfwFreeCallbacks {reexecute=0 rethrow=0 return_oop=0}
                      ; - Jade.Window::destroy@11 (line 193)
                      ; - Rendering.ImGui.ImGuiMenubar::render@101 (line 30)
  0x00000256889b67f8: 910d 0000 

  0x00000256889b67fc: ;   {post_call_nop}
  0x00000256889b67fc: 0f1f 8400 | 740a 0010 | 488b b424 | 9000 0000 | 488b 5610 

  0x00000256889b6810: ;   {metadata(method data for {method} {0x000002569e401c80} 'destroy' '()V' in 'Jade/Window')}
  0x00000256889b6810: 48be 5033 | 979e 5602 | 0000 4883 | 8618 0100 | 0001 0f1f 

  0x00000256889b6824: ;   {static_call}
  0x00000256889b6824: 4400 00e8 

  0x00000256889b6828: ; ImmutableOopMap {}
                      ;*invokestatic glfwDestroyWindow {reexecute=0 rethrow=0 return_oop=0}
                      ; - Jade.Window::destroy@18 (line 194)
                      ; - Rendering.ImGui.ImGuiMenubar::render@101 (line 30)
  0x00000256889b6828: ac0d 0000 

  0x00000256889b682c: ;   {post_call_nop}
  0x00000256889b682c: 0f1f 8400 | a40a 0011 

  0x00000256889b6834: ;   {metadata(method data for {method} {0x000002569e401c80} 'destroy' '()V' in 'Jade/Window')}
  0x00000256889b6834: 48ba 5033 | 979e 5602 | 0000 4883 | 8228 0100 

  0x00000256889b6844: ;   {metadata(method data for {method} {0x000002569e4bdb48} 'glfwTerminate' '()V' in 'org/lwjgl/glfw/GLFW')}
  0x00000256889b6844: 0001 48ba | 183d 979e | 5602 0000 | 8bb2 9000 | 0000 83c6 | 0289 b290 | 0000 0081 | e6fe ff1f 
  0x00000256889b6864: 0085 f60f | 84a3 0a00 

  0x00000256889b686c: ;   {metadata(method data for {method} {0x000002569e4bdb48} 'glfwTerminate' '()V' in 'org/lwjgl/glfw/GLFW')}
  0x00000256889b686c: 0048 ba18 | 3d97 9e56 | 0200 0048 | 8382 d800 | 0000 0148 | ba90 2813 | b3fa 7f00 | 0066 0f1f 
  0x00000256889b688c: ;   {static_call}
  0x00000256889b688c: 4400 00e8 

  0x00000256889b6890: ; ImmutableOopMap {}
                      ;*invokestatic invokeV {reexecute=0 rethrow=0 return_oop=0}
                      ; - org.lwjgl.glfw.GLFW::glfwTerminate@5 (line 1138)
                      ; - Jade.Window::destroy@21 (line 197)
                      ; - Rendering.ImGui.ImGuiMenubar::render@101 (line 30)
  0x00000256889b6890: 7c6b 9107 

  0x00000256889b6894: ;   {post_call_nop}
  0x00000256889b6894: 0f1f 8400 | 0c0b 0012 

  0x00000256889b689c: ;   {metadata(method data for {method} {0x000002569e401c80} 'destroy' '()V' in 'Jade/Window')}
  0x00000256889b689c: 48ba 5033 | 979e 5602 | 0000 4883 | 8238 0100 

  0x00000256889b68ac: ;   {metadata(method data for {method} {0x000002569e4be4d0} 'glfwSetErrorCallback' '(Lorg/lwjgl/glfw/GLFWErrorCallbackI;)Lorg/lwjgl/glfw/GLFWErrorCallback;' in 'org/lwjgl/glfw/GLFW')}
  0x00000256889b68ac: 0001 48ba | 383e 979e | 5602 0000 | 8bb2 9000 | 0000 83c6 | 0289 b290 | 0000 0081 | e6fe ff1f 
  0x00000256889b68cc: 0085 f60f | 845c 0a00 

  0x00000256889b68d4: ;   {metadata(method data for {method} {0x000002569e4be4d0} 'glfwSetErrorCallback' '(Lorg/lwjgl/glfw/GLFWErrorCallbackI;)Lorg/lwjgl/glfw/GLFWErrorCallback;' in 'org/lwjgl/glfw/GLFW')}
  0x00000256889b68d4: 0048 ba38 | 3e97 9e56 | 0200 0048 | 8382 d800 

  0x00000256889b68e4: ;   {metadata(method data for {method} {0x000002569e459f28} 'memAddressSafe' '(Lorg/lwjgl/system/Pointer;)J' in 'org/lwjgl/system/MemoryUtil')}
  0x00000256889b68e4: 0000 0148 | ba80 3f97 | 9e56 0200 | 008b b290 | 0000 0083 | c602 89b2 | 9000 0000 | 81e6 feff 
  0x00000256889b6904: 1f00 85f6 | 0f84 440a 

  0x00000256889b690c: ;   {metadata(method data for {method} {0x000002569e459f28} 'memAddressSafe' '(Lorg/lwjgl/system/Pointer;)J' in 'org/lwjgl/system/MemoryUtil')}
  0x00000256889b690c: 0000 48ba | 803f 979e | 5602 0000 | ff82 e800 

  0x00000256889b691c: ;   {metadata(method data for {method} {0x000002569e459f28} 'memAddressSafe' '(Lorg/lwjgl/system/Pointer;)J' in 'org/lwjgl/system/MemoryUtil')}
  0x00000256889b691c: 0000 48ba | 803f 979e | 5602 0000 | ff82 f800 

  0x00000256889b692c: ;   {metadata(method data for {method} {0x000002569e4be4d0} 'glfwSetErrorCallback' '(Lorg/lwjgl/glfw/GLFWErrorCallbackI;)Lorg/lwjgl/glfw/GLFWErrorCallback;' in 'org/lwjgl/glfw/GLFW')}
  0x00000256889b692c: 0000 48ba | 383e 979e | 5602 0000 | 4883 82e8 | 0000 0001 | be00 0000 | 0048 8bd6 | 4889 b424 
  0x00000256889b694c: 9800 0000 | 0f1f 8000 

  0x00000256889b6954: ;   {static_call}
  0x00000256889b6954: 0000 00e8 

  0x00000256889b6958: ; ImmutableOopMap {}
                      ;*invokestatic nglfwSetErrorCallback {reexecute=0 rethrow=0 return_oop=0}
                      ; - org.lwjgl.glfw.GLFW::glfwSetErrorCallback@4 (line 1352)
                      ; - Jade.Window::destroy@25 (line 198)
                      ; - Rendering.ImGui.ImGuiMenubar::render@101 (line 30)
  0x00000256889b6958: 9a0c 0000 

  0x00000256889b695c: ;   {post_call_nop}
  0x00000256889b695c: 0f1f 8400 | d40b 0013 

  0x00000256889b6964: ;   {metadata(method data for {method} {0x000002569e4be4d0} 'glfwSetErrorCallback' '(Lorg/lwjgl/glfw/GLFWErrorCallbackI;)Lorg/lwjgl/glfw/GLFWErrorCallback;' in 'org/lwjgl/glfw/GLFW')}
  0x00000256889b6964: 48ba 383e | 979e 5602 | 0000 4883 | 82f8 0000 

  0x00000256889b6974: ;   {metadata(method data for {method} {0x000002569e43e4a0} 'createSafe' '(J)Lorg/lwjgl/glfw/GLFWErrorCallback;' in 'org/lwjgl/glfw/GLFWErrorCallback')}
  0x00000256889b6974: 0001 48ba | 3042 979e | 5602 0000 | 8bb2 9000 | 0000 83c6 | 0289 b290 | 0000 0081 | e6fe ff1f 
  0x00000256889b6994: 0085 f60f | 84d6 0900 | 0048 8bd0 | 488b b424 | 9800 0000 

  0x00000256889b69a8: ;   {metadata(method data for {method} {0x000002569e43e4a0} 'createSafe' '(J)Lorg/lwjgl/glfw/GLFWErrorCallback;' in 'org/lwjgl/glfw/GLFWErrorCallback')}
  0x00000256889b69a8: 483b d648 | ba30 4297 | 9e56 0200 | 00be d800 | 0000 7505 | bee8 0000 | 0048 8b3c | 3248 8d7f 
  0x00000256889b69c8: 0148 893c | 320f 851f 

  0x00000256889b69d0: ;   {metadata(method data for {method} {0x000002569e43e4a0} 'createSafe' '(J)Lorg/lwjgl/glfw/GLFWErrorCallback;' in 'org/lwjgl/glfw/GLFWErrorCallback')}
  0x00000256889b69d0: 0000 0048 | ba30 4297 | 9e56 0200 | 00ff 82f8 

  0x00000256889b69e0: ;   {oop(nullptr)}
  0x00000256889b69e0: 0000 0048 | be00 0000 | 0000 0000 | 00e9 2500 

  0x00000256889b69f0: ;   {metadata(method data for {method} {0x000002569e43e4a0} 'createSafe' '(J)Lorg/lwjgl/glfw/GLFWErrorCallback;' in 'org/lwjgl/glfw/GLFWErrorCallback')}
  0x00000256889b69f0: 0000 48ba | 3042 979e | 5602 0000 | 4883 8210 | 0100 0001 

  0x00000256889b6a04: ;   {static_call}
  0x00000256889b6a04: 488b d0e8 

  0x00000256889b6a08: ; ImmutableOopMap {}
                      ;*invokestatic create {reexecute=0 rethrow=0 return_oop=0}
                      ; - org.lwjgl.glfw.GLFWErrorCallback::createSafe@11 (line 48)
                      ; - org.lwjgl.glfw.GLFW::glfwSetErrorCallback@7 (line 1352)
                      ; - Jade.Window::destroy@25 (line 198)
                      ; - Rendering.ImGui.ImGuiMenubar::render@101 (line 30)
  0x00000256889b6a08: f90b 0000 

  0x00000256889b6a0c: ;   {post_call_nop}
  0x00000256889b6a0c: 0f1f 8400 | 840c 0014 | 488b f048 | 3b06 488b 

  0x00000256889b6a1c: ;   {metadata(method data for {method} {0x000002569e401c80} 'destroy' '()V' in 'Jade/Window')}
  0x00000256889b6a1c: d648 bf50 | 3397 9e56 | 0200 008b | 5208 41ba | 0000 0013 | 4903 d248 | 3b97 5001 | 0000 750d 
  0x00000256889b6a3c: 4883 8758 | 0100 0001 | e960 0000 | 0048 3b97 | 6001 0000 | 750d 4883 | 8768 0100 | 0001 e94a 
  0x00000256889b6a5c: 0000 0048 | 83bf 5001 | 0000 0075 | 1748 8997 | 5001 0000 | 48c7 8758 | 0100 0001 | 0000 00e9 
  0x00000256889b6a7c: 2900 0000 | 4883 bf60 | 0100 0000 | 7517 4889 | 9760 0100 | 0048 c787 | 6801 0000 | 0100 0000 
  0x00000256889b6a9c: e908 0000 | 0048 8387 | 4801 0000 

  0x00000256889b6aa8: ;   {metadata(method data for {method} {0x000002569e416100} 'free' '()V' in 'org/lwjgl/system/Callback')}
  0x00000256889b6aa8: 0148 baa0 | 4597 9e56 | 0200 008b | ba90 0000 | 0083 c702 | 89ba 9000 | 0000 81e7 | feff 1f00 
  0x00000256889b6ac8: 85ff 0f84 | c908 0000 

  0x00000256889b6ad0: ;   {metadata(method data for {method} {0x000002569e416100} 'free' '()V' in 'org/lwjgl/system/Callback')}
  0x00000256889b6ad0: 488b d648 | bfa0 4597 | 9e56 0200 | 008b 5208 | 41ba 0000 | 0013 4903 | d248 3b97 | e000 0000 
  0x00000256889b6af0: 750d 4883 | 87e8 0000 | 0001 e960 | 0000 0048 | 3b97 f000 | 0000 750d | 4883 87f8 | 0000 0001 
  0x00000256889b6b10: e94a 0000 | 0048 83bf | e000 0000 | 0075 1748 | 8997 e000 | 0000 48c7 | 87e8 0000 | 0001 0000 
  0x00000256889b6b30: 00e9 2900 | 0000 4883 | bff0 0000 | 0000 7517 | 4889 97f0 | 0000 0048 | c787 f800 | 0000 0100 
  0x00000256889b6b50: 0000 e908 | 0000 0048 | 8387 d800 | 0000 0148 

  0x00000256889b6b60: ;   {metadata(method data for {method} {0x000002569e416100} 'free' '()V' in 'org/lwjgl/system/Callback')}
  0x00000256889b6b60: 8b56 1048 | bea0 4597 | 9e56 0200 | 0048 8386 | 0801 0000 

  0x00000256889b6b74: ;   {static_call}
  0x00000256889b6b74: 0166 90e8 

  0x00000256889b6b78: ; ImmutableOopMap {}
                      ;*invokestatic free {reexecute=0 rethrow=0 return_oop=0}
                      ; - org.lwjgl.system.Callback::free@4 (line 135)
                      ; - Jade.Window::destroy@28 (line 198)
                      ; - Rendering.ImGui.ImGuiMenubar::render@101 (line 30)
  0x00000256889b6b78: d40a 0000 

  0x00000256889b6b7c: ;   {post_call_nop}
  0x00000256889b6b7c: 0f1f 8400 | f40d 0015 

  0x00000256889b6b84: ;   {metadata(method data for {method} {0x000002569e43ae80} 'render' '()V' in 'Rendering/ImGui/ImGuiMenubar')}
  0x00000256889b6b84: 48be 8820 | 979e 5602 | 0000 4883 | 8658 0200 

  0x00000256889b6b94: ;   {metadata(method data for {method} {0x000002569e639338} 'endMenu' '()V' in 'imgui/ImGui')}
  0x00000256889b6b94: 0001 48be | 3032 979e | 5602 0000 | 8bbe 9000 | 0000 83c7 | 0289 be90 | 0000 0081 | e7fe ff1f 
  0x00000256889b6bb4: 0085 ff0f | 84fd 0700 

  0x00000256889b6bbc: ;   {metadata(method data for {method} {0x000002569e639338} 'endMenu' '()V' in 'imgui/ImGui')}
  0x00000256889b6bbc: 0048 be30 | 3297 9e56 | 0200 0048 | 8386 d800 

  0x00000256889b6bcc: ;   {static_call}
  0x00000256889b6bcc: 0000 01e8 

  0x00000256889b6bd0: ; ImmutableOopMap {}
                      ;*invokestatic nEndMenu {reexecute=0 rethrow=0 return_oop=0}
                      ; - imgui.ImGui::endMenu@0 (line 10141)
                      ; - Rendering.ImGui.ImGuiMenubar::render@104 (line 31)
  0x00000256889b6bd0: bcbf 9207 

  0x00000256889b6bd4: ;   {post_call_nop}
  0x00000256889b6bd4: 0f1f 8400 | 4c0e 0016 

  0x00000256889b6bdc: ;   {metadata(method data for {method} {0x000002569e43ae80} 'render' '()V' in 'Rendering/ImGui/ImGuiMenubar')}
  0x00000256889b6bdc: 48ba 8820 | 979e 5602 | 0000 4883 | 8268 0200 

  0x00000256889b6bec: ;   {metadata(method data for {method} {0x000002569e6390a0} 'beginMenu' '(Ljava/lang/String;)Z' in 'imgui/ImGui')}
  0x00000256889b6bec: 0001 48ba | 703d 969e | 5602 0000 | 8bb2 9000 | 0000 83c6 | 0289 b290 | 0000 0081 | e6fe ff1f 
  0x00000256889b6c0c: 0085 f60f | 84c6 0700 

  0x00000256889b6c14: ;   {metadata(method data for {method} {0x000002569e6390a0} 'beginMenu' '(Ljava/lang/String;)Z' in 'imgui/ImGui')}
  0x00000256889b6c14: 0048 ba70 | 3d96 9e56 | 0200 0048 | 8382 d800 

  0x00000256889b6c24: ;   {oop("Edit"{0x000000070fdd4cb0})}
  0x00000256889b6c24: 0000 0148 | bab0 4cdd | 0f07 0000 | 0066 0f1f 

  0x00000256889b6c34: ;   {static_call}
  0x00000256889b6c34: 4400 00e8 

  0x00000256889b6c38: ; ImmutableOopMap {}
                      ;*invokestatic nBeginMenu {reexecute=0 rethrow=0 return_oop=0}
                      ; - imgui.ImGui::beginMenu@1 (line 10113)
                      ; - Rendering.ImGui.ImGuiMenubar::render@109 (line 34)
  0x00000256889b6c38: d473 9107 

  0x00000256889b6c3c: ;   {post_call_nop}
  0x00000256889b6c3c: 0f1f 8400 | b40e 0017 | 83e0 0185 

  0x00000256889b6c48: ;   {metadata(method data for {method} {0x000002569e43ae80} 'render' '()V' in 'Rendering/ImGui/ImGuiMenubar')}
  0x00000256889b6c48: c048 ba88 | 2097 9e56 | 0200 0041 | b878 0200 | 0074 0641 | b888 0200 | 004e 8b0c | 024d 8d49 
  0x00000256889b6c68: 014e 890c | 020f 84a9 

  0x00000256889b6c70: ;   {metadata(method data for {method} {0x000002569e43ae80} 'render' '()V' in 'Rendering/ImGui/ImGuiMenubar')}
  0x00000256889b6c70: 0300 0048 | ba88 2097 | 9e56 0200 | 0048 8382 | 9802 0000 

  0x00000256889b6c84: ;   {metadata(method data for {method} {0x000002569e639a38} 'menuItem' '(Ljava/lang/String;Ljava/lang/String;ZZ)Z' in 'imgui/ImGui')}
  0x00000256889b6c84: 0148 ba60 | 5f96 9e56 | 0200 0044 | 8b82 9000 | 0000 4183 | c002 4489 | 8290 0000 | 0041 81e0 
  0x00000256889b6ca4: feff 1f00 | 4585 c00f | 844b 0700 

  0x00000256889b6cb0: ;   {metadata(method data for {method} {0x000002569e639a38} 'menuItem' '(Ljava/lang/String;Ljava/lang/String;ZZ)Z' in 'imgui/ImGui')}
  0x00000256889b6cb0: 0048 ba60 | 5f96 9e56 | 0200 0048 | 8382 d800 

  0x00000256889b6cc0: ;   {oop("Copy"{0x0000000710800468})}
  0x00000256889b6cc0: 0000 0148 | ba68 0480 | 1007 0000 

  0x00000256889b6ccc: ;   {oop("Ctrl+C"{0x0000000710800498})}
  0x00000256889b6ccc: 0049 b898 | 0480 1007 | 0000 0041 | b900 0000 | 00bf 0000 | 0000 0f1f 

  0x00000256889b6ce4: ;   {static_call}
  0x00000256889b6ce4: 4400 00e8 

  0x00000256889b6ce8: ; ImmutableOopMap {}
                      ;*invokestatic nMenuItem {reexecute=0 rethrow=0 return_oop=0}
                      ; - imgui.ImGui::menuItem@4 (line 10208)
                      ; - Rendering.ImGui.ImGuiMenubar::render@121 (line 35)
  0x00000256889b6ce8: f486 3807 

  0x00000256889b6cec: ;   {post_call_nop}
  0x00000256889b6cec: 0f1f 8400 | 640f 0018 

  0x00000256889b6cf4: ;   {metadata(method data for {method} {0x000002569e43ae80} 'render' '()V' in 'Rendering/ImGui/ImGuiMenubar')}
  0x00000256889b6cf4: 48ba 8820 | 979e 5602 | 0000 4883 | 82a8 0200 

  0x00000256889b6d04: ;   {metadata(method data for {method} {0x000002569e639a38} 'menuItem' '(Ljava/lang/String;Ljava/lang/String;ZZ)Z' in 'imgui/ImGui')}
  0x00000256889b6d04: 0001 48ba | 605f 969e | 5602 0000 | 448b 8290 | 0000 0041 | 83c0 0244 | 8982 9000 | 0000 4181 
  0x00000256889b6d24: e0fe ff1f | 0045 85c0 | 0f84 eb06 

  0x00000256889b6d30: ;   {metadata(method data for {method} {0x000002569e639a38} 'menuItem' '(Ljava/lang/String;Ljava/lang/String;ZZ)Z' in 'imgui/ImGui')}
  0x00000256889b6d30: 0000 48ba | 605f 969e | 5602 0000 | 4883 82d8 | 0000 0001 

  0x00000256889b6d44: ;   {oop("Paste"{0x00000007108004c8})}
  0x00000256889b6d44: 48ba c804 | 8010 0700 

  0x00000256889b6d4c: ;   {oop("Ctrl+V"{0x00000007108004f8})}
  0x00000256889b6d4c: 0000 49b8 | f804 8010 | 0700 0000 | 41b9 0000 | 0000 bf00 | 0000 000f 

  0x00000256889b6d64: ;   {static_call}
  0x00000256889b6d64: 1f40 00e8 

  0x00000256889b6d68: ; ImmutableOopMap {}
                      ;*invokestatic nMenuItem {reexecute=0 rethrow=0 return_oop=0}
                      ; - imgui.ImGui::menuItem@4 (line 10208)
                      ; - Rendering.ImGui.ImGuiMenubar::render@131 (line 36)
  0x00000256889b6d68: 7486 3807 

  0x00000256889b6d6c: ;   {post_call_nop}
  0x00000256889b6d6c: 0f1f 8400 | e40f 0019 

  0x00000256889b6d74: ;   {metadata(method data for {method} {0x000002569e43ae80} 'render' '()V' in 'Rendering/ImGui/ImGuiMenubar')}
  0x00000256889b6d74: 48ba 8820 | 979e 5602 | 0000 4883 | 82b8 0200 

  0x00000256889b6d84: ;   {metadata(method data for {method} {0x000002569e639a38} 'menuItem' '(Ljava/lang/String;Ljava/lang/String;ZZ)Z' in 'imgui/ImGui')}
  0x00000256889b6d84: 0001 48ba | 605f 969e | 5602 0000 | 448b 8290 | 0000 0041 | 83c0 0244 | 8982 9000 | 0000 4181 
  0x00000256889b6da4: e0fe ff1f | 0045 85c0 | 0f84 8c06 

  0x00000256889b6db0: ;   {metadata(method data for {method} {0x000002569e639a38} 'menuItem' '(Ljava/lang/String;Ljava/lang/String;ZZ)Z' in 'imgui/ImGui')}
  0x00000256889b6db0: 0000 48ba | 605f 969e | 5602 0000 | 4883 82d8 | 0000 0001 

  0x00000256889b6dc4: ;   {oop("Cut"{0x0000000710800528})}
  0x00000256889b6dc4: 48ba 2805 | 8010 0700 

  0x00000256889b6dcc: ;   {oop("Ctrl+X"{0x0000000710800558})}
  0x00000256889b6dcc: 0000 49b8 | 5805 8010 | 0700 0000 | 41b9 0000 | 0000 bf00 | 0000 000f 

  0x00000256889b6de4: ;   {static_call}
  0x00000256889b6de4: 1f40 00e8 

  0x00000256889b6de8: ; ImmutableOopMap {}
                      ;*invokestatic nMenuItem {reexecute=0 rethrow=0 return_oop=0}
                      ; - imgui.ImGui::menuItem@4 (line 10208)
                      ; - Rendering.ImGui.ImGuiMenubar::render@141 (line 37)
  0x00000256889b6de8: f485 3807 

  0x00000256889b6dec: ;   {post_call_nop}
  0x00000256889b6dec: 0f1f 8400 | 6410 001a 

  0x00000256889b6df4: ;   {metadata(method data for {method} {0x000002569e43ae80} 'render' '()V' in 'Rendering/ImGui/ImGuiMenubar')}
  0x00000256889b6df4: 48ba 8820 | 979e 5602 | 0000 4883 | 82c8 0200 

  0x00000256889b6e04: ;   {metadata(method data for {method} {0x000002569e639a38} 'menuItem' '(Ljava/lang/String;Ljava/lang/String;ZZ)Z' in 'imgui/ImGui')}
  0x00000256889b6e04: 0001 48ba | 605f 969e | 5602 0000 | 448b 8290 | 0000 0041 | 83c0 0244 | 8982 9000 | 0000 4181 
  0x00000256889b6e24: e0fe ff1f | 0045 85c0 | 0f84 2d06 

  0x00000256889b6e30: ;   {metadata(method data for {method} {0x000002569e639a38} 'menuItem' '(Ljava/lang/String;Ljava/lang/String;ZZ)Z' in 'imgui/ImGui')}
  0x00000256889b6e30: 0000 48ba | 605f 969e | 5602 0000 | 4883 82d8 | 0000 0001 

  0x00000256889b6e44: ;   {oop("Delete"{0x0000000710800588})}
  0x00000256889b6e44: 49b8 8805 | 8010 0700 | 0000 498b | d041 b900 | 0000 00bf | 0000 0000 

  0x00000256889b6e5c: ;   {static_call}
  0x00000256889b6e5c: 6666 90e8 

  0x00000256889b6e60: ; ImmutableOopMap {}
                      ;*invokestatic nMenuItem {reexecute=0 rethrow=0 return_oop=0}
                      ; - imgui.ImGui::menuItem@4 (line 10208)
                      ; - Rendering.ImGui.ImGuiMenubar::render@151 (line 38)
  0x00000256889b6e60: 7c85 3807 

  0x00000256889b6e64: ;   {post_call_nop}
  0x00000256889b6e64: 0f1f 8400 | dc10 001b 

  0x00000256889b6e6c: ;   {metadata(method data for {method} {0x000002569e43ae80} 'render' '()V' in 'Rendering/ImGui/ImGuiMenubar')}
  0x00000256889b6e6c: 48be 8820 | 979e 5602 | 0000 4883 | 86d8 0200 

  0x00000256889b6e7c: ;   {metadata(method data for {method} {0x000002569e604f60} 'separator' '()V' in 'imgui/ImGui')}
  0x00000256889b6e7c: 0001 48be | e856 969e | 5602 0000 | 8bbe 9000 | 0000 83c7 | 0289 be90 | 0000 0081 | e7fe ff1f 
  0x00000256889b6e9c: 0085 ff0f | 84db 0500 

  0x00000256889b6ea4: ;   {metadata(method data for {method} {0x000002569e604f60} 'separator' '()V' in 'imgui/ImGui')}
  0x00000256889b6ea4: 0048 bee8 | 5696 9e56 | 0200 0048 | 8386 d800 

  0x00000256889b6eb4: ;   {static_call}
  0x00000256889b6eb4: 0000 01e8 

  0x00000256889b6eb8: ; ImmutableOopMap {}
                      ;*invokestatic nSeparator {reexecute=0 rethrow=0 return_oop=0}
                      ; - imgui.ImGui::separator@0 (line 2550)
                      ; - Rendering.ImGui.ImGuiMenubar::render@155 (line 39)
  0x00000256889b6eb8: 2485 3807 

  0x00000256889b6ebc: ;   {post_call_nop}
  0x00000256889b6ebc: 0f1f 8400 | 3411 001c 

  0x00000256889b6ec4: ;   {metadata(method data for {method} {0x000002569e43ae80} 'render' '()V' in 'Rendering/ImGui/ImGuiMenubar')}
  0x00000256889b6ec4: 48ba 8820 | 979e 5602 | 0000 4883 | 82e8 0200 

  0x00000256889b6ed4: ;   {metadata(method data for {method} {0x000002569e639a38} 'menuItem' '(Ljava/lang/String;Ljava/lang/String;ZZ)Z' in 'imgui/ImGui')}
  0x00000256889b6ed4: 0001 48ba | 605f 969e | 5602 0000 | 448b 8290 | 0000 0041 | 83c0 0244 | 8982 9000 | 0000 4181 
  0x00000256889b6ef4: e0fe ff1f | 0045 85c0 | 0f84 9f05 

  0x00000256889b6f00: ;   {metadata(method data for {method} {0x000002569e639a38} 'menuItem' '(Ljava/lang/String;Ljava/lang/String;ZZ)Z' in 'imgui/ImGui')}
  0x00000256889b6f00: 0000 48ba | 605f 969e | 5602 0000 | 4883 82d8 | 0000 0001 

  0x00000256889b6f14: ;   {oop("Undo"{0x00000007108005b8})}
  0x00000256889b6f14: 48ba b805 | 8010 0700 

  0x00000256889b6f1c: ;   {oop("Ctrl+Z"{0x00000007108005e8})}
  0x00000256889b6f1c: 0000 49b8 | e805 8010 | 0700 0000 | 41b9 0000 | 0000 bf00 | 0000 000f 

  0x00000256889b6f34: ;   {static_call}
  0x00000256889b6f34: 1f40 00e8 

  0x00000256889b6f38: ; ImmutableOopMap {}
                      ;*invokestatic nMenuItem {reexecute=0 rethrow=0 return_oop=0}
                      ; - imgui.ImGui::menuItem@4 (line 10208)
                      ; - Rendering.ImGui.ImGuiMenubar::render@164 (line 40)
  0x00000256889b6f38: a484 3807 

  0x00000256889b6f3c: ;   {post_call_nop}
  0x00000256889b6f3c: 0f1f 8400 | b411 001d 

  0x00000256889b6f44: ;   {metadata(method data for {method} {0x000002569e43ae80} 'render' '()V' in 'Rendering/ImGui/ImGuiMenubar')}
  0x00000256889b6f44: 48ba 8820 | 979e 5602 | 0000 4883 | 82f8 0200 

  0x00000256889b6f54: ;   {metadata(method data for {method} {0x000002569e639a38} 'menuItem' '(Ljava/lang/String;Ljava/lang/String;ZZ)Z' in 'imgui/ImGui')}
  0x00000256889b6f54: 0001 48ba | 605f 969e | 5602 0000 | 448b 8290 | 0000 0041 | 83c0 0244 | 8982 9000 | 0000 4181 
  0x00000256889b6f74: e0fe ff1f | 0045 85c0 | 0f84 4005 

  0x00000256889b6f80: ;   {metadata(method data for {method} {0x000002569e639a38} 'menuItem' '(Ljava/lang/String;Ljava/lang/String;ZZ)Z' in 'imgui/ImGui')}
  0x00000256889b6f80: 0000 48ba | 605f 969e | 5602 0000 | 4883 82d8 | 0000 0001 

  0x00000256889b6f94: ;   {oop("Redo"{0x0000000710800618})}
  0x00000256889b6f94: 48ba 1806 | 8010 0700 

  0x00000256889b6f9c: ;   {oop("Ctrl+Y"{0x0000000710800648})}
  0x00000256889b6f9c: 0000 49b8 | 4806 8010 | 0700 0000 | 41b9 0000 | 0000 bf00 | 0000 000f 

  0x00000256889b6fb4: ;   {static_call}
  0x00000256889b6fb4: 1f40 00e8 

  0x00000256889b6fb8: ; ImmutableOopMap {}
                      ;*invokestatic nMenuItem {reexecute=0 rethrow=0 return_oop=0}
                      ; - imgui.ImGui::menuItem@4 (line 10208)
                      ; - Rendering.ImGui.ImGuiMenubar::render@174 (line 41)
  0x00000256889b6fb8: 2484 3807 

  0x00000256889b6fbc: ;   {post_call_nop}
  0x00000256889b6fbc: 0f1f 8400 | 3412 001e 

  0x00000256889b6fc4: ;   {metadata(method data for {method} {0x000002569e43ae80} 'render' '()V' in 'Rendering/ImGui/ImGuiMenubar')}
  0x00000256889b6fc4: 48be 8820 | 979e 5602 | 0000 4883 | 8608 0300 

  0x00000256889b6fd4: ;   {metadata(method data for {method} {0x000002569e639338} 'endMenu' '()V' in 'imgui/ImGui')}
  0x00000256889b6fd4: 0001 48be | 3032 979e | 5602 0000 | 8bbe 9000 | 0000 83c7 | 0289 be90 | 0000 0081 | e7fe ff1f 
  0x00000256889b6ff4: 0085 ff0f | 84e6 0400 

  0x00000256889b6ffc: ;   {metadata(method data for {method} {0x000002569e639338} 'endMenu' '()V' in 'imgui/ImGui')}
  0x00000256889b6ffc: 0048 be30 | 3297 9e56 | 0200 0048 | 8386 d800 

  0x00000256889b700c: ;   {static_call}
  0x00000256889b700c: 0000 01e8 

  0x00000256889b7010: ; ImmutableOopMap {}
                      ;*invokestatic nEndMenu {reexecute=0 rethrow=0 return_oop=0}
                      ; - imgui.ImGui::endMenu@0 (line 10141)
                      ; - Rendering.ImGui.ImGuiMenubar::render@178 (line 42)
  0x00000256889b7010: cc83 3807 

  0x00000256889b7014: ;   {post_call_nop}
  0x00000256889b7014: 0f1f 8400 | 8c12 001f 

  0x00000256889b701c: ;   {metadata(method data for {method} {0x000002569e43ae80} 'render' '()V' in 'Rendering/ImGui/ImGuiMenubar')}
  0x00000256889b701c: 48be 8820 | 979e 5602 | 0000 4883 | 8618 0300 

  0x00000256889b702c: ;   {metadata(method data for {method} {0x000002569e638f50} 'endMainMenuBar' '()V' in 'imgui/ImGui')}
  0x00000256889b702c: 0001 48be | c848 979e | 5602 0000 | 8bbe 9000 | 0000 83c7 | 0289 be90 | 0000 0081 | e7fe ff1f 
  0x00000256889b704c: 0085 ff0f | 84af 0400 

  0x00000256889b7054: ;   {metadata(method data for {method} {0x000002569e638f50} 'endMainMenuBar' '()V' in 'imgui/ImGui')}
  0x00000256889b7054: 0048 bec8 | 4897 9e56 | 0200 0048 | 8386 d800 

  0x00000256889b7064: ;   {static_call}
  0x00000256889b7064: 0000 01e8 

  0x00000256889b7068: ; ImmutableOopMap {}
                      ;*invokestatic nEndMainMenuBar {reexecute=0 rethrow=0 return_oop=0}
                      ; - imgui.ImGui::endMainMenuBar@0 (line 10102)
                      ; - Rendering.ImGui.ImGuiMenubar::render@181 (line 45)
  0x00000256889b7068: 2436 9207 

  0x00000256889b706c: ;   {post_call_nop}
  0x00000256889b706c: 0f1f 8400 | e412 0020 | 4881 c4b0 | 0000 005d 

  0x00000256889b707c: ;   {poll_return}
  0x00000256889b707c: 493b 6728 | 0f87 9f04 

  0x00000256889b7084: ;   {metadata({method} {0x000002569e43ae80} 'render' '()V' in 'Rendering/ImGui/ImGuiMenubar')}
  0x00000256889b7084: 0000 c349 | ba78 ae43 | 9e56 0200 | 004c 8954 | 2408 48c7 | 0424 ffff 

  0x00000256889b709c: ;   {runtime_call C1 Runtime counter_overflow_blob}
  0x00000256889b709c: ffff e83d 

  0x00000256889b70a0: ; ImmutableOopMap {rdx=Oop }
                      ;*synchronization entry
                      ; - Rendering.ImGui.ImGuiMenubar::render@-1 (line 15)
  0x00000256889b70a0: 7245 07e9 | 3eee ffff 

  0x00000256889b70a8: ;   {metadata({method} {0x000002569e638e10} 'beginMainMenuBar' '()Z' in 'imgui/ImGui')}
  0x00000256889b70a8: 49ba 088e | 639e 5602 | 0000 4c89 | 5424 0848 | c704 24ff 

  0x00000256889b70bc: ;   {runtime_call C1 Runtime counter_overflow_blob}
  0x00000256889b70bc: ffff ffe8 

  0x00000256889b70c0: ; ImmutableOopMap {}
                      ;*synchronization entry
                      ; - imgui.ImGui::beginMainMenuBar@-1 (line 10091)
                      ; - Rendering.ImGui.ImGuiMenubar::render@0 (line 15)
  0x00000256889b70c0: 1c72 4507 | e956 eeff 

  0x00000256889b70c8: ;   {metadata({method} {0x000002569e6390a0} 'beginMenu' '(Ljava/lang/String;)Z' in 'imgui/ImGui')}
  0x00000256889b70c8: ff49 ba98 | 9063 9e56 | 0200 004c | 8954 2408 | 48c7 0424 | ffff ffff 

  0x00000256889b70e0: ;   {runtime_call C1 Runtime counter_overflow_blob}
  0x00000256889b70e0: e8fb 7145 

  0x00000256889b70e4: ; ImmutableOopMap {}
                      ;*synchronization entry
                      ; - imgui.ImGui::beginMenu@-1 (line 10113)
                      ; - Rendering.ImGui.ImGuiMenubar::render@8 (line 17)
  0x00000256889b70e4: 07e9 c0ee 

  0x00000256889b70e8: ;   {metadata({method} {0x000002569e639a38} 'menuItem' '(Ljava/lang/String;Ljava/lang/String;ZZ)Z' in 'imgui/ImGui')}
  0x00000256889b70e8: ffff 49ba | 309a 639e | 5602 0000 | 4c89 5424 | 0848 c704 | 24ff ffff 

  0x00000256889b7100: ;   {runtime_call C1 Runtime counter_overflow_blob}
  0x00000256889b7100: ffe8 da71 

  0x00000256889b7104: ; ImmutableOopMap {}
                      ;*synchronization entry
                      ; - imgui.ImGui::menuItem@-1 (line 10208)
                      ; - Rendering.ImGui.ImGuiMenubar::render@20 (line 18)
  0x00000256889b7104: 4507 e936 

  0x00000256889b7108: ;   {metadata({method} {0x000002569e639a38} 'menuItem' '(Ljava/lang/String;Ljava/lang/String;ZZ)Z' in 'imgui/ImGui')}
  0x00000256889b7108: efff ff49 | ba30 9a63 | 9e56 0200 | 004c 8954 | 2408 48c7 | 0424 ffff 

  0x00000256889b7120: ;   {runtime_call C1 Runtime counter_overflow_blob}
  0x00000256889b7120: ffff e8b9 

  0x00000256889b7124: ; ImmutableOopMap {}
                      ;*synchronization entry
                      ; - imgui.ImGui::menuItem@-1 (line 10208)
                      ; - Rendering.ImGui.ImGuiMenubar::render@30 (line 19)
  0x00000256889b7124: 7145 07e9 | 96ef ffff 

  0x00000256889b712c: ;   {metadata({method} {0x000002569e639158} 'beginMenu' '(Ljava/lang/String;Z)Z' in 'imgui/ImGui')}
  0x00000256889b712c: 49ba 5091 | 639e 5602 | 0000 4c89 | 5424 0848 | c704 24ff 

  0x00000256889b7140: ;   {runtime_call C1 Runtime counter_overflow_blob}
  0x00000256889b7140: ffff ffe8 

  0x00000256889b7144: ; ImmutableOopMap {}
                      ;*synchronization entry
                      ; - imgui.ImGui::beginMenu@-1 (line 10120)
                      ; - Rendering.ImGui.ImGuiMenubar::render@37 (line 21)
  0x00000256889b7144: 9871 4507 | e9f5 efff 

  0x00000256889b714c: ;   {metadata({method} {0x000002569e639a38} 'menuItem' '(Ljava/lang/String;Ljava/lang/String;ZZ)Z' in 'imgui/ImGui')}
  0x00000256889b714c: ff49 ba30 | 9a63 9e56 | 0200 004c | 8954 2408 | 48c7 0424 | ffff ffff 

  0x00000256889b7164: ;   {runtime_call C1 Runtime counter_overflow_blob}
  0x00000256889b7164: e877 7145 

  0x00000256889b7168: ; ImmutableOopMap {}
                      ;*synchronization entry
                      ; - imgui.ImGui::menuItem@-1 (line 10208)
                      ; - Rendering.ImGui.ImGuiMenubar::render@48 (line 22)
  0x00000256889b7168: 07e9 73f0 

  0x00000256889b716c: ;   {metadata({method} {0x000002569e639a38} 'menuItem' '(Ljava/lang/String;Ljava/lang/String;ZZ)Z' in 'imgui/ImGui')}
  0x00000256889b716c: ffff 49ba | 309a 639e | 5602 0000 | 4c89 5424 | 0848 c704 | 24ff ffff 

  0x00000256889b7184: ;   {runtime_call C1 Runtime counter_overflow_blob}
  0x00000256889b7184: ffe8 5671 

  0x00000256889b7188: ; ImmutableOopMap {}
                      ;*synchronization entry
                      ; - imgui.ImGui::menuItem@-1 (line 10208)
                      ; - Rendering.ImGui.ImGuiMenubar::render@57 (line 23)
  0x00000256889b7188: 4507 e9d3 

  0x00000256889b718c: ;   {metadata({method} {0x000002569e639338} 'endMenu' '()V' in 'imgui/ImGui')}
  0x00000256889b718c: f0ff ff49 | ba30 9363 | 9e56 0200 | 004c 8954 | 2408 48c7 | 0424 ffff 

  0x00000256889b71a4: ;   {runtime_call C1 Runtime counter_overflow_blob}
  0x00000256889b71a4: ffff e835 

  0x00000256889b71a8: ; ImmutableOopMap {}
                      ;*synchronization entry
                      ; - imgui.ImGui::endMenu@-1 (line 10141)
                      ; - Rendering.ImGui.ImGuiMenubar::render@61 (line 24)
  0x00000256889b71a8: 7145 07e9 | 2df1 ffff 

  0x00000256889b71b0: ;   {metadata({method} {0x000002569e639a38} 'menuItem' '(Ljava/lang/String;Ljava/lang/String;ZZ)Z' in 'imgui/ImGui')}
  0x00000256889b71b0: 49ba 309a | 639e 5602 | 0000 4c89 | 5424 0848 | c704 24ff 

  0x00000256889b71c4: ;   {runtime_call C1 Runtime counter_overflow_blob}
  0x00000256889b71c4: ffff ffe8 

  0x00000256889b71c8: ; ImmutableOopMap {}
                      ;*synchronization entry
                      ; - imgui.ImGui::menuItem@-1 (line 10208)
                      ; - Rendering.ImGui.ImGuiMenubar::render@70 (line 26)
  0x00000256889b71c8: 1471 4507 | e969 f1ff 

  0x00000256889b71d0: ;   {metadata({method} {0x000002569e639a38} 'menuItem' '(Ljava/lang/String;Ljava/lang/String;ZZ)Z' in 'imgui/ImGui')}
  0x00000256889b71d0: ff49 ba30 | 9a63 9e56 | 0200 004c | 8954 2408 | 48c7 0424 | ffff ffff 

  0x00000256889b71e8: ;   {runtime_call C1 Runtime counter_overflow_blob}
  0x00000256889b71e8: e8f3 7045 

  0x00000256889b71ec: ; ImmutableOopMap {}
                      ;*synchronization entry
                      ; - imgui.ImGui::menuItem@-1 (line 10208)
                      ; - Rendering.ImGui.ImGuiMenubar::render@79 (line 27)
  0x00000256889b71ec: 07e9 c8f1 

  0x00000256889b71f0: ;   {metadata({method} {0x000002569e604f60} 'separator' '()V' in 'imgui/ImGui')}
  0x00000256889b71f0: ffff 49ba | 584f 609e | 5602 0000 | 4c89 5424 | 0848 c704 | 24ff ffff 

  0x00000256889b7208: ;   {runtime_call C1 Runtime counter_overflow_blob}
  0x00000256889b7208: ffe8 d270 

  0x00000256889b720c: ; ImmutableOopMap {}
                      ;*synchronization entry
                      ; - imgui.ImGui::separator@-1 (line 2550)
                      ; - Rendering.ImGui.ImGuiMenubar::render@83 (line 28)
  0x00000256889b720c: 4507 e922 

  0x00000256889b7210: ;   {metadata({method} {0x000002569e639a38} 'menuItem' '(Ljava/lang/String;Ljava/lang/String;ZZ)Z' in 'imgui/ImGui')}
  0x00000256889b7210: f2ff ff49 | ba30 9a63 | 9e56 0200 | 004c 8954 | 2408 48c7 | 0424 ffff 

  0x00000256889b7228: ;   {runtime_call C1 Runtime counter_overflow_blob}
  0x00000256889b7228: ffff e8b1 

  0x00000256889b722c: ; ImmutableOopMap {}
                      ;*synchronization entry
                      ; - imgui.ImGui::menuItem@-1 (line 10208)
                      ; - Rendering.ImGui.ImGuiMenubar::render@92 (line 30)
  0x00000256889b722c: 7045 07e9 | 5ef2 ffff 

  0x00000256889b7234: ;   {metadata({method} {0x000002569e4016d8} 'get' '()LJade/Window;' in 'Jade/Window')}
  0x00000256889b7234: 49ba d016 | 409e 5602 | 0000 4c89 | 5424 0848 | c704 24ff 

  0x00000256889b7248: ;   {runtime_call C1 Runtime counter_overflow_blob}
  0x00000256889b7248: ffff ffe8 

  0x00000256889b724c: ; ImmutableOopMap {}
                      ;*synchronization entry
                      ; - Jade.Window::get@-1 (line 69)
                      ; - Rendering.ImGui.ImGuiMenubar::render@98 (line 30)
  0x00000256889b724c: 9070 4507 | e9e5 f2ff | ff48 8bd2 

  0x00000256889b7258: ;   {runtime_call C1 Runtime fast_new_instance_blob}
  0x00000256889b7258: e883 1945 

  0x00000256889b725c: ; ImmutableOopMap {}
                      ;*new {reexecute=0 rethrow=0 return_oop=0}
                      ; - Jade.Window::get@6 (line 70)
                      ; - Rendering.ImGui.ImGuiMenubar::render@98 (line 30)
  0x00000256889b725c: 07e9 68f3 | ffff 8b72 | 7848 c1e6 | 0348 83fe | 000f 84a0 | f3ff ff48 

  0x00000256889b7274: ;   {runtime_call g1_pre_barrier_slow}
  0x00000256889b7274: 8934 24e8 | 6476 4507 | e992 f3ff | ff48 83f8 | 000f 84af | f3ff ff48 

  0x00000256889b728c: ;   {runtime_call g1_post_barrier_slow}
  0x00000256889b728c: 8914 24e8 | 4c79 4507 | e9a1 f3ff 

  0x00000256889b7298: ;   {runtime_call C1 Runtime throw_null_pointer_exception_blob}
  0x00000256889b7298: ffe8 4210 

  0x00000256889b729c: ; ImmutableOopMap {rsi=Oop [144]=Oop }
                      ;*invokevirtual destroy {reexecute=0 rethrow=0 return_oop=0}
                      ; - Rendering.ImGui.ImGuiMenubar::render@101 (line 30)
                      ;   {metadata({method} {0x000002569e401c80} 'destroy' '()V' in 'Jade/Window')}
  0x00000256889b729c: 4507 49ba | 781c 409e | 5602 0000 | 4c89 5424 | 0848 c704 | 24ff ffff 

  0x00000256889b72b4: ;   {runtime_call C1 Runtime counter_overflow_blob}
  0x00000256889b72b4: ffe8 2670 

  0x00000256889b72b8: ; ImmutableOopMap {rsi=Oop [144]=Oop }
                      ;*synchronization entry
                      ; - Jade.Window::destroy@-1 (line 190)
                      ; - Rendering.ImGui.ImGuiMenubar::render@101 (line 30)
  0x00000256889b72b8: 4507 e9e4 

  0x00000256889b72bc: ;   {runtime_call C1 Runtime throw_null_pointer_exception_blob}
  0x00000256889b72bc: f3ff ffe8 

  0x00000256889b72c0: ; ImmutableOopMap {rsi=Oop rdi=Oop [144]=Oop }
                      ;*invokevirtual destroy {reexecute=0 rethrow=0 return_oop=0}
                      ; - Jade.Window::destroy@4 (line 190)
                      ; - Rendering.ImGui.ImGuiMenubar::render@101 (line 30)
  0x00000256889b72c0: 1c10 4507 

  0x00000256889b72c4: ;   {metadata({method} {0x000002569e403c58} 'destroy' '()V' in 'Rendering/ImGui/ImGuiWindow')}
  0x00000256889b72c4: 49ba 503c | 409e 5602 | 0000 4c89 | 5424 0848 | c704 24ff 

  0x00000256889b72d8: ;   {runtime_call C1 Runtime counter_overflow_blob}
  0x00000256889b72d8: ffff ffe8 

  0x00000256889b72dc: ; ImmutableOopMap {rsi=Oop rdi=Oop [144]=Oop }
                      ;*synchronization entry
                      ; - Rendering.ImGui.ImGuiWindow::destroy@-1 (line 135)
                      ; - Jade.Window::destroy@4 (line 190)
                      ; - Rendering.ImGui.ImGuiMenubar::render@101 (line 30)
  0x00000256889b72dc: 0070 4507 | e915 f4ff 

  0x00000256889b72e4: ;   {runtime_call C1 Runtime throw_null_pointer_exception_blob}
  0x00000256889b72e4: ffe8 f60f 

  0x00000256889b72e8: ; ImmutableOopMap {rsi=Oop rdi=Oop rdx=Oop [144]=Oop }
                      ;*invokevirtual shutdown {reexecute=0 rethrow=0 return_oop=0}
                      ; - Rendering.ImGui.ImGuiWindow::destroy@4 (line 135)
                      ; - Jade.Window::destroy@4 (line 190)
                      ; - Rendering.ImGui.ImGuiMenubar::render@101 (line 30)
                      ;   {runtime_call C1 Runtime throw_null_pointer_exception_blob}
  0x00000256889b72e8: 4507 e8f1 

  0x00000256889b72ec: ; ImmutableOopMap {rdx=Oop [144]=Oop }
                      ;*invokevirtual shutdown {reexecute=0 rethrow=0 return_oop=0}
                      ; - Rendering.ImGui.ImGuiWindow::destroy@11 (line 136)
                      ; - Jade.Window::destroy@4 (line 190)
                      ; - Rendering.ImGui.ImGuiMenubar::render@101 (line 30)
                      ;   {metadata({method} {0x000002569e5f4800} 'destroyContext' '()V' in 'imgui/ImGui')}
  0x00000256889b72ec: 0f45 0749 | baf8 475f | 9e56 0200 | 004c 8954 | 2408 48c7 | 0424 ffff 

  0x00000256889b7304: ;   {runtime_call C1 Runtime counter_overflow_blob}
  0x00000256889b7304: ffff e8d5 

  0x00000256889b7308: ; ImmutableOopMap {[144]=Oop }
                      ;*synchronization entry
                      ; - imgui.ImGui::destroyContext@-1 (line 183)
                      ; - Rendering.ImGui.ImGuiWindow::destroy@14 (line 137)
                      ; - Jade.Window::destroy@4 (line 190)
                      ; - Rendering.ImGui.ImGuiMenubar::render@101 (line 30)
  0x00000256889b7308: 6f45 07e9 | b5f4 ffff 

  0x00000256889b7310: ;   {metadata({method} {0x000002569e4bdb48} 'glfwTerminate' '()V' in 'org/lwjgl/glfw/GLFW')}
  0x00000256889b7310: 49ba 40db | 4b9e 5602 | 0000 4c89 | 5424 0848 | c704 24ff 

  0x00000256889b7324: ;   {runtime_call C1 Runtime counter_overflow_blob}
  0x00000256889b7324: ffff ffe8 

  0x00000256889b7328: ; ImmutableOopMap {}
                      ;*synchronization entry
                      ; - org.lwjgl.glfw.GLFW::glfwTerminate@-1 (line 1137)
                      ; - Jade.Window::destroy@21 (line 197)
                      ; - Rendering.ImGui.ImGuiMenubar::render@101 (line 30)
  0x00000256889b7328: b46f 4507 | e93c f5ff 

  0x00000256889b7330: ;   {metadata({method} {0x000002569e4be4d0} 'glfwSetErrorCallback' '(Lorg/lwjgl/glfw/GLFWErrorCallbackI;)Lorg/lwjgl/glfw/GLFWErrorCallback;' in 'org/lwjgl/glfw/GLFW')}
  0x00000256889b7330: ff49 bac8 | e44b 9e56 | 0200 004c | 8954 2408 | 48c7 0424 | ffff ffff 

  0x00000256889b7348: ;   {runtime_call C1 Runtime counter_overflow_blob}
  0x00000256889b7348: e893 6f45 

  0x00000256889b734c: ; ImmutableOopMap {}
                      ;*synchronization entry
                      ; - org.lwjgl.glfw.GLFW::glfwSetErrorCallback@-1 (line 1352)
                      ; - Jade.Window::destroy@25 (line 198)
                      ; - Rendering.ImGui.ImGuiMenubar::render@101 (line 30)
  0x00000256889b734c: 07e9 83f5 

  0x00000256889b7350: ;   {metadata({method} {0x000002569e459f28} 'memAddressSafe' '(Lorg/lwjgl/system/Pointer;)J' in 'org/lwjgl/system/MemoryUtil')}
  0x00000256889b7350: ffff 49ba | 209f 459e | 5602 0000 | 4c89 5424 | 0848 c704 | 24ff ffff 

  0x00000256889b7368: ;   {runtime_call C1 Runtime counter_overflow_blob}
  0x00000256889b7368: ffe8 726f 

  0x00000256889b736c: ; ImmutableOopMap {}
                      ;*synchronization entry
                      ; - org.lwjgl.system.MemoryUtil::memAddressSafe@-1 (line 911)
                      ; - org.lwjgl.glfw.GLFW::glfwSetErrorCallback@1 (line 1352)
                      ; - Jade.Window::destroy@25 (line 198)
                      ; - Rendering.ImGui.ImGuiMenubar::render@101 (line 30)
  0x00000256889b736c: 4507 e99b 

  0x00000256889b7370: ;   {metadata({method} {0x000002569e43e4a0} 'createSafe' '(J)Lorg/lwjgl/glfw/GLFWErrorCallback;' in 'org/lwjgl/glfw/GLFWErrorCallback')}
  0x00000256889b7370: f5ff ff49 | ba98 e443 | 9e56 0200 | 004c 8954 | 2408 48c7 | 0424 ffff 

  0x00000256889b7388: ;   {runtime_call C1 Runtime counter_overflow_blob}
  0x00000256889b7388: ffff e851 

  0x00000256889b738c: ; ImmutableOopMap {}
                      ;*synchronization entry
                      ; - org.lwjgl.glfw.GLFWErrorCallback::createSafe@-1 (line 48)
                      ; - org.lwjgl.glfw.GLFW::glfwSetErrorCallback@7 (line 1352)
                      ; - Jade.Window::destroy@25 (line 198)
                      ; - Rendering.ImGui.ImGuiMenubar::render@101 (line 30)
  0x00000256889b738c: 6f45 07e9 | 09f6 ffff 

  0x00000256889b7394: ;   {runtime_call C1 Runtime throw_null_pointer_exception_blob}
  0x00000256889b7394: e847 0f45 

  0x00000256889b7398: ; ImmutableOopMap {rsi=Oop }
                      ;*invokevirtual free {reexecute=0 rethrow=0 return_oop=0}
                      ; - Jade.Window::destroy@28 (line 198)
                      ; - Rendering.ImGui.ImGuiMenubar::render@101 (line 30)
                      ;   {metadata({method} {0x000002569e416100} 'free' '()V' in 'org/lwjgl/system/Callback')}
  0x00000256889b7398: 0749 baf8 | 6041 9e56 | 0200 004c | 8954 2408 | 48c7 0424 | ffff ffff 

  0x00000256889b73b0: ;   {runtime_call C1 Runtime counter_overflow_blob}
  0x00000256889b73b0: e82b 6f45 

  0x00000256889b73b4: ; ImmutableOopMap {rsi=Oop }
                      ;*synchronization entry
                      ; - org.lwjgl.system.Callback::free@-1 (line 135)
                      ; - Jade.Window::destroy@28 (line 198)
                      ; - Rendering.ImGui.ImGuiMenubar::render@101 (line 30)
  0x00000256889b73b4: 07e9 16f7 

  0x00000256889b73b8: ;   {metadata({method} {0x000002569e639338} 'endMenu' '()V' in 'imgui/ImGui')}
  0x00000256889b73b8: ffff 49ba | 3093 639e | 5602 0000 | 4c89 5424 | 0848 c704 | 24ff ffff 

  0x00000256889b73d0: ;   {runtime_call C1 Runtime counter_overflow_blob}
  0x00000256889b73d0: ffe8 0a6f 

  0x00000256889b73d4: ; ImmutableOopMap {}
                      ;*synchronization entry
                      ; - imgui.ImGui::endMenu@-1 (line 10141)
                      ; - Rendering.ImGui.ImGuiMenubar::render@104 (line 31)
  0x00000256889b73d4: 4507 e9e2 

  0x00000256889b73d8: ;   {metadata({method} {0x000002569e6390a0} 'beginMenu' '(Ljava/lang/String;)Z' in 'imgui/ImGui')}
  0x00000256889b73d8: f7ff ff49 | ba98 9063 | 9e56 0200 | 004c 8954 | 2408 48c7 | 0424 ffff 

  0x00000256889b73f0: ;   {runtime_call C1 Runtime counter_overflow_blob}
  0x00000256889b73f0: ffff e8e9 

  0x00000256889b73f4: ; ImmutableOopMap {}
                      ;*synchronization entry
                      ; - imgui.ImGui::beginMenu@-1 (line 10113)
                      ; - Rendering.ImGui.ImGuiMenubar::render@109 (line 34)
  0x00000256889b73f4: 6e45 07e9 | 19f8 ffff 

  0x00000256889b73fc: ;   {metadata({method} {0x000002569e639a38} 'menuItem' '(Ljava/lang/String;Ljava/lang/String;ZZ)Z' in 'imgui/ImGui')}
  0x00000256889b73fc: 49ba 309a | 639e 5602 | 0000 4c89 | 5424 0848 | c704 24ff 

  0x00000256889b7410: ;   {runtime_call C1 Runtime counter_overflow_blob}
  0x00000256889b7410: ffff ffe8 

  0x00000256889b7414: ; ImmutableOopMap {}
                      ;*synchronization entry
                      ; - imgui.ImGui::menuItem@-1 (line 10208)
                      ; - Rendering.ImGui.ImGuiMenubar::render@121 (line 35)
  0x00000256889b7414: c86e 4507 | e994 f8ff 

  0x00000256889b741c: ;   {metadata({method} {0x000002569e639a38} 'menuItem' '(Ljava/lang/String;Ljava/lang/String;ZZ)Z' in 'imgui/ImGui')}
  0x00000256889b741c: ff49 ba30 | 9a63 9e56 | 0200 004c | 8954 2408 | 48c7 0424 | ffff ffff 

  0x00000256889b7434: ;   {runtime_call C1 Runtime counter_overflow_blob}
  0x00000256889b7434: e8a7 6e45 

  0x00000256889b7438: ; ImmutableOopMap {}
                      ;*synchronization entry
                      ; - imgui.ImGui::menuItem@-1 (line 10208)
                      ; - Rendering.ImGui.ImGuiMenubar::render@131 (line 36)
  0x00000256889b7438: 07e9 f4f8 

  0x00000256889b743c: ;   {metadata({method} {0x000002569e639a38} 'menuItem' '(Ljava/lang/String;Ljava/lang/String;ZZ)Z' in 'imgui/ImGui')}
  0x00000256889b743c: ffff 49ba | 309a 639e | 5602 0000 | 4c89 5424 | 0848 c704 | 24ff ffff 

  0x00000256889b7454: ;   {runtime_call C1 Runtime counter_overflow_blob}
  0x00000256889b7454: ffe8 866e 

  0x00000256889b7458: ; ImmutableOopMap {}
                      ;*synchronization entry
                      ; - imgui.ImGui::menuItem@-1 (line 10208)
                      ; - Rendering.ImGui.ImGuiMenubar::render@141 (line 37)
  0x00000256889b7458: 4507 e953 

  0x00000256889b745c: ;   {metadata({method} {0x000002569e639a38} 'menuItem' '(Ljava/lang/String;Ljava/lang/String;ZZ)Z' in 'imgui/ImGui')}
  0x00000256889b745c: f9ff ff49 | ba30 9a63 | 9e56 0200 | 004c 8954 | 2408 48c7 | 0424 ffff 

  0x00000256889b7474: ;   {runtime_call C1 Runtime counter_overflow_blob}
  0x00000256889b7474: ffff e865 

  0x00000256889b7478: ; ImmutableOopMap {}
                      ;*synchronization entry
                      ; - imgui.ImGui::menuItem@-1 (line 10208)
                      ; - Rendering.ImGui.ImGuiMenubar::render@151 (line 38)
  0x00000256889b7478: 6e45 07e9 | b2f9 ffff 

  0x00000256889b7480: ;   {metadata({method} {0x000002569e604f60} 'separator' '()V' in 'imgui/ImGui')}
  0x00000256889b7480: 49ba 584f | 609e 5602 | 0000 4c89 | 5424 0848 | c704 24ff 

  0x00000256889b7494: ;   {runtime_call C1 Runtime counter_overflow_blob}
  0x00000256889b7494: ffff ffe8 

  0x00000256889b7498: ; ImmutableOopMap {}
                      ;*synchronization entry
                      ; - imgui.ImGui::separator@-1 (line 2550)
                      ; - Rendering.ImGui.ImGuiMenubar::render@155 (line 39)
  0x00000256889b7498: 446e 4507 | e904 faff 

  0x00000256889b74a0: ;   {metadata({method} {0x000002569e639a38} 'menuItem' '(Ljava/lang/String;Ljava/lang/String;ZZ)Z' in 'imgui/ImGui')}
  0x00000256889b74a0: ff49 ba30 | 9a63 9e56 | 0200 004c | 8954 2408 | 48c7 0424 | ffff ffff 

  0x00000256889b74b8: ;   {runtime_call C1 Runtime counter_overflow_blob}
  0x00000256889b74b8: e823 6e45 

  0x00000256889b74bc: ; ImmutableOopMap {}
                      ;*synchronization entry
                      ; - imgui.ImGui::menuItem@-1 (line 10208)
                      ; - Rendering.ImGui.ImGuiMenubar::render@164 (line 40)
  0x00000256889b74bc: 07e9 40fa 

  0x00000256889b74c0: ;   {metadata({method} {0x000002569e639a38} 'menuItem' '(Ljava/lang/String;Ljava/lang/String;ZZ)Z' in 'imgui/ImGui')}
  0x00000256889b74c0: ffff 49ba | 309a 639e | 5602 0000 | 4c89 5424 | 0848 c704 | 24ff ffff 

  0x00000256889b74d8: ;   {runtime_call C1 Runtime counter_overflow_blob}
  0x00000256889b74d8: ffe8 026e 

  0x00000256889b74dc: ; ImmutableOopMap {}
                      ;*synchronization entry
                      ; - imgui.ImGui::menuItem@-1 (line 10208)
                      ; - Rendering.ImGui.ImGuiMenubar::render@174 (line 41)
  0x00000256889b74dc: 4507 e99f 

  0x00000256889b74e0: ;   {metadata({method} {0x000002569e639338} 'endMenu' '()V' in 'imgui/ImGui')}
  0x00000256889b74e0: faff ff49 | ba30 9363 | 9e56 0200 | 004c 8954 | 2408 48c7 | 0424 ffff 

  0x00000256889b74f8: ;   {runtime_call C1 Runtime counter_overflow_blob}
  0x00000256889b74f8: ffff e8e1 

  0x00000256889b74fc: ; ImmutableOopMap {}
                      ;*synchronization entry
                      ; - imgui.ImGui::endMenu@-1 (line 10141)
                      ; - Rendering.ImGui.ImGuiMenubar::render@178 (line 42)
  0x00000256889b74fc: 6d45 07e9 | f9fa ffff 

  0x00000256889b7504: ;   {metadata({method} {0x000002569e638f50} 'endMainMenuBar' '()V' in 'imgui/ImGui')}
  0x00000256889b7504: 49ba 488f | 639e 5602 | 0000 4c89 | 5424 0848 | c704 24ff 

  0x00000256889b7518: ;   {runtime_call C1 Runtime counter_overflow_blob}
  0x00000256889b7518: ffff ffe8 

  0x00000256889b751c: ; ImmutableOopMap {}
                      ;*synchronization entry
                      ; - imgui.ImGui::endMainMenuBar@-1 (line 10102)
                      ; - Rendering.ImGui.ImGuiMenubar::render@181 (line 45)
  0x00000256889b751c: c06d 4507 | e930 fbff 

  0x00000256889b7524: ;   {internal_word}
  0x00000256889b7524: ff49 ba7c | 709b 8856 | 0200 004d | 8997 e004 

  0x00000256889b7534: ;   {runtime_call SafepointBlob}
  0x00000256889b7534: 0000 e925 | 9a38 0749 | 8b87 8805 | 0000 49c7 | 8788 0500 | 0000 0000 | 0049 c787 | 9005 0000 
  0x00000256889b7554: 0000 0000 | 4881 c4b0 | 0000 005d 

  0x00000256889b7560: ;   {runtime_call C1 Runtime unwind_exception_blob}
  0x00000256889b7560: e97b fe44 | 07f4 f4f4 
[Stub Code]
  0x00000256889b7568: ;   {other}
  0x00000256889b7568: 0f1f 4400 

  0x00000256889b756c: ;   {static_stub}
  0x00000256889b756c: 0048 bbc0 | 1d43 9e56 

  0x00000256889b7574: ;   {runtime_call I2C/C2I adapters}
  0x00000256889b7574: 0200 00e9 | b68e 3807 

  0x00000256889b757c: ;   {static_stub}
  0x00000256889b757c: 9048 bb58 | c140 9e56 

  0x00000256889b7584: ;   {runtime_call I2C/C2I adapters}
  0x00000256889b7584: 0200 00e9 | a68e 3807 

  0x00000256889b758c: ;   {static_stub}
  0x00000256889b758c: 9048 bb18 | 6397 9e56 

  0x00000256889b7594: ;   {runtime_call I2C/C2I adapters}
  0x00000256889b7594: 0200 00e9 | 9660 3607 

  0x00000256889b759c: ;   {static_stub}
  0x00000256889b759c: 48bb c093 | 639e 5602 

  0x00000256889b75a4: ;   {runtime_call I2C/C2I adapters}
  0x00000256889b75a4: 0000 e903 

  0x00000256889b75a8: ;   {static_stub}
  0x00000256889b75a8: 9238 0748 | bb00 0000 | 0000 0000 

  0x00000256889b75b4: ;   {runtime_call nmethod}
  0x00000256889b75b4: 00e9 fbff 

  0x00000256889b75b8: ;   {static_stub}
  0x00000256889b75b8: ffff 48bb | 0000 0000 | 0000 0000 

  0x00000256889b75c4: ;   {runtime_call nmethod}
  0x00000256889b75c4: e9fb ffff 

  0x00000256889b75c8: ;   {static_stub}
  0x00000256889b75c8: ff48 bb38 | 495f 9e56 

  0x00000256889b75d0: ;   {runtime_call I2C/C2I adapters}
  0x00000256889b75d0: 0200 00e9 | d691 3807 

  0x00000256889b75d8: ;   {static_stub}
  0x00000256889b75d8: 48bb e00b | 4c9e 5602 

  0x00000256889b75e0: ;   {runtime_call I2C/C2I adapters}
  0x00000256889b75e0: 0000 e94b 

  0x00000256889b75e4: ;   {static_stub}
  0x00000256889b75e4: 6036 0748 | bb00 0000 | 0000 0000 

  0x00000256889b75f0: ;   {runtime_call nmethod}
  0x00000256889b75f0: 00e9 fbff 

  0x00000256889b75f4: ;   {static_stub}
  0x00000256889b75f4: ffff 48bb | 00e4 4b9e | 5602 0000 

  0x00000256889b7600: ;   {runtime_call I2C/C2I adapters}
  0x00000256889b7600: e92d 6036 

  0x00000256889b7604: ;   {static_stub}
  0x00000256889b7604: 0748 bbc0 | e343 9e56 

  0x00000256889b760c: ;   {runtime_call I2C/C2I adapters}
  0x00000256889b760c: 0200 00e9 | 1e60 3607 

  0x00000256889b7614: ;   {static_stub}
  0x00000256889b7614: 48bb 0000 | 0000 0000 

  0x00000256889b761c: ;   {runtime_call nmethod}
  0x00000256889b761c: 0000 e9fb 

  0x00000256889b7620: ;   {static_stub}
  0x00000256889b7620: ffff ff48 | bb00 0000 | 0000 0000 

  0x00000256889b762c: ;   {runtime_call nmethod}
  0x00000256889b762c: 00e9 fbff 

  0x00000256889b7630: ;   {static_stub}
  0x00000256889b7630: ffff 48bb | 0000 0000 | 0000 0000 

  0x00000256889b763c: ;   {runtime_call nmethod}
  0x00000256889b763c: e9fb ffff 

  0x00000256889b7640: ;   {static_stub}
  0x00000256889b7640: ff48 bb80 | 9263 9e56 

  0x00000256889b7648: ;   {runtime_call I2C/C2I adapters}
  0x00000256889b7648: 0200 00e9 | 66e2 3807 

  0x00000256889b7650: ;   {static_stub}
  0x00000256889b7650: 48bb c066 | 419e 5602 

  0x00000256889b7658: ;   {runtime_call I2C/C2I adapters}
  0x00000256889b7658: 0000 e9d3 

  0x00000256889b765c: ;   {static_stub}
  0x00000256889b765c: 5f36 0748 | bb00 0000 | 0000 0000 

  0x00000256889b7668: ;   {runtime_call nmethod}
  0x00000256889b7668: 00e9 fbff 

  0x00000256889b766c: ;   {runtime_call C1 Runtime handle_exception_from_callee_blob}
  0x00000256889b766c: ffff e8ed 

  0x00000256889b7670: ;   {external_word}
  0x00000256889b7670: 2d45 0748 | b948 0805 | 17fa 7f00 | 0048 83e4 

  0x00000256889b7680: ;   {runtime_call}
  0x00000256889b7680: f048 b800 | 8dc8 16fa | 7f00 00ff 

  0x00000256889b768c: ;   {section_word}
  0x00000256889b768c: d0f4 49ba | 8e76 9b88 | 5602 0000 

  0x00000256889b7698: ;   {runtime_call DeoptimizationBlob}
  0x00000256889b7698: 4152 e9c1 | 9b38 07f4 
[/MachCode]


Compiled method (c1) 2954 1634       3       Rendering.ImGui.ImGuiEditor::render (89 bytes)
 total in heap  [0x00000256889b3208,0x00000256889b5d08] = 11008
 constants      [0x00000256889b3300,0x00000256889b3320] = 32
 main code      [0x00000256889b3320,0x00000256889b5b30] = 10256
 stub code      [0x00000256889b5b30,0x00000256889b5c88] = 344
 oops           [0x00000256889b5c88,0x00000256889b5d08] = 128
 mutable data [0x00000256a50826a0,0x00000256a5082bb8] = 1304
 relocation     [0x00000256a50826a0,0x00000256a5082a80] = 992
 metadata       [0x00000256a5082a80,0x00000256a5082bb8] = 312
 immutable data [0x00000256a5081980,0x00000256a5082698] = 3352
 dependencies   [0x00000256a5081980,0x00000256a50819d0] = 80
 nul chk table  [0x00000256a50819d0,0x00000256a5081a30] = 96
 scopes pcs     [0x00000256a5081a30,0x00000256a5082020] = 1520
 scopes data    [0x00000256a5082020,0x00000256a5082698] = 1656


[Constant Pool]
             Address          hex4                    hex8      
  0x00000256889b3300:   0x3f800000      0xf4f4f4f43f800000      
  0x00000256889b3304:   0xf4f4f4f4                              
  0x00000256889b3308:   0xf4f4f4f4      0xf4f4f4f4f4f4f4f4      
  0x00000256889b330c:   0xf4f4f4f4                              
  0x00000256889b3310:   0xf4f4f4f4      0xf4f4f4f4f4f4f4f4      
  0x00000256889b3314:   0xf4f4f4f4                              
  0x00000256889b3318:   0xf4f4f4f4      0xf4f4f4f4f4f4f4f4      
  0x00000256889b331c:   0xf4f4f4f4                              

[MachCode]
[Instructions begin]
  0x00000256889b3320: ;   {other}
  0x00000256889b3320: 660f 1f84 | 0000 0000 | 0066 0f1f | 8400 0000 | 0000 448b | 5208 443b 

  0x00000256889b3338: ;   {runtime_call Shared Runtime ic_miss_blob}
  0x00000256889b3338: 5008 0f85 | a0b7 3807 
[Verified Entry Point]
  0x00000256889b3340: 8984 2400 | 80ff ff55 | 4881 eca0 | 0100 0090 | 4181 7f20 | 0100 0000 

  0x00000256889b3358: ;   {runtime_call Stub::method_entry_barrier}
  0x00000256889b3358: 7405 e8e1 | 0e37 0748 | 8994 2420 

  0x00000256889b3364: ;   {metadata(method data for {method} {0x000002569e4391c0} 'render' '()V' in 'Rendering/ImGui/ImGuiEditor')}
  0x00000256889b3364: 0100 0048 | be00 8896 | 9e56 0200 | 008b be90 | 0000 0083 | c702 89be | 9000 0000 | 81e7 fe07 
  0x00000256889b3384: 0000 85ff | 0f84 6b20 | 0000 8b72 | 1848 c1e6 | 0348 3b06 

  0x00000256889b3398: ;   {metadata(method data for {method} {0x000002569e4391c0} 'render' '()V' in 'Rendering/ImGui/ImGuiEditor')}
  0x00000256889b3398: 488b fe48 | bb00 8896 | 9e56 0200 

  0x00000256889b33a4: ;   {metadata('Rendering/ImGui/ImGuiMenubar')}
  0x00000256889b33a4: 0049 ba80 | 4804 1400 | 0000 004c | 8993 e000 | 0000 4883 | 83e8 0000 | 0001 488b | d666 0f1f 
  0x00000256889b33c4: ;   {optimized virtual_call}
  0x00000256889b33c4: 4400 00e8 

  0x00000256889b33c8: ; ImmutableOopMap {[288]=Oop }
                      ;*invokevirtual render {reexecute=0 rethrow=0 return_oop=0}
                      ; - Rendering.ImGui.ImGuiEditor::render@4 (line 19)
  0x00000256889b33c8: d42a 0000 

  0x00000256889b33cc: ;   {post_call_nop}
  0x00000256889b33cc: 0f1f 8400 | c401 0000 

  0x00000256889b33d4: ;   {metadata(method data for {method} {0x000002569e4391c0} 'render' '()V' in 'Rendering/ImGui/ImGuiEditor')}
  0x00000256889b33d4: 48ba 0088 | 969e 5602 | 0000 4883 | 8208 0100 

  0x00000256889b33e4: ;   {metadata(method data for {method} {0x000002569e5f73c0} 'begin' '(Ljava/lang/String;I)Z' in 'imgui/ImGui')}
  0x00000256889b33e4: 0001 48ba | 0024 979e | 5602 0000 | 448b 8290 | 0000 0041 | 83c0 0244 | 8982 9000 | 0000 4181 
  0x00000256889b3404: e0fe ff1f | 0045 85c0 | 0f84 0d20 

  0x00000256889b3410: ;   {metadata(method data for {method} {0x000002569e5f73c0} 'begin' '(Ljava/lang/String;I)Z' in 'imgui/ImGui')}
  0x00000256889b3410: 0000 48ba | 0024 979e | 5602 0000 | 4883 82d8 | 0000 0001 

  0x00000256889b3424: ;   {oop("Editor Þ"{0x000000070fdd4d98})}
  0x00000256889b3424: 48ba 984d | dd0f 0700 | 0000 41b8 | 4000 0000 

  0x00000256889b3434: ;   {static_call}
  0x00000256889b3434: 6666 90e8 

  0x00000256889b3438: ; ImmutableOopMap {[288]=Oop }
                      ;*invokestatic nBegin {reexecute=0 rethrow=0 return_oop=0}
                      ; - imgui.ImGui::begin@2 (line 581)
                      ; - Rendering.ImGui.ImGuiEditor::render@11 (line 21)
  0x00000256889b3438: 5475 9207 

  0x00000256889b343c: ;   {post_call_nop}
  0x00000256889b343c: 0f1f 8400 | 3402 0001 | 83e0 0185 

  0x00000256889b3448: ;   {metadata(method data for {method} {0x000002569e4391c0} 'render' '()V' in 'Rendering/ImGui/ImGuiEditor')}
  0x00000256889b3448: c048 ba00 | 8896 9e56 | 0200 00be | 1801 0000 | 7405 be28 | 0100 0048 | 8b3c 3248 | 8d7f 0148 
  0x00000256889b3468: 893c 320f | 8443 1d00 

  0x00000256889b3470: ;   {metadata(method data for {method} {0x000002569e4391c0} 'render' '()V' in 'Rendering/ImGui/ImGuiEditor')}
  0x00000256889b3470: 0048 ba00 | 8896 9e56 | 0200 0048 | 8382 3801 

  0x00000256889b3480: ;   {metadata(method data for {method} {0x0000000013194230} 'getProperty' '(Ljava/lang/String;)Ljava/lang/String;' in 'java/lang/System')}
  0x00000256889b3480: 0000 0148 | baf0 4a1e | 9e56 0200 | 008b b290 | 0000 0083 | c602 89b2 | 9000 0000 | 81e6 feff 
  0x00000256889b34a0: 1f00 85f6 | 0f84 961f 

  0x00000256889b34a8: ;   {metadata(method data for {method} {0x0000000013194230} 'getProperty' '(Ljava/lang/String;)Ljava/lang/String;' in 'java/lang/System')}
  0x00000256889b34a8: 0000 48ba | f04a 1e9e | 5602 0000 | 4883 82d8 | 0000 0001 

  0x00000256889b34bc: ;   {oop("os.name"{0x00000007ffe3e528})}
  0x00000256889b34bc: 48be 28e5 | e3ff 0700 | 0000 488b | d648 89b4 | 2428 0100 | 0066 0f1f 

  0x00000256889b34d4: ;   {static_call}
  0x00000256889b34d4: 4400 00e8 

  0x00000256889b34d8: ; ImmutableOopMap {[288]=Oop [296]=Oop }
                      ;*invokestatic checkKey {reexecute=0 rethrow=0 return_oop=0}
                      ; - java.lang.System::getProperty@1 (line 742)
                      ; - Rendering.ImGui.ImGuiEditor::render@19 (line 22)
  0x00000256889b34d8: 2414 fbff 

  0x00000256889b34dc: ;   {post_call_nop}
  0x00000256889b34dc: 0f1f 8400 | d402 0002 

  0x00000256889b34e4: ;   {oop(a 'java/lang/Class'{0x00000007ffe7e828} = 'java/lang/System')}
  0x00000256889b34e4: 48be 28e8 | e7ff 0700 | 0000 8b96 | 9400 0000 | 48c1 e203 

  0x00000256889b34f8: ; implicit exception: dispatches to 0x00000256889b5461
  0x00000256889b34f8: 483b 024c 

  0x00000256889b34fc: ;   {metadata(method data for {method} {0x0000000013194230} 'getProperty' '(Ljava/lang/String;)Ljava/lang/String;' in 'java/lang/System')}
  0x00000256889b34fc: 8bc2 48bf | f04a 1e9e | 5602 0000 | 458b 4008 | 41ba 0000 | 0013 4d03 | c24c 3b87 | f000 0000 
  0x00000256889b351c: 750d 4883 | 87f8 0000 | 0001 e960 | 0000 004c | 3b87 0001 | 0000 750d | 4883 8708 | 0100 0001 
  0x00000256889b353c: e94a 0000 | 0048 83bf | f000 0000 | 0075 174c | 8987 f000 | 0000 48c7 | 87f8 0000 | 0001 0000 
  0x00000256889b355c: 00e9 2900 | 0000 4883 | bf00 0100 | 0000 7517 | 4c89 8700 | 0100 0048 | c787 0801 | 0000 0100 
  0x00000256889b357c: 0000 e908 | 0000 0048 | 8387 e800 | 0000 014c | 8b84 2428 | 0100 0048 | 89b4 2430 | 0100 0066 
  0x00000256889b359c: 9048 b8a0 | f4f5 a456 

  0x00000256889b35a4: ;   {virtual_call}
  0x00000256889b35a4: 0200 00e8 

  0x00000256889b35a8: ; ImmutableOopMap {[288]=Oop [304]=Oop }
                      ;*invokevirtual getProperty {reexecute=0 rethrow=0 return_oop=0}
                      ; - java.lang.System::getProperty@8 (line 743)
                      ; - Rendering.ImGui.ImGuiEditor::render@19 (line 22)
  0x00000256889b35a8: e691 faff 

  0x00000256889b35ac: ;   {post_call_nop}
  0x00000256889b35ac: 0f1f 8400 | a403 0003 

  0x00000256889b35b4: ;   {metadata(method data for {method} {0x000002569e4391c0} 'render' '()V' in 'Rendering/ImGui/ImGuiEditor')}
  0x00000256889b35b4: 48ba 0088 | 969e 5602 | 0000 4883 | 8248 0100 

  0x00000256889b35c4: ;   {metadata(method data for {method} {0x0000000013194230} 'getProperty' '(Ljava/lang/String;)Ljava/lang/String;' in 'java/lang/System')}
  0x00000256889b35c4: 0001 48ba | f04a 1e9e | 5602 0000 | 8bb2 9000 | 0000 83c6 | 0289 b290 | 0000 0081 | e6fe ff1f 
  0x00000256889b35e4: 0085 f60f | 8479 1e00 

  0x00000256889b35ec: ;   {metadata(method data for {method} {0x0000000013194230} 'getProperty' '(Ljava/lang/String;)Ljava/lang/String;' in 'java/lang/System')}
  0x00000256889b35ec: 0048 baf0 | 4a1e 9e56 | 0200 0048 | 8382 d800 

  0x00000256889b35fc: ;   {oop("os.arch"{0x00000007ffe67568})}
  0x00000256889b35fc: 0000 0148 | be68 75e6 | ff07 0000 | 0048 8bd6 | 4889 8424 | 4001 0000 | 4889 b424 | 3801 0000 
  0x00000256889b361c: ;   {static_call}
  0x00000256889b361c: 6666 90e8 

  0x00000256889b3620: ; ImmutableOopMap {[288]=Oop [304]=Oop [312]=Oop [320]=Oop }
                      ;*invokestatic checkKey {reexecute=0 rethrow=0 return_oop=0}
                      ; - java.lang.System::getProperty@1 (line 742)
                      ; - Rendering.ImGui.ImGuiEditor::render@24 (line 22)
  0x00000256889b3620: dc12 fbff 

  0x00000256889b3624: ;   {post_call_nop}
  0x00000256889b3624: 0f1f 8400 | 1c04 0004 | 488b b424 | 3001 0000 | 8b96 9400 | 0000 48c1 | e203 483b | 024c 8bc2 
  0x00000256889b3644: ;   {metadata(method data for {method} {0x0000000013194230} 'getProperty' '(Ljava/lang/String;)Ljava/lang/String;' in 'java/lang/System')}
  0x00000256889b3644: 48be f04a | 1e9e 5602 | 0000 458b | 4008 41ba | 0000 0013 | 4d03 c24c | 3b86 f000 | 0000 750d 
  0x00000256889b3664: 4883 86f8 | 0000 0001 | e960 0000 | 004c 3b86 | 0001 0000 | 750d 4883 | 8608 0100 | 0001 e94a 
  0x00000256889b3684: 0000 0048 | 83be f000 | 0000 0075 | 174c 8986 | f000 0000 | 48c7 86f8 | 0000 0001 | 0000 00e9 
  0x00000256889b36a4: 2900 0000 | 4883 be00 | 0100 0000 | 7517 4c89 | 8600 0100 | 0048 c786 | 0801 0000 | 0100 0000 
  0x00000256889b36c4: e908 0000 | 0048 8386 | e800 0000 | 014c 8b84 | 2438 0100 | 000f 1f40 | 0048 b8c8 | f4f5 a456 
  0x00000256889b36e4: ;   {virtual_call}
  0x00000256889b36e4: 0200 00e8 

  0x00000256889b36e8: ; ImmutableOopMap {[288]=Oop [320]=Oop }
                      ;*invokevirtual getProperty {reexecute=0 rethrow=0 return_oop=0}
                      ; - java.lang.System::getProperty@8 (line 743)
                      ; - Rendering.ImGui.ImGuiEditor::render@24 (line 22)
  0x00000256889b36e8: a690 faff 

  0x00000256889b36ec: ;   {post_call_nop}
  0x00000256889b36ec: 0f1f 8400 | e404 0005 

  0x00000256889b36f4: ;   {metadata(method data for {method} {0x000002569e4391c0} 'render' '()V' in 'Rendering/ImGui/ImGuiEditor')}
  0x00000256889b36f4: 48ba 0088 | 969e 5602 | 0000 488d | 9268 0100 | 0048 8bb4 | 2440 0100 | 0048 85f6 | 750c f642 
  0x00000256889b3714: 0801 7506 | f048 834a | 0801 4885 | c075 0cf6 | 4218 0175 | 06f0 4883 

  0x00000256889b372c: ;   {metadata(method data for {method} {0x0000000013212e98} 'linkToTargetMethod' '(Ljava/lang/Object;Ljava/lang/Object;Ljava/lang/Object;)Ljava/lang/Object;' in 'java/lang/invoke/Invokers$Holder')}
  0x00000256889b372c: 4a18 0148 | ba60 771e | 9e56 0200 | 0048 8d92 | d001 0000 | 4885 f675 | 0af6 0201 | 7505 f048 
  0x00000256889b374c: 830a 0148 | 85c0 750c | f642 1001 | 7506 f048 | 834a 1001 

  0x00000256889b3760: ;   {metadata(method data for {method} {0x000002569e4391c0} 'render' '()V' in 'Rendering/ImGui/ImGuiEditor')}
  0x00000256889b3760: 48ba 0088 | 969e 5602 | 0000 4883 | 8258 0100 

  0x00000256889b3770: ;   {metadata(method data for {method} {0x0000000013212e98} 'linkToTargetMethod' '(Ljava/lang/Object;Ljava/lang/Object;Ljava/lang/Object;)Ljava/lang/Object;' in 'java/lang/invoke/Invokers$Holder')}
  0x00000256889b3770: 0001 48ba | 6077 1e9e | 5602 0000 | 8bba 9000 | 0000 83c7 | 0289 ba90 | 0000 0081 | e7fe ff1f 
  0x00000256889b3790: 0085 ff0f | 84f3 1c00 

  0x00000256889b3798: ;   {metadata(method data for {method} {0x0000000013212e98} 'linkToTargetMethod' '(Ljava/lang/Object;Ljava/lang/Object;Ljava/lang/Object;)Ljava/lang/Object;' in 'java/lang/invoke/Invokers$Holder')}
  0x00000256889b3798: 0048 ba60 | 771e 9e56 | 0200 0048 | 8d92 3801 | 0000 4885 | f675 0cf6 | 4208 0175 | 06f0 4883 
  0x00000256889b37b8: ;   {metadata(method data for {method} {0x000002569e49ae90} 'invoke' '(Ljava/lang/Object;Ljava/lang/Object;Ljava/lang/Object;)Ljava/lang/Object;' in 'java/lang/invoke/LambdaForm$MH+0x0000000014051400')}
  0x00000256889b37b8: 4a08 0148 | baf8 b049 | 9e56 0200 | 0048 8d92 | 0002 0000 | 4885 f675 | 0cf6 4210 | 0175 06f0 
  0x00000256889b37d8: 4883 4a10 

  0x00000256889b37dc: ;   {metadata(method data for {method} {0x0000000013212e98} 'linkToTargetMethod' '(Ljava/lang/Object;Ljava/lang/Object;Ljava/lang/Object;)Ljava/lang/Object;' in 'java/lang/invoke/Invokers$Holder')}
  0x00000256889b37dc: 0148 ba60 | 771e 9e56 | 0200 0048 | 8382 0801 

  0x00000256889b37ec: ;   {metadata(method data for {method} {0x000002569e49ae90} 'invoke' '(Ljava/lang/Object;Ljava/lang/Object;Ljava/lang/Object;)Ljava/lang/Object;' in 'java/lang/invoke/LambdaForm$MH+0x0000000014051400')}
  0x00000256889b37ec: 0000 0148 | baf8 b049 | 9e56 0200 | 008b ba90 | 0000 0083 | c702 89ba | 9000 0000 | 81e7 feff 
  0x00000256889b380c: 1f00 85ff | 0f84 971c 

  0x00000256889b3814: ;   {metadata(method data for {method} {0x000002569e49ae90} 'invoke' '(Ljava/lang/Object;Ljava/lang/Object;Ljava/lang/Object;)Ljava/lang/Object;' in 'java/lang/invoke/LambdaForm$MH+0x0000000014051400')}
  0x00000256889b3814: 0000 48ba | f8b0 499e | 5602 0000 | 4883 8238 | 0100 0001 

  0x00000256889b3828: ;   {metadata(method data for {method} {0x0000000013215400} 'invokeSpecial' '(Ljava/lang/Object;Ljava/lang/Object;Ljava/lang/Object;Ljava/lang/Object;)Ljava/lang/Object;' in 'java/lang/invoke/DirectMethodHandle$Holder')}
  0x00000256889b3828: 48ba 7884 | 1e9e 5602 | 0000 8bba | 9000 0000 | 83c7 0289 | ba90 0000 | 0081 e7fe | ff1f 0085 
  0x00000256889b3848: ff0f 847f 

  0x00000256889b384c: ;   {metadata(method data for {method} {0x0000000013215400} 'invokeSpecial' '(Ljava/lang/Object;Ljava/lang/Object;Ljava/lang/Object;Ljava/lang/Object;)Ljava/lang/Object;' in 'java/lang/invoke/DirectMethodHandle$Holder')}
  0x00000256889b384c: 1c00 0048 | ba78 841e | 9e56 0200 | 0048 8382 | d800 0000 

  0x00000256889b3860: ;   {metadata(method data for {method} {0x0000000013206588} 'internalMemberName' '(Ljava/lang/Object;)Ljava/lang/Object;' in 'java/lang/invoke/DirectMethodHandle')}
  0x00000256889b3860: 0148 ba70 | 501e 9e56 | 0200 008b | ba90 0000 | 0083 c702 | 89ba 9000 | 0000 81e7 | feff 1f00 
  0x00000256889b3880: 85ff 0f84 | 671c 0000 

  0x00000256889b3888: ;   {metadata(method data for {method} {0x0000000013215400} 'invokeSpecial' '(Ljava/lang/Object;Ljava/lang/Object;Ljava/lang/Object;Ljava/lang/Object;)Ljava/lang/Object;' in 'java/lang/invoke/DirectMethodHandle$Holder')}
  0x00000256889b3888: 48ba 7884 | 1e9e 5602 | 0000 488d | 9248 0100 | 0048 85f6 | 750c f642 | 1801 7506 | f048 834a 
  0x00000256889b38a8: ;   {oop(a 'java/lang/String$$StringConcat+0x0000000014051000'{0x000000070fdd53a0})}
  0x00000256889b38a8: 1801 48ba | a053 dd0f | 0700 0000 

  0x00000256889b38b4: ;   {metadata(method data for {method} {0x0000000013215400} 'invokeSpecial' '(Ljava/lang/Object;Ljava/lang/Object;Ljava/lang/Object;Ljava/lang/Object;)Ljava/lang/Object;' in 'java/lang/invoke/DirectMethodHandle$Holder')}
  0x00000256889b38b4: 48bf 7884 | 1e9e 5602 | 0000 4883 | 8738 0100 

  0x00000256889b38c4: ;   {metadata(method data for {method} {0x000002569e49a5a0} 'concat' '(Ljava/lang/Object;Ljava/lang/Object;)Ljava/lang/String;' in 'java/lang/String$$StringConcat+0x0000000014051000')}
  0x00000256889b38c4: 0001 48ba | d0a9 499e | 5602 0000 | 8bba 9000 | 0000 83c7 | 0289 ba90 | 0000 0081 | e7fe ff1f 
  0x00000256889b38e4: 0085 ff0f | 8423 1c00 

  0x00000256889b38ec: ;   {metadata(method data for {method} {0x000002569e49a5a0} 'concat' '(Ljava/lang/Object;Ljava/lang/Object;)Ljava/lang/String;' in 'java/lang/String$$StringConcat+0x0000000014051000')}
  0x00000256889b38ec: 0048 bad0 | a949 9e56 | 0200 0048 | 8382 d800 

  0x00000256889b38fc: ;   {metadata(method data for {method} {0x000000001349a860} 'stringOf' '(Ljava/lang/Object;)Ljava/lang/String;' in 'java/lang/StringConcatHelper')}
  0x00000256889b38fc: 0000 0148 | baa8 bf16 | 9e56 0200 | 008b ba90 | 0000 0083 | c702 89ba | 9000 0000 | 81e7 feff 
  0x00000256889b391c: 1f00 85ff | 0f84 0b1c | 0000 4885 

  0x00000256889b3928: ;   {metadata(method data for {method} {0x000000001349a860} 'stringOf' '(Ljava/lang/Object;)Ljava/lang/String;' in 'java/lang/StringConcatHelper')}
  0x00000256889b3928: f648 baa8 | bf16 9e56 | 0200 00bf | d800 0000 | 7405 bfe8 | 0000 0048 | 8b1c 3a48 | 8d5b 0148 
  0x00000256889b3948: 891c 3a0f | 846a 0000 | 0048 3b06 

  0x00000256889b3954: ;   {metadata(method data for {method} {0x000000001349a860} 'stringOf' '(Ljava/lang/Object;)Ljava/lang/String;' in 'java/lang/StringConcatHelper')}
  0x00000256889b3954: 488b d648 | bfa8 bf16 | 9e56 0200 | 0048 8387 | 0801 0000 

  0x00000256889b3968: ;   {metadata(method data for {method} {0x0000000013188140} 'toString' '()Ljava/lang/String;' in 'java/lang/String')}
  0x00000256889b3968: 0148 ba40 | da05 9e56 | 0200 008b | ba90 0000 | 0083 c702 | 89ba 9000 | 0000 81e7 | feff 1f00 
  0x00000256889b3988: 85ff 0f84 | c71b 0000 

  0x00000256889b3990: ;   {metadata(method data for {method} {0x000000001349a860} 'stringOf' '(Ljava/lang/Object;)Ljava/lang/String;' in 'java/lang/StringConcatHelper')}
  0x00000256889b3990: 4885 f648 | baa8 bf16 | 9e56 0200 | 00bf 2801 | 0000 7505 | bf38 0100 | 0048 8b1c | 3a48 8d5b 
  0x00000256889b39b0: 0148 891c | 3a0f 851a 

  0x00000256889b39b8: ;   {metadata(method data for {method} {0x000000001349a860} 'stringOf' '(Ljava/lang/Object;)Ljava/lang/String;' in 'java/lang/StringConcatHelper')}
  0x00000256889b39b8: 0000 0048 | baa8 bf16 | 9e56 0200 | 00ff 8248 

  0x00000256889b39c8: ;   {oop("null"{0x00000007ffe3a780})}
  0x00000256889b39c8: 0100 0048 | be80 a7e3 | ff07 0000 

  0x00000256889b39d4: ;   {metadata(method data for {method} {0x000002569e49a5a0} 'concat' '(Ljava/lang/Object;Ljava/lang/Object;)Ljava/lang/String;' in 'java/lang/String$$StringConcat+0x0000000014051000')}
  0x00000256889b39d4: 0048 bad0 | a949 9e56 | 0200 0048 | 8382 e800 

  0x00000256889b39e4: ;   {metadata(method data for {method} {0x000000001349a860} 'stringOf' '(Ljava/lang/Object;)Ljava/lang/String;' in 'java/lang/StringConcatHelper')}
  0x00000256889b39e4: 0000 0148 | baa8 bf16 | 9e56 0200 | 008b ba90 | 0000 0083 | c702 89ba | 9000 0000 | 81e7 feff 
  0x00000256889b3a04: 1f00 85ff | 0f84 6a1b | 0000 4885 

  0x00000256889b3a10: ;   {metadata(method data for {method} {0x000000001349a860} 'stringOf' '(Ljava/lang/Object;)Ljava/lang/String;' in 'java/lang/StringConcatHelper')}
  0x00000256889b3a10: c048 baa8 | bf16 9e56 | 0200 00bf | d800 0000 | 7405 bfe8 | 0000 0048 | 8b1c 3a48 | 8d5b 0148 
  0x00000256889b3a30: 891c 3a0f | 846a 0000 | 0048 3b00 

  0x00000256889b3a3c: ;   {metadata(method data for {method} {0x000000001349a860} 'stringOf' '(Ljava/lang/Object;)Ljava/lang/String;' in 'java/lang/StringConcatHelper')}
  0x00000256889b3a3c: 488b d048 | bfa8 bf16 | 9e56 0200 | 0048 8387 | 0801 0000 

  0x00000256889b3a50: ;   {metadata(method data for {method} {0x0000000013188140} 'toString' '()Ljava/lang/String;' in 'java/lang/String')}
  0x00000256889b3a50: 0148 ba40 | da05 9e56 | 0200 008b | ba90 0000 | 0083 c702 | 89ba 9000 | 0000 81e7 | feff 1f00 
  0x00000256889b3a70: 85ff 0f84 | 261b 0000 

  0x00000256889b3a78: ;   {metadata(method data for {method} {0x000000001349a860} 'stringOf' '(Ljava/lang/Object;)Ljava/lang/String;' in 'java/lang/StringConcatHelper')}
  0x00000256889b3a78: 4885 c048 | baa8 bf16 | 9e56 0200 | 00bf 2801 | 0000 7505 | bf38 0100 | 0048 8b1c | 3a48 8d5b 
  0x00000256889b3a98: 0148 891c | 3a0f 851a 

  0x00000256889b3aa0: ;   {metadata(method data for {method} {0x000000001349a860} 'stringOf' '(Ljava/lang/Object;)Ljava/lang/String;' in 'java/lang/StringConcatHelper')}
  0x00000256889b3aa0: 0000 0048 | baa8 bf16 | 9e56 0200 | 00ff 8248 

  0x00000256889b3ab0: ;   {oop("null"{0x00000007ffe3a780})}
  0x00000256889b3ab0: 0100 0048 | b880 a7e3 | ff07 0000 

  0x00000256889b3abc: ;   {metadata(method data for {method} {0x000002569e49a5a0} 'concat' '(Ljava/lang/Object;Ljava/lang/Object;)Ljava/lang/String;' in 'java/lang/String$$StringConcat+0x0000000014051000')}
  0x00000256889b3abc: 0048 bad0 | a949 9e56 | 0200 0048 | 8382 f800 

  0x00000256889b3acc: ;   {metadata(method data for {method} {0x000002569e49a658} 'coder' '(ILjava/lang/String;Ljava/lang/String;)I' in 'java/lang/String$$StringConcat+0x0000000014051000')}
  0x00000256889b3acc: 0000 0148 | ba00 8096 | 9e56 0200 | 008b ba90 | 0000 0083 | c702 89ba | 9000 0000 | 81e7 feff 
  0x00000256889b3aec: 1f00 85ff | 0f84 c91a | 0000 483b | 0648 8bd6 

  0x00000256889b3afc: ;   {metadata(method data for {method} {0x000002569e49a658} 'coder' '(ILjava/lang/String;Ljava/lang/String;)I' in 'java/lang/String$$StringConcat+0x0000000014051000')}
  0x00000256889b3afc: 48bf 0080 | 969e 5602 | 0000 8b52 | 0841 ba00 | 0000 1349 | 03d2 483b | 97e0 0000 | 0075 0d48 
  0x00000256889b3b1c: 8387 e800 | 0000 01e9 | 6000 0000 | 483b 97f0 | 0000 0075 | 0d48 8387 | f800 0000 | 01e9 4a00 
  0x00000256889b3b3c: 0000 4883 | bfe0 0000 | 0000 7517 | 4889 97e0 | 0000 0048 | c787 e800 | 0000 0100 | 0000 e929 
  0x00000256889b3b5c: 0000 0048 | 83bf f000 | 0000 0075 | 1748 8997 | f000 0000 | 48c7 87f8 | 0000 0001 | 0000 00e9 
  0x00000256889b3b7c: 0800 0000 | 4883 87d8 | 0000 0001 

  0x00000256889b3b88: ;   {metadata(method data for {method} {0x00000000134af4b0} 'coder' '()B' in 'java/lang/String')}
  0x00000256889b3b88: 48ba 28f7 | 009e 5602 | 0000 8bba | 9000 0000 | 83c7 0289 | ba90 0000 | 0081 e7fe | ff1f 0085 
  0x00000256889b3ba8: ff0f 8436 

  0x00000256889b3bac: ;   {metadata(method data for {method} {0x00000000134af4b0} 'coder' '()B' in 'java/lang/String')}
  0x00000256889b3bac: 1a00 0048 | ba28 f700 | 9e56 0200 | 00ff 82e8 | 0000 000f 

  0x00000256889b3bc0: ;   {metadata(method data for {method} {0x00000000134af4b0} 'coder' '()B' in 'java/lang/String')}
  0x00000256889b3bc0: be56 1048 | bf28 f700 | 9e56 0200 | 00ff 87f8 | 0000 00c1 | e218 c1fa | 1848 3b00 

  0x00000256889b3bdc: ;   {metadata(method data for {method} {0x000002569e49a658} 'coder' '(ILjava/lang/String;Ljava/lang/String;)I' in 'java/lang/String$$StringConcat+0x0000000014051000')}
  0x00000256889b3bdc: 488b f848 | bb00 8096 | 9e56 0200 | 008b 7f08 | 41ba 0000 | 0013 4903 | fa48 3bbb | 1001 0000 
  0x00000256889b3bfc: 750d 4883 | 8318 0100 | 0001 e960 | 0000 0048 | 3bbb 2001 | 0000 750d | 4883 8328 | 0100 0001 
  0x00000256889b3c1c: e94a 0000 | 0048 83bb | 1001 0000 | 0075 1748 | 89bb 1001 | 0000 48c7 | 8318 0100 | 0001 0000 
  0x00000256889b3c3c: 00e9 2900 | 0000 4883 | bb20 0100 | 0000 7517 | 4889 bb20 | 0100 0048 | c783 2801 | 0000 0100 
  0x00000256889b3c5c: 0000 e908 | 0000 0048 | 8383 0801 

  0x00000256889b3c68: ;   {metadata(method data for {method} {0x00000000134af4b0} 'coder' '()B' in 'java/lang/String')}
  0x00000256889b3c68: 0000 0148 | bf28 f700 | 9e56 0200 | 008b 9f90 | 0000 0083 | c302 899f | 9000 0000 | 81e3 feff 
  0x00000256889b3c88: 1f00 85db | 0f84 7919 

  0x00000256889b3c90: ;   {metadata(method data for {method} {0x00000000134af4b0} 'coder' '()B' in 'java/lang/String')}
  0x00000256889b3c90: 0000 48bf | 28f7 009e | 5602 0000 | ff87 e800 | 0000 0fbe 

  0x00000256889b3ca4: ;   {metadata(method data for {method} {0x00000000134af4b0} 'coder' '()B' in 'java/lang/String')}
  0x00000256889b3ca4: 7810 48bb | 28f7 009e | 5602 0000 | ff83 f800 | 0000 c1e7 | 18c1 ff18 | 480b fa89 | bc24 4c01 
  0x00000256889b3cc4: 0000 4889 | 8424 5001 

  0x00000256889b3ccc: ;   {metadata(method data for {method} {0x000002569e49a5a0} 'concat' '(Ljava/lang/Object;Ljava/lang/Object;)Ljava/lang/String;' in 'java/lang/String$$StringConcat+0x0000000014051000')}
  0x00000256889b3ccc: 0000 48ba | d0a9 499e | 5602 0000 | 4883 8208 | 0100 0001 

  0x00000256889b3ce0: ;   {metadata(method data for {method} {0x000002569e49a3d8} 'length' '(ILjava/lang/String;Ljava/lang/String;)I' in 'java/lang/String$$StringConcat+0x0000000014051000')}
  0x00000256889b3ce0: 48ba 8881 | 969e 5602 | 0000 8b9a | 9000 0000 | 83c3 0289 | 9a90 0000 | 0081 e3fe | ff1f 0085 
  0x00000256889b3d00: db0f 8425 

  0x00000256889b3d04: ;   {metadata(method data for {method} {0x000002569e49a3d8} 'length' '(ILjava/lang/String;Ljava/lang/String;)I' in 'java/lang/String$$StringConcat+0x0000000014051000')}
  0x00000256889b3d04: 1900 0048 | ba88 8196 | 9e56 0200 | 0048 8382 | d800 0000 

  0x00000256889b3d18: ;   {metadata(method data for {method} {0x000000001349acd8} 'stringSize' '(ILjava/lang/String;)I' in 'java/lang/StringConcatHelper')}
  0x00000256889b3d18: 0148 bab8 | 511e 9e56 | 0200 008b | 9a90 0000 | 0083 c302 | 899a 9000 | 0000 81e3 | feff 1f00 
  0x00000256889b3d38: 85db 0f84 | 0d19 0000 

  0x00000256889b3d40: ;   {metadata(method data for {method} {0x000000001349acd8} 'stringSize' '(ILjava/lang/String;)I' in 'java/lang/StringConcatHelper')}
  0x00000256889b3d40: 488b d648 | bbb8 511e | 9e56 0200 | 008b 5208 | 41ba 0000 | 0013 4903 | d248 3b93 | e000 0000 
  0x00000256889b3d60: 750d 4883 | 83e8 0000 | 0001 e960 | 0000 0048 | 3b93 f000 | 0000 750d | 4883 83f8 | 0000 0001 
  0x00000256889b3d80: e94a 0000 | 0048 83bb | e000 0000 | 0075 1748 | 8993 e000 | 0000 48c7 | 83e8 0000 | 0001 0000 
  0x00000256889b3da0: 00e9 2900 | 0000 4883 | bbf0 0000 | 0000 7517 | 4889 93f0 | 0000 0048 | c783 f800 | 0000 0100 
  0x00000256889b3dc0: 0000 e908 | 0000 0048 | 8383 d800 

  0x00000256889b3dcc: ;   {metadata(method data for {method} {0x0000000013188868} 'length' '()I' in 'java/lang/String')}
  0x00000256889b3dcc: 0000 0148 | ba68 f800 | 9e56 0200 | 008b 9a90 | 0000 0083 | c302 899a | 9000 0000 | 81e3 feff 
  0x00000256889b3dec: 1f00 85db | 0f84 7818 | 0000 8b56 | 1448 c1e2 | 038b 5a0c 

  0x00000256889b3e00: ;   {metadata(method data for {method} {0x0000000013188868} 'length' '()I' in 'java/lang/String')}
  0x00000256889b3e00: 488b d648 | b968 f800 | 9e56 0200 | 008b 5208 | 41ba 0000 | 0013 4903 | d248 3b91 | e000 0000 
  0x00000256889b3e20: 750d 4883 | 81e8 0000 | 0001 e960 | 0000 0048 | 3b91 f000 | 0000 750d | 4883 81f8 | 0000 0001 
  0x00000256889b3e40: e94a 0000 | 0048 83b9 | e000 0000 | 0075 1748 | 8991 e000 | 0000 48c7 | 81e8 0000 | 0001 0000 
  0x00000256889b3e60: 00e9 2900 | 0000 4883 | b9f0 0000 | 0000 7517 | 4889 91f0 | 0000 0048 | c781 f800 | 0000 0100 
  0x00000256889b3e80: 0000 e908 | 0000 0048 | 8381 d800 | 0000 0148 | 8bd6 4889 | b424 5801 | 0000 899c | 2448 0100 
  0x00000256889b3ea0: 0066 0f1f 

  0x00000256889b3ea4: ;   {optimized virtual_call}
  0x00000256889b3ea4: 4400 00e8 

  0x00000256889b3ea8: ; ImmutableOopMap {[288]=Oop [336]=Oop [344]=Oop }
                      ;*invokevirtual coder {reexecute=0 rethrow=0 return_oop=0}
                      ; - java.lang.String::length@6 (line 1583)
                      ; - java.lang.StringConcatHelper::stringSize@2 (line 530)
                      ; - java.lang.String$$StringConcat/0x0000000014051000::length@2
                      ; - java.lang.String$$StringConcat/0x0000000014051000::concat@33
                      ; - java.lang.invoke.DirectMethodHandle$Holder::invokeSpecial@14
                      ; - java.lang.invoke.LambdaForm$MH/0x0000000014051400::invoke@24
                      ; - java.lang.invoke.Invokers$Holder::linkToTargetMethod@6
                      ; - Rendering.ImGui.ImGuiEditor::render@27 (line 22)
  0x00000256889b3ea8: e47f 8d07 

  0x00000256889b3eac: ;   {post_call_nop}
  0x00000256889b3eac: 0f1f 8400 | a40c 0006 | 488b c88b | 9c24 4801 | 0000 d3fb 

  0x00000256889b3ec0: ;   {metadata(method data for {method} {0x000000001349acd8} 'stringSize' '(ILjava/lang/String;)I' in 'java/lang/StringConcatHelper')}
  0x00000256889b3ec0: 83c3 0f48 | bab8 511e | 9e56 0200 | 0048 8382 | 0801 0000 

  0x00000256889b3ed4: ;   {metadata(method data for {method} {0x000000001349a968} 'checkOverflow' '(I)I' in 'java/lang/StringConcatHelper')}
  0x00000256889b3ed4: 0148 ba38 | 4c07 9e56 | 0200 008b | b290 0000 | 0083 c602 | 89b2 9000 | 0000 81e6 | feff 1f00 
  0x00000256889b3ef4: 85f6 0f84 | 9817 0000 

  0x00000256889b3efc: ;   {metadata(method data for {method} {0x000000001349a968} 'checkOverflow' '(I)I' in 'java/lang/StringConcatHelper')}
  0x00000256889b3efc: 85db 48ba | 384c 079e | 5602 0000 | bed8 0000 | 007c 05be | e800 0000 | 488b 3c32 | 488d 7f01 
  0x00000256889b3f1c: 4889 3c32 | 0f8c 3314 | 0000 899c | 2464 0100 | 0048 8b84 | 2450 0100 

  0x00000256889b3f34: ;   {metadata(method data for {method} {0x000002569e49a3d8} 'length' '(ILjava/lang/String;Ljava/lang/String;)I' in 'java/lang/String$$StringConcat+0x0000000014051000')}
  0x00000256889b3f34: 0048 ba88 | 8196 9e56 | 0200 0048 | 8382 e800 

  0x00000256889b3f44: ;   {metadata(method data for {method} {0x000000001349acd8} 'stringSize' '(ILjava/lang/String;)I' in 'java/lang/StringConcatHelper')}
  0x00000256889b3f44: 0000 0148 | bab8 511e | 9e56 0200 | 008b b290 | 0000 0083 | c602 89b2 | 9000 0000 | 81e6 feff 
  0x00000256889b3f64: 1f00 85f6 | 0f84 4717 | 0000 488b 

  0x00000256889b3f70: ;   {metadata(method data for {method} {0x000000001349acd8} 'stringSize' '(ILjava/lang/String;)I' in 'java/lang/StringConcatHelper')}
  0x00000256889b3f70: d048 beb8 | 511e 9e56 | 0200 008b | 5208 41ba | 0000 0013 | 4903 d248 | 3b96 e000 | 0000 750d 
  0x00000256889b3f90: 4883 86e8 | 0000 0001 | e960 0000 | 0048 3b96 | f000 0000 | 750d 4883 | 86f8 0000 | 0001 e94a 
  0x00000256889b3fb0: 0000 0048 | 83be e000 | 0000 0075 | 1748 8996 | e000 0000 | 48c7 86e8 | 0000 0001 | 0000 00e9 
  0x00000256889b3fd0: 2900 0000 | 4883 bef0 | 0000 0000 | 7517 4889 | 96f0 0000 | 0048 c786 | f800 0000 | 0100 0000 
  0x00000256889b3ff0: e908 0000 | 0048 8386 | d800 0000 

  0x00000256889b3ffc: ;   {metadata(method data for {method} {0x0000000013188868} 'length' '()I' in 'java/lang/String')}
  0x00000256889b3ffc: 0148 ba68 | f800 9e56 | 0200 008b | b290 0000 | 0083 c602 | 89b2 9000 | 0000 81e6 | feff 1f00 
  0x00000256889b401c: 85f6 0f84 | b216 0000 | 8b50 1448 | c1e2 038b | 720c 488b 

  0x00000256889b4030: ;   {metadata(method data for {method} {0x0000000013188868} 'length' '()I' in 'java/lang/String')}
  0x00000256889b4030: d048 bf68 | f800 9e56 | 0200 008b | 5208 41ba | 0000 0013 | 4903 d248 | 3b97 e000 | 0000 750d 
  0x00000256889b4050: 4883 87e8 | 0000 0001 | e960 0000 | 0048 3b97 | f000 0000 | 750d 4883 | 87f8 0000 | 0001 e94a 
  0x00000256889b4070: 0000 0048 | 83bf e000 | 0000 0075 | 1748 8997 | e000 0000 | 48c7 87e8 | 0000 0001 | 0000 00e9 
  0x00000256889b4090: 2900 0000 | 4883 bff0 | 0000 0000 | 7517 4889 | 97f0 0000 | 0048 c787 | f800 0000 | 0100 0000 
  0x00000256889b40b0: e908 0000 | 0048 8387 | d800 0000 | 0148 8bd0 | 4889 8424 | 5001 0000 | 89b4 2460 

  0x00000256889b40cc: ;   {optimized virtual_call}
  0x00000256889b40cc: 0100 00e8 

  0x00000256889b40d0: ; ImmutableOopMap {[288]=Oop [336]=Oop [344]=Oop }
                      ;*invokevirtual coder {reexecute=0 rethrow=0 return_oop=0}
                      ; - java.lang.String::length@6 (line 1583)
                      ; - java.lang.StringConcatHelper::stringSize@2 (line 530)
                      ; - java.lang.String$$StringConcat/0x0000000014051000::length@6
                      ; - java.lang.String$$StringConcat/0x0000000014051000::concat@33
                      ; - java.lang.invoke.DirectMethodHandle$Holder::invokeSpecial@14
                      ; - java.lang.invoke.LambdaForm$MH/0x0000000014051400::invoke@24
                      ; - java.lang.invoke.Invokers$Holder::linkToTargetMethod@6
                      ; - Rendering.ImGui.ImGuiEditor::render@27 (line 22)
  0x00000256889b40d0: bc7d 8d07 

  0x00000256889b40d4: ;   {post_call_nop}
  0x00000256889b40d4: 0f1f 8400 | cc0e 0007 | 488b c88b | b424 6001 | 0000 d3fe | 03b4 2464 

  0x00000256889b40ec: ;   {metadata(method data for {method} {0x000000001349acd8} 'stringSize' '(ILjava/lang/String;)I' in 'java/lang/StringConcatHelper')}
  0x00000256889b40ec: 0100 0048 | b9b8 511e | 9e56 0200 | 0048 8381 | 0801 0000 

  0x00000256889b4100: ;   {metadata(method data for {method} {0x000000001349a968} 'checkOverflow' '(I)I' in 'java/lang/StringConcatHelper')}
  0x00000256889b4100: 0148 b938 | 4c07 9e56 | 0200 0044 | 8b81 9000 | 0000 4183 | c002 4489 | 8190 0000 | 0041 81e0 
  0x00000256889b4120: feff 1f00 | 4585 c00f | 84cf 1500 

  0x00000256889b412c: ;   {metadata(method data for {method} {0x000000001349a968} 'checkOverflow' '(I)I' in 'java/lang/StringConcatHelper')}
  0x00000256889b412c: 0085 f648 | b938 4c07 | 9e56 0200 | 0041 b8d8 | 0000 007c | 0641 b8e8 | 0000 004e | 8b0c 014d 
  0x00000256889b414c: 8d49 014e | 890c 010f | 8c60 1100 

  0x00000256889b4158: ;   {oop("]"{0x000000070fdd5310})}
  0x00000256889b4158: 0048 b910 | 53dd 0f07 | 0000 004c 

  0x00000256889b4164: ;   {metadata(method data for {method} {0x000002569e49a5a0} 'concat' '(Ljava/lang/Object;Ljava/lang/Object;)Ljava/lang/String;' in 'java/lang/String$$StringConcat+0x0000000014051000')}
  0x00000256889b4164: 8bc1 49b9 | d0a9 499e | 5602 0000 | 458b 4008 | 41ba 0000 | 0013 4d03 | c24d 3b81 | 2001 0000 
  0x00000256889b4184: 750d 4983 | 8128 0100 | 0001 e960 | 0000 004d | 3b81 3001 | 0000 750d | 4983 8138 | 0100 0001 
  0x00000256889b41a4: e94a 0000 | 0049 83b9 | 2001 0000 | 0075 174d | 8981 2001 | 0000 49c7 | 8128 0100 | 0001 0000 
  0x00000256889b41c4: 00e9 2900 | 0000 4983 | b930 0100 | 0000 7517 | 4d89 8130 | 0100 0049 | c781 3801 | 0000 0100 
  0x00000256889b41e4: 0000 e908 | 0000 0049 | 8381 1801 

  0x00000256889b41f0: ;   {metadata(method data for {method} {0x0000000013188868} 'length' '()I' in 'java/lang/String')}
  0x00000256889b41f0: 0000 0149 | b868 f800 | 9e56 0200 | 0045 8b88 | 9000 0000 | 4183 c102 | 4589 8890 | 0000 0041 
  0x00000256889b4210: 81e1 feff | 1f00 4585 | c90f 84fe 

  0x00000256889b421c: ;   {metadata(method data for {method} {0x0000000013188868} 'length' '()I' in 'java/lang/String')}
  0x00000256889b421c: 1400 0049 | b868 f800 | 9e56 0200 | 008b 4908 | 41ba 0000 | 0013 4903 | ca49 3b88 | e000 0000 
  0x00000256889b423c: 750d 4983 | 80e8 0000 | 0001 e960 | 0000 0049 | 3b88 f000 | 0000 750d | 4983 80f8 | 0000 0001 
  0x00000256889b425c: e94a 0000 | 0049 83b8 | e000 0000 | 0075 1749 | 8988 e000 | 0000 49c7 | 80e8 0000 | 0001 0000 
  0x00000256889b427c: 00e9 2900 | 0000 4983 | b8f0 0000 | 0000 7517 | 4989 88f0 | 0000 0049 | c780 f800 | 0000 0100 
  0x00000256889b429c: 0000 e908 | 0000 0049 | 8380 d800 

  0x00000256889b42a8: ;   {metadata(method data for {method} {0x00000000134af4b0} 'coder' '()B' in 'java/lang/String')}
  0x00000256889b42a8: 0000 0148 | b928 f700 | 9e56 0200 | 0044 8b81 | 9000 0000 | 4183 c002 | 4489 8190 | 0000 0041 
  0x00000256889b42c8: 81e0 feff | 1f00 4585 | c00f 8467 

  0x00000256889b42d4: ;   {metadata(method data for {method} {0x00000000134af4b0} 'coder' '()B' in 'java/lang/String')}
  0x00000256889b42d4: 1400 0048 | b928 f700 | 9e56 0200 | 00ff 81e8 

  0x00000256889b42e4: ;   {metadata(method data for {method} {0x00000000134af4b0} 'coder' '()B' in 'java/lang/String')}
  0x00000256889b42e4: 0000 0048 | b928 f700 | 9e56 0200 | 00ff 81f8 | 0000 00ff | ce89 b424 | 6801 0000 

  0x00000256889b4300: ;   {metadata(method data for {method} {0x000002569e49a5a0} 'concat' '(Ljava/lang/Object;Ljava/lang/Object;)Ljava/lang/String;' in 'java/lang/String$$StringConcat+0x0000000014051000')}
  0x00000256889b4300: 48b9 d0a9 | 499e 5602 | 0000 4883 | 8148 0100 

  0x00000256889b4310: ;   {metadata(method data for {method} {0x000000001349a758} 'newArrayWithSuffix' '(Ljava/lang/String;IB)[B' in 'java/lang/StringConcatHelper')}
  0x00000256889b4310: 0001 48b9 | 78d0 169e | 5602 0000 | 448b 8190 | 0000 0041 | 83c0 0244 | 8981 9000 | 0000 4181 
  0x00000256889b4330: e0fe ff1f | 0045 85c0 | 0f84 2114 

  0x00000256889b433c: ;   {oop("]"{0x000000070fdd5310})}
  0x00000256889b433c: 0000 48b9 | 1053 dd0f | 0700 0000 

  0x00000256889b4348: ;   {metadata(method data for {method} {0x000000001349a758} 'newArrayWithSuffix' '(Ljava/lang/String;IB)[B' in 'java/lang/StringConcatHelper')}
  0x00000256889b4348: 4c8b c149 | b978 d016 | 9e56 0200 | 0045 8b40 | 0841 ba00 | 0000 134d | 03c2 4d3b | 81e0 0000 
  0x00000256889b4368: 0075 0d49 | 8381 e800 | 0000 01e9 | 6000 0000 | 4d3b 81f0 | 0000 0075 | 0d49 8381 | f800 0000 
  0x00000256889b4388: 01e9 4a00 | 0000 4983 | b9e0 0000 | 0000 7517 | 4d89 81e0 | 0000 0049 | c781 e800 | 0000 0100 
  0x00000256889b43a8: 0000 e929 | 0000 0049 | 83b9 f000 | 0000 0075 | 174d 8981 | f000 0000 | 49c7 81f8 | 0000 0001 
  0x00000256889b43c8: 0000 00e9 | 0800 0000 | 4983 81d8 | 0000 0001 

  0x00000256889b43d8: ;   {metadata(method data for {method} {0x0000000013188868} 'length' '()I' in 'java/lang/String')}
  0x00000256889b43d8: 49b8 68f8 | 009e 5602 | 0000 458b | 8890 0000 | 0041 83c1 | 0245 8988 | 9000 0000 | 4181 e1fe 
  0x00000256889b43f8: ff1f 0045 | 85c9 0f84 | 7c13 0000 

  0x00000256889b4404: ;   {metadata(method data for {method} {0x0000000013188868} 'length' '()I' in 'java/lang/String')}
  0x00000256889b4404: 49b8 68f8 | 009e 5602 | 0000 8b49 | 0841 ba00 | 0000 1349 | 03ca 493b | 88e0 0000 | 0075 0d49 
  0x00000256889b4424: 8380 e800 | 0000 01e9 | 6000 0000 | 493b 88f0 | 0000 0075 | 0d49 8380 | f800 0000 | 01e9 4a00 
  0x00000256889b4444: 0000 4983 | b8e0 0000 | 0000 7517 | 4989 88e0 | 0000 0049 | c780 e800 | 0000 0100 | 0000 e929 
  0x00000256889b4464: 0000 0049 | 83b8 f000 | 0000 0075 | 1749 8988 | f000 0000 | 49c7 80f8 | 0000 0001 | 0000 00e9 
  0x00000256889b4484: 0800 0000 | 4983 80d8 | 0000 0001 

  0x00000256889b4490: ;   {metadata(method data for {method} {0x00000000134af4b0} 'coder' '()B' in 'java/lang/String')}
  0x00000256889b4490: 48b9 28f7 | 009e 5602 | 0000 448b | 8190 0000 | 0041 83c0 | 0244 8981 | 9000 0000 | 4181 e0fe 
  0x00000256889b44b0: ff1f 0045 | 85c0 0f84 | e512 0000 

  0x00000256889b44bc: ;   {metadata(method data for {method} {0x00000000134af4b0} 'coder' '()B' in 'java/lang/String')}
  0x00000256889b44bc: 48b9 28f7 | 009e 5602 | 0000 ff81 | e800 0000 

  0x00000256889b44cc: ;   {metadata(method data for {method} {0x00000000134af4b0} 'coder' '()B' in 'java/lang/String')}
  0x00000256889b44cc: 48b9 28f7 | 009e 5602 | 0000 ff81 | f800 0000 | 4c8b c641 | ffc0 8b8c | 244c 0100 | 004d 8bc8 
  0x00000256889b44ec: ;   {metadata(method data for {method} {0x000000001349a758} 'newArrayWithSuffix' '(Ljava/lang/String;IB)[B' in 'java/lang/StringConcatHelper')}
  0x00000256889b44ec: 41d3 e149 | b878 d016 | 9e56 0200 | 0049 8380 | 0801 0000 

  0x00000256889b4500: ;   {metadata(method data for {method} {0x000000001349b308} 'newArray' '(I)[B' in 'java/lang/StringConcatHelper')}
  0x00000256889b4500: 0149 b880 | e704 9e56 | 0200 0041 | 8b90 9000 | 0000 83c2 | 0241 8990 | 9000 0000 | 81e2 feff 
  0x00000256889b4520: 1f00 85d2 | 0f84 9812 | 0000 4585 

  0x00000256889b452c: ;   {metadata(method data for {method} {0x000000001349b308} 'newArray' '(I)[B' in 'java/lang/StringConcatHelper')}
  0x00000256889b452c: c949 b880 | e704 9e56 | 0200 00ba | e800 0000 | 7c05 bad8 | 0000 0049 | 8b3c 1048 | 8d7f 0149 
  0x00000256889b454c: 893c 100f | 8cca 0c00 

  0x00000256889b4554: ;   {oop(a 'jdk/internal/misc/Unsafe'{0x0000000710a04580})}
  0x00000256889b4554: 0048 ba80 | 45a0 1007 | 0000 004c 

  0x00000256889b4560: ;   {metadata(method data for {method} {0x000000001349b308} 'newArray' '(I)[B' in 'java/lang/StringConcatHelper')}
  0x00000256889b4560: 8bc2 48bf | 80e7 049e | 5602 0000 | 458b 4008 | 41ba 0000 | 0013 4d03 | c24c 3b87 | 1001 0000 
  0x00000256889b4580: 750d 4883 | 8718 0100 | 0001 e960 | 0000 004c | 3b87 2001 | 0000 750d | 4883 8728 | 0100 0001 
  0x00000256889b45a0: e94a 0000 | 0048 83bf | 1001 0000 | 0075 174c | 8987 1001 | 0000 48c7 | 8718 0100 | 0001 0000 
  0x00000256889b45c0: 00e9 2900 | 0000 4883 | bf20 0100 | 0000 7517 | 4c89 8720 | 0100 0048 | c787 2801 | 0000 0100 
  0x00000256889b45e0: 0000 e908 | 0000 0048 | 8387 0801 

  0x00000256889b45ec: ;   {oop(a 'java/lang/Class'{0x00000007ffeb4b10} = byte)}
  0x00000256889b45ec: 0000 0149 | b810 4beb | ff07 0000 | 0066 0f1f 

  0x00000256889b45fc: ;   {optimized virtual_call}
  0x00000256889b45fc: 4400 00e8 

  0x00000256889b4600: ; ImmutableOopMap {[288]=Oop [336]=Oop [344]=Oop }
                      ;*invokevirtual allocateUninitializedArray {reexecute=0 rethrow=0 return_oop=0}
                      ; - java.lang.StringConcatHelper::newArray@21 (line 578)
                      ; - java.lang.StringConcatHelper::newArrayWithSuffix@8 (line 611)
                      ; - java.lang.String$$StringConcat/0x0000000014051000::concat@58
                      ; - java.lang.invoke.DirectMethodHandle$Holder::invokeSpecial@14
                      ; - java.lang.invoke.LambdaForm$MH/0x0000000014051400::invoke@24
                      ; - java.lang.invoke.Invokers$Holder::linkToTargetMethod@6
                      ; - Rendering.ImGui.ImGuiEditor::render@27 (line 22)
  0x00000256889b4600: 9cf9 e3ff 

  0x00000256889b4604: ;   {post_call_nop}
  0x00000256889b4604: 0f1f 8400 | fc13 0008 

  0x00000256889b460c: ;   {metadata(method data for {method} {0x000000001349b308} 'newArray' '(I)[B' in 'java/lang/StringConcatHelper')}
  0x00000256889b460c: 4885 c049 | b980 e704 | 9e56 0200 | 0075 0d41 | 8089 3101 | 0000 01e9 | a800 0000 | 8b78 0841 
  0x00000256889b462c: ba00 0000 | 1349 03fa | 493b b940 | 0100 0075 | 0d49 8381 | 4801 0000 | 01e9 6000 | 0000 493b 
  0x00000256889b464c: b950 0100 | 0075 0d49 | 8381 5801 | 0000 01e9 | 4a00 0000 | 4983 b940 | 0100 0000 | 7517 4989 
  0x00000256889b466c: b940 0100 | 0049 c781 | 4801 0000 | 0100 0000 | e929 0000 | 0049 83b9 | 5001 0000 | 0075 1749 
  0x00000256889b468c: 89b9 5001 | 0000 49c7 | 8158 0100 | 0001 0000 | 00e9 0800 | 0000 4983 | 8138 0100 

  0x00000256889b46a8: ;   {metadata({type array byte})}
  0x00000256889b46a8: 0001 48bf | 604e 1813 | 0000 0000 | 448b 4808 | 41ba 0000 | 0013 4d03 | ca49 3b79 | 380f 8518 
  0x00000256889b46c8: 1100 00e9 | 0000 0000 | 488b f048 | 89b4 2470 | 0100 008b | bc24 4c01 | 0000 85ff 

  0x00000256889b46e4: ;   {metadata(method data for {method} {0x000000001349a758} 'newArrayWithSuffix' '(Ljava/lang/String;IB)[B' in 'java/lang/StringConcatHelper')}
  0x00000256889b46e4: 49b8 78d0 | 169e 5602 | 0000 41b9 | 1801 0000 | 7506 41b9 | 2801 0000 | 4b8b 1408 | 488d 5201 
  0x00000256889b4704: 4b89 1408 | 0f85 d400 

  0x00000256889b470c: ;   {oop("]"{0x000000070fdd5310})}
  0x00000256889b470c: 0000 48ba | 1053 dd0f | 0700 0000 

  0x00000256889b4718: ;   {metadata(method data for {method} {0x000000001349a758} 'newArrayWithSuffix' '(Ljava/lang/String;IB)[B' in 'java/lang/StringConcatHelper')}
  0x00000256889b4718: 4c8b c249 | b978 d016 | 9e56 0200 | 0045 8b40 | 0841 ba00 | 0000 134d | 03c2 4d3b | 8140 0100 
  0x00000256889b4738: 0075 0d49 | 8381 4801 | 0000 01e9 | 6000 0000 | 4d3b 8150 | 0100 0075 | 0d49 8381 | 5801 0000 
  0x00000256889b4758: 01e9 4a00 | 0000 4983 | b940 0100 | 0000 7517 | 4d89 8140 | 0100 0049 | c781 4801 | 0000 0100 
  0x00000256889b4778: 0000 e929 | 0000 0049 | 83b9 5001 | 0000 0075 | 174d 8981 | 5001 0000 | 49c7 8158 | 0100 0001 
  0x00000256889b4798: 0000 00e9 | 0800 0000 | 4983 8138 | 0100 0001 | 4c8b c644 | 8b8c 2468 | 0100 00bf | 0000 0000 
  0x00000256889b47b8: 0f1f 8000 

  0x00000256889b47bc: ;   {optimized virtual_call}
  0x00000256889b47bc: 0000 00e8 

  0x00000256889b47c0: ; ImmutableOopMap {[288]=Oop [336]=Oop [344]=Oop [368]=Oop }
                      ;*invokevirtual getBytes {reexecute=0 rethrow=0 return_oop=0}
                      ; - java.lang.StringConcatHelper::newArrayWithSuffix@20 (line 613)
                      ; - java.lang.String$$StringConcat/0x0000000014051000::concat@58
                      ; - java.lang.invoke.DirectMethodHandle$Holder::invokeSpecial@14
                      ; - java.lang.invoke.LambdaForm$MH/0x0000000014051400::invoke@24
                      ; - java.lang.invoke.Invokers$Holder::linkToTargetMethod@6
                      ; - Rendering.ImGui.ImGuiEditor::render@27 (line 22)
  0x00000256889b47c0: 4c15 9007 

  0x00000256889b47c4: ;   {post_call_nop}
  0x00000256889b47c4: 0f1f 8400 | bc15 0009 

  0x00000256889b47cc: ;   {metadata(method data for {method} {0x000000001349a758} 'newArrayWithSuffix' '(Ljava/lang/String;IB)[B' in 'java/lang/StringConcatHelper')}
  0x00000256889b47cc: 49b8 78d0 | 169e 5602 | 0000 41ff | 8068 0100 | 00e9 c200 

  0x00000256889b47e0: ;   {oop("]"{0x000000070fdd5310})}
  0x00000256889b47e0: 0000 48ba | 1053 dd0f | 0700 0000 

  0x00000256889b47ec: ;   {metadata(method data for {method} {0x000000001349a758} 'newArrayWithSuffix' '(Ljava/lang/String;IB)[B' in 'java/lang/StringConcatHelper')}
  0x00000256889b47ec: 4c8b c249 | b978 d016 | 9e56 0200 | 0045 8b40 | 0841 ba00 | 0000 134d | 03c2 4d3b | 8188 0100 
  0x00000256889b480c: 0075 0d49 | 8381 9001 | 0000 01e9 | 6000 0000 | 4d3b 8198 | 0100 0075 | 0d49 8381 | a001 0000 
  0x00000256889b482c: 01e9 4a00 | 0000 4983 | b988 0100 | 0000 7517 | 4d89 8188 | 0100 0049 | c781 9001 | 0000 0100 
  0x00000256889b484c: 0000 e929 | 0000 0049 | 83b9 9801 | 0000 0075 | 174d 8981 | 9801 0000 | 49c7 81a0 | 0100 0001 
  0x00000256889b486c: 0000 00e9 | 0800 0000 | 4983 8180 | 0100 0001 | 4c8b 8424 | 7001 0000 | 448b 8c24 | 6801 0000 
  0x00000256889b488c: bf01 0000 | 0066 0f1f 

  0x00000256889b4894: ;   {optimized virtual_call}
  0x00000256889b4894: 4400 00e8 

  0x00000256889b4898: ; ImmutableOopMap {[288]=Oop [336]=Oop [344]=Oop [368]=Oop }
                      ;*invokevirtual getBytes {reexecute=0 rethrow=0 return_oop=0}
                      ; - java.lang.StringConcatHelper::newArrayWithSuffix@30 (line 615)
                      ; - java.lang.String$$StringConcat/0x0000000014051000::concat@58
                      ; - java.lang.invoke.DirectMethodHandle$Holder::invokeSpecial@14
                      ; - java.lang.invoke.LambdaForm$MH/0x0000000014051400::invoke@24
                      ; - java.lang.invoke.Invokers$Holder::linkToTargetMethod@6
                      ; - Rendering.ImGui.ImGuiEditor::render@27 (line 22)
  0x00000256889b4898: 44a5 3807 

  0x00000256889b489c: ;   {post_call_nop}
  0x00000256889b489c: 0f1f 8400 | 9416 000a | 488b b424 | 7001 0000 

  0x00000256889b48ac: ;   {metadata(method data for {method} {0x000002569e49a5a0} 'concat' '(Ljava/lang/Object;Ljava/lang/Object;)Ljava/lang/String;' in 'java/lang/String$$StringConcat+0x0000000014051000')}
  0x00000256889b48ac: 48ba d0a9 | 499e 5602 | 0000 4883 | 8258 0100 

  0x00000256889b48bc: ;   {metadata(method data for {method} {0x000002569e49a498} 'prepend' '(IB[B[Ljava/lang/String;Ljava/lang/String;Ljava/lang/String;)I' in 'java/lang/String$$StringConcat+0x0000000014051000')}
  0x00000256889b48bc: 0001 48ba | d082 969e | 5602 0000 | 448b 8290 | 0000 0041 | 83c0 0244 | 8982 9000 | 0000 4181 
  0x00000256889b48dc: e0fe ff1f | 0045 85c0 | 0f84 020f 

  0x00000256889b48e8: ;   {metadata(method data for {method} {0x000002569e49a498} 'prepend' '(IB[B[Ljava/lang/String;Ljava/lang/String;Ljava/lang/String;)I' in 'java/lang/String$$StringConcat+0x0000000014051000')}
  0x00000256889b48e8: 0000 48ba | d082 969e | 5602 0000 | 4883 82d8 | 0000 0001 | 8b94 2468 | 0100 0044 | 8b84 244c 
  0x00000256889b4908: 0100 004c | 8bce 488b | bc24 5001 

  0x00000256889b4914: ;   {oop("] Arch: ["{0x000000070fdd52d8})}
  0x00000256889b4914: 0000 48be | d852 dd0f | 0700 0000 | 0f1f 8000 

  0x00000256889b4924: ;   {static_call}
  0x00000256889b4924: 0000 00e8 

  0x00000256889b4928: ; ImmutableOopMap {[288]=Oop [344]=Oop [368]=Oop }
                      ;*invokestatic prepend {reexecute=0 rethrow=0 return_oop=0}
                      ; - java.lang.String$$StringConcat/0x0000000014051000::prepend@8
                      ; - java.lang.String$$StringConcat/0x0000000014051000::concat@74
                      ; - java.lang.invoke.DirectMethodHandle$Holder::invokeSpecial@14
                      ; - java.lang.invoke.LambdaForm$MH/0x0000000014051400::invoke@24
                      ; - java.lang.invoke.Invokers$Holder::linkToTargetMethod@6
                      ; - Rendering.ImGui.ImGuiEditor::render@27 (line 22)
  0x00000256889b4928: d415 edff 

  0x00000256889b492c: ;   {post_call_nop}
  0x00000256889b492c: 0f1f 8400 | 2417 000b 

  0x00000256889b4934: ;   {metadata(method data for {method} {0x000002569e49a498} 'prepend' '(IB[B[Ljava/lang/String;Ljava/lang/String;Ljava/lang/String;)I' in 'java/lang/String$$StringConcat+0x0000000014051000')}
  0x00000256889b4934: 48ba d082 | 969e 5602 | 0000 4883 | 82e8 0000 | 0001 488b | d044 8b84 | 244c 0100 | 004c 8b8c 
  0x00000256889b4954: 2470 0100 | 0048 8bbc | 2458 0100 

  0x00000256889b4960: ;   {oop("OS: ["{0x000000070fdd52a8})}
  0x00000256889b4960: 0048 bea8 | 52dd 0f07 | 0000 000f 

  0x00000256889b496c: ;   {static_call}
  0x00000256889b496c: 1f40 00e8 

  0x00000256889b4970: ; ImmutableOopMap {[288]=Oop [368]=Oop }
                      ;*invokestatic prepend {reexecute=0 rethrow=0 return_oop=0}
                      ; - java.lang.String$$StringConcat/0x0000000014051000::prepend@18
                      ; - java.lang.String$$StringConcat/0x0000000014051000::concat@74
                      ; - java.lang.invoke.DirectMethodHandle$Holder::invokeSpecial@14
                      ; - java.lang.invoke.LambdaForm$MH/0x0000000014051400::invoke@24
                      ; - java.lang.invoke.Invokers$Holder::linkToTargetMethod@6
                      ; - Rendering.ImGui.ImGuiEditor::render@27 (line 22)
  0x00000256889b4970: 8c15 edff 

  0x00000256889b4974: ;   {post_call_nop}
  0x00000256889b4974: 0f1f 8400 | 6c17 000c 

  0x00000256889b497c: ;   {metadata('java/lang/String')}
  0x00000256889b497c: 488b d848 | ba30 7e18 | 1300 0000 | 0049 8b87 | c801 0000 | 488d 7818 | 493b bfd8 | 0100 000f 
  0x00000256889b499c: 876c 0e00 | 0049 89bf | c801 0000 | 48c7 0001 | 0000 0048 | 8bca 41ba | 0000 0013 | 492b ca89 
  0x00000256889b49bc: 4808 4833 | c989 480c | 4833 c948 | 8948 1048 

  0x00000256889b49cc: ;   {metadata(method data for {method} {0x000002569e49a5a0} 'concat' '(Ljava/lang/Object;Ljava/lang/Object;)Ljava/lang/String;' in 'java/lang/String$$StringConcat+0x0000000014051000')}
  0x00000256889b49cc: 8bd0 48be | d0a9 499e | 5602 0000 | 4883 8668 | 0100 0001 

  0x00000256889b49e0: ;   {metadata(method data for {method} {0x00000000134afea8} '<init>' '([BB)V' in 'java/lang/String')}
  0x00000256889b49e0: 48ba 388b | 049e 5602 | 0000 8bb2 | 9000 0000 | 83c6 0289 | b290 0000 | 0081 e6fe | ff1f 0085 
  0x00000256889b4a00: f60f 8413 | 0e00 0048 

  0x00000256889b4a08: ;   {metadata(method data for {method} {0x00000000134afea8} '<init>' '([BB)V' in 'java/lang/String')}
  0x00000256889b4a08: 8bd0 48be | 388b 049e | 5602 0000 | 4883 86d8 | 0000 0001 

  0x00000256889b4a1c: ;   {metadata(method data for {method} {0x00000000134b4c90} '<init>' '()V' in 'java/lang/Object')}
  0x00000256889b4a1c: 48ba 70da | 009e 5602 | 0000 8bb2 | 9000 0000 | 83c6 0289 | b290 0000 | 0081 e6fe | ff1f 0085 
  0x00000256889b4a3c: f60f 84f8 | 0d00 0041 | 0fbe 5748 | 85d2 0f85 | 0c0e 0000 | 488b b424 | 7001 0000 | 4c8b d649 
  0x00000256889b4a5c: c1ea 0344 | 8950 1448 | 8bd0 4833 | d648 c1ea | 1548 83fa | 000f 8504 | 0e00 008b | bc24 4c01 
  0x00000256889b4a7c: 0000 4088 

  0x00000256889b4a80: ;   {metadata(method data for {method} {0x000002569e4391c0} 'render' '()V' in 'Rendering/ImGui/ImGuiEditor')}
  0x00000256889b4a80: 7810 48ba | 0088 969e | 5602 0000 | 4883 8298 | 0100 0001 

  0x00000256889b4a94: ;   {metadata(method data for {method} {0x000002569e607418} 'text' '(Ljava/lang/String;)V' in 'imgui/ImGui')}
  0x00000256889b4a94: 48ba c8f9 | 959e 5602 | 0000 8bb2 | 9000 0000 | 83c6 0289 | b290 0000 | 0081 e6fe | ff1f 0085 
  0x00000256889b4ab4: f60f 84d8 

  0x00000256889b4ab8: ;   {metadata(method data for {method} {0x000002569e607418} 'text' '(Ljava/lang/String;)V' in 'imgui/ImGui')}
  0x00000256889b4ab8: 0d00 0048 | bac8 f995 | 9e56 0200 | 0048 8382 | d800 0000 | 0148 8bd0 | 0f1f 8000 

  0x00000256889b4ad4: ;   {static_call}
  0x00000256889b4ad4: 0000 00e8 

  0x00000256889b4ad8: ; ImmutableOopMap {[288]=Oop }
                      ;*invokestatic nText {reexecute=0 rethrow=0 return_oop=0}
                      ; - imgui.ImGui::text@1 (line 2909)
                      ; - Rendering.ImGui.ImGuiEditor::render@32 (line 22)
  0x00000256889b4ad8: 3477 9107 

  0x00000256889b4adc: ;   {post_call_nop}
  0x00000256889b4adc: 0f1f 8400 | d418 000d 

  0x00000256889b4ae4: ;   {metadata(method data for {method} {0x000002569e4391c0} 'render' '()V' in 'Rendering/ImGui/ImGuiEditor')}
  0x00000256889b4ae4: 48ba 0088 | 969e 5602 | 0000 4883 | 82a8 0100 

  0x00000256889b4af4: ;   {metadata(method data for {method} {0x000002569e607f80} 'button' '(Ljava/lang/String;)Z' in 'imgui/ImGui')}
  0x00000256889b4af4: 0001 48ba | 3025 979e | 5602 0000 | 8bb2 9000 | 0000 83c6 | 0289 b290 | 0000 0081 | e6fe ff1f 
  0x00000256889b4b14: 0085 f60f | 8497 0d00 

  0x00000256889b4b1c: ;   {metadata(method data for {method} {0x000002569e607f80} 'button' '(Ljava/lang/String;)Z' in 'imgui/ImGui')}
  0x00000256889b4b1c: 0048 ba30 | 2597 9e56 | 0200 0048 | 8382 d800 

  0x00000256889b4b2c: ;   {oop("Ç Save"{0x000000070fdd55c0})}
  0x00000256889b4b2c: 0000 0148 | bac0 55dd | 0f07 0000 | 0066 0f1f 

  0x00000256889b4b3c: ;   {static_call}
  0x00000256889b4b3c: 4400 00e8 

  0x00000256889b4b40: ; ImmutableOopMap {[288]=Oop }
                      ;*invokestatic nButton {reexecute=0 rethrow=0 return_oop=0}
                      ; - imgui.ImGui::button@1 (line 3030)
                      ; - Rendering.ImGui.ImGuiEditor::render@37 (line 23)
  0x00000256889b4b40: 4c61 9207 

  0x00000256889b4b44: ;   {post_call_nop}
  0x00000256889b4b44: 0f1f 8400 | 3c19 000e | 83e0 0185 

  0x00000256889b4b50: ;   {metadata(method data for {method} {0x000002569e4391c0} 'render' '()V' in 'Rendering/ImGui/ImGuiEditor')}
  0x00000256889b4b50: c048 be00 | 8896 9e56 | 0200 00bf | b801 0000 | 7405 bfc8 | 0100 0048 | 8b1c 3e48 | 8d5b 0148 
  0x00000256889b4b70: 891c 3e0f | 8410 0000 | 0048 8b94 | 2420 0100 | 008b 720c | ffc6 8972 

  0x00000256889b4b88: ;   {metadata(method data for {method} {0x000002569e4391c0} 'render' '()V' in 'Rendering/ImGui/ImGuiEditor')}
  0x00000256889b4b88: 0c48 be00 | 8896 9e56 | 0200 0048 | 8386 d801 

  0x00000256889b4b98: ;   {metadata(method data for {method} {0x000002569e6050a0} 'sameLine' '()V' in 'imgui/ImGui')}
  0x00000256889b4b98: 0000 0148 | be58 2697 | 9e56 0200 | 008b be90 | 0000 0083 | c702 89be | 9000 0000 | 81e7 feff 
  0x00000256889b4bb8: 1f00 85ff | 0f84 130d 

  0x00000256889b4bc0: ;   {metadata(method data for {method} {0x000002569e6050a0} 'sameLine' '()V' in 'imgui/ImGui')}
  0x00000256889b4bc0: 0000 48be | 5826 979e | 5602 0000 | 4883 86d8 | 0000 0001 

  0x00000256889b4bd4: ;   {static_call}
  0x00000256889b4bd4: 6666 90e8 

  0x00000256889b4bd8: ; ImmutableOopMap {[288]=Oop }
                      ;*invokestatic nSameLine {reexecute=0 rethrow=0 return_oop=0}
                      ; - imgui.ImGui::sameLine@0 (line 2561)
                      ; - Rendering.ImGui.ImGuiEditor::render@53 (line 26)
  0x00000256889b4bd8: b463 9207 

  0x00000256889b4bdc: ;   {post_call_nop}
  0x00000256889b4bdc: 0f1f 8400 | d419 000f | 488b 9424 | 2001 0000 

  0x00000256889b4bec: ;   {metadata(method data for {method} {0x000002569e4391c0} 'render' '()V' in 'Rendering/ImGui/ImGuiEditor')}
  0x00000256889b4bec: 8b72 0c48 | bf00 8896 | 9e56 0200 | 0048 8387 | e801 0000 

  0x00000256889b4c00: ;   {metadata(method data for {method} {0x00000000134af718} 'valueOf' '(I)Ljava/lang/String;' in 'java/lang/String')}
  0x00000256889b4c00: 0148 bf78 | 861e 9e56 | 0200 008b | 9f90 0000 | 0083 c302 | 899f 9000 | 0000 81e3 | feff 1f00 
  0x00000256889b4c20: 85db 0f84 | ce0c 0000 

  0x00000256889b4c28: ;   {metadata(method data for {method} {0x00000000134af718} 'valueOf' '(I)Ljava/lang/String;' in 'java/lang/String')}
  0x00000256889b4c28: 48bf 7886 | 1e9e 5602 | 0000 4883 | 87d8 0000 | 0001 488b 

  0x00000256889b4c3c: ;   {static_call}
  0x00000256889b4c3c: d666 90e8 

  0x00000256889b4c40: ; ImmutableOopMap {[288]=Oop }
                      ;*invokestatic toString {reexecute=0 rethrow=0 return_oop=0}
                      ; - java.lang.String::valueOf@1 (line 4643)
                      ; - Rendering.ImGui.ImGuiEditor::render@60 (line 27)
  0x00000256889b4c40: bccd fdff 

  0x00000256889b4c44: ;   {post_call_nop}
  0x00000256889b4c44: 0f1f 8400 | 3c1a 0010 

  0x00000256889b4c4c: ;   {metadata(method data for {method} {0x000002569e4391c0} 'render' '()V' in 'Rendering/ImGui/ImGuiEditor')}
  0x00000256889b4c4c: 48ba 0088 | 969e 5602 | 0000 4883 | 82f8 0100 

  0x00000256889b4c5c: ;   {metadata(method data for {method} {0x000002569e607418} 'text' '(Ljava/lang/String;)V' in 'imgui/ImGui')}
  0x00000256889b4c5c: 0001 48ba | c8f9 959e | 5602 0000 | 8bb2 9000 | 0000 83c6 | 0289 b290 | 0000 0081 | e6fe ff1f 
  0x00000256889b4c7c: 0085 f60f | 8492 0c00 

  0x00000256889b4c84: ;   {metadata(method data for {method} {0x000002569e607418} 'text' '(Ljava/lang/String;)V' in 'imgui/ImGui')}
  0x00000256889b4c84: 0048 bac8 | f995 9e56 | 0200 0048 | 8382 d800 | 0000 0148 | 8bd0 0f1f 

  0x00000256889b4c9c: ;   {static_call}
  0x00000256889b4c9c: 4400 00e8 

  0x00000256889b4ca0: ; ImmutableOopMap {[288]=Oop }
                      ;*invokestatic nText {reexecute=0 rethrow=0 return_oop=0}
                      ; - imgui.ImGui::text@1 (line 2909)
                      ; - Rendering.ImGui.ImGuiEditor::render@63 (line 27)
  0x00000256889b4ca0: 6c75 9107 

  0x00000256889b4ca4: ;   {post_call_nop}
  0x00000256889b4ca4: 0f1f 8400 | 9c1a 0011 | 488b 9424 | 2001 0000 | 448b 4214 | 49c1 e003 

  0x00000256889b4cbc: ;   {metadata(method data for {method} {0x000002569e4391c0} 'render' '()V' in 'Rendering/ImGui/ImGuiEditor')}
  0x00000256889b4cbc: 48be 0088 | 969e 5602 | 0000 4883 | 8608 0200 

  0x00000256889b4ccc: ;   {metadata(method data for {method} {0x000002569e617f50} 'sliderFloat' '(Ljava/lang/String;[FFF)Z' in 'imgui/ImGui')}
  0x00000256889b4ccc: 0001 48be | 7827 979e | 5602 0000 | 8bbe 9000 | 0000 83c7 | 0289 be90 | 0000 0081 | e7fe ff1f 
  0x00000256889b4cec: 0085 ff0f | 8443 0c00 

  0x00000256889b4cf4: ;   {metadata(method data for {method} {0x000002569e617f50} 'sliderFloat' '(Ljava/lang/String;[FFF)Z' in 'imgui/ImGui')}
  0x00000256889b4cf4: 0048 be78 | 2797 9e56 | 0200 0048 | 8386 d800 

  0x00000256889b4d04: ;   {oop("float"{0x00000007ffe3b118})}
  0x00000256889b4d04: 0000 0148 | ba18 b1e3 | ff07 0000 | 00c5 f857 

  0x00000256889b4d14: ;   {section_word}
  0x00000256889b4d14: c0c5 fa10 | 0de3 e5ff 

  0x00000256889b4d1c: ;   {static_call}
  0x00000256889b4d1c: ff66 90e8 

  0x00000256889b4d20: ; ImmutableOopMap {[288]=Oop }
                      ;*invokestatic nSliderFloat {reexecute=0 rethrow=0 return_oop=0}
                      ; - imgui.ImGui::sliderFloat@4 (line 5409)
                      ; - Rendering.ImGui.ImGuiEditor::render@74 (line 28)
  0x00000256889b4d20: 6c65 9207 

  0x00000256889b4d24: ;   {post_call_nop}
  0x00000256889b4d24: 0f1f 8400 | 1c1b 0012 

  0x00000256889b4d2c: ;   {metadata(method data for {method} {0x000002569e4391c0} 'render' '()V' in 'Rendering/ImGui/ImGuiEditor')}
  0x00000256889b4d2c: 48be 0088 | 969e 5602 | 0000 4883 | 8618 0200 

  0x00000256889b4d3c: ;   {metadata(method data for {method} {0x000002569e604f60} 'separator' '()V' in 'imgui/ImGui')}
  0x00000256889b4d3c: 0001 48be | e856 969e | 5602 0000 | 8bbe 9000 | 0000 83c7 | 0289 be90 | 0000 0081 | e7fe ff1f 
  0x00000256889b4d5c: 0085 ff0f | 84f4 0b00 

  0x00000256889b4d64: ;   {metadata(method data for {method} {0x000002569e604f60} 'separator' '()V' in 'imgui/ImGui')}
  0x00000256889b4d64: 0048 bee8 | 5696 9e56 | 0200 0048 | 8386 d800 

  0x00000256889b4d74: ;   {static_call}
  0x00000256889b4d74: 0000 01e8 

  0x00000256889b4d78: ; ImmutableOopMap {[288]=Oop }
                      ;*invokestatic nSeparator {reexecute=0 rethrow=0 return_oop=0}
                      ; - imgui.ImGui::separator@0 (line 2550)
                      ; - Rendering.ImGui.ImGuiEditor::render@78 (line 29)
  0x00000256889b4d78: 1468 9207 

  0x00000256889b4d7c: ;   {post_call_nop}
  0x00000256889b4d7c: 0f1f 8400 | 741b 0013 | 488b 9424 | 2001 0000 

  0x00000256889b4d8c: ;   {metadata(method data for {method} {0x000002569e4391c0} 'render' '()V' in 'Rendering/ImGui/ImGuiEditor')}
  0x00000256889b4d8c: 48be 0088 | 969e 5602 | 0000 4883 | 8628 0200 

  0x00000256889b4d9c: ;   {metadata(method data for {method} {0x000002569e439298} 'showExtras' '()V' in 'Rendering/ImGui/ImGuiEditor')}
  0x00000256889b4d9c: 0001 48ba | b828 979e | 5602 0000 | 8bb2 9000 | 0000 83c6 | 0289 b290 | 0000 0081 | e6fe ff1f 
  0x00000256889b4dbc: 0085 f60f | 84b5 0b00 

  0x00000256889b4dc4: ;   {metadata(method data for {method} {0x000002569e439298} 'showExtras' '()V' in 'Rendering/ImGui/ImGuiEditor')}
  0x00000256889b4dc4: 0048 bab8 | 2897 9e56 | 0200 0048 | 8382 d800 

  0x00000256889b4dd4: ;   {metadata(method data for {method} {0x000002569e607418} 'text' '(Ljava/lang/String;)V' in 'imgui/ImGui')}
  0x00000256889b4dd4: 0000 0148 | bac8 f995 | 9e56 0200 | 008b b290 | 0000 0083 | c602 89b2 | 9000 0000 | 81e6 feff 
  0x00000256889b4df4: 1f00 85f6 | 0f84 9d0b 

  0x00000256889b4dfc: ;   {metadata(method data for {method} {0x000002569e607418} 'text' '(Ljava/lang/String;)V' in 'imgui/ImGui')}
  0x00000256889b4dfc: 0000 48ba | c8f9 959e | 5602 0000 | 4883 82d8 | 0000 0001 

  0x00000256889b4e10: ;   {oop("Extras"{0x000000070fdd5b40})}
  0x00000256889b4e10: 48ba 405b | dd0f 0700 | 0000 0f1f 

  0x00000256889b4e1c: ;   {static_call}
  0x00000256889b4e1c: 4400 00e8 

  0x00000256889b4e20: ; ImmutableOopMap {[288]=Oop }
                      ;*invokestatic nText {reexecute=0 rethrow=0 return_oop=0}
                      ; - imgui.ImGui::text@1 (line 2909)
                      ; - Rendering.ImGui.ImGuiEditor::showExtras@2 (line 36)
                      ; - Rendering.ImGui.ImGuiEditor::render@82 (line 30)
  0x00000256889b4e20: ec73 9107 

  0x00000256889b4e24: ;   {post_call_nop}
  0x00000256889b4e24: 0f1f 8400 | 1c1c 0014 

  0x00000256889b4e2c: ;   {metadata(method data for {method} {0x000002569e439298} 'showExtras' '()V' in 'Rendering/ImGui/ImGuiEditor')}
  0x00000256889b4e2c: 48ba b828 | 979e 5602 | 0000 4883 | 82e8 0000 

  0x00000256889b4e3c: ;   {metadata(method data for {method} {0x000002569e608b98} 'checkbox' '(Ljava/lang/String;Limgui/type/ImBoolean;)Z' in 'imgui/ImGui')}
  0x00000256889b4e3c: 0001 48ba | 702a 979e | 5602 0000 | 448b 8290 | 0000 0041 | 83c0 0244 | 8982 9000 | 0000 4181 
  0x00000256889b4e5c: e0fe ff1f | 0045 85c0 | 0f84 520b 

  0x00000256889b4e68: ;   {metadata(method data for {method} {0x000002569e608b98} 'checkbox' '(Ljava/lang/String;Limgui/type/ImBoolean;)Z' in 'imgui/ImGui')}
  0x00000256889b4e68: 0000 48ba | 702a 979e | 5602 0000 | ff82 e800 

  0x00000256889b4e78: ;   {oop(a 'imgui/type/ImBoolean'{0x00000007109767b8})}
  0x00000256889b4e78: 0000 48ba | b867 9710 | 0700 0000 

  0x00000256889b4e84: ;   {metadata(method data for {method} {0x000002569e608b98} 'checkbox' '(Ljava/lang/String;Limgui/type/ImBoolean;)Z' in 'imgui/ImGui')}
  0x00000256889b4e84: 4c8b c248 | be70 2a97 | 9e56 0200 | 0045 8b40 | 0841 ba00 | 0000 134d | 03c2 4c3b | 8600 0100 
  0x00000256889b4ea4: 0075 0d48 | 8386 0801 | 0000 01e9 | 6000 0000 | 4c3b 8610 | 0100 0075 | 0d48 8386 | 1801 0000 
  0x00000256889b4ec4: 01e9 4a00 | 0000 4883 | be00 0100 | 0000 7517 | 4c89 8600 | 0100 0048 | c786 0801 | 0000 0100 
  0x00000256889b4ee4: 0000 e929 | 0000 0048 | 83be 1001 | 0000 0075 | 174c 8986 | 1001 0000 | 48c7 8618 | 0100 0001 
  0x00000256889b4f04: 0000 00e9 | 0800 0000 | 4883 86f8 | 0000 0001 | 448b 420c | 49c1 e003 

  0x00000256889b4f1c: ;   {metadata(method data for {method} {0x000002569e608b98} 'checkbox' '(Ljava/lang/String;Limgui/type/ImBoolean;)Z' in 'imgui/ImGui')}
  0x00000256889b4f1c: 48ba 702a | 979e 5602 | 0000 ff82 | 2801 0000 

  0x00000256889b4f2c: ;   {metadata(method data for {method} {0x000002569e608b98} 'checkbox' '(Ljava/lang/String;Limgui/type/ImBoolean;)Z' in 'imgui/ImGui')}
  0x00000256889b4f2c: 48ba 702a | 979e 5602 | 0000 4883 | 8240 0100 

  0x00000256889b4f3c: ;   {oop("Show Demo Window"{0x000000070fdd5b70})}
  0x00000256889b4f3c: 0001 48ba | 705b dd0f | 0700 0000 | 0f1f 8000 

  0x00000256889b4f4c: ;   {static_call}
  0x00000256889b4f4c: 0000 00e8 

  0x00000256889b4f50: ; ImmutableOopMap {[288]=Oop }
                      ;*invokestatic nCheckbox {reexecute=0 rethrow=0 return_oop=0}
                      ; - imgui.ImGui::checkbox@13 (line 3144)
                      ; - Rendering.ImGui.ImGuiEditor::showExtras@10 (line 37)
                      ; - Rendering.ImGui.ImGuiEditor::render@82 (line 30)
  0x00000256889b4f50: 3c69 9207 

  0x00000256889b4f54: ;   {post_call_nop}
  0x00000256889b4f54: 0f1f 8400 | 4c1d 0015 

  0x00000256889b4f5c: ;   {oop(a 'imgui/type/ImBoolean'{0x00000007109767b8})}
  0x00000256889b4f5c: 83e0 0148 | bab8 6797 | 1007 0000 | 0048 8bf2 

  0x00000256889b4f6c: ;   {metadata(method data for {method} {0x000002569e439298} 'showExtras' '()V' in 'Rendering/ImGui/ImGuiEditor')}
  0x00000256889b4f6c: 48bf b828 | 979e 5602 | 0000 8b76 | 0841 ba00 | 0000 1349 | 03f2 483b | b700 0100 | 0075 0d48 
  0x00000256889b4f8c: 8387 0801 | 0000 01e9 | 6000 0000 | 483b b710 | 0100 0075 | 0d48 8387 | 1801 0000 | 01e9 4a00 
  0x00000256889b4fac: 0000 4883 | bf00 0100 | 0000 7517 | 4889 b700 | 0100 0048 | c787 0801 | 0000 0100 | 0000 e929 
  0x00000256889b4fcc: 0000 0048 | 83bf 1001 | 0000 0075 | 1748 89b7 | 1001 0000 | 48c7 8718 | 0100 0001 | 0000 00e9 
  0x00000256889b4fec: 0800 0000 | 4883 87f8 | 0000 0001 

  0x00000256889b4ff8: ;   {metadata(method data for {method} {0x000002569e439e80} 'get' '()Z' in 'imgui/type/ImBoolean')}
  0x00000256889b4ff8: 48be f89e | 969e 5602 | 0000 8bbe | 9000 0000 | 83c7 0289 | be90 0000 | 0081 e7fe | ff1f 0085 
  0x00000256889b5018: ff0f 84be | 0900 008b | 520c 48c1 | e203 837a | 0c00 0f86 | d809 0000 | 0fbe 7210 | 83e6 0185 
  0x00000256889b5038: ;   {metadata(method data for {method} {0x000002569e439298} 'showExtras' '()V' in 'Rendering/ImGui/ImGuiEditor')}
  0x00000256889b5038: f648 beb8 | 2897 9e56 | 0200 00bf | 2801 0000 | 7405 bf38 | 0100 0048 | 8b1c 3e48 | 8d5b 0148 
  0x00000256889b5058: 891c 3e0f | 8453 0100 | 0048 8bb4 | 2420 0100 

  0x00000256889b5068: ;   {metadata(method data for {method} {0x000002569e439298} 'showExtras' '()V' in 'Rendering/ImGui/ImGuiEditor')}
  0x00000256889b5068: 0048 bfb8 | 2897 9e56 | 0200 0048 | 8387 4801 

  0x00000256889b5078: ;   {metadata(method data for {method} {0x000002569e439358} 'showDemo' '()V' in 'Rendering/ImGui/ImGuiEditor')}
  0x00000256889b5078: 0000 0148 | be08 2c97 | 9e56 0200 | 008b be90 | 0000 0083 | c702 89be | 9000 0000 | 81e7 feff 
  0x00000256889b5098: 1f00 85ff | 0f84 7809 

  0x00000256889b50a0: ;   {metadata(method data for {method} {0x000002569e439358} 'showDemo' '()V' in 'Rendering/ImGui/ImGuiEditor')}
  0x00000256889b50a0: 0000 48be | 082c 979e | 5602 0000 | 4883 86d8 | 0000 0001 

  0x00000256889b50b4: ;   {metadata(method data for {method} {0x000002569e5f5570} 'showDemoWindow' '(Limgui/type/ImBoolean;)V' in 'imgui/ImGui')}
  0x00000256889b50b4: 48be 302d | 979e 5602 | 0000 8bbe | 9000 0000 | 83c7 0289 | be90 0000 | 0081 e7fe | ff1f 0085 
  0x00000256889b50d4: ff0f 8460 

  0x00000256889b50d8: ;   {metadata(method data for {method} {0x000002569e5f5570} 'showDemoWindow' '(Limgui/type/ImBoolean;)V' in 'imgui/ImGui')}
  0x00000256889b50d8: 0900 0048 | be30 2d97 | 9e56 0200 | 00ff 86e8 

  0x00000256889b50e8: ;   {oop(a 'imgui/type/ImBoolean'{0x00000007109767b8})}
  0x00000256889b50e8: 0000 0048 | beb8 6797 | 1007 0000 

  0x00000256889b50f4: ;   {metadata(method data for {method} {0x000002569e5f5570} 'showDemoWindow' '(Limgui/type/ImBoolean;)V' in 'imgui/ImGui')}
  0x00000256889b50f4: 0048 bf30 | 2d97 9e56 | 0200 008b | 7608 41ba | 0000 0013 | 4903 f248 | 3bb7 0001 | 0000 750d 
  0x00000256889b5114: 4883 8708 | 0100 0001 | e960 0000 | 0048 3bb7 | 1001 0000 | 750d 4883 | 8718 0100 | 0001 e94a 
  0x00000256889b5134: 0000 0048 | 83bf 0001 | 0000 0075 | 1748 89b7 | 0001 0000 | 48c7 8708 | 0100 0001 | 0000 00e9 
  0x00000256889b5154: 2900 0000 | 4883 bf10 | 0100 0000 | 7517 4889 | b710 0100 | 0048 c787 | 1801 0000 | 0100 0000 
  0x00000256889b5174: e908 0000 | 0048 8387 | f800 0000 

  0x00000256889b5180: ;   {metadata(method data for {method} {0x000002569e5f5570} 'showDemoWindow' '(Limgui/type/ImBoolean;)V' in 'imgui/ImGui')}
  0x00000256889b5180: 0148 be30 | 2d97 9e56 | 0200 00ff | 8628 0100 

  0x00000256889b5190: ;   {metadata(method data for {method} {0x000002569e5f5570} 'showDemoWindow' '(Limgui/type/ImBoolean;)V' in 'imgui/ImGui')}
  0x00000256889b5190: 0048 be30 | 2d97 9e56 | 0200 0048 | 8386 4001 | 0000 010f 

  0x00000256889b51a4: ;   {static_call}
  0x00000256889b51a4: 1f40 00e8 

  0x00000256889b51a8: ; ImmutableOopMap {}
                      ;*invokestatic nShowDemoWindow {reexecute=0 rethrow=0 return_oop=0}
                      ; - imgui.ImGui::showDemoWindow@12 (line 305)
                      ; - Rendering.ImGui.ImGuiEditor::showDemo@3 (line 46)
                      ; - Rendering.ImGui.ImGuiEditor::showExtras@24 (line 40)
                      ; - Rendering.ImGui.ImGuiEditor::render@82 (line 30)
  0x00000256889b51a8: 34a2 3807 

  0x00000256889b51ac: ;   {post_call_nop}
  0x00000256889b51ac: 0f1f 8400 | a41f 0016 

  0x00000256889b51b4: ;   {metadata(method data for {method} {0x000002569e4391c0} 'render' '()V' in 'Rendering/ImGui/ImGuiEditor')}
  0x00000256889b51b4: 48be 0088 | 969e 5602 | 0000 4883 | 8658 0200 

  0x00000256889b51c4: ;   {metadata(method data for {method} {0x000002569e5f76e0} 'end' '()V' in 'imgui/ImGui')}
  0x00000256889b51c4: 0001 48be | c02e 979e | 5602 0000 | 8bbe 9000 | 0000 83c7 | 0289 be90 | 0000 0081 | e7fe ff1f 
  0x00000256889b51e4: 0085 ff0f | 846f 0800 

  0x00000256889b51ec: ;   {metadata(method data for {method} {0x000002569e5f76e0} 'end' '()V' in 'imgui/ImGui')}
  0x00000256889b51ec: 0048 bec0 | 2e97 9e56 | 0200 0048 | 8386 d800 

  0x00000256889b51fc: ;   {static_call}
  0x00000256889b51fc: 0000 01e8 

  0x00000256889b5200: ; ImmutableOopMap {}
                      ;*invokestatic nEnd {reexecute=0 rethrow=0 return_oop=0}
                      ; - imgui.ImGui::end@0 (line 617)
                      ; - Rendering.ImGui.ImGuiEditor::render@85 (line 32)
  0x00000256889b5200: 8c69 9207 

  0x00000256889b5204: ;   {post_call_nop}
  0x00000256889b5204: 0f1f 8400 | fc1f 0017 | 4881 c4a0 | 0100 005d 

  0x00000256889b5214: ;   {poll_return}
  0x00000256889b5214: 493b 6728 | 0f87 5f08 | 0000 c390 

  0x00000256889b5220: ;   {other}
  0x00000256889b5220: e97d 0800 | 0000 0000 | 0000 498b | 87c8 0100 | 0048 8d78 | 2849 3bbf | d801 0000 | 0f87 6a08 
  0x00000256889b5240: 0000 4989 | bfc8 0100 | 0048 c700 | 0100 0000 | 488b ca41 | ba00 0000 | 1349 2bca | 8948 0848 
  0x00000256889b5260: 33c9 8948 | 0c48 33c9 | 4889 4810 | 4889 4818 | 4889 4820 

  0x00000256889b5274: ;   {metadata(method data for {method} {0x000000001349b308} 'newArray' '(I)[B' in 'java/lang/StringConcatHelper')}
  0x00000256889b5274: 4c8b c048 | ba80 e704 | 9e56 0200 | 0048 8382 | f800 0000 

  0x00000256889b5288: ;   {oop("Overflow: String length out of range"{0x00000007ffe53c08})}
  0x00000256889b5288: 0149 b808 | 3ce5 ff07 | 0000 0048 | 8bd0 4889 | 8424 7801 

  0x00000256889b529c: ;   {optimized virtual_call}
  0x00000256889b529c: 0000 90e8 

  0x00000256889b52a0: ; ImmutableOopMap {[288]=Oop [336]=Oop [344]=Oop [376]=Oop }
                      ;*invokespecial <init> {reexecute=0 rethrow=0 return_oop=0}
                      ; - java.lang.StringConcatHelper::newArray@10 (line 576)
                      ; - java.lang.StringConcatHelper::newArrayWithSuffix@8 (line 611)
                      ; - java.lang.String$$StringConcat/0x0000000014051000::concat@58
                      ; - java.lang.invoke.DirectMethodHandle$Holder::invokeSpecial@14
                      ; - java.lang.invoke.LambdaForm$MH/0x0000000014051400::invoke@24
                      ; - java.lang.invoke.Invokers$Holder::linkToTargetMethod@6
                      ; - Rendering.ImGui.ImGuiEditor::render@27 (line 22)
  0x00000256889b52a0: 3c9b 3807 

  0x00000256889b52a4: ;   {post_call_nop}
  0x00000256889b52a4: 0f1f 8400 | 9c20 0018 | 488b 8424 | 7801 0000 | e969 0800 | 000f 1f80 | 0000 0000 

  0x00000256889b52c0: ;   {other}
  0x00000256889b52c0: e903 0800 | 0000 0000 | 0000 498b | 87c8 0100 | 0048 8d78 | 2849 3bbf | d801 0000 | 0f87 f007 
  0x00000256889b52e0: 0000 4989 | bfc8 0100 | 0048 c700 | 0100 0000 | 488b ca41 | ba00 0000 | 1349 2bca | 8948 0848 
  0x00000256889b5300: 33c9 8948 | 0c48 33c9 | 4889 4810 | 4889 4818 | 4889 4820 

  0x00000256889b5314: ;   {metadata(method data for {method} {0x000000001349a968} 'checkOverflow' '(I)I' in 'java/lang/StringConcatHelper')}
  0x00000256889b5314: 4c8b c048 | ba38 4c07 | 9e56 0200 | 0048 8382 | f800 0000 

  0x00000256889b5328: ;   {oop("Overflow: String length out of range"{0x00000007ffe53c08})}
  0x00000256889b5328: 0149 b808 | 3ce5 ff07 | 0000 0048 | 8bd0 4889 | 8424 8001 

  0x00000256889b533c: ;   {optimized virtual_call}
  0x00000256889b533c: 0000 90e8 

  0x00000256889b5340: ; ImmutableOopMap {[288]=Oop [336]=Oop [344]=Oop [384]=Oop }
                      ;*invokespecial <init> {reexecute=0 rethrow=0 return_oop=0}
                      ; - java.lang.StringConcatHelper::checkOverflow@12 (line 787)
                      ; - java.lang.StringConcatHelper::stringSize@6 (line 530)
                      ; - java.lang.String$$StringConcat/0x0000000014051000::length@6
                      ; - java.lang.String$$StringConcat/0x0000000014051000::concat@33
                      ; - java.lang.invoke.DirectMethodHandle$Holder::invokeSpecial@14
                      ; - java.lang.invoke.LambdaForm$MH/0x0000000014051400::invoke@24
                      ; - java.lang.invoke.Invokers$Holder::linkToTargetMethod@6
                      ; - Rendering.ImGui.ImGuiEditor::render@27 (line 22)
  0x00000256889b5340: 9c9a 3807 

  0x00000256889b5344: ;   {post_call_nop}
  0x00000256889b5344: 0f1f 8400 | 3c21 0019 | 488b 8424 | 8001 0000 | e9c9 0700 | 000f 1f80 | 0000 0000 

  0x00000256889b5360: ;   {other}
  0x00000256889b5360: e989 0700 | 0000 0000 | 0000 498b | 87c8 0100 | 0048 8d78 | 2849 3bbf | d801 0000 | 0f87 7607 
  0x00000256889b5380: 0000 4989 | bfc8 0100 | 0048 c700 | 0100 0000 | 488b ca41 | ba00 0000 | 1349 2bca | 8948 0848 
  0x00000256889b53a0: 33c9 8948 | 0c48 33c9 | 4889 4810 | 4889 4818 | 4889 4820 

  0x00000256889b53b4: ;   {metadata(method data for {method} {0x000000001349a968} 'checkOverflow' '(I)I' in 'java/lang/StringConcatHelper')}
  0x00000256889b53b4: 4c8b c048 | ba38 4c07 | 9e56 0200 | 0048 8382 | f800 0000 

  0x00000256889b53c8: ;   {oop("Overflow: String length out of range"{0x00000007ffe53c08})}
  0x00000256889b53c8: 0149 b808 | 3ce5 ff07 | 0000 0048 | 8bd0 4889 | 8424 8801 

  0x00000256889b53dc: ;   {optimized virtual_call}
  0x00000256889b53dc: 0000 90e8 

  0x00000256889b53e0: ; ImmutableOopMap {[288]=Oop [336]=Oop [344]=Oop [392]=Oop }
                      ;*invokespecial <init> {reexecute=0 rethrow=0 return_oop=0}
                      ; - java.lang.StringConcatHelper::checkOverflow@12 (line 787)
                      ; - java.lang.StringConcatHelper::stringSize@6 (line 530)
                      ; - java.lang.String$$StringConcat/0x0000000014051000::length@2
                      ; - java.lang.String$$StringConcat/0x0000000014051000::concat@33
                      ; - java.lang.invoke.DirectMethodHandle$Holder::invokeSpecial@14
                      ; - java.lang.invoke.LambdaForm$MH/0x0000000014051400::invoke@24
                      ; - java.lang.invoke.Invokers$Holder::linkToTargetMethod@6
                      ; - Rendering.ImGui.ImGuiEditor::render@27 (line 22)
  0x00000256889b53e0: fc99 3807 

  0x00000256889b53e4: ;   {post_call_nop}
  0x00000256889b53e4: 0f1f 8400 | dc21 001a | 488b 8424 | 8801 0000 | e929 0700 

  0x00000256889b53f8: ;   {metadata({method} {0x000002569e4391c0} 'render' '()V' in 'Rendering/ImGui/ImGuiEditor')}
  0x00000256889b53f8: 0049 bab8 | 9143 9e56 | 0200 004c | 8954 2408 | 48c7 0424 | ffff ffff 

  0x00000256889b5410: ;   {runtime_call C1 Runtime counter_overflow_blob}
  0x00000256889b5410: e8cb 8e45 

  0x00000256889b5414: ; ImmutableOopMap {rdx=Oop [288]=Oop }
                      ;*synchronization entry
                      ; - Rendering.ImGui.ImGuiEditor::render@-1 (line 19)
  0x00000256889b5414: 07e9 74df 

  0x00000256889b5418: ;   {runtime_call C1 Runtime throw_null_pointer_exception_blob}
  0x00000256889b5418: ffff e8c1 

  0x00000256889b541c: ; ImmutableOopMap {rdx=Oop rsi=Oop [288]=Oop }
                      ;*invokevirtual render {reexecute=0 rethrow=0 return_oop=0}
                      ; - Rendering.ImGui.ImGuiEditor::render@4 (line 19)
                      ;   {metadata({method} {0x000002569e5f73c0} 'begin' '(Ljava/lang/String;I)Z' in 'imgui/ImGui')}
  0x00000256889b541c: 2e45 0749 | bab8 735f | 9e56 0200 | 004c 8954 | 2408 48c7 | 0424 ffff 

  0x00000256889b5434: ;   {runtime_call C1 Runtime counter_overflow_blob}
  0x00000256889b5434: ffff e8a5 

  0x00000256889b5438: ; ImmutableOopMap {[288]=Oop }
                      ;*synchronization entry
                      ; - imgui.ImGui::begin@-1 (line 581)
                      ; - Rendering.ImGui.ImGuiEditor::render@11 (line 21)
  0x00000256889b5438: 8e45 07e9 | d2df ffff 

  0x00000256889b5440: ;   {metadata({method} {0x0000000013194230} 'getProperty' '(Ljava/lang/String;)Ljava/lang/String;' in 'java/lang/System')}
  0x00000256889b5440: 49ba 2842 | 1913 0000 | 0000 4c89 | 5424 0848 | c704 24ff 

  0x00000256889b5454: ;   {runtime_call C1 Runtime counter_overflow_blob}
  0x00000256889b5454: ffff ffe8 

  0x00000256889b5458: ; ImmutableOopMap {[288]=Oop }
                      ;*synchronization entry
                      ; - java.lang.System::getProperty@-1 (line 742)
                      ; - Rendering.ImGui.ImGuiEditor::render@19 (line 22)
  0x00000256889b5458: 848e 4507 | e949 e0ff 

  0x00000256889b5460: ;   {runtime_call C1 Runtime throw_null_pointer_exception_blob}
  0x00000256889b5460: ffe8 7a2e 

  0x00000256889b5464: ; ImmutableOopMap {rsi=Oop rdx=Oop [288]=Oop [296]=Oop }
                      ;*invokevirtual getProperty {reexecute=0 rethrow=0 return_oop=0}
                      ; - java.lang.System::getProperty@8 (line 743)
                      ; - Rendering.ImGui.ImGuiEditor::render@19 (line 22)
                      ;   {metadata({method} {0x0000000013194230} 'getProperty' '(Ljava/lang/String;)Ljava/lang/String;' in 'java/lang/System')}
  0x00000256889b5464: 4507 49ba | 2842 1913 | 0000 0000 | 4c89 5424 | 0848 c704 | 24ff ffff 

  0x00000256889b547c: ;   {runtime_call C1 Runtime counter_overflow_blob}
  0x00000256889b547c: ffe8 5e8e 

  0x00000256889b5480: ; ImmutableOopMap {rax=Oop [288]=Oop [304]=Oop }
                      ;*synchronization entry
                      ; - java.lang.System::getProperty@-1 (line 742)
                      ; - Rendering.ImGui.ImGuiEditor::render@24 (line 22)
  0x00000256889b5480: 4507 e966 

  0x00000256889b5484: ;   {runtime_call C1 Runtime throw_null_pointer_exception_blob}
  0x00000256889b5484: e1ff ffe8 

  0x00000256889b5488: ; ImmutableOopMap {rdx=Oop [288]=Oop [312]=Oop [320]=Oop }
                      ;*invokevirtual getProperty {reexecute=0 rethrow=0 return_oop=0}
                      ; - java.lang.System::getProperty@8 (line 743)
                      ; - Rendering.ImGui.ImGuiEditor::render@24 (line 22)
  0x00000256889b5488: 542e 4507 

  0x00000256889b548c: ;   {metadata({method} {0x0000000013212e98} 'linkToTargetMethod' '(Ljava/lang/Object;Ljava/lang/Object;Ljava/lang/Object;)Ljava/lang/Object;' in 'java/lang/invoke/Invokers$Holder')}
  0x00000256889b548c: 49ba 902e | 2113 0000 | 0000 4c89 | 5424 0848 | c704 24ff 

  0x00000256889b54a0: ;   {runtime_call C1 Runtime counter_overflow_blob}
  0x00000256889b54a0: ffff ffe8 

  0x00000256889b54a4: ; ImmutableOopMap {rax=Oop rsi=Oop [288]=Oop }
                      ;*synchronization entry
                      ; - java.lang.invoke.Invokers$Holder::linkToTargetMethod@-1
                      ; - Rendering.ImGui.ImGuiEditor::render@27 (line 22)
  0x00000256889b54a4: 388e 4507 | e9ec e2ff 

  0x00000256889b54ac: ;   {metadata({method} {0x000002569e49ae90} 'invoke' '(Ljava/lang/Object;Ljava/lang/Object;Ljava/lang/Object;)Ljava/lang/Object;' in 'java/lang/invoke/LambdaForm$MH+0x0000000014051400')}
  0x00000256889b54ac: ff49 ba88 | ae49 9e56 | 0200 004c | 8954 2408 | 48c7 0424 | ffff ffff 

  0x00000256889b54c4: ;   {runtime_call C1 Runtime counter_overflow_blob}
  0x00000256889b54c4: e817 8e45 

  0x00000256889b54c8: ; ImmutableOopMap {rax=Oop rsi=Oop [288]=Oop }
                      ;*synchronization entry
                      ; - java.lang.invoke.LambdaForm$MH/0x0000000014051400::invoke@-1
                      ; - java.lang.invoke.Invokers$Holder::linkToTargetMethod@6
                      ; - Rendering.ImGui.ImGuiEditor::render@27 (line 22)
  0x00000256889b54c8: 07e9 48e3 

  0x00000256889b54cc: ;   {metadata({method} {0x0000000013215400} 'invokeSpecial' '(Ljava/lang/Object;Ljava/lang/Object;Ljava/lang/Object;Ljava/lang/Object;)Ljava/lang/Object;' in 'java/lang/invoke/DirectMethodHandle$Holder')}
  0x00000256889b54cc: ffff 49ba | f853 2113 | 0000 0000 | 4c89 5424 | 0848 c704 | 24ff ffff 

  0x00000256889b54e4: ;   {runtime_call C1 Runtime counter_overflow_blob}
  0x00000256889b54e4: ffe8 f68d 

  0x00000256889b54e8: ; ImmutableOopMap {rax=Oop rsi=Oop [288]=Oop }
                      ;*synchronization entry
                      ; - java.lang.invoke.DirectMethodHandle$Holder::invokeSpecial@-1
                      ; - java.lang.invoke.LambdaForm$MH/0x0000000014051400::invoke@24
                      ; - java.lang.invoke.Invokers$Holder::linkToTargetMethod@6
                      ; - Rendering.ImGui.ImGuiEditor::render@27 (line 22)
  0x00000256889b54e8: 4507 e960 

  0x00000256889b54ec: ;   {metadata({method} {0x0000000013206588} 'internalMemberName' '(Ljava/lang/Object;)Ljava/lang/Object;' in 'java/lang/invoke/DirectMethodHandle')}
  0x00000256889b54ec: e3ff ff49 | ba80 6520 | 1300 0000 | 004c 8954 | 2408 48c7 | 0424 ffff 

  0x00000256889b5504: ;   {runtime_call C1 Runtime counter_overflow_blob}
  0x00000256889b5504: ffff e8d5 

  0x00000256889b5508: ; ImmutableOopMap {rax=Oop rsi=Oop [288]=Oop }
                      ;*synchronization entry
                      ; - java.lang.invoke.DirectMethodHandle::internalMemberName@-1 (line 326)
                      ; - java.lang.invoke.DirectMethodHandle$Holder::invokeSpecial@1
                      ; - java.lang.invoke.LambdaForm$MH/0x0000000014051400::invoke@24
                      ; - java.lang.invoke.Invokers$Holder::linkToTargetMethod@6
                      ; - Rendering.ImGui.ImGuiEditor::render@27 (line 22)
  0x00000256889b5508: 8d45 07e9 | 78e3 ffff 

  0x00000256889b5510: ;   {metadata({method} {0x000002569e49a5a0} 'concat' '(Ljava/lang/Object;Ljava/lang/Object;)Ljava/lang/String;' in 'java/lang/String$$StringConcat+0x0000000014051000')}
  0x00000256889b5510: 49ba 98a5 | 499e 5602 | 0000 4c89 | 5424 0848 | c704 24ff 

  0x00000256889b5524: ;   {runtime_call C1 Runtime counter_overflow_blob}
  0x00000256889b5524: ffff ffe8 

  0x00000256889b5528: ; ImmutableOopMap {rax=Oop rsi=Oop [288]=Oop }
                      ;*synchronization entry
                      ; - java.lang.String$$StringConcat/0x0000000014051000::concat@-1
                      ; - java.lang.invoke.DirectMethodHandle$Holder::invokeSpecial@14
                      ; - java.lang.invoke.LambdaForm$MH/0x0000000014051400::invoke@24
                      ; - java.lang.invoke.Invokers$Holder::linkToTargetMethod@6
                      ; - Rendering.ImGui.ImGuiEditor::render@27 (line 22)
  0x00000256889b5528: b48d 4507 | e9bc e3ff 

  0x00000256889b5530: ;   {metadata({method} {0x000000001349a860} 'stringOf' '(Ljava/lang/Object;)Ljava/lang/String;' in 'java/lang/StringConcatHelper')}
  0x00000256889b5530: ff49 ba58 | a849 1300 | 0000 004c | 8954 2408 | 48c7 0424 | ffff ffff 

  0x00000256889b5548: ;   {runtime_call C1 Runtime counter_overflow_blob}
  0x00000256889b5548: e893 8d45 

  0x00000256889b554c: ; ImmutableOopMap {rax=Oop rsi=Oop [288]=Oop }
                      ;*synchronization entry
                      ; - java.lang.StringConcatHelper::stringOf@-1 (line 466)
                      ; - java.lang.String$$StringConcat/0x0000000014051000::concat@1
                      ; - java.lang.invoke.DirectMethodHandle$Holder::invokeSpecial@14
                      ; - java.lang.invoke.LambdaForm$MH/0x0000000014051400::invoke@24
                      ; - java.lang.invoke.Invokers$Holder::linkToTargetMethod@6
                      ; - Rendering.ImGui.ImGuiEditor::render@27 (line 22)
  0x00000256889b554c: 07e9 d4e3 

  0x00000256889b5550: ;   {runtime_call C1 Runtime throw_null_pointer_exception_blob}
  0x00000256889b5550: ffff e889 

  0x00000256889b5554: ; ImmutableOopMap {rax=Oop rsi=Oop [288]=Oop }
                      ;*invokevirtual toString {reexecute=0 rethrow=0 return_oop=0}
                      ; - java.lang.StringConcatHelper::stringOf@5 (line 466)
                      ; - java.lang.String$$StringConcat/0x0000000014051000::concat@1
                      ; - java.lang.invoke.DirectMethodHandle$Holder::invokeSpecial@14
                      ; - java.lang.invoke.LambdaForm$MH/0x0000000014051400::invoke@24
                      ; - java.lang.invoke.Invokers$Holder::linkToTargetMethod@6
                      ; - Rendering.ImGui.ImGuiEditor::render@27 (line 22)
                      ;   {metadata({method} {0x0000000013188140} 'toString' '()Ljava/lang/String;' in 'java/lang/String')}
  0x00000256889b5554: 2d45 0749 | ba38 8118 | 1300 0000 | 004c 8954 | 2408 48c7 | 0424 ffff 

  0x00000256889b556c: ;   {runtime_call C1 Runtime counter_overflow_blob}
  0x00000256889b556c: ffff e86d 

  0x00000256889b5570: ; ImmutableOopMap {rax=Oop rsi=Oop [288]=Oop }
                      ;*synchronization entry
                      ; - java.lang.String::toString@-1 (line 4365)
                      ; - java.lang.StringConcatHelper::stringOf@5 (line 466)
                      ; - java.lang.String$$StringConcat/0x0000000014051000::concat@1
                      ; - java.lang.invoke.DirectMethodHandle$Holder::invokeSpecial@14
                      ; - java.lang.invoke.LambdaForm$MH/0x0000000014051400::invoke@24
                      ; - java.lang.invoke.Invokers$Holder::linkToTargetMethod@6
                      ; - Rendering.ImGui.ImGuiEditor::render@27 (line 22)
  0x00000256889b5570: 8d45 07e9 | 18e4 ffff 

  0x00000256889b5578: ;   {metadata({method} {0x000000001349a860} 'stringOf' '(Ljava/lang/Object;)Ljava/lang/String;' in 'java/lang/StringConcatHelper')}
  0x00000256889b5578: 49ba 58a8 | 4913 0000 | 0000 4c89 | 5424 0848 | c704 24ff 

  0x00000256889b558c: ;   {runtime_call C1 Runtime counter_overflow_blob}
  0x00000256889b558c: ffff ffe8 

  0x00000256889b5590: ; ImmutableOopMap {rax=Oop rsi=Oop [288]=Oop }
                      ;*synchronization entry
                      ; - java.lang.StringConcatHelper::stringOf@-1 (line 466)
                      ; - java.lang.String$$StringConcat/0x0000000014051000::concat@7
                      ; - java.lang.invoke.DirectMethodHandle$Holder::invokeSpecial@14
                      ; - java.lang.invoke.LambdaForm$MH/0x0000000014051400::invoke@24
                      ; - java.lang.invoke.Invokers$Holder::linkToTargetMethod@6
                      ; - Rendering.ImGui.ImGuiEditor::render@27 (line 22)
  0x00000256889b5590: 4c8d 4507 | e975 e4ff 

  0x00000256889b5598: ;   {runtime_call C1 Runtime throw_null_pointer_exception_blob}
  0x00000256889b5598: ffe8 422d 

  0x00000256889b559c: ; ImmutableOopMap {rsi=Oop rax=Oop [288]=Oop }
                      ;*invokevirtual toString {reexecute=0 rethrow=0 return_oop=0}
                      ; - java.lang.StringConcatHelper::stringOf@5 (line 466)
                      ; - java.lang.String$$StringConcat/0x0000000014051000::concat@7
                      ; - java.lang.invoke.DirectMethodHandle$Holder::invokeSpecial@14
                      ; - java.lang.invoke.LambdaForm$MH/0x0000000014051400::invoke@24
                      ; - java.lang.invoke.Invokers$Holder::linkToTargetMethod@6
                      ; - Rendering.ImGui.ImGuiEditor::render@27 (line 22)
                      ;   {metadata({method} {0x0000000013188140} 'toString' '()Ljava/lang/String;' in 'java/lang/String')}
  0x00000256889b559c: 4507 49ba | 3881 1813 | 0000 0000 | 4c89 5424 | 0848 c704 | 24ff ffff 

  0x00000256889b55b4: ;   {runtime_call C1 Runtime counter_overflow_blob}
  0x00000256889b55b4: ffe8 268d 

  0x00000256889b55b8: ; ImmutableOopMap {rsi=Oop rax=Oop [288]=Oop }
                      ;*synchronization entry
                      ; - java.lang.String::toString@-1 (line 4365)
                      ; - java.lang.StringConcatHelper::stringOf@5 (line 466)
                      ; - java.lang.String$$StringConcat/0x0000000014051000::concat@7
                      ; - java.lang.invoke.DirectMethodHandle$Holder::invokeSpecial@14
                      ; - java.lang.invoke.LambdaForm$MH/0x0000000014051400::invoke@24
                      ; - java.lang.invoke.Invokers$Holder::linkToTargetMethod@6
                      ; - Rendering.ImGui.ImGuiEditor::render@27 (line 22)
  0x00000256889b55b8: 4507 e9b9 

  0x00000256889b55bc: ;   {metadata({method} {0x000002569e49a658} 'coder' '(ILjava/lang/String;Ljava/lang/String;)I' in 'java/lang/String$$StringConcat+0x0000000014051000')}
  0x00000256889b55bc: e4ff ff49 | ba50 a649 | 9e56 0200 | 004c 8954 | 2408 48c7 | 0424 ffff 

  0x00000256889b55d4: ;   {runtime_call C1 Runtime counter_overflow_blob}
  0x00000256889b55d4: ffff e805 

  0x00000256889b55d8: ; ImmutableOopMap {rsi=Oop rax=Oop [288]=Oop }
                      ;*synchronization entry
                      ; - java.lang.String$$StringConcat/0x0000000014051000::coder@-1
                      ; - java.lang.String$$StringConcat/0x0000000014051000::concat@20
                      ; - java.lang.invoke.DirectMethodHandle$Holder::invokeSpecial@14
                      ; - java.lang.invoke.LambdaForm$MH/0x0000000014051400::invoke@24
                      ; - java.lang.invoke.Invokers$Holder::linkToTargetMethod@6
                      ; - Rendering.ImGui.ImGuiEditor::render@27 (line 22)
  0x00000256889b55d8: 8d45 07e9 | 16e5 ffff 

  0x00000256889b55e0: ;   {runtime_call C1 Runtime throw_null_pointer_exception_blob}
  0x00000256889b55e0: e8fb 2c45 

  0x00000256889b55e4: ; ImmutableOopMap {rsi=Oop rax=Oop [288]=Oop }
                      ;*invokevirtual coder {reexecute=0 rethrow=0 return_oop=0}
                      ; - java.lang.String$$StringConcat/0x0000000014051000::coder@2
                      ; - java.lang.String$$StringConcat/0x0000000014051000::concat@20
                      ; - java.lang.invoke.DirectMethodHandle$Holder::invokeSpecial@14
                      ; - java.lang.invoke.LambdaForm$MH/0x0000000014051400::invoke@24
                      ; - java.lang.invoke.Invokers$Holder::linkToTargetMethod@6
                      ; - Rendering.ImGui.ImGuiEditor::render@27 (line 22)
                      ;   {metadata({method} {0x00000000134af4b0} 'coder' '()B' in 'java/lang/String')}
  0x00000256889b55e4: 0749 baa8 | f44a 1300 | 0000 004c | 8954 2408 | 48c7 0424 | ffff ffff 

  0x00000256889b55fc: ;   {runtime_call C1 Runtime counter_overflow_blob}
  0x00000256889b55fc: e8df 8c45 

  0x00000256889b5600: ; ImmutableOopMap {rsi=Oop rax=Oop [288]=Oop }
                      ;*synchronization entry
                      ; - java.lang.String::coder@-1 (line 4885)
                      ; - java.lang.String$$StringConcat/0x0000000014051000::coder@2
                      ; - java.lang.String$$StringConcat/0x0000000014051000::concat@20
                      ; - java.lang.invoke.DirectMethodHandle$Holder::invokeSpecial@14
                      ; - java.lang.invoke.LambdaForm$MH/0x0000000014051400::invoke@24
                      ; - java.lang.invoke.Invokers$Holder::linkToTargetMethod@6
                      ; - Rendering.ImGui.ImGuiEditor::render@27 (line 22)
  0x00000256889b5600: 07e9 a9e5 

  0x00000256889b5604: ;   {runtime_call C1 Runtime throw_null_pointer_exception_blob}
  0x00000256889b5604: ffff e8d5 

  0x00000256889b5608: ; ImmutableOopMap {rsi=Oop rax=Oop [288]=Oop }
                      ;*invokevirtual coder {reexecute=0 rethrow=0 return_oop=0}
                      ; - java.lang.String$$StringConcat/0x0000000014051000::coder@7
                      ; - java.lang.String$$StringConcat/0x0000000014051000::concat@20
                      ; - java.lang.invoke.DirectMethodHandle$Holder::invokeSpecial@14
                      ; - java.lang.invoke.LambdaForm$MH/0x0000000014051400::invoke@24
                      ; - java.lang.invoke.Invokers$Holder::linkToTargetMethod@6
                      ; - Rendering.ImGui.ImGuiEditor::render@27 (line 22)
                      ;   {metadata({method} {0x00000000134af4b0} 'coder' '()B' in 'java/lang/String')}
  0x00000256889b5608: 2c45 0749 | baa8 f44a | 1300 0000 | 004c 8954 | 2408 48c7 | 0424 ffff 

  0x00000256889b5620: ;   {runtime_call C1 Runtime counter_overflow_blob}
  0x00000256889b5620: ffff e8b9 

  0x00000256889b5624: ; ImmutableOopMap {rsi=Oop rax=Oop [288]=Oop }
                      ;*synchronization entry
                      ; - java.lang.String::coder@-1 (line 4885)
                      ; - java.lang.String$$StringConcat/0x0000000014051000::coder@7
                      ; - java.lang.String$$StringConcat/0x0000000014051000::concat@20
                      ; - java.lang.invoke.DirectMethodHandle$Holder::invokeSpecial@14
                      ; - java.lang.invoke.LambdaForm$MH/0x0000000014051400::invoke@24
                      ; - java.lang.invoke.Invokers$Holder::linkToTargetMethod@6
                      ; - Rendering.ImGui.ImGuiEditor::render@27 (line 22)
  0x00000256889b5624: 8c45 07e9 | 66e6 ffff 

  0x00000256889b562c: ;   {metadata({method} {0x000002569e49a3d8} 'length' '(ILjava/lang/String;Ljava/lang/String;)I' in 'java/lang/String$$StringConcat+0x0000000014051000')}
  0x00000256889b562c: 49ba d0a3 | 499e 5602 | 0000 4c89 | 5424 0848 | c704 24ff 

  0x00000256889b5640: ;   {runtime_call C1 Runtime counter_overflow_blob}
  0x00000256889b5640: ffff ffe8 

  0x00000256889b5644: ; ImmutableOopMap {rsi=Oop [288]=Oop [336]=Oop }
                      ;*synchronization entry
                      ; - java.lang.String$$StringConcat/0x0000000014051000::length@-1
                      ; - java.lang.String$$StringConcat/0x0000000014051000::concat@33
                      ; - java.lang.invoke.DirectMethodHandle$Holder::invokeSpecial@14
                      ; - java.lang.invoke.LambdaForm$MH/0x0000000014051400::invoke@24
                      ; - java.lang.invoke.Invokers$Holder::linkToTargetMethod@6
                      ; - Rendering.ImGui.ImGuiEditor::render@27 (line 22)
  0x00000256889b5644: 988c 4507 | e9ba e6ff 

  0x00000256889b564c: ;   {metadata({method} {0x000000001349acd8} 'stringSize' '(ILjava/lang/String;)I' in 'java/lang/StringConcatHelper')}
  0x00000256889b564c: ff49 bad0 | ac49 1300 | 0000 004c | 8954 2408 | 48c7 0424 | ffff ffff 

  0x00000256889b5664: ;   {runtime_call C1 Runtime counter_overflow_blob}
  0x00000256889b5664: e877 8c45 

  0x00000256889b5668: ; ImmutableOopMap {rsi=Oop [288]=Oop [336]=Oop }
                      ;*synchronization entry
                      ; - java.lang.StringConcatHelper::stringSize@-1 (line 530)
                      ; - java.lang.String$$StringConcat/0x0000000014051000::length@2
                      ; - java.lang.String$$StringConcat/0x0000000014051000::concat@33
                      ; - java.lang.invoke.DirectMethodHandle$Holder::invokeSpecial@14
                      ; - java.lang.invoke.LambdaForm$MH/0x0000000014051400::invoke@24
                      ; - java.lang.invoke.Invokers$Holder::linkToTargetMethod@6
                      ; - Rendering.ImGui.ImGuiEditor::render@27 (line 22)
  0x00000256889b5668: 07e9 d2e6 

  0x00000256889b566c: ;   {metadata({method} {0x0000000013188868} 'length' '()I' in 'java/lang/String')}
  0x00000256889b566c: ffff 49ba | 6088 1813 | 0000 0000 | 4c89 5424 | 0848 c704 | 24ff ffff 

  0x00000256889b5684: ;   {runtime_call C1 Runtime counter_overflow_blob}
  0x00000256889b5684: ffe8 568c 

  0x00000256889b5688: ; ImmutableOopMap {rsi=Oop [288]=Oop [336]=Oop }
                      ;*synchronization entry
                      ; - java.lang.String::length@-1 (line 1583)
                      ; - java.lang.StringConcatHelper::stringSize@2 (line 530)
                      ; - java.lang.String$$StringConcat/0x0000000014051000::length@2
                      ; - java.lang.String$$StringConcat/0x0000000014051000::concat@33
                      ; - java.lang.invoke.DirectMethodHandle$Holder::invokeSpecial@14
                      ; - java.lang.invoke.LambdaForm$MH/0x0000000014051400::invoke@24
                      ; - java.lang.invoke.Invokers$Holder::linkToTargetMethod@6
                      ; - Rendering.ImGui.ImGuiEditor::render@27 (line 22)
  0x00000256889b5688: 4507 e967 

  0x00000256889b568c: ;   {runtime_call C1 Runtime throw_null_pointer_exception_blob}
  0x00000256889b568c: e7ff ffe8 

  0x00000256889b5690: ; ImmutableOopMap {rsi=Oop [288]=Oop [336]=Oop }
                      ;*arraylength {reexecute=0 rethrow=0 return_oop=0}
                      ; - java.lang.String::length@4 (line 1583)
                      ; - java.lang.StringConcatHelper::stringSize@2 (line 530)
                      ; - java.lang.String$$StringConcat/0x0000000014051000::length@2
                      ; - java.lang.String$$StringConcat/0x0000000014051000::concat@33
                      ; - java.lang.invoke.DirectMethodHandle$Holder::invokeSpecial@14
                      ; - java.lang.invoke.LambdaForm$MH/0x0000000014051400::invoke@24
                      ; - java.lang.invoke.Invokers$Holder::linkToTargetMethod@6
                      ; - Rendering.ImGui.ImGuiEditor::render@27 (line 22)
  0x00000256889b5690: 4c2c 4507 

  0x00000256889b5694: ;   {metadata({method} {0x000000001349a968} 'checkOverflow' '(I)I' in 'java/lang/StringConcatHelper')}
  0x00000256889b5694: 49ba 60a9 | 4913 0000 | 0000 4c89 | 5424 0848 | c704 24ff 

  0x00000256889b56a8: ;   {runtime_call C1 Runtime counter_overflow_blob}
  0x00000256889b56a8: ffff ffe8 

  0x00000256889b56ac: ; ImmutableOopMap {[288]=Oop [336]=Oop [344]=Oop }
                      ;*synchronization entry
                      ; - java.lang.StringConcatHelper::checkOverflow@-1 (line 784)
                      ; - java.lang.StringConcatHelper::stringSize@6 (line 530)
                      ; - java.lang.String$$StringConcat/0x0000000014051000::length@2
                      ; - java.lang.String$$StringConcat/0x0000000014051000::concat@33
                      ; - java.lang.invoke.DirectMethodHandle$Holder::invokeSpecial@14
                      ; - java.lang.invoke.LambdaForm$MH/0x0000000014051400::invoke@24
                      ; - java.lang.invoke.Invokers$Holder::linkToTargetMethod@6
                      ; - Rendering.ImGui.ImGuiEditor::render@27 (line 22)
  0x00000256889b56ac: 308c 4507 | e947 e8ff 

  0x00000256889b56b4: ;   {metadata({method} {0x000000001349acd8} 'stringSize' '(ILjava/lang/String;)I' in 'java/lang/StringConcatHelper')}
  0x00000256889b56b4: ff49 bad0 | ac49 1300 | 0000 004c | 8954 2408 | 48c7 0424 | ffff ffff 

  0x00000256889b56cc: ;   {runtime_call C1 Runtime counter_overflow_blob}
  0x00000256889b56cc: e80f 8c45 

  0x00000256889b56d0: ; ImmutableOopMap {rax=Oop [288]=Oop [344]=Oop }
                      ;*synchronization entry
                      ; - java.lang.StringConcatHelper::stringSize@-1 (line 530)
                      ; - java.lang.String$$StringConcat/0x0000000014051000::length@6
                      ; - java.lang.String$$StringConcat/0x0000000014051000::concat@33
                      ; - java.lang.invoke.DirectMethodHandle$Holder::invokeSpecial@14
                      ; - java.lang.invoke.LambdaForm$MH/0x0000000014051400::invoke@24
                      ; - java.lang.invoke.Invokers$Holder::linkToTargetMethod@6
                      ; - Rendering.ImGui.ImGuiEditor::render@27 (line 22)
  0x00000256889b56d0: 07e9 98e8 

  0x00000256889b56d4: ;   {metadata({method} {0x0000000013188868} 'length' '()I' in 'java/lang/String')}
  0x00000256889b56d4: ffff 49ba | 6088 1813 | 0000 0000 | 4c89 5424 | 0848 c704 | 24ff ffff 

  0x00000256889b56ec: ;   {runtime_call C1 Runtime counter_overflow_blob}
  0x00000256889b56ec: ffe8 ee8b 

  0x00000256889b56f0: ; ImmutableOopMap {rax=Oop [288]=Oop [344]=Oop }
                      ;*synchronization entry
                      ; - java.lang.String::length@-1 (line 1583)
                      ; - java.lang.StringConcatHelper::stringSize@2 (line 530)
                      ; - java.lang.String$$StringConcat/0x0000000014051000::length@6
                      ; - java.lang.String$$StringConcat/0x0000000014051000::concat@33
                      ; - java.lang.invoke.DirectMethodHandle$Holder::invokeSpecial@14
                      ; - java.lang.invoke.LambdaForm$MH/0x0000000014051400::invoke@24
                      ; - java.lang.invoke.Invokers$Holder::linkToTargetMethod@6
                      ; - Rendering.ImGui.ImGuiEditor::render@27 (line 22)
  0x00000256889b56f0: 4507 e92d 

  0x00000256889b56f4: ;   {runtime_call C1 Runtime throw_null_pointer_exception_blob}
  0x00000256889b56f4: e9ff ffe8 

  0x00000256889b56f8: ; ImmutableOopMap {rax=Oop [288]=Oop [344]=Oop }
                      ;*arraylength {reexecute=0 rethrow=0 return_oop=0}
                      ; - java.lang.String::length@4 (line 1583)
                      ; - java.lang.StringConcatHelper::stringSize@2 (line 530)
                      ; - java.lang.String$$StringConcat/0x0000000014051000::length@6
                      ; - java.lang.String$$StringConcat/0x0000000014051000::concat@33
                      ; - java.lang.invoke.DirectMethodHandle$Holder::invokeSpecial@14
                      ; - java.lang.invoke.LambdaForm$MH/0x0000000014051400::invoke@24
                      ; - java.lang.invoke.Invokers$Holder::linkToTargetMethod@6
                      ; - Rendering.ImGui.ImGuiEditor::render@27 (line 22)
  0x00000256889b56f8: e42b 4507 

  0x00000256889b56fc: ;   {metadata({method} {0x000000001349a968} 'checkOverflow' '(I)I' in 'java/lang/StringConcatHelper')}
  0x00000256889b56fc: 49ba 60a9 | 4913 0000 | 0000 4c89 | 5424 0848 | c704 24ff 

  0x00000256889b5710: ;   {runtime_call C1 Runtime counter_overflow_blob}
  0x00000256889b5710: ffff ffe8 

  0x00000256889b5714: ; ImmutableOopMap {[288]=Oop [336]=Oop [344]=Oop }
                      ;*synchronization entry
                      ; - java.lang.StringConcatHelper::checkOverflow@-1 (line 784)
                      ; - java.lang.StringConcatHelper::stringSize@6 (line 530)
                      ; - java.lang.String$$StringConcat/0x0000000014051000::length@6
                      ; - java.lang.String$$StringConcat/0x0000000014051000::concat@33
                      ; - java.lang.invoke.DirectMethodHandle$Holder::invokeSpecial@14
                      ; - java.lang.invoke.LambdaForm$MH/0x0000000014051400::invoke@24
                      ; - java.lang.invoke.Invokers$Holder::linkToTargetMethod@6
                      ; - Rendering.ImGui.ImGuiEditor::render@27 (line 22)
  0x00000256889b5714: c88b 4507 | e910 eaff 

  0x00000256889b571c: ;   {metadata({method} {0x0000000013188868} 'length' '()I' in 'java/lang/String')}
  0x00000256889b571c: ff49 ba60 | 8818 1300 | 0000 004c | 8954 2408 | 48c7 0424 | ffff ffff 

  0x00000256889b5734: ;   {runtime_call C1 Runtime counter_overflow_blob}
  0x00000256889b5734: e8a7 8b45 

  0x00000256889b5738: ; ImmutableOopMap {rcx=Oop [288]=Oop [336]=Oop [344]=Oop }
                      ;*synchronization entry
                      ; - java.lang.String::length@-1 (line 1583)
                      ; - java.lang.String$$StringConcat/0x0000000014051000::concat@48
                      ; - java.lang.invoke.DirectMethodHandle$Holder::invokeSpecial@14
                      ; - java.lang.invoke.LambdaForm$MH/0x0000000014051400::invoke@24
                      ; - java.lang.invoke.Invokers$Holder::linkToTargetMethod@6
                      ; - Rendering.ImGui.ImGuiEditor::render@27 (line 22)
  0x00000256889b5738: 07e9 e1ea 

  0x00000256889b573c: ;   {metadata({method} {0x00000000134af4b0} 'coder' '()B' in 'java/lang/String')}
  0x00000256889b573c: ffff 49ba | a8f4 4a13 | 0000 0000 | 4c89 5424 | 0848 c704 | 24ff ffff 

  0x00000256889b5754: ;   {runtime_call C1 Runtime counter_overflow_blob}
  0x00000256889b5754: ffe8 868b 

  0x00000256889b5758: ; ImmutableOopMap {[288]=Oop [336]=Oop [344]=Oop }
                      ;*synchronization entry
                      ; - java.lang.String::coder@-1 (line 4885)
                      ; - java.lang.String::length@6 (line 1583)
                      ; - java.lang.String$$StringConcat/0x0000000014051000::concat@48
                      ; - java.lang.invoke.DirectMethodHandle$Holder::invokeSpecial@14
                      ; - java.lang.invoke.LambdaForm$MH/0x0000000014051400::invoke@24
                      ; - java.lang.invoke.Invokers$Holder::linkToTargetMethod@6
                      ; - Rendering.ImGui.ImGuiEditor::render@27 (line 22)
  0x00000256889b5758: 4507 e978 

  0x00000256889b575c: ;   {metadata({method} {0x000000001349a758} 'newArrayWithSuffix' '(Ljava/lang/String;IB)[B' in 'java/lang/StringConcatHelper')}
  0x00000256889b575c: ebff ff49 | ba50 a749 | 1300 0000 | 004c 8954 | 2408 48c7 | 0424 ffff 

  0x00000256889b5774: ;   {runtime_call C1 Runtime counter_overflow_blob}
  0x00000256889b5774: ffff e865 

  0x00000256889b5778: ; ImmutableOopMap {[288]=Oop [336]=Oop [344]=Oop }
                      ;*synchronization entry
                      ; - java.lang.StringConcatHelper::newArrayWithSuffix@-1 (line 611)
                      ; - java.lang.String$$StringConcat/0x0000000014051000::concat@58
                      ; - java.lang.invoke.DirectMethodHandle$Holder::invokeSpecial@14
                      ; - java.lang.invoke.LambdaForm$MH/0x0000000014051400::invoke@24
                      ; - java.lang.invoke.Invokers$Holder::linkToTargetMethod@6
                      ; - Rendering.ImGui.ImGuiEditor::render@27 (line 22)
  0x00000256889b5778: 8b45 07e9 | beeb ffff 

  0x00000256889b5780: ;   {metadata({method} {0x0000000013188868} 'length' '()I' in 'java/lang/String')}
  0x00000256889b5780: 49ba 6088 | 1813 0000 | 0000 4c89 | 5424 0848 | c704 24ff 

  0x00000256889b5794: ;   {runtime_call C1 Runtime counter_overflow_blob}
  0x00000256889b5794: ffff ffe8 

  0x00000256889b5798: ; ImmutableOopMap {rcx=Oop [288]=Oop [336]=Oop [344]=Oop }
                      ;*synchronization entry
                      ; - java.lang.String::length@-1 (line 1583)
                      ; - java.lang.StringConcatHelper::newArrayWithSuffix@2 (line 611)
                      ; - java.lang.String$$StringConcat/0x0000000014051000::concat@58
                      ; - java.lang.invoke.DirectMethodHandle$Holder::invokeSpecial@14
                      ; - java.lang.invoke.LambdaForm$MH/0x0000000014051400::invoke@24
                      ; - java.lang.invoke.Invokers$Holder::linkToTargetMethod@6
                      ; - Rendering.ImGui.ImGuiEditor::render@27 (line 22)
  0x00000256889b5798: 448b 4507 | e963 ecff 

  0x00000256889b57a0: ;   {metadata({method} {0x00000000134af4b0} 'coder' '()B' in 'java/lang/String')}
  0x00000256889b57a0: ff49 baa8 | f44a 1300 | 0000 004c | 8954 2408 | 48c7 0424 | ffff ffff 

  0x00000256889b57b8: ;   {runtime_call C1 Runtime counter_overflow_blob}
  0x00000256889b57b8: e823 8b45 

  0x00000256889b57bc: ; ImmutableOopMap {[288]=Oop [336]=Oop [344]=Oop }
                      ;*synchronization entry
                      ; - java.lang.String::coder@-1 (line 4885)
                      ; - java.lang.String::length@6 (line 1583)
                      ; - java.lang.StringConcatHelper::newArrayWithSuffix@2 (line 611)
                      ; - java.lang.String$$StringConcat/0x0000000014051000::concat@58
                      ; - java.lang.invoke.DirectMethodHandle$Holder::invokeSpecial@14
                      ; - java.lang.invoke.LambdaForm$MH/0x0000000014051400::invoke@24
                      ; - java.lang.invoke.Invokers$Holder::linkToTargetMethod@6
                      ; - Rendering.ImGui.ImGuiEditor::render@27 (line 22)
  0x00000256889b57bc: 07e9 faec 

  0x00000256889b57c0: ;   {metadata({method} {0x000000001349b308} 'newArray' '(I)[B' in 'java/lang/StringConcatHelper')}
  0x00000256889b57c0: ffff 49ba | 00b3 4913 | 0000 0000 | 4c89 5424 | 0848 c704 | 24ff ffff 

  0x00000256889b57d8: ;   {runtime_call C1 Runtime counter_overflow_blob}
  0x00000256889b57d8: ffe8 028b 

  0x00000256889b57dc: ; ImmutableOopMap {[288]=Oop [336]=Oop [344]=Oop }
                      ;*synchronization entry
                      ; - java.lang.StringConcatHelper::newArray@-1 (line 575)
                      ; - java.lang.StringConcatHelper::newArrayWithSuffix@8 (line 611)
                      ; - java.lang.String$$StringConcat/0x0000000014051000::concat@58
                      ; - java.lang.invoke.DirectMethodHandle$Holder::invokeSpecial@14
                      ; - java.lang.invoke.LambdaForm$MH/0x0000000014051400::invoke@24
                      ; - java.lang.invoke.Invokers$Holder::linkToTargetMethod@6
                      ; - Rendering.ImGui.ImGuiEditor::render@27 (line 22)
  0x00000256889b57dc: 4507 e947 | edff ff48 

  0x00000256889b57e4: ;   {runtime_call C1 Runtime throw_class_cast_exception_blob}
  0x00000256889b57e4: 8904 24e8 

  0x00000256889b57e8: ; ImmutableOopMap {[288]=Oop [336]=Oop [344]=Oop }
                      ;*checkcast {reexecute=0 rethrow=0 return_oop=0}
                      ; - java.lang.StringConcatHelper::newArray@24 (line 578)
                      ; - java.lang.StringConcatHelper::newArrayWithSuffix@8 (line 611)
                      ; - java.lang.String$$StringConcat/0x0000000014051000::concat@58
                      ; - java.lang.invoke.DirectMethodHandle$Holder::invokeSpecial@14
                      ; - java.lang.invoke.LambdaForm$MH/0x0000000014051400::invoke@24
                      ; - java.lang.invoke.Invokers$Holder::linkToTargetMethod@6
                      ; - Rendering.ImGui.ImGuiEditor::render@27 (line 22)
  0x00000256889b57e8: 7452 4507 

  0x00000256889b57ec: ;   {metadata({method} {0x000002569e49a498} 'prepend' '(IB[B[Ljava/lang/String;Ljava/lang/String;Ljava/lang/String;)I' in 'java/lang/String$$StringConcat+0x0000000014051000')}
  0x00000256889b57ec: 49ba 90a4 | 499e 5602 | 0000 4c89 | 5424 0848 | c704 24ff 

  0x00000256889b5800: ;   {runtime_call C1 Runtime counter_overflow_blob}
  0x00000256889b5800: ffff ffe8 

  0x00000256889b5804: ; ImmutableOopMap {rsi=Oop [288]=Oop [336]=Oop [344]=Oop [368]=Oop }
                      ;*synchronization entry
                      ; - java.lang.String$$StringConcat/0x0000000014051000::prepend@-1
                      ; - java.lang.String$$StringConcat/0x0000000014051000::concat@74
                      ; - java.lang.invoke.DirectMethodHandle$Holder::invokeSpecial@14
                      ; - java.lang.invoke.LambdaForm$MH/0x0000000014051400::invoke@24
                      ; - java.lang.invoke.Invokers$Holder::linkToTargetMethod@6
                      ; - Rendering.ImGui.ImGuiEditor::render@27 (line 22)
  0x00000256889b5804: d88a 4507 | e9dd f0ff | ff48 8bd2 

  0x00000256889b5810: ;   {runtime_call C1 Runtime fast_new_instance_blob}
  0x00000256889b5810: e8cb 3345 

  0x00000256889b5814: ; ImmutableOopMap {[288]=Oop [368]=Oop }
                      ;*new {reexecute=0 rethrow=0 return_oop=0}
                      ; - java.lang.String$$StringConcat/0x0000000014051000::concat@77
                      ; - java.lang.invoke.DirectMethodHandle$Holder::invokeSpecial@14
                      ; - java.lang.invoke.LambdaForm$MH/0x0000000014051400::invoke@24
                      ; - java.lang.invoke.Invokers$Holder::linkToTargetMethod@6
                      ; - Rendering.ImGui.ImGuiEditor::render@27 (line 22)
  0x00000256889b5814: 07e9 b1f1 

  0x00000256889b5818: ;   {metadata({method} {0x00000000134afea8} '<init>' '([BB)V' in 'java/lang/String')}
  0x00000256889b5818: ffff 49ba | a0fe 4a13 | 0000 0000 | 4c89 5424 | 0848 c704 | 24ff ffff 

  0x00000256889b5830: ;   {runtime_call C1 Runtime counter_overflow_blob}
  0x00000256889b5830: ffe8 aa8a 

  0x00000256889b5834: ; ImmutableOopMap {rax=Oop [288]=Oop [368]=Oop }
                      ;*synchronization entry
                      ; - java.lang.String::<init>@-1 (line 4879)
                      ; - java.lang.String$$StringConcat/0x0000000014051000::concat@85
                      ; - java.lang.invoke.DirectMethodHandle$Holder::invokeSpecial@14
                      ; - java.lang.invoke.LambdaForm$MH/0x0000000014051400::invoke@24
                      ; - java.lang.invoke.Invokers$Holder::linkToTargetMethod@6
                      ; - Rendering.ImGui.ImGuiEditor::render@27 (line 22)
  0x00000256889b5834: 4507 e9cc 

  0x00000256889b5838: ;   {metadata({method} {0x00000000134b4c90} '<init>' '()V' in 'java/lang/Object')}
  0x00000256889b5838: f1ff ff49 | ba88 4c4b | 1300 0000 | 004c 8954 | 2408 48c7 | 0424 ffff 

  0x00000256889b5850: ;   {runtime_call C1 Runtime counter_overflow_blob}
  0x00000256889b5850: ffff e889 

  0x00000256889b5854: ; ImmutableOopMap {rax=Oop [288]=Oop [368]=Oop }
                      ;*synchronization entry
                      ; - java.lang.Object::<init>@-1 (line 44)
                      ; - java.lang.String::<init>@1 (line 4879)
                      ; - java.lang.String$$StringConcat/0x0000000014051000::concat@85
                      ; - java.lang.invoke.DirectMethodHandle$Holder::invokeSpecial@14
                      ; - java.lang.invoke.LambdaForm$MH/0x0000000014051400::invoke@24
                      ; - java.lang.invoke.Invokers$Holder::linkToTargetMethod@6
                      ; - Rendering.ImGui.ImGuiEditor::render@27 (line 22)
  0x00000256889b5854: 8a45 07e9 | e7f1 ffff | 8b50 1448 | c1e2 0348 | 83fa 000f | 84e3 f1ff | ff48 8914 

  0x00000256889b5870: ;   {runtime_call g1_pre_barrier_slow}
  0x00000256889b5870: 24e8 6a90 | 4507 e9d5 | f1ff ff48 | 83fe 000f | 84f2 f1ff | ff48 8904 

  0x00000256889b5888: ;   {runtime_call g1_post_barrier_slow}
  0x00000256889b5888: 24e8 5293 | 4507 e9e4 

  0x00000256889b5890: ;   {metadata({method} {0x000002569e607418} 'text' '(Ljava/lang/String;)V' in 'imgui/ImGui')}
  0x00000256889b5890: f1ff ff49 | ba10 7460 | 9e56 0200 | 004c 8954 | 2408 48c7 | 0424 ffff 

  0x00000256889b58a8: ;   {runtime_call C1 Runtime counter_overflow_blob}
  0x00000256889b58a8: ffff e831 

  0x00000256889b58ac: ; ImmutableOopMap {rax=Oop [288]=Oop }
                      ;*synchronization entry
                      ; - imgui.ImGui::text@-1 (line 2909)
                      ; - Rendering.ImGui.ImGuiEditor::render@32 (line 22)
  0x00000256889b58ac: 8a45 07e9 | 07f2 ffff 

  0x00000256889b58b4: ;   {metadata({method} {0x000002569e607f80} 'button' '(Ljava/lang/String;)Z' in 'imgui/ImGui')}
  0x00000256889b58b4: 49ba 787f | 609e 5602 | 0000 4c89 | 5424 0848 | c704 24ff 

  0x00000256889b58c8: ;   {runtime_call C1 Runtime counter_overflow_blob}
  0x00000256889b58c8: ffff ffe8 

  0x00000256889b58cc: ; ImmutableOopMap {[288]=Oop }
                      ;*synchronization entry
                      ; - imgui.ImGui::button@-1 (line 3030)
                      ; - Rendering.ImGui.ImGuiEditor::render@37 (line 23)
  0x00000256889b58cc: 108a 4507 | e948 f2ff 

  0x00000256889b58d4: ;   {metadata({method} {0x000002569e6050a0} 'sameLine' '()V' in 'imgui/ImGui')}
  0x00000256889b58d4: ff49 ba98 | 5060 9e56 | 0200 004c | 8954 2408 | 48c7 0424 | ffff ffff 

  0x00000256889b58ec: ;   {runtime_call C1 Runtime counter_overflow_blob}
  0x00000256889b58ec: e8ef 8945 

  0x00000256889b58f0: ; ImmutableOopMap {[288]=Oop }
                      ;*synchronization entry
                      ; - imgui.ImGui::sameLine@-1 (line 2561)
                      ; - Rendering.ImGui.ImGuiEditor::render@53 (line 26)
  0x00000256889b58f0: 07e9 ccf2 

  0x00000256889b58f4: ;   {metadata({method} {0x00000000134af718} 'valueOf' '(I)Ljava/lang/String;' in 'java/lang/String')}
  0x00000256889b58f4: ffff 49ba | 10f7 4a13 | 0000 0000 | 4c89 5424 | 0848 c704 | 24ff ffff 

  0x00000256889b590c: ;   {runtime_call C1 Runtime counter_overflow_blob}
  0x00000256889b590c: ffe8 ce89 

  0x00000256889b5910: ; ImmutableOopMap {rdx=Oop [288]=Oop }
                      ;*synchronization entry
                      ; - java.lang.String::valueOf@-1 (line 4643)
                      ; - Rendering.ImGui.ImGuiEditor::render@60 (line 27)
  0x00000256889b5910: 4507 e911 

  0x00000256889b5914: ;   {metadata({method} {0x000002569e607418} 'text' '(Ljava/lang/String;)V' in 'imgui/ImGui')}
  0x00000256889b5914: f3ff ff49 | ba10 7460 | 9e56 0200 | 004c 8954 | 2408 48c7 | 0424 ffff 

  0x00000256889b592c: ;   {runtime_call C1 Runtime counter_overflow_blob}
  0x00000256889b592c: ffff e8ad 

  0x00000256889b5930: ; ImmutableOopMap {rax=Oop [288]=Oop }
                      ;*synchronization entry
                      ; - imgui.ImGui::text@-1 (line 2909)
                      ; - Rendering.ImGui.ImGuiEditor::render@63 (line 27)
  0x00000256889b5930: 8945 07e9 | 4df3 ffff 

  0x00000256889b5938: ;   {metadata({method} {0x000002569e617f50} 'sliderFloat' '(Ljava/lang/String;[FFF)Z' in 'imgui/ImGui')}
  0x00000256889b5938: 49ba 487f | 619e 5602 | 0000 4c89 | 5424 0848 | c704 24ff 

  0x00000256889b594c: ;   {runtime_call C1 Runtime counter_overflow_blob}
  0x00000256889b594c: ffff ffe8 

  0x00000256889b5950: ; ImmutableOopMap {rdx=Oop r8=Oop [288]=Oop }
                      ;*synchronization entry
                      ; - imgui.ImGui::sliderFloat@-1 (line 5409)
                      ; - Rendering.ImGui.ImGuiEditor::render@74 (line 28)
  0x00000256889b5950: 8c89 4507 | e99c f3ff 

  0x00000256889b5958: ;   {metadata({method} {0x000002569e604f60} 'separator' '()V' in 'imgui/ImGui')}
  0x00000256889b5958: ff49 ba58 | 4f60 9e56 | 0200 004c | 8954 2408 | 48c7 0424 | ffff ffff 

  0x00000256889b5970: ;   {runtime_call C1 Runtime counter_overflow_blob}
  0x00000256889b5970: e86b 8945 

  0x00000256889b5974: ; ImmutableOopMap {[288]=Oop }
                      ;*synchronization entry
                      ; - imgui.ImGui::separator@-1 (line 2550)
                      ; - Rendering.ImGui.ImGuiEditor::render@78 (line 29)
  0x00000256889b5974: 07e9 ebf3 

  0x00000256889b5978: ;   {metadata({method} {0x000002569e439298} 'showExtras' '()V' in 'Rendering/ImGui/ImGuiEditor')}
  0x00000256889b5978: ffff 49ba | 9092 439e | 5602 0000 | 4c89 5424 | 0848 c704 | 24ff ffff 

  0x00000256889b5990: ;   {runtime_call C1 Runtime counter_overflow_blob}
  0x00000256889b5990: ffe8 4a89 

  0x00000256889b5994: ; ImmutableOopMap {[288]=Oop }
                      ;*synchronization entry
                      ; - Rendering.ImGui.ImGuiEditor::showExtras@-1 (line 36)
                      ; - Rendering.ImGui.ImGuiEditor::render@82 (line 30)
  0x00000256889b5994: 4507 e92a 

  0x00000256889b5998: ;   {metadata({method} {0x000002569e607418} 'text' '(Ljava/lang/String;)V' in 'imgui/ImGui')}
  0x00000256889b5998: f4ff ff49 | ba10 7460 | 9e56 0200 | 004c 8954 | 2408 48c7 | 0424 ffff 

  0x00000256889b59b0: ;   {runtime_call C1 Runtime counter_overflow_blob}
  0x00000256889b59b0: ffff e829 

  0x00000256889b59b4: ; ImmutableOopMap {[288]=Oop }
                      ;*synchronization entry
                      ; - imgui.ImGui::text@-1 (line 2909)
                      ; - Rendering.ImGui.ImGuiEditor::showExtras@2 (line 36)
                      ; - Rendering.ImGui.ImGuiEditor::render@82 (line 30)
  0x00000256889b59b4: 8945 07e9 | 42f4 ffff 

  0x00000256889b59bc: ;   {metadata({method} {0x000002569e608b98} 'checkbox' '(Ljava/lang/String;Limgui/type/ImBoolean;)Z' in 'imgui/ImGui')}
  0x00000256889b59bc: 49ba 908b | 609e 5602 | 0000 4c89 | 5424 0848 | c704 24ff 

  0x00000256889b59d0: ;   {runtime_call C1 Runtime counter_overflow_blob}
  0x00000256889b59d0: ffff ffe8 

  0x00000256889b59d4: ; ImmutableOopMap {[288]=Oop }
                      ;*synchronization entry
                      ; - imgui.ImGui::checkbox@-1 (line 3144)
                      ; - Rendering.ImGui.ImGuiEditor::showExtras@10 (line 37)
                      ; - Rendering.ImGui.ImGuiEditor::render@82 (line 30)
  0x00000256889b59d4: 0889 4507 | e98d f4ff 

  0x00000256889b59dc: ;   {metadata({method} {0x000002569e439e80} 'get' '()Z' in 'imgui/type/ImBoolean')}
  0x00000256889b59dc: ff49 ba78 | 9e43 9e56 | 0200 004c | 8954 2408 | 48c7 0424 | ffff ffff 

  0x00000256889b59f4: ;   {runtime_call C1 Runtime counter_overflow_blob}
  0x00000256889b59f4: e8e7 8845 

  0x00000256889b59f8: ; ImmutableOopMap {rdx=Oop [288]=Oop }
                      ;*synchronization entry
                      ; - imgui.type.ImBoolean::get@-1 (line 18)
                      ; - Rendering.ImGui.ImGuiEditor::showExtras@17 (line 39)
                      ; - Rendering.ImGui.ImGuiEditor::render@82 (line 30)
  0x00000256889b59f8: 07e9 21f6 

  0x00000256889b59fc: ;   {runtime_call C1 Runtime throw_null_pointer_exception_blob}
  0x00000256889b59fc: ffff e8dd 

  0x00000256889b5a00: ; ImmutableOopMap {rdx=Oop [288]=Oop }
                      ;*baload {reexecute=0 rethrow=0 return_oop=0}
                      ; - imgui.type.ImBoolean::get@5 (line 18)
                      ; - Rendering.ImGui.ImGuiEditor::showExtras@17 (line 39)
                      ; - Rendering.ImGui.ImGuiEditor::render@82 (line 30)
                      ;   {runtime_call C1 Runtime throw_null_pointer_exception_blob}
  0x00000256889b5a00: 2845 07e8 

  0x00000256889b5a04: ; ImmutableOopMap {rdx=Oop [288]=Oop }
                      ;*baload {reexecute=0 rethrow=0 return_oop=0}
                      ; - imgui.type.ImBoolean::get@5 (line 18)
                      ; - Rendering.ImGui.ImGuiEditor::showExtras@17 (line 39)
                      ; - Rendering.ImGui.ImGuiEditor::render@82 (line 30)
  0x00000256889b5a04: d828 4507 | 48c7 0424 | 0000 0000 | 4889 5424 

  0x00000256889b5a14: ;   {runtime_call C1 Runtime throw_range_check_failed_blob}
  0x00000256889b5a14: 08e8 c61f 

  0x00000256889b5a18: ; ImmutableOopMap {rdx=Oop [288]=Oop }
                      ;*baload {reexecute=0 rethrow=0 return_oop=0}
                      ; - imgui.type.ImBoolean::get@5 (line 18)
                      ; - Rendering.ImGui.ImGuiEditor::showExtras@17 (line 39)
                      ; - Rendering.ImGui.ImGuiEditor::render@82 (line 30)
                      ;   {metadata({method} {0x000002569e439358} 'showDemo' '()V' in 'Rendering/ImGui/ImGuiEditor')}
  0x00000256889b5a18: 4507 49ba | 5093 439e | 5602 0000 | 4c89 5424 | 0848 c704 | 24ff ffff 

  0x00000256889b5a30: ;   {runtime_call C1 Runtime counter_overflow_blob}
  0x00000256889b5a30: ffe8 aa88 

  0x00000256889b5a34: ; ImmutableOopMap {rdx=Oop }
                      ;*synchronization entry
                      ; - Rendering.ImGui.ImGuiEditor::showDemo@-1 (line 46)
                      ; - Rendering.ImGui.ImGuiEditor::showExtras@24 (line 40)
                      ; - Rendering.ImGui.ImGuiEditor::render@82 (line 30)
  0x00000256889b5a34: 4507 e967 

  0x00000256889b5a38: ;   {metadata({method} {0x000002569e5f5570} 'showDemoWindow' '(Limgui/type/ImBoolean;)V' in 'imgui/ImGui')}
  0x00000256889b5a38: f6ff ff49 | ba68 555f | 9e56 0200 | 004c 8954 | 2408 48c7 | 0424 ffff 

  0x00000256889b5a50: ;   {runtime_call C1 Runtime counter_overflow_blob}
  0x00000256889b5a50: ffff e889 

  0x00000256889b5a54: ; ImmutableOopMap {rdx=Oop }
                      ;*synchronization entry
                      ; - imgui.ImGui::showDemoWindow@-1 (line 305)
                      ; - Rendering.ImGui.ImGuiEditor::showDemo@3 (line 46)
                      ; - Rendering.ImGui.ImGuiEditor::showExtras@24 (line 40)
                      ; - Rendering.ImGui.ImGuiEditor::render@82 (line 30)
  0x00000256889b5a54: 8845 07e9 | 7ff6 ffff 

  0x00000256889b5a5c: ;   {metadata({method} {0x000002569e5f76e0} 'end' '()V' in 'imgui/ImGui')}
  0x00000256889b5a5c: 49ba d876 | 5f9e 5602 | 0000 4c89 | 5424 0848 | c704 24ff 

  0x00000256889b5a70: ;   {runtime_call C1 Runtime counter_overflow_blob}
  0x00000256889b5a70: ffff ffe8 

  0x00000256889b5a74: ; ImmutableOopMap {}
                      ;*synchronization entry
                      ; - imgui.ImGui::end@-1 (line 617)
                      ; - Rendering.ImGui.ImGuiEditor::render@85 (line 32)
  0x00000256889b5a74: 6888 4507 | e970 f7ff 

  0x00000256889b5a7c: ;   {internal_word}
  0x00000256889b5a7c: ff49 ba14 | 529b 8856 | 0200 004d | 8997 e004 

  0x00000256889b5a8c: ;   {runtime_call SafepointBlob}
  0x00000256889b5a8c: 0000 e9cd 

  0x00000256889b5a90: ;   {metadata(nullptr)}
  0x00000256889b5a90: b438 0748 | ba00 0000 | 0000 0000 | 00b8 000f 

  0x00000256889b5aa0: ;   {runtime_call C1 Runtime load_klass_patching_blob}
  0x00000256889b5aa0: 050a e8b9 

  0x00000256889b5aa4: ; ImmutableOopMap {[288]=Oop [336]=Oop [344]=Oop }
                      ;*new {reexecute=1 rethrow=0 return_oop=0}
                      ; - (reexecute) java.lang.StringConcatHelper::newArray@4 (line 576)
                      ; - java.lang.StringConcatHelper::newArrayWithSuffix@8 (line 611)
                      ; - java.lang.String$$StringConcat/0x0000000014051000::concat@58
                      ; - java.lang.invoke.DirectMethodHandle$Holder::invokeSpecial@14
                      ; - java.lang.invoke.LambdaForm$MH/0x0000000014051400::invoke@24
                      ; - java.lang.invoke.Invokers$Holder::linkToTargetMethod@6
                      ; - Rendering.ImGui.ImGuiEditor::render@27 (line 22)
  0x00000256889b5aa4: 7745 07e9 | 74f7 ffff 

  0x00000256889b5aac: ;   {runtime_call C1 Runtime fast_new_instance_blob}
  0x00000256889b5aac: 488b d2e8 

  0x00000256889b5ab0: ; ImmutableOopMap {[288]=Oop [336]=Oop [344]=Oop }
                      ;*new {reexecute=0 rethrow=0 return_oop=0}
                      ; - java.lang.StringConcatHelper::newArray@4 (line 576)
                      ; - java.lang.StringConcatHelper::newArrayWithSuffix@8 (line 611)
                      ; - java.lang.String$$StringConcat/0x0000000014051000::concat@58
                      ; - java.lang.invoke.DirectMethodHandle$Holder::invokeSpecial@14
                      ; - java.lang.invoke.LambdaForm$MH/0x0000000014051400::invoke@24
                      ; - java.lang.invoke.Invokers$Holder::linkToTargetMethod@6
                      ; - Rendering.ImGui.ImGuiEditor::render@27 (line 22)
  0x00000256889b5ab0: 2c31 4507 | e9bb f7ff 

  0x00000256889b5ab8: ;   {metadata(nullptr)}
  0x00000256889b5ab8: ff48 ba00 | 0000 0000 | 0000 00b8 | 000f 050a 

  0x00000256889b5ac8: ;   {runtime_call C1 Runtime load_klass_patching_blob}
  0x00000256889b5ac8: e893 7745 

  0x00000256889b5acc: ; ImmutableOopMap {[288]=Oop [336]=Oop [344]=Oop }
                      ;*new {reexecute=1 rethrow=0 return_oop=0}
                      ; - (reexecute) java.lang.StringConcatHelper::checkOverflow@6 (line 787)
                      ; - java.lang.StringConcatHelper::stringSize@6 (line 530)
                      ; - java.lang.String$$StringConcat/0x0000000014051000::length@6
                      ; - java.lang.String$$StringConcat/0x0000000014051000::concat@33
                      ; - java.lang.invoke.DirectMethodHandle$Holder::invokeSpecial@14
                      ; - java.lang.invoke.LambdaForm$MH/0x0000000014051400::invoke@24
                      ; - java.lang.invoke.Invokers$Holder::linkToTargetMethod@6
                      ; - Rendering.ImGui.ImGuiEditor::render@27 (line 22)
  0x00000256889b5acc: 07e9 eef7 | ffff 488b 

  0x00000256889b5ad4: ;   {runtime_call C1 Runtime fast_new_instance_blob}
  0x00000256889b5ad4: d2e8 0631 

  0x00000256889b5ad8: ; ImmutableOopMap {[288]=Oop [336]=Oop [344]=Oop }
                      ;*new {reexecute=0 rethrow=0 return_oop=0}
                      ; - java.lang.StringConcatHelper::checkOverflow@6 (line 787)
                      ; - java.lang.StringConcatHelper::stringSize@6 (line 530)
                      ; - java.lang.String$$StringConcat/0x0000000014051000::length@6
                      ; - java.lang.String$$StringConcat/0x0000000014051000::concat@33
                      ; - java.lang.invoke.DirectMethodHandle$Holder::invokeSpecial@14
                      ; - java.lang.invoke.LambdaForm$MH/0x0000000014051400::invoke@24
                      ; - java.lang.invoke.Invokers$Holder::linkToTargetMethod@6
                      ; - Rendering.ImGui.ImGuiEditor::render@27 (line 22)
  0x00000256889b5ad8: 4507 e935 

  0x00000256889b5adc: ;   {metadata(nullptr)}
  0x00000256889b5adc: f8ff ff48 | ba00 0000 | 0000 0000 | 00b8 000f 

  0x00000256889b5aec: ;   {runtime_call C1 Runtime load_klass_patching_blob}
  0x00000256889b5aec: 050a e86d 

  0x00000256889b5af0: ; ImmutableOopMap {[288]=Oop [336]=Oop [344]=Oop }
                      ;*new {reexecute=1 rethrow=0 return_oop=0}
                      ; - (reexecute) java.lang.StringConcatHelper::checkOverflow@6 (line 787)
                      ; - java.lang.StringConcatHelper::stringSize@6 (line 530)
                      ; - java.lang.String$$StringConcat/0x0000000014051000::length@2
                      ; - java.lang.String$$StringConcat/0x0000000014051000::concat@33
                      ; - java.lang.invoke.DirectMethodHandle$Holder::invokeSpecial@14
                      ; - java.lang.invoke.LambdaForm$MH/0x0000000014051400::invoke@24
                      ; - java.lang.invoke.Invokers$Holder::linkToTargetMethod@6
                      ; - Rendering.ImGui.ImGuiEditor::render@27 (line 22)
  0x00000256889b5af0: 7745 07e9 | 68f8 ffff 

  0x00000256889b5af8: ;   {runtime_call C1 Runtime fast_new_instance_blob}
  0x00000256889b5af8: 488b d2e8 

  0x00000256889b5afc: ; ImmutableOopMap {[288]=Oop [336]=Oop [344]=Oop }
                      ;*new {reexecute=0 rethrow=0 return_oop=0}
                      ; - java.lang.StringConcatHelper::checkOverflow@6 (line 787)
                      ; - java.lang.StringConcatHelper::stringSize@6 (line 530)
                      ; - java.lang.String$$StringConcat/0x0000000014051000::length@2
                      ; - java.lang.String$$StringConcat/0x0000000014051000::concat@33
                      ; - java.lang.invoke.DirectMethodHandle$Holder::invokeSpecial@14
                      ; - java.lang.invoke.LambdaForm$MH/0x0000000014051400::invoke@24
                      ; - java.lang.invoke.Invokers$Holder::linkToTargetMethod@6
                      ; - Rendering.ImGui.ImGuiEditor::render@27 (line 22)
  0x00000256889b5afc: e030 4507 | e9af f8ff | ff49 8b87 | 8805 0000 | 49c7 8788 | 0500 0000 | 0000 0049 | c787 9005 
  0x00000256889b5b1c: 0000 0000 | 0000 4881 | c4a0 0100 

  0x00000256889b5b28: ;   {runtime_call C1 Runtime unwind_exception_blob}
  0x00000256889b5b28: 005d e9b1 | 1845 07f4 
[Stub Code]
  0x00000256889b5b30: ;   {other}
  0x00000256889b5b30: 0f1f 4400 

  0x00000256889b5b34: ;   {static_stub}
  0x00000256889b5b34: 0048 bb00 | 0000 0000 

  0x00000256889b5b3c: ;   {runtime_call nmethod}
  0x00000256889b5b3c: 0000 00e9 | fbff ffff 

  0x00000256889b5b44: ;   {static_stub}
  0x00000256889b5b44: 9048 bb00 | 0000 0000 

  0x00000256889b5b4c: ;   {runtime_call nmethod}
  0x00000256889b5b4c: 0000 00e9 | fbff ffff 

  0x00000256889b5b54: ;   {static_stub}
  0x00000256889b5b54: 9048 bb00 | 0000 0000 

  0x00000256889b5b5c: ;   {runtime_call nmethod}
  0x00000256889b5b5c: 0000 00e9 | fbff ffff 

  0x00000256889b5b64: ;   {static_stub}
  0x00000256889b5b64: 48bb 0000 | 0000 0000 

  0x00000256889b5b6c: ;   {runtime_call nmethod}
  0x00000256889b5b6c: 0000 e9fb 

  0x00000256889b5b70: ;   {static_stub}
  0x00000256889b5b70: ffff ff48 | bb00 0000 | 0000 0000 

  0x00000256889b5b7c: ;   {runtime_call nmethod}
  0x00000256889b5b7c: 00e9 fbff 

  0x00000256889b5b80: ;   {static_stub}
  0x00000256889b5b80: ffff 48bb | 0000 0000 | 0000 0000 

  0x00000256889b5b8c: ;   {runtime_call nmethod}
  0x00000256889b5b8c: e9fb ffff 

  0x00000256889b5b90: ;   {static_stub}
  0x00000256889b5b90: ff48 bb00 | 0000 0000 

  0x00000256889b5b98: ;   {runtime_call nmethod}
  0x00000256889b5b98: 0000 00e9 | fbff ffff 

  0x00000256889b5ba0: ;   {static_stub}
  0x00000256889b5ba0: 48bb 0000 | 0000 0000 

  0x00000256889b5ba8: ;   {runtime_call nmethod}
  0x00000256889b5ba8: 0000 e9fb 

  0x00000256889b5bac: ;   {static_stub}
  0x00000256889b5bac: ffff ff48 | bb00 0000 | 0000 0000 

  0x00000256889b5bb8: ;   {runtime_call nmethod}
  0x00000256889b5bb8: 00e9 fbff 

  0x00000256889b5bbc: ;   {static_stub}
  0x00000256889b5bbc: ffff 48bb | 0000 0000 | 0000 0000 

  0x00000256889b5bc8: ;   {runtime_call nmethod}
  0x00000256889b5bc8: e9fb ffff 

  0x00000256889b5bcc: ;   {static_stub}
  0x00000256889b5bcc: ff48 bb00 | 0000 0000 

  0x00000256889b5bd4: ;   {runtime_call nmethod}
  0x00000256889b5bd4: 0000 00e9 | fbff ffff 

  0x00000256889b5bdc: ;   {static_stub}
  0x00000256889b5bdc: 48bb 0000 | 0000 0000 

  0x00000256889b5be4: ;   {runtime_call nmethod}
  0x00000256889b5be4: 0000 e9fb 

  0x00000256889b5be8: ;   {static_stub}
  0x00000256889b5be8: ffff ff48 | bb00 0000 | 0000 0000 

  0x00000256889b5bf4: ;   {runtime_call nmethod}
  0x00000256889b5bf4: 00e9 fbff 

  0x00000256889b5bf8: ;   {static_stub}
  0x00000256889b5bf8: ffff 48bb | 0000 0000 | 0000 0000 

  0x00000256889b5c04: ;   {runtime_call nmethod}
  0x00000256889b5c04: e9fb ffff 

  0x00000256889b5c08: ;   {static_stub}
  0x00000256889b5c08: ff48 bb00 | 0000 0000 

  0x00000256889b5c10: ;   {runtime_call nmethod}
  0x00000256889b5c10: 0000 00e9 | fbff ffff 

  0x00000256889b5c18: ;   {static_stub}
  0x00000256889b5c18: 48bb 0000 | 0000 0000 

  0x00000256889b5c20: ;   {runtime_call nmethod}
  0x00000256889b5c20: 0000 e9fb 

  0x00000256889b5c24: ;   {static_stub}
  0x00000256889b5c24: ffff ff48 | bb00 0000 | 0000 0000 

  0x00000256889b5c30: ;   {runtime_call nmethod}
  0x00000256889b5c30: 00e9 fbff 

  0x00000256889b5c34: ;   {static_stub}
  0x00000256889b5c34: ffff 48bb | 0000 0000 | 0000 0000 

  0x00000256889b5c40: ;   {runtime_call nmethod}
  0x00000256889b5c40: e9fb ffff 

  0x00000256889b5c44: ;   {static_stub}
  0x00000256889b5c44: ff48 bb00 | 0000 0000 

  0x00000256889b5c4c: ;   {runtime_call nmethod}
  0x00000256889b5c4c: 0000 00e9 | fbff ffff 
[Exception Handler]
  0x00000256889b5c54: ;   {runtime_call C1 Runtime handle_exception_from_callee_blob}
  0x00000256889b5c54: e807 4845 

  0x00000256889b5c58: ;   {external_word}
  0x00000256889b5c58: 0748 b948 | 0805 17fa | 7f00 0048 

  0x00000256889b5c64: ;   {runtime_call}
  0x00000256889b5c64: 83e4 f048 | b800 8dc8 | 16fa 7f00 | 00ff d0f4 
[Deopt Handler Code]
  0x00000256889b5c74: ;   {section_word}
  0x00000256889b5c74: 49ba 745c | 9b88 5602 | 0000 4152 

  0x00000256889b5c80: ;   {runtime_call DeoptimizationBlob}
  0x00000256889b5c80: e9db b538 | 07f4 f4f4 
[/MachCode]


---------------  P R O C E S S  ---------------

Threads class SMR info:
_java_thread_list=0x00000256a2570f60, length=11, elements={
0x00000256fa834d30, 0x00000256fed76c40, 0x00000256fed77400, 0x00000256fed7bfe0,
0x00000256fed7ce20, 0x00000256fed7d9e0, 0x00000256fed809c0, 0x00000256fed8dce0,
0x00000256fed91db0, 0x000002569d849a70, 0x000002569d851430
}

Java Threads: ( => current thread )
=>0x00000256fa834d30 JavaThread "main"                              [_thread_in_native, id=10880, stack(0x0000009f92200000,0x0000009f92300000) (1024K)]
  0x00000256fed76c40 JavaThread "Reference Handler"          daemon [_thread_blocked, id=13676, stack(0x0000009f92a00000,0x0000009f92b00000) (1024K)]
  0x00000256fed77400 JavaThread "Finalizer"                  daemon [_thread_blocked, id=24928, stack(0x0000009f92b00000,0x0000009f92c00000) (1024K)]
  0x00000256fed7bfe0 JavaThread "Signal Dispatcher"          daemon [_thread_blocked, id=5280, stack(0x0000009f92c00000,0x0000009f92d00000) (1024K)]
  0x00000256fed7ce20 JavaThread "Attach Listener"            daemon [_thread_blocked, id=21360, stack(0x0000009f92d00000,0x0000009f92e00000) (1024K)]
  0x00000256fed7d9e0 JavaThread "Service Thread"             daemon [_thread_blocked, id=5624, stack(0x0000009f92e00000,0x0000009f92f00000) (1024K)]
  0x00000256fed809c0 JavaThread "Monitor Deflation Thread"   daemon [_thread_blocked, id=19512, stack(0x0000009f92f00000,0x0000009f93000000) (1024K)]
  0x00000256fed8dce0 JavaThread "C2 CompilerThread0"         daemon [_thread_blocked, id=16916, stack(0x0000009f93000000,0x0000009f93100000) (1024K)]
  0x00000256fed91db0 JavaThread "C1 CompilerThread0"         daemon [_thread_blocked, id=4176, stack(0x0000009f93100000,0x0000009f93200000) (1024K)]
  0x000002569d849a70 JavaThread "Notification Thread"        daemon [_thread_blocked, id=22028, stack(0x0000009f93200000,0x0000009f93300000) (1024K)]
  0x000002569d851430 JavaThread "Common-Cleaner"             daemon [_thread_blocked, id=24072, stack(0x0000009f93300000,0x0000009f93400000) (1024K)]
Total: 11

Other Threads:
  0x00000256fed666c0 VMThread "VM Thread"                           [id=23340, stack(0x0000009f92900000,0x0000009f92a00000) (1024K)]
  0x00000256fec35820 WatcherThread "VM Periodic Task Thread"        [id=5480, stack(0x0000009f92800000,0x0000009f92900000) (1024K)]
  0x00000256fcbb2c10 WorkerThread "GC Thread#0"                     [id=25564, stack(0x0000009f92300000,0x0000009f92400000) (1024K)]
  0x00000256fcbcbd40 ConcurrentGCThread "G1 Main Marker"            [id=8380, stack(0x0000009f92400000,0x0000009f92500000) (1024K)]
  0x00000256fcbcd080 WorkerThread "G1 Conc#0"                       [id=11664, stack(0x0000009f92500000,0x0000009f92600000) (1024K)]
  0x00000256fec24d70 ConcurrentGCThread "G1 Refine#0"               [id=25060, stack(0x0000009f92600000,0x0000009f92700000) (1024K)]
  0x00000256fec25780 ConcurrentGCThread "G1 Service"                [id=6936, stack(0x0000009f92700000,0x0000009f92800000) (1024K)]
Total: 7

Threads with active compile tasks:
Total: 0

VM state: not at safepoint (normal execution)

VM Mutex/Monitor currently owned by a thread: None

Heap address: 0x0000000700c00000, size: 4084 MB, Compressed Oops mode: Zero based, Oop shift amount: 3

CDS archive(s) mapped at: [0x0000000013000000-0x0000000013dd0000-0x0000000013dd0000), size 14483456, SharedBaseAddress: 0x0000000013000000, ArchiveRelocationMode: 1.
Compressed class space mapped at: 0x0000000014000000-0x0000000054000000, reserved size: 1073741824
UseCompressedClassPointers 1, UseCompactObjectHeaders 0
Narrow klass pointer bits 32, Max shift 3
Narrow klass base: 0x0000000013000000, Narrow klass shift: 0
Encoding Range: [0x0000000013000000 - 0x0000000113000000), (4294967296 bytes)
Klass Range:    [0x0000000013010000 - 0x0000000054000000), (1090453504 bytes)
Klass ID Range:  [65536 - 1090519033) (1090453497)
Protection zone: [0x0000000013000000 - 0x0000000013010000), (65536 bytes)

GC Precious Log:
 CardTable entry size: 512
 Card Set container configuration: InlinePtr #cards 4 size 8 Array Of Cards #cards 16 size 48 Howl #buckets 8 coarsen threshold 3686 Howl Bitmap #cards 512 size 80 coarsen threshold 460 Card regions per heap region 1 cards per card region 4096
 CPUs: 12 total, 12 available
 Memory: 16330M
 Large Page Support: Disabled
 NUMA Support: Disabled
 Compressed Oops: Enabled (Zero based)
 Heap Region Size: 2M
 Heap Min Capacity: 8M
 Heap Initial Capacity: 256M
 Heap Max Capacity: 4084M
 Pre-touch: Disabled
 Parallel Workers: 10
 Concurrent Workers: 3
 Concurrent Refinement Workers: 10
 Periodic GC: Disabled

Heap:
 garbage-first heap   total reserved 4182016K, committed 264192K, used 15509K [0x0000000700c00000, 0x0000000800000000)
  region size 2048K, 9 young (18432K), 0 survivors (0K)

Heap Regions: E=young(eden), S=young(survivor), O=old, HS=humongous(starts), HC=humongous(continues), CS=collection set, F=free, TAMS=top-at-mark-start, PB=parsable bottom
|   0|0x0000000700c00000, 0x0000000700c00000, 0x0000000700e00000|  0%| F|  |TAMS 0x0000000700c00000| PB 0x0000000700c00000| Untracked |  0
|   1|0x0000000700e00000, 0x0000000700e00000, 0x0000000701000000|  0%| F|  |TAMS 0x0000000700e00000| PB 0x0000000700e00000| Untracked |  0
|   2|0x0000000701000000, 0x0000000701000000, 0x0000000701200000|  0%| F|  |TAMS 0x0000000701000000| PB 0x0000000701000000| Untracked |  0
|   3|0x0000000701200000, 0x0000000701200000, 0x0000000701400000|  0%| F|  |TAMS 0x0000000701200000| PB 0x0000000701200000| Untracked |  0
|   4|0x0000000701400000, 0x0000000701400000, 0x0000000701600000|  0%| F|  |TAMS 0x0000000701400000| PB 0x0000000701400000| Untracked |  0
|   5|0x0000000701600000, 0x0000000701600000, 0x0000000701800000|  0%| F|  |TAMS 0x0000000701600000| PB 0x0000000701600000| Untracked |  0
|   6|0x0000000701800000, 0x0000000701800000, 0x0000000701a00000|  0%| F|  |TAMS 0x0000000701800000| PB 0x0000000701800000| Untracked |  0
|   7|0x0000000701a00000, 0x0000000701a00000, 0x0000000701c00000|  0%| F|  |TAMS 0x0000000701a00000| PB 0x0000000701a00000| Untracked |  0
|   8|0x0000000701c00000, 0x0000000701c00000, 0x0000000701e00000|  0%| F|  |TAMS 0x0000000701c00000| PB 0x0000000701c00000| Untracked |  0
|   9|0x0000000701e00000, 0x0000000701e00000, 0x0000000702000000|  0%| F|  |TAMS 0x0000000701e00000| PB 0x0000000701e00000| Untracked |  0
|  10|0x0000000702000000, 0x0000000702000000, 0x0000000702200000|  0%| F|  |TAMS 0x0000000702000000| PB 0x0000000702000000| Untracked |  0
|  11|0x0000000702200000, 0x0000000702200000, 0x0000000702400000|  0%| F|  |TAMS 0x0000000702200000| PB 0x0000000702200000| Untracked |  0
|  12|0x0000000702400000, 0x0000000702400000, 0x0000000702600000|  0%| F|  |TAMS 0x0000000702400000| PB 0x0000000702400000| Untracked |  0
|  13|0x0000000702600000, 0x0000000702600000, 0x0000000702800000|  0%| F|  |TAMS 0x0000000702600000| PB 0x0000000702600000| Untracked |  0
|  14|0x0000000702800000, 0x0000000702800000, 0x0000000702a00000|  0%| F|  |TAMS 0x0000000702800000| PB 0x0000000702800000| Untracked |  0
|  15|0x0000000702a00000, 0x0000000702a00000, 0x0000000702c00000|  0%| F|  |TAMS 0x0000000702a00000| PB 0x0000000702a00000| Untracked |  0
|  16|0x0000000702c00000, 0x0000000702c00000, 0x0000000702e00000|  0%| F|  |TAMS 0x0000000702c00000| PB 0x0000000702c00000| Untracked |  0
|  17|0x0000000702e00000, 0x0000000702e00000, 0x0000000703000000|  0%| F|  |TAMS 0x0000000702e00000| PB 0x0000000702e00000| Untracked |  0
|  18|0x0000000703000000, 0x0000000703000000, 0x0000000703200000|  0%| F|  |TAMS 0x0000000703000000| PB 0x0000000703000000| Untracked |  0
|  19|0x0000000703200000, 0x0000000703200000, 0x0000000703400000|  0%| F|  |TAMS 0x0000000703200000| PB 0x0000000703200000| Untracked |  0
|  20|0x0000000703400000, 0x0000000703400000, 0x0000000703600000|  0%| F|  |TAMS 0x0000000703400000| PB 0x0000000703400000| Untracked |  0
|  21|0x0000000703600000, 0x0000000703600000, 0x0000000703800000|  0%| F|  |TAMS 0x0000000703600000| PB 0x0000000703600000| Untracked |  0
|  22|0x0000000703800000, 0x0000000703800000, 0x0000000703a00000|  0%| F|  |TAMS 0x0000000703800000| PB 0x0000000703800000| Untracked |  0
|  23|0x0000000703a00000, 0x0000000703a00000, 0x0000000703c00000|  0%| F|  |TAMS 0x0000000703a00000| PB 0x0000000703a00000| Untracked |  0
|  24|0x0000000703c00000, 0x0000000703c00000, 0x0000000703e00000|  0%| F|  |TAMS 0x0000000703c00000| PB 0x0000000703c00000| Untracked |  0
|  25|0x0000000703e00000, 0x0000000703e00000, 0x0000000704000000|  0%| F|  |TAMS 0x0000000703e00000| PB 0x0000000703e00000| Untracked |  0
|  26|0x0000000704000000, 0x0000000704000000, 0x0000000704200000|  0%| F|  |TAMS 0x0000000704000000| PB 0x0000000704000000| Untracked |  0
|  27|0x0000000704200000, 0x0000000704200000, 0x0000000704400000|  0%| F|  |TAMS 0x0000000704200000| PB 0x0000000704200000| Untracked |  0
|  28|0x0000000704400000, 0x0000000704400000, 0x0000000704600000|  0%| F|  |TAMS 0x0000000704400000| PB 0x0000000704400000| Untracked |  0
|  29|0x0000000704600000, 0x0000000704600000, 0x0000000704800000|  0%| F|  |TAMS 0x0000000704600000| PB 0x0000000704600000| Untracked |  0
|  30|0x0000000704800000, 0x0000000704800000, 0x0000000704a00000|  0%| F|  |TAMS 0x0000000704800000| PB 0x0000000704800000| Untracked |  0
|  31|0x0000000704a00000, 0x0000000704a00000, 0x0000000704c00000|  0%| F|  |TAMS 0x0000000704a00000| PB 0x0000000704a00000| Untracked |  0
|  32|0x0000000704c00000, 0x0000000704c00000, 0x0000000704e00000|  0%| F|  |TAMS 0x0000000704c00000| PB 0x0000000704c00000| Untracked |  0
|  33|0x0000000704e00000, 0x0000000704e00000, 0x0000000705000000|  0%| F|  |TAMS 0x0000000704e00000| PB 0x0000000704e00000| Untracked |  0
|  34|0x0000000705000000, 0x0000000705000000, 0x0000000705200000|  0%| F|  |TAMS 0x0000000705000000| PB 0x0000000705000000| Untracked |  0
|  35|0x0000000705200000, 0x0000000705200000, 0x0000000705400000|  0%| F|  |TAMS 0x0000000705200000| PB 0x0000000705200000| Untracked |  0
|  36|0x0000000705400000, 0x0000000705400000, 0x0000000705600000|  0%| F|  |TAMS 0x0000000705400000| PB 0x0000000705400000| Untracked |  0
|  37|0x0000000705600000, 0x0000000705600000, 0x0000000705800000|  0%| F|  |TAMS 0x0000000705600000| PB 0x0000000705600000| Untracked |  0
|  38|0x0000000705800000, 0x0000000705800000, 0x0000000705a00000|  0%| F|  |TAMS 0x0000000705800000| PB 0x0000000705800000| Untracked |  0
|  39|0x0000000705a00000, 0x0000000705a00000, 0x0000000705c00000|  0%| F|  |TAMS 0x0000000705a00000| PB 0x0000000705a00000| Untracked |  0
|  40|0x0000000705c00000, 0x0000000705c00000, 0x0000000705e00000|  0%| F|  |TAMS 0x0000000705c00000| PB 0x0000000705c00000| Untracked |  0
|  41|0x0000000705e00000, 0x0000000705e00000, 0x0000000706000000|  0%| F|  |TAMS 0x0000000705e00000| PB 0x0000000705e00000| Untracked |  0
|  42|0x0000000706000000, 0x0000000706000000, 0x0000000706200000|  0%| F|  |TAMS 0x0000000706000000| PB 0x0000000706000000| Untracked |  0
|  43|0x0000000706200000, 0x0000000706200000, 0x0000000706400000|  0%| F|  |TAMS 0x0000000706200000| PB 0x0000000706200000| Untracked |  0
|  44|0x0000000706400000, 0x0000000706400000, 0x0000000706600000|  0%| F|  |TAMS 0x0000000706400000| PB 0x0000000706400000| Untracked |  0
|  45|0x0000000706600000, 0x0000000706600000, 0x0000000706800000|  0%| F|  |TAMS 0x0000000706600000| PB 0x0000000706600000| Untracked |  0
|  46|0x0000000706800000, 0x0000000706800000, 0x0000000706a00000|  0%| F|  |TAMS 0x0000000706800000| PB 0x0000000706800000| Untracked |  0
|  47|0x0000000706a00000, 0x0000000706a00000, 0x0000000706c00000|  0%| F|  |TAMS 0x0000000706a00000| PB 0x0000000706a00000| Untracked |  0
|  48|0x0000000706c00000, 0x0000000706c00000, 0x0000000706e00000|  0%| F|  |TAMS 0x0000000706c00000| PB 0x0000000706c00000| Untracked |  0
|  49|0x0000000706e00000, 0x0000000706e00000, 0x0000000707000000|  0%| F|  |TAMS 0x0000000706e00000| PB 0x0000000706e00000| Untracked |  0
|  50|0x0000000707000000, 0x0000000707000000, 0x0000000707200000|  0%| F|  |TAMS 0x0000000707000000| PB 0x0000000707000000| Untracked |  0
|  51|0x0000000707200000, 0x0000000707200000, 0x0000000707400000|  0%| F|  |TAMS 0x0000000707200000| PB 0x0000000707200000| Untracked |  0
|  52|0x0000000707400000, 0x0000000707400000, 0x0000000707600000|  0%| F|  |TAMS 0x0000000707400000| PB 0x0000000707400000| Untracked |  0
|  53|0x0000000707600000, 0x0000000707600000, 0x0000000707800000|  0%| F|  |TAMS 0x0000000707600000| PB 0x0000000707600000| Untracked |  0
|  54|0x0000000707800000, 0x0000000707800000, 0x0000000707a00000|  0%| F|  |TAMS 0x0000000707800000| PB 0x0000000707800000| Untracked |  0
|  55|0x0000000707a00000, 0x0000000707a00000, 0x0000000707c00000|  0%| F|  |TAMS 0x0000000707a00000| PB 0x0000000707a00000| Untracked |  0
|  56|0x0000000707c00000, 0x0000000707c00000, 0x0000000707e00000|  0%| F|  |TAMS 0x0000000707c00000| PB 0x0000000707c00000| Untracked |  0
|  57|0x0000000707e00000, 0x0000000707e00000, 0x0000000708000000|  0%| F|  |TAMS 0x0000000707e00000| PB 0x0000000707e00000| Untracked |  0
|  58|0x0000000708000000, 0x0000000708000000, 0x0000000708200000|  0%| F|  |TAMS 0x0000000708000000| PB 0x0000000708000000| Untracked |  0
|  59|0x0000000708200000, 0x0000000708200000, 0x0000000708400000|  0%| F|  |TAMS 0x0000000708200000| PB 0x0000000708200000| Untracked |  0
|  60|0x0000000708400000, 0x0000000708400000, 0x0000000708600000|  0%| F|  |TAMS 0x0000000708400000| PB 0x0000000708400000| Untracked |  0
|  61|0x0000000708600000, 0x0000000708600000, 0x0000000708800000|  0%| F|  |TAMS 0x0000000708600000| PB 0x0000000708600000| Untracked |  0
|  62|0x0000000708800000, 0x0000000708800000, 0x0000000708a00000|  0%| F|  |TAMS 0x0000000708800000| PB 0x0000000708800000| Untracked |  0
|  63|0x0000000708a00000, 0x0000000708a00000, 0x0000000708c00000|  0%| F|  |TAMS 0x0000000708a00000| PB 0x0000000708a00000| Untracked |  0
|  64|0x0000000708c00000, 0x0000000708c00000, 0x0000000708e00000|  0%| F|  |TAMS 0x0000000708c00000| PB 0x0000000708c00000| Untracked |  0
|  65|0x0000000708e00000, 0x0000000708e00000, 0x0000000709000000|  0%| F|  |TAMS 0x0000000708e00000| PB 0x0000000708e00000| Untracked |  0
|  66|0x0000000709000000, 0x0000000709000000, 0x0000000709200000|  0%| F|  |TAMS 0x0000000709000000| PB 0x0000000709000000| Untracked |  0
|  67|0x0000000709200000, 0x0000000709200000, 0x0000000709400000|  0%| F|  |TAMS 0x0000000709200000| PB 0x0000000709200000| Untracked |  0
|  68|0x0000000709400000, 0x0000000709400000, 0x0000000709600000|  0%| F|  |TAMS 0x0000000709400000| PB 0x0000000709400000| Untracked |  0
|  69|0x0000000709600000, 0x0000000709600000, 0x0000000709800000|  0%| F|  |TAMS 0x0000000709600000| PB 0x0000000709600000| Untracked |  0
|  70|0x0000000709800000, 0x0000000709800000, 0x0000000709a00000|  0%| F|  |TAMS 0x0000000709800000| PB 0x0000000709800000| Untracked |  0
|  71|0x0000000709a00000, 0x0000000709a00000, 0x0000000709c00000|  0%| F|  |TAMS 0x0000000709a00000| PB 0x0000000709a00000| Untracked |  0
|  72|0x0000000709c00000, 0x0000000709c00000, 0x0000000709e00000|  0%| F|  |TAMS 0x0000000709c00000| PB 0x0000000709c00000| Untracked |  0
|  73|0x0000000709e00000, 0x0000000709e00000, 0x000000070a000000|  0%| F|  |TAMS 0x0000000709e00000| PB 0x0000000709e00000| Untracked |  0
|  74|0x000000070a000000, 0x000000070a000000, 0x000000070a200000|  0%| F|  |TAMS 0x000000070a000000| PB 0x000000070a000000| Untracked |  0
|  75|0x000000070a200000, 0x000000070a200000, 0x000000070a400000|  0%| F|  |TAMS 0x000000070a200000| PB 0x000000070a200000| Untracked |  0
|  76|0x000000070a400000, 0x000000070a400000, 0x000000070a600000|  0%| F|  |TAMS 0x000000070a400000| PB 0x000000070a400000| Untracked |  0
|  77|0x000000070a600000, 0x000000070a600000, 0x000000070a800000|  0%| F|  |TAMS 0x000000070a600000| PB 0x000000070a600000| Untracked |  0
|  78|0x000000070a800000, 0x000000070a800000, 0x000000070aa00000|  0%| F|  |TAMS 0x000000070a800000| PB 0x000000070a800000| Untracked |  0
|  79|0x000000070aa00000, 0x000000070aa00000, 0x000000070ac00000|  0%| F|  |TAMS 0x000000070aa00000| PB 0x000000070aa00000| Untracked |  0
|  80|0x000000070ac00000, 0x000000070ac00000, 0x000000070ae00000|  0%| F|  |TAMS 0x000000070ac00000| PB 0x000000070ac00000| Untracked |  0
|  81|0x000000070ae00000, 0x000000070ae00000, 0x000000070b000000|  0%| F|  |TAMS 0x000000070ae00000| PB 0x000000070ae00000| Untracked |  0
|  82|0x000000070b000000, 0x000000070b000000, 0x000000070b200000|  0%| F|  |TAMS 0x000000070b000000| PB 0x000000070b000000| Untracked |  0
|  83|0x000000070b200000, 0x000000070b200000, 0x000000070b400000|  0%| F|  |TAMS 0x000000070b200000| PB 0x000000070b200000| Untracked |  0
|  84|0x000000070b400000, 0x000000070b400000, 0x000000070b600000|  0%| F|  |TAMS 0x000000070b400000| PB 0x000000070b400000| Untracked |  0
|  85|0x000000070b600000, 0x000000070b600000, 0x000000070b800000|  0%| F|  |TAMS 0x000000070b600000| PB 0x000000070b600000| Untracked |  0
|  86|0x000000070b800000, 0x000000070b800000, 0x000000070ba00000|  0%| F|  |TAMS 0x000000070b800000| PB 0x000000070b800000| Untracked |  0
|  87|0x000000070ba00000, 0x000000070ba00000, 0x000000070bc00000|  0%| F|  |TAMS 0x000000070ba00000| PB 0x000000070ba00000| Untracked |  0
|  88|0x000000070bc00000, 0x000000070bc00000, 0x000000070be00000|  0%| F|  |TAMS 0x000000070bc00000| PB 0x000000070bc00000| Untracked |  0
|  89|0x000000070be00000, 0x000000070be00000, 0x000000070c000000|  0%| F|  |TAMS 0x000000070be00000| PB 0x000000070be00000| Untracked |  0
|  90|0x000000070c000000, 0x000000070c000000, 0x000000070c200000|  0%| F|  |TAMS 0x000000070c000000| PB 0x000000070c000000| Untracked |  0
|  91|0x000000070c200000, 0x000000070c200000, 0x000000070c400000|  0%| F|  |TAMS 0x000000070c200000| PB 0x000000070c200000| Untracked |  0
|  92|0x000000070c400000, 0x000000070c400000, 0x000000070c600000|  0%| F|  |TAMS 0x000000070c400000| PB 0x000000070c400000| Untracked |  0
|  93|0x000000070c600000, 0x000000070c600000, 0x000000070c800000|  0%| F|  |TAMS 0x000000070c600000| PB 0x000000070c600000| Untracked |  0
|  94|0x000000070c800000, 0x000000070c800000, 0x000000070ca00000|  0%| F|  |TAMS 0x000000070c800000| PB 0x000000070c800000| Untracked |  0
|  95|0x000000070ca00000, 0x000000070ca00000, 0x000000070cc00000|  0%| F|  |TAMS 0x000000070ca00000| PB 0x000000070ca00000| Untracked |  0
|  96|0x000000070cc00000, 0x000000070cc00000, 0x000000070ce00000|  0%| F|  |TAMS 0x000000070cc00000| PB 0x000000070cc00000| Untracked |  0
|  97|0x000000070ce00000, 0x000000070ce00000, 0x000000070d000000|  0%| F|  |TAMS 0x000000070ce00000| PB 0x000000070ce00000| Untracked |  0
|  98|0x000000070d000000, 0x000000070d000000, 0x000000070d200000|  0%| F|  |TAMS 0x000000070d000000| PB 0x000000070d000000| Untracked |  0
|  99|0x000000070d200000, 0x000000070d200000, 0x000000070d400000|  0%| F|  |TAMS 0x000000070d200000| PB 0x000000070d200000| Untracked |  0
| 100|0x000000070d400000, 0x000000070d400000, 0x000000070d600000|  0%| F|  |TAMS 0x000000070d400000| PB 0x000000070d400000| Untracked |  0
| 101|0x000000070d600000, 0x000000070d600000, 0x000000070d800000|  0%| F|  |TAMS 0x000000070d600000| PB 0x000000070d600000| Untracked |  0
| 102|0x000000070d800000, 0x000000070d800000, 0x000000070da00000|  0%| F|  |TAMS 0x000000070d800000| PB 0x000000070d800000| Untracked |  0
| 103|0x000000070da00000, 0x000000070da00000, 0x000000070dc00000|  0%| F|  |TAMS 0x000000070da00000| PB 0x000000070da00000| Untracked |  0
| 104|0x000000070dc00000, 0x000000070dc00000, 0x000000070de00000|  0%| F|  |TAMS 0x000000070dc00000| PB 0x000000070dc00000| Untracked |  0
| 105|0x000000070de00000, 0x000000070de00000, 0x000000070e000000|  0%| F|  |TAMS 0x000000070de00000| PB 0x000000070de00000| Untracked |  0
| 106|0x000000070e000000, 0x000000070e000000, 0x000000070e200000|  0%| F|  |TAMS 0x000000070e000000| PB 0x000000070e000000| Untracked |  0
| 107|0x000000070e200000, 0x000000070e200000, 0x000000070e400000|  0%| F|  |TAMS 0x000000070e200000| PB 0x000000070e200000| Untracked |  0
| 108|0x000000070e400000, 0x000000070e400000, 0x000000070e600000|  0%| F|  |TAMS 0x000000070e400000| PB 0x000000070e400000| Untracked |  0
| 109|0x000000070e600000, 0x000000070e600000, 0x000000070e800000|  0%| F|  |TAMS 0x000000070e600000| PB 0x000000070e600000| Untracked |  0
| 110|0x000000070e800000, 0x000000070e800000, 0x000000070ea00000|  0%| F|  |TAMS 0x000000070e800000| PB 0x000000070e800000| Untracked |  0
| 111|0x000000070ea00000, 0x000000070ea00000, 0x000000070ec00000|  0%| F|  |TAMS 0x000000070ea00000| PB 0x000000070ea00000| Untracked |  0
| 112|0x000000070ec00000, 0x000000070ec00000, 0x000000070ee00000|  0%| F|  |TAMS 0x000000070ec00000| PB 0x000000070ec00000| Untracked |  0
| 113|0x000000070ee00000, 0x000000070ee00000, 0x000000070f000000|  0%| F|  |TAMS 0x000000070ee00000| PB 0x000000070ee00000| Untracked |  0
| 114|0x000000070f000000, 0x000000070f000000, 0x000000070f200000|  0%| F|  |TAMS 0x000000070f000000| PB 0x000000070f000000| Untracked |  0
| 115|0x000000070f200000, 0x000000070f200000, 0x000000070f400000|  0%| F|  |TAMS 0x000000070f200000| PB 0x000000070f200000| Untracked |  0
| 116|0x000000070f400000, 0x000000070f400000, 0x000000070f600000|  0%| F|  |TAMS 0x000000070f400000| PB 0x000000070f400000| Untracked |  0
| 117|0x000000070f600000, 0x000000070f600000, 0x000000070f800000|  0%| F|  |TAMS 0x000000070f600000| PB 0x000000070f600000| Untracked |  0
| 118|0x000000070f800000, 0x000000070f800000, 0x000000070fa00000|  0%| F|  |TAMS 0x000000070f800000| PB 0x000000070f800000| Untracked |  0
| 119|0x000000070fa00000, 0x000000070faf5c48, 0x000000070fc00000| 48%| E|  |TAMS 0x000000070fa00000| PB 0x000000070fa00000| Complete |  0
| 120|0x000000070fc00000, 0x000000070fe00000, 0x000000070fe00000|100%| E|CS|TAMS 0x000000070fc00000| PB 0x000000070fc00000| Complete |  0
| 121|0x000000070fe00000, 0x0000000710000000, 0x0000000710000000|100%| E|CS|TAMS 0x000000070fe00000| PB 0x000000070fe00000| Complete |  0
| 122|0x0000000710000000, 0x0000000710200000, 0x0000000710200000|100%| E|CS|TAMS 0x0000000710000000| PB 0x0000000710000000| Complete |  0
| 123|0x0000000710200000, 0x0000000710400000, 0x0000000710400000|100%| E|  |TAMS 0x0000000710200000| PB 0x0000000710200000| Complete |  0
| 124|0x0000000710400000, 0x0000000710600000, 0x0000000710600000|100%| E|CS|TAMS 0x0000000710400000| PB 0x0000000710400000| Complete |  0
| 125|0x0000000710600000, 0x0000000710800000, 0x0000000710800000|100%| E|CS|TAMS 0x0000000710600000| PB 0x0000000710600000| Complete |  0
| 126|0x0000000710800000, 0x0000000710a00000, 0x0000000710a00000|100%| E|CS|TAMS 0x0000000710800000| PB 0x0000000710800000| Complete |  0
| 127|0x0000000710a00000, 0x0000000710c00000, 0x0000000710c00000|100%| E|CS|TAMS 0x0000000710a00000| PB 0x0000000710a00000| Complete |  0
|2041|0x00000007ffe00000, 0x00000007fff256a0, 0x0000000800000000| 57%| O|  |TAMS 0x00000007ffe00000| PB 0x00000007ffe00000| Untracked |  0

Card table byte_map: [0x00000256fd960000,0x00000256fe160000] _byte_map_base: 0x00000256fa15a000

Marking Bits: (CMBitMap*) 0x00000256fcbb33a0
 Bits: [0x00000256977c0000, 0x000002569b790000)

Polling page: 0x00000256fc320000

Metaspace:
Metaspace        used 7832K, committed 8000K, reserved 1114112K
 class space     used 319K, committed 384K, reserved 1048576K

Usage:
  Non-class:      7.34 MB used.
      Class:    319.07 KB used.
       Both:      7.65 MB used.

Virtual space:
  Non-class space:       64.00 MB reserved,       7.44 MB ( 12%) committed,  1 nodes.
      Class space:        1.00 GB reserved,     384.00 KB ( <1%) committed,  1 nodes.
             Both:        1.06 GB reserved,       7.81 MB ( <1%) committed. 

Chunk freelists:
   Non-Class:  6.53 MB
       Class:  15.51 MB
        Both:  22.05 MB

MaxMetaspaceSize: unlimited
CompressedClassSpaceSize: 1.00 GB
Initial GC threshold: 21.00 MB
Current GC threshold: 21.00 MB
CDS: on
 - commit_granule_bytes: 65536.
 - commit_granule_words: 8192.
 - virtual_space_node_default_size: 8388608.
 - enlarge_chunks_in_place: 1.
UseCompressedClassPointers 1, UseCompactObjectHeaders 0
Narrow klass pointer bits 32, Max shift 3
Narrow klass base: 0x0000000013000000, Narrow klass shift: 0
Encoding Range: [0x0000000013000000 - 0x0000000113000000), (4294967296 bytes)
Klass Range:    [0x0000000013010000 - 0x0000000054000000), (1090453504 bytes)
Klass ID Range:  [65536 - 1090519033) (1090453497)
Protection zone: [0x0000000013000000 - 0x0000000013010000), (65536 bytes)


Internal statistics:

num_allocs_failed_limit: 0.
num_arena_births: 102.
num_arena_deaths: 0.
num_vsnodes_births: 2.
num_vsnodes_deaths: 0.
num_space_committed: 124.
num_space_uncommitted: 0.
num_chunks_returned_to_freelist: 0.
num_chunks_taken_from_freelist: 344.
num_chunk_merges: 0.
num_chunk_splits: 248.
num_chunks_enlarged: 186.
num_inconsistent_stats: 0.

CodeHeap 'non-profiled nmethods': size=120064Kb used=395Kb max_used=395Kb free=119668Kb
 bounds [0x0000025690280000, 0x00000256904f0000, 0x00000256977c0000]
CodeHeap 'profiled nmethods': size=120000Kb used=2050Kb max_used=2050Kb free=117949Kb
 bounds [0x00000256887c0000, 0x0000025688a30000, 0x000002568fcf0000]
CodeHeap 'non-nmethods': size=5696Kb used=2228Kb max_used=2242Kb free=3468Kb
 bounds [0x000002568fcf0000, 0x000002568ff60000, 0x0000025690280000]
CodeCache: size=245760Kb, used=4673Kb, max_used=4687Kb, free=241085Kb
 total_blobs=3061, nmethods=1675, adapters=1290, full_count=0
Compilation: enabled, stopped_count=0, restarted_count=0

Compilation events (20 events):
Event: 2.300 Thread 0x00000256fed91db0 1664       3       org.lwjgl.glfw.GLFW::glfwGetCurrentContext (9 bytes)
Event: 2.300 Thread 0x00000256fed91db0 nmethod 1664 0x00000256889bfe08 code [0x00000256889bff00, 0x00000256889c0018]
Event: 2.300 Thread 0x00000256fed91db0 1665       3       imgui.ImGui::updatePlatformWindows (4 bytes)
Event: 2.300 Thread 0x00000256fed91db0 nmethod 1665 0x00000256889c0108 code [0x00000256889c0200, 0x00000256889c0310]
Event: 2.300 Thread 0x00000256fed91db0 1666       3       imgui.ImGui::renderPlatformWindowsDefault (4 bytes)
Event: 2.300 Thread 0x00000256fed91db0 nmethod 1666 0x00000256889c0408 code [0x00000256889c0500, 0x00000256889c0610]
Event: 2.300 Thread 0x00000256fed91db0 1667       3       util.Time::endFrame (9 bytes)
Event: 2.300 Thread 0x00000256fed91db0 nmethod 1667 0x00000256889c0708 code [0x00000256889c0820, 0x00000256889c09e8]
Event: 2.302 Thread 0x00000256fed8dce0 1668       4       org.lwjgl.system.MemoryStack::nmalloc (61 bytes)
Event: 2.303 Thread 0x00000256fed8dce0 nmethod 1668 0x00000256902e1388 code [0x00000256902e1480, 0x00000256902e1538]
Event: 2.428 Thread 0x00000256fed8dce0 1669       4       java.nio.Buffer::limit (65 bytes)
Event: 2.428 Thread 0x00000256fed8dce0 nmethod 1669 0x00000256902e1688 code [0x00000256902e1780, 0x00000256902e1878]
Event: 2.698 Thread 0x00000256fed8dce0 1670       4       java.util.HashMap::get (19 bytes)
Event: 2.701 Thread 0x00000256fed8dce0 nmethod 1670 0x00000256902e1988 code [0x00000256902e1a80, 0x00000256902e1e58]
Event: 2.712 Thread 0x00000256fed8dce0 1671       4       java.util.concurrent.atomic.AtomicLong::compareAndSet (13 bytes)
Event: 2.712 Thread 0x00000256fed8dce0 nmethod 1671 0x00000256902e1e88 code [0x00000256902e1f80, 0x00000256902e2008]
Event: 2.712 Thread 0x00000256fed8dce0 1672       4       java.util.concurrent.atomic.AtomicLong::addAndGet (14 bytes)
Event: 2.713 Thread 0x00000256fed8dce0 nmethod 1672 0x00000256902e2188 code [0x00000256902e2280, 0x00000256902e2300]
Event: 2.713 Thread 0x00000256fed8dce0 1673       4       java.util.concurrent.atomic.AtomicLong::incrementAndGet (14 bytes)
Event: 2.713 Thread 0x00000256fed8dce0 nmethod 1673 0x00000256902e2488 code [0x00000256902e2580, 0x00000256902e2600]

GC Heap Usage History (0 events):
No events

Metaspace Usage History (0 events):
No events

Dll operation events (9 events):
Event: 0.005 Loaded shared library C:\Program Files\Java\jdk-25\bin\java.dll
Event: 0.045 Loaded shared library C:\Program Files\Java\jdk-25\bin\net.dll
Event: 0.046 Loaded shared library C:\Program Files\Java\jdk-25\bin\nio.dll
Event: 0.047 Loaded shared library C:\Program Files\Java\jdk-25\bin\zip.dll
Event: 0.095 Loaded shared library C:\Program Files\Java\jdk-25\bin\jimage.dll
Event: 0.106 Loaded shared library C:\Users\ciara\AppData\Local\Temp\lwjgl_ciara\3.3.6+1\x64\lwjgl.dll
Event: 0.340 Loaded shared library C:\Users\ciara\AppData\Local\Temp\lwjgl_ciara\3.3.6+1\x64\lwjgl_opengl.dll
Event: 0.395 Loaded shared library C:\Users\ciara\AppData\Local\Temp\imgui-java-natives\1.90.0\imgui-java64.dll
Event: 0.444 Loaded shared library C:\Program Files\Java\jdk-25\bin\verify.dll

Deoptimization events (20 events):
Event: 0.522 Thread 0x00000256fa834d30 Uncommon trap: trap_request=0xffffffde fr.pc=0x00000256902bfde4 relative=0x00000000000002e4
Event: 0.522 Thread 0x00000256fa834d30 Uncommon trap: reason=class_check action=maybe_recompile pc=0x00000256902bfde4 method=java.util.regex.Pattern$BmpCharPropertyGreedy.match(Ljava/util/regex/Matcher;ILjava/lang/CharSequence;)Z @ 26 c2
Event: 0.522 Thread 0x00000256fa834d30 DEOPT PACKING pc=0x00000256902bfde4 sp=0x0000009f922ff140
Event: 0.522 Thread 0x00000256fa834d30 DEOPT UNPACKING pc=0x000002568fe0fc02 sp=0x0000009f922ff0d8 mode 2
Event: 0.522 Thread 0x00000256fa834d30 Uncommon trap: trap_request=0xffffffde fr.pc=0x00000256902bfde4 relative=0x00000000000002e4
Event: 0.522 Thread 0x00000256fa834d30 Uncommon trap: reason=class_check action=maybe_recompile pc=0x00000256902bfde4 method=java.util.regex.Pattern$BmpCharPropertyGreedy.match(Ljava/util/regex/Matcher;ILjava/lang/CharSequence;)Z @ 26 c2
Event: 0.522 Thread 0x00000256fa834d30 DEOPT PACKING pc=0x00000256902bfde4 sp=0x0000009f922ff140
Event: 0.522 Thread 0x00000256fa834d30 DEOPT UNPACKING pc=0x000002568fe0fc02 sp=0x0000009f922ff0d8 mode 2
Event: 0.522 Thread 0x00000256fa834d30 Uncommon trap: trap_request=0xffffffde fr.pc=0x00000256902bfde4 relative=0x00000000000002e4
Event: 0.522 Thread 0x00000256fa834d30 Uncommon trap: reason=class_check action=maybe_recompile pc=0x00000256902bfde4 method=java.util.regex.Pattern$BmpCharPropertyGreedy.match(Ljava/util/regex/Matcher;ILjava/lang/CharSequence;)Z @ 26 c2
Event: 0.522 Thread 0x00000256fa834d30 DEOPT PACKING pc=0x00000256902bfde4 sp=0x0000009f922ff140
Event: 0.522 Thread 0x00000256fa834d30 DEOPT UNPACKING pc=0x000002568fe0fc02 sp=0x0000009f922ff0d8 mode 2
Event: 0.712 Thread 0x00000256fa834d30 Uncommon trap: trap_request=0xffffff4c fr.pc=0x00000256902c705c relative=0x000000000000005c
Event: 0.712 Thread 0x00000256fa834d30 Uncommon trap: reason=speculate_null_assert action=make_not_entrant pc=0x00000256902c705c method=sun.misc.Unsafe.putLong(Ljava/lang/Object;JJ)V @ 10 c2
Event: 0.712 Thread 0x00000256fa834d30 DEOPT PACKING pc=0x00000256902c705c sp=0x0000009f922ff060
Event: 0.712 Thread 0x00000256fa834d30 DEOPT UNPACKING pc=0x000002568fe0fc02 sp=0x0000009f922fefd8 mode 2
Event: 0.802 Thread 0x00000256fa834d30 Uncommon trap: trap_request=0xffffff4c fr.pc=0x00000256902caf58 relative=0x0000000000000058
Event: 0.802 Thread 0x00000256fa834d30 Uncommon trap: reason=speculate_null_assert action=make_not_entrant pc=0x00000256902caf58 method=sun.misc.Unsafe.getLong(Ljava/lang/Object;J)J @ 8 c2
Event: 0.802 Thread 0x00000256fa834d30 DEOPT PACKING pc=0x00000256902caf58 sp=0x0000009f922ff180
Event: 0.802 Thread 0x00000256fa834d30 DEOPT UNPACKING pc=0x000002568fe0fc02 sp=0x0000009f922ff108 mode 2

Classes loaded (20 events):
Event: 0.475 Loading class sun/text/resources/cldr/FormatData_en
Event: 0.475 Loading class sun/text/resources/cldr/FormatData_en done
Event: 0.475 Loading class jdk/internal/foreign/MemorySessionImpl
Event: 0.476 Loading class java/lang/foreign/MemorySegment$Scope
Event: 0.476 Loading class java/lang/foreign/MemorySegment$Scope done
Event: 0.476 Loading class jdk/internal/foreign/MemorySessionImpl done
Event: 0.482 Loading class java/lang/SecurityException
Event: 0.482 Loading class java/lang/SecurityException done
Event: 0.521 Loading class java/util/stream/IntStream
Event: 0.521 Loading class java/util/stream/IntStream done
Event: 0.521 Loading class java/util/stream/Streams$RangeIntSpliterator
Event: 0.521 Loading class java/util/Spliterator$OfInt
Event: 0.521 Loading class java/util/Spliterator$OfPrimitive
Event: 0.521 Loading class java/util/Spliterator$OfPrimitive done
Event: 0.521 Loading class java/util/Spliterator$OfInt done
Event: 0.521 Loading class java/util/stream/Streams$RangeIntSpliterator done
Event: 0.521 Loading class java/util/stream/IntPipeline$Head
Event: 0.521 Loading class java/util/stream/IntPipeline
Event: 0.521 Loading class java/util/stream/IntPipeline done
Event: 0.521 Loading class java/util/stream/IntPipeline$Head done

Classes unloaded (0 events):
No events

Classes redefined (0 events):
No events

Internal exceptions (20 events):
Event: 0.109 Thread 0x00000256fa834d30 Exception <a 'sun/nio/fs/WindowsException'{0x0000000710751190}> (0x0000000710751190) 
thrown [s\open\src\hotspot\share\prims\jni.cpp, line 516]
Event: 0.134 Thread 0x00000256fa834d30 Exception <a 'java/lang/NoSuchMethodError'{0x000000071042b790}: 'int java.lang.invoke.DirectMethodHandle$Holder.invokeStaticInit(java.lang.Object, java.lang.Object, int, long)'> (0x000000071042b790) 
thrown [s\open\src\hotspot\share\interpreter\linkResolver.cpp, line 804]
Event: 0.134 Thread 0x00000256fa834d30 Exception <a 'java/lang/NoSuchMethodError'{0x000000071043ab48}: 'java.lang.Object java.lang.invoke.DirectMethodHandle$Holder.newInvokeSpecial(java.lang.Object, java.lang.Object, int)'> (0x000000071043ab48) 
thrown [s\open\src\hotspot\share\interpreter\linkResolver.cpp, line 804]
Event: 0.140 Thread 0x00000256fa834d30 Exception <a 'java/lang/NoSuchMethodError'{0x0000000710487588}: 'int java.lang.invoke.DirectMethodHandle$Holder.invokeStaticInit(java.lang.Object, java.lang.Object, long, long)'> (0x0000000710487588) 
thrown [s\open\src\hotspot\share\interpreter\linkResolver.cpp, line 804]
Event: 0.140 Thread 0x00000256fa834d30 Exception <a 'java/lang/NoSuchMethodError'{0x0000000710496998}: 'java.lang.Object java.lang.invoke.DirectMethodHandle$Holder.newInvokeSpecial(java.lang.Object, java.lang.Object, long)'> (0x0000000710496998) 
thrown [s\open\src\hotspot\share\interpreter\linkResolver.cpp, line 804]
Event: 0.141 Thread 0x00000256fa834d30 Exception <a 'java/lang/NoSuchMethodError'{0x000000071049f708}: 'java.lang.Object java.lang.invoke.Invokers$Holder.linkToTargetMethod(java.lang.Object, long, java.lang.Object)'> (0x000000071049f708) 
thrown [s\open\src\hotspot\share\interpreter\linkResolver.cpp, line 804]
Event: 0.141 Thread 0x00000256fa834d30 Exception <a 'java/lang/NoSuchMethodError'{0x00000007104afd80}: 'int java.lang.invoke.DirectMethodHandle$Holder.invokeStaticInit(java.lang.Object, java.lang.Object, java.lang.Object, long)'> (0x00000007104afd80) 
thrown [s\open\src\hotspot\share\interpreter\linkResolver.cpp, line 804]
Event: 0.152 Thread 0x00000256fa834d30 Exception <a 'sun/nio/fs/WindowsException'{0x000000071054f860}> (0x000000071054f860) 
thrown [s\open\src\hotspot\share\prims\jni.cpp, line 516]
Event: 0.152 Thread 0x00000256fa834d30 Exception <a 'sun/nio/fs/WindowsException'{0x000000071054fbc0}> (0x000000071054fbc0) 
thrown [s\open\src\hotspot\share\prims\jni.cpp, line 516]
Event: 0.155 Thread 0x00000256fa834d30 Exception <a 'java/lang/NoSuchMethodError'{0x0000000710561240}: 'int java.lang.invoke.Invokers$Holder.invokeExact_MT(java.lang.Object, java.lang.Object)'> (0x0000000710561240) 
thrown [s\open\src\hotspot\share\interpreter\linkResolver.cpp, line 804]
Event: 0.317 Thread 0x00000256fa834d30 Exception <a 'java/lang/NoSuchMethodError'{0x00000007105b61f8}: 'void java.lang.invoke.DirectMethodHandle$Holder.invokeStaticInit(java.lang.Object, long, double, double)'> (0x00000007105b61f8) 
thrown [s\open\src\hotspot\share\interpreter\linkResolver.cpp, line 804]
Event: 0.318 Thread 0x00000256fa834d30 Exception <a 'java/lang/NoSuchMethodError'{0x00000007105ce3e0}: 'void java.lang.invoke.DirectMethodHandle$Holder.invokeStaticInit(java.lang.Object, long, int, int, int)'> (0x00000007105ce3e0) 
thrown [s\open\src\hotspot\share\interpreter\linkResolver.cpp, line 804]
Event: 0.320 Thread 0x00000256fa834d30 Exception <a 'java/lang/NoSuchMethodError'{0x00000007105f21e8}: 'void java.lang.invoke.DirectMethodHandle$Holder.invokeStaticInit(java.lang.Object, long, int, int, int, int)'> (0x00000007105f21e8) 
thrown [s\open\src\hotspot\share\interpreter\linkResolver.cpp, line 804]
Event: 0.335 Thread 0x00000256fa834d30 Exception <a 'java/lang/NoSuchMethodError'{0x00000007102174d0}: 'void java.lang.System.load(java.lang.String, java.lang.Class)'> (0x00000007102174d0) 
thrown [s\open\src\hotspot\share\interpreter\linkResolver.cpp, line 804]
Event: 0.335 Thread 0x00000256fa834d30 Exception <a 'java/lang/NoSuchMethodError'{0x000000071021f2b0}: 'void java.lang.System.loadLibrary(java.lang.String, java.lang.Class)'> (0x000000071021f2b0) 
thrown [s\open\src\hotspot\share\interpreter\linkResolver.cpp, line 804]
Event: 0.339 Thread 0x00000256fa834d30 Exception <a 'sun/nio/fs/WindowsException'{0x0000000710232f10}> (0x0000000710232f10) 
thrown [s\open\src\hotspot\share\prims\jni.cpp, line 516]
Event: 0.339 Thread 0x00000256fa834d30 Exception <a 'sun/nio/fs/WindowsException'{0x00000007102332b0}> (0x00000007102332b0) 
thrown [s\open\src\hotspot\share\prims\jni.cpp, line 516]
Event: 0.342 Thread 0x00000256fa834d30 Exception <a 'sun/nio/fs/WindowsException'{0x000000071023c430}> (0x000000071023c430) 
thrown [s\open\src\hotspot\share\prims\jni.cpp, line 516]
Event: 0.342 Thread 0x00000256fa834d30 Exception <a 'sun/nio/fs/WindowsException'{0x000000071023c700}> (0x000000071023c700) 
thrown [s\open\src\hotspot\share\prims\jni.cpp, line 516]
Event: 0.521 Thread 0x00000256fa834d30 Exception <a 'java/lang/NoSuchMethodError'{0x000000070fdc11c8}: 'void java.lang.invoke.DirectMethodHandle$Holder.invokeStatic(java.lang.Object, java.lang.Object, int)'> (0x000000070fdc11c8) 
thrown [s\open\src\hotspot\share\interpreter\linkResolver.cpp, line 804]

VM Operations (8 events):
Event: 0.049 Executing non-safepoint VM operation: HandshakeAllThreads (Deoptimize)
Event: 0.049 Executing non-safepoint VM operation: HandshakeAllThreads (Deoptimize) done
Event: 0.088 Executing non-safepoint VM operation: HandshakeAllThreads (Deoptimize)
Event: 0.088 Executing non-safepoint VM operation: HandshakeAllThreads (Deoptimize) done
Event: 0.102 Executing non-safepoint VM operation: HandshakeAllThreads (Deoptimize)
Event: 0.102 Executing non-safepoint VM operation: HandshakeAllThreads (Deoptimize) done
Event: 0.471 Executing non-safepoint VM operation: HandshakeAllThreads (Deoptimize)
Event: 0.471 Executing non-safepoint VM operation: HandshakeAllThreads (Deoptimize) done

Memory protections (0 events):
No events

Nmethod flushes (0 events):
No events

Events (13 events):
Event: 0.013 Thread 0x00000256fa834d30 Thread added: 0x00000256fa834d30
Event: 0.019 Thread 0x00000256fa834d30 Thread added: 0x00000256fed76c40
Event: 0.019 Thread 0x00000256fa834d30 Thread added: 0x00000256fed77400
Event: 0.019 Thread 0x00000256fa834d30 Thread added: 0x00000256fed7bfe0
Event: 0.019 Thread 0x00000256fa834d30 Thread added: 0x00000256fed7ce20
Event: 0.019 Thread 0x00000256fa834d30 Thread added: 0x00000256fed7d9e0
Event: 0.019 Thread 0x00000256fa834d30 Thread added: 0x00000256fed809c0
Event: 0.019 Thread 0x00000256fa834d30 Thread added: 0x00000256fed8dce0
Event: 0.019 Thread 0x00000256fa834d30 Thread added: 0x00000256fed91db0
Event: 0.040 Thread 0x00000256fa834d30 Thread added: 0x000002569d849a70
Event: 0.042 Thread 0x00000256fa834d30 Thread added: 0x000002569d851430
Event: 0.057 Thread 0x00000256fed8dce0 Thread added: 0x000002569d90c210
Event: 0.316 Thread 0x000002569d90c210 Thread exited: 0x000002569d90c210


Dynamic libraries:
0x00007ff7234d0000 - 0x00007ff7234e0000 	C:\Program Files\Java\jdk-25\bin\java.exe
0x00007ffaf5770000 - 0x00007ffaf5968000 	C:\WINDOWS\SYSTEM32\ntdll.dll
0x00007ffaf4ab0000 - 0x00007ffaf4b72000 	C:\WINDOWS\System32\KERNEL32.DLL
0x00007ffaf32c0000 - 0x00007ffaf35b6000 	C:\WINDOWS\System32\KERNELBASE.dll
0x00007ffaf3130000 - 0x00007ffaf3230000 	C:\WINDOWS\System32\ucrtbase.dll
0x00007ffac3fc0000 - 0x00007ffac3fd7000 	C:\Program Files\Java\jdk-25\bin\jli.dll
0x00007ffac3e40000 - 0x00007ffac3e5e000 	C:\Program Files\Java\jdk-25\bin\VCRUNTIME140.dll
0x00007ffaf4290000 - 0x00007ffaf4431000 	C:\WINDOWS\System32\USER32.dll
0x00007ffaf35c0000 - 0x00007ffaf35e2000 	C:\WINDOWS\System32\win32u.dll
0x00007ffae6dc0000 - 0x00007ffae705b000 	C:\WINDOWS\WinSxS\amd64_microsoft.windows.common-controls_6595b64144ccf1df_6.0.19041.6456_none_60b8a6cb71f64256\COMCTL32.dll
0x00007ffaf3a00000 - 0x00007ffaf3a2b000 	C:\WINDOWS\System32\GDI32.dll
0x00007ffaf3a30000 - 0x00007ffaf3ace000 	C:\WINDOWS\System32\msvcrt.dll
0x00007ffaf2e00000 - 0x00007ffaf2f19000 	C:\WINDOWS\System32\gdi32full.dll
0x00007ffaf3670000 - 0x00007ffaf370d000 	C:\WINDOWS\System32\msvcp_win.dll
0x00007ffaf3bf0000 - 0x00007ffaf3c1f000 	C:\WINDOWS\System32\IMM32.DLL
0x00007ffac56c0000 - 0x00007ffac56cc000 	C:\Program Files\Java\jdk-25\bin\vcruntime140_1.dll
0x00007ffab8990000 - 0x00007ffab8a1d000 	C:\Program Files\Java\jdk-25\bin\msvcp140.dll
0x00007ffa165a0000 - 0x00007ffa173ff000 	C:\Program Files\Java\jdk-25\bin\server\jvm.dll
0x00007ffaf4450000 - 0x00007ffaf4501000 	C:\WINDOWS\System32\ADVAPI32.dll
0x00007ffaf4a10000 - 0x00007ffaf4aaf000 	C:\WINDOWS\System32\sechost.dll
0x00007ffaf3790000 - 0x00007ffaf38b0000 	C:\WINDOWS\System32\RPCRT4.dll
0x00007ffaf3710000 - 0x00007ffaf3737000 	C:\WINDOWS\System32\bcrypt.dll
0x00007ffaf56c0000 - 0x00007ffaf572b000 	C:\WINDOWS\System32\WS2_32.dll
0x00007ffaf2390000 - 0x00007ffaf23db000 	C:\WINDOWS\SYSTEM32\POWRPROF.dll
0x00007ffae8e90000 - 0x00007ffae8eb7000 	C:\WINDOWS\SYSTEM32\WINMM.dll
0x00007ffaece90000 - 0x00007ffaece9a000 	C:\WINDOWS\SYSTEM32\VERSION.dll
0x00007ffaf2200000 - 0x00007ffaf2212000 	C:\WINDOWS\SYSTEM32\UMPDC.dll
0x00007ffaf0c90000 - 0x00007ffaf0ca2000 	C:\WINDOWS\SYSTEM32\kernel.appcore.dll
0x00007ffac5500000 - 0x00007ffac550a000 	C:\Program Files\Java\jdk-25\bin\jimage.dll
0x00007ffae8530000 - 0x00007ffae8731000 	C:\WINDOWS\SYSTEM32\DBGHELP.DLL
0x00007ffaddeb0000 - 0x00007ffaddee4000 	C:\WINDOWS\SYSTEM32\dbgcore.DLL
0x00007ffaf3230000 - 0x00007ffaf32b2000 	C:\WINDOWS\System32\bcryptPrimitives.dll
0x00007ffac3490000 - 0x00007ffac34af000 	C:\Program Files\Java\jdk-25\bin\java.dll
0x00007ffaf53c0000 - 0x00007ffaf54eb000 	C:\WINDOWS\System32\ole32.dll
0x00007ffaf45c0000 - 0x00007ffaf4914000 	C:\WINDOWS\System32\combase.dll
0x00007ffaf4b90000 - 0x00007ffaf5300000 	C:\WINDOWS\System32\SHELL32.dll
0x00007ffaf0e90000 - 0x00007ffaf1635000 	C:\WINDOWS\SYSTEM32\windows.storage.dll
0x00007ffaf2830000 - 0x00007ffaf285b000 	C:\WINDOWS\SYSTEM32\Wldp.dll
0x00007ffaf3930000 - 0x00007ffaf39fd000 	C:\WINDOWS\System32\OLEAUT32.dll
0x00007ffaf41e0000 - 0x00007ffaf428d000 	C:\WINDOWS\System32\SHCORE.dll
0x00007ffaf5300000 - 0x00007ffaf535b000 	C:\WINDOWS\System32\shlwapi.dll
0x00007ffaf2d30000 - 0x00007ffaf2d54000 	C:\WINDOWS\SYSTEM32\profapi.dll
0x00007ffac3400000 - 0x00007ffac3412000 	C:\Program Files\Java\jdk-25\bin\net.dll
0x00007ffaf2590000 - 0x00007ffaf25fa000 	C:\WINDOWS\system32\mswsock.dll
0x00007ffabc720000 - 0x00007ffabc736000 	C:\Program Files\Java\jdk-25\bin\nio.dll
0x00007ffabc400000 - 0x00007ffabc417000 	C:\Program Files\Java\jdk-25\bin\zip.dll
0x00007ffab80f0000 - 0x00007ffab816e000 	C:\Users\ciara\AppData\Local\Temp\lwjgl_ciara\3.3.6+1\x64\lwjgl.dll
0x00007ffab3130000 - 0x00007ffab31b9000 	C:\Users\ciara\AppData\Local\Temp\lwjgl_ciara\3.3.6+1\x64\glfw.dll
0x00007ffacb8e0000 - 0x00007ffacb925000 	C:\WINDOWS\SYSTEM32\dinput8.dll
0x00007ffa825e0000 - 0x00007ffa825f1000 	C:\WINDOWS\SYSTEM32\xinput1_4.dll
0x00007ffaf3740000 - 0x00007ffaf378e000 	C:\WINDOWS\System32\cfgmgr32.dll
0x00007ffaf2b90000 - 0x00007ffaf2bc3000 	C:\WINDOWS\SYSTEM32\DEVOBJ.dll
0x00007ffaf0ab0000 - 0x00007ffaf0ade000 	C:\WINDOWS\SYSTEM32\dwmapi.dll
0x00007ffad09a0000 - 0x00007ffad0af2000 	C:\WINDOWS\SYSTEM32\inputhost.dll
0x00007ffaf01c0000 - 0x00007ffaf02b4000 	C:\WINDOWS\SYSTEM32\PROPSYS.dll
0x00007ffaef0d0000 - 0x00007ffaef1c2000 	C:\WINDOWS\SYSTEM32\CoreMessaging.dll
0x00007ffaef960000 - 0x00007ffaefab7000 	C:\WINDOWS\SYSTEM32\wintypes.dll
0x00007ffaeec70000 - 0x00007ffaeefcb000 	C:\WINDOWS\SYSTEM32\CoreUIComponents.dll
0x00007ffaf2090000 - 0x00007ffaf20c3000 	C:\WINDOWS\SYSTEM32\ntmarta.dll
0x00007ffaf0700000 - 0x00007ffaf079e000 	C:\WINDOWS\system32\uxtheme.dll
0x00007ffaf3ad0000 - 0x00007ffaf3be5000 	C:\WINDOWS\System32\MSCTF.dll
0x00007ffa86940000 - 0x00007ffa86a68000 	C:\WINDOWS\SYSTEM32\opengl32.dll
0x00007ffa86910000 - 0x00007ffa8693c000 	C:\WINDOWS\SYSTEM32\GLU32.dll
0x00007ffaf4510000 - 0x00007ffaf45b9000 	C:\WINDOWS\System32\clbcatq.dll
0x00007ffa56b00000 - 0x00007ffa59453000 	C:\WINDOWS\System32\DriverStore\FileRepository\nv_dispi.inf_amd64_d471cab2f241c3c2\nvoglv64.dll
0x00007ffaf3d00000 - 0x00007ffaf4170000 	C:\WINDOWS\System32\SETUPAPI.dll
0x00007ffaef280000 - 0x00007ffaef294000 	C:\WINDOWS\SYSTEM32\WTSAPI32.dll
0x00007ffaf29c0000 - 0x00007ffaf29d2000 	C:\WINDOWS\SYSTEM32\msasn1.dll
0x00007ffaec620000 - 0x00007ffaec651000 	C:\WINDOWS\SYSTEM32\cryptnet.dll
0x00007ffaf2f20000 - 0x00007ffaf307d000 	C:\WINDOWS\System32\CRYPT32.dll
0x00007ffaf27a0000 - 0x00007ffaf27ac000 	C:\WINDOWS\SYSTEM32\cryptbase.dll
0x00007ffaec920000 - 0x00007ffaeca67000 	C:\WINDOWS\SYSTEM32\drvstore.dll
0x00007ffaf35f0000 - 0x00007ffaf3663000 	C:\WINDOWS\System32\WINTRUST.dll
0x00007ffaf56a0000 - 0x00007ffaf56bd000 	C:\WINDOWS\System32\imagehlp.dll
0x00007ffaf2780000 - 0x00007ffaf2798000 	C:\WINDOWS\SYSTEM32\CRYPTSP.dll
0x00007ffaf1e40000 - 0x00007ffaf1e78000 	C:\WINDOWS\system32\rsaenh.dll
0x00007ffadf780000 - 0x00007ffae3514000 	C:\WINDOWS\System32\DriverStore\FileRepository\nv_dispi.inf_amd64_d471cab2f241c3c2\nvgpucomp64.dll
0x00007ffae84f0000 - 0x00007ffae852b000 	C:\WINDOWS\SYSTEM32\dxcore.dll
0x00007ffa72a60000 - 0x00007ffa72ba7000 	C:\WINDOWS\system32\nvspcap64.dll
0x00007ffaf1ab0000 - 0x00007ffaf1b13000 	C:\WINDOWS\SYSTEM32\WINSTA.dll
0x00007ffad4900000 - 0x00007ffad49f9000 	C:\WINDOWS\SYSTEM32\textinputframework.dll
0x00007ffab8090000 - 0x00007ffab80ed000 	C:\Users\ciara\AppData\Local\Temp\lwjgl_ciara\3.3.6+1\x64\lwjgl_opengl.dll
0x00007ffa1a350000 - 0x00007ffa1ab57000 	C:\Users\ciara\AppData\Local\Temp\imgui-java-natives\1.90.0\imgui-java64.dll
0x00007ffac4640000 - 0x00007ffac4650000 	C:\Program Files\Java\jdk-25\bin\verify.dll

JVMTI agents: none

dbghelp: loaded successfully - version: 4.0.5 - missing functions: none
symbol engine: initialized successfully - sym options: 0x614 - pdb path: .;C:\Program Files\Java\jdk-25\bin;C:\WINDOWS\SYSTEM32;C:\WINDOWS\WinSxS\amd64_microsoft.windows.common-controls_6595b64144ccf1df_6.0.19041.6456_none_60b8a6cb71f64256;C:\Program Files\Java\jdk-25\bin\server;C:\Users\ciara\AppData\Local\Temp\lwjgl_ciara\3.3.6+1\x64;C:\WINDOWS\System32\DriverStore\FileRepository\nv_dispi.inf_amd64_d471cab2f241c3c2;C:\Users\ciara\AppData\Local\Temp\imgui-java-natives\1.90.0

VM Arguments:
jvm_args: --enable-native-access=ALL-UNNAMED --add-opens=java.base/sun.misc=ALL-UNNAMED --add-opens=java.base/java.nio=ALL-UNNAMED --enable-preview --enable-preview -Dfile.encoding=UTF-8 -Duser.country=IE -Duser.language=en -Duser.variant -ea 
java_command: Main java.library.path=libs
java_class_path (initial): C:\Users\ciara\Desktop\Code\College Work\Year 4\FYP\PrototypeEngine\build\classes\java\main;C:\Users\ciara\Desktop\Code\College Work\Year 4\FYP\PrototypeEngine\build\resources\main;C:\Users\ciara\Desktop\Code\College Work\Year 4\FYP\PrototypeEngine\libs\imgui-app-1.90.0.jar;C:\Users\ciara\Desktop\Code\College Work\Year 4\FYP\PrototypeEngine\libs\imgui-binding-1.90.0.jar;C:\Users\ciara\Desktop\Code\College Work\Year 4\FYP\PrototypeEngine\libs\imgui-lwjgl3-1.90.0.jar;C:\Users\ciara\.gradle\caches\modules-2\files-2.1\org.lwjgl\lwjgl-assimp\3.3.6\931a8de55dd5ee546689119c85ed4d4af7fa68f2\lwjgl-assimp-3.3.6.jar;C:\Users\ciara\.gradle\caches\modules-2\files-2.1\org.lwjgl\lwjgl-assimp\3.3.6\486fa1e2db9fc903a0cab984604cef1a895b0e28\lwjgl-assimp-3.3.6-natives-windows.jar;C:\Users\ciara\.gradle\caches\modules-2\files-2.1\org.lwjgl\lwjgl-glfw\3.3.6\7119f7d0eeb1e5502ff0ca71d2b4d47317da015\lwjgl-glfw-3.3.6.jar;C:\Users\ciara\.gradle\caches\modules-2\files-2.1\org.lwjgl\lwjgl-glfw\3.3.6\99ef08056feb9627f90425a4d2a22cd9fae8e39b\lwjgl-glfw-3.3.6-natives-windows.jar;C:\Users\ciara\.gradle\caches\modules-2\files-2.1\org.lwjgl\lwjgl-openal\3.3.6\ad313317ff399fd2a7f4dd74716a68cf3976c6ad\lwjgl-openal-3.3.6.jar;C:\Users\ciara\.gradle\caches\modules-2\files-2.1\org.lwjgl\lwjgl-openal\3.3.6\9c2b9b660e085bb0b47a4453dc0e26f24a5475e4\lwjgl-openal-3.3.6-natives-windows.jar;C:\Users\ciara\.gradle\caches\modules-2\files-2.1\org.lwjgl\lwjgl-opengl\3.3.6\ac2532612a4df374e9a9282bcf8ce2573018ebbb\lwjgl-opengl-3.3.6.jar;C:\Users\ciara\.gradle\caches\modules-2\files-2.1\org.lwjgl\lwjgl-opengl\3.3.6\18dc639ebc94aa5202c2157f7490d28997b697c5\lwjgl-opengl-3.3.6-natives-windows.jar;C:\Users\ciara\.gradle\caches\modules-2\files-2.1\org.lwjgl\lwjgl-stb\3.3.6\e2d3739dcfe7b672b626ded66d94f6587083306e\lwjgl-stb-3.3.6.jar;C:\Users\ciara\.gradle\caches\modules-2\files-2.1\org.lwjgl\lwjgl-stb\3.3.6\334cf885b39e2db9070c39e70e65efb136435f10\lwjgl-stb-3.3.6-natives-windows.jar;C:\Users\ciara\.gradle\caches\modules-2\files-2.1\org.lwjgl\lwjgl\3.3.6\ce7721d30cfaf47feaed10213e0c43eb55c49d68\lwjgl-3.3.6.jar;C:\Users\ciara\.gradle\caches\modules-2\files-2.1\org.lwjgl\lwjgl\3.3.6\9a29b6a22fc5184604b8cb434ee5d5ecc4bfcbee\lwjgl-3.3.6-natives-windows.jar;C:\Users\ciara\.gradle\caches\modules-2\files-2.1\org.joml\joml\1.10.8\fc0a71dad90a2cf41d82a76156a0e700af8e4f8d\joml-1.10.8.jar;C:\Users\ciara\.gradle\caches\modules-2\files-2.1\com.code-disaster.steamworks4j\steamworks4j\1.9.0\d69b7f7540745a8d569a5400554e34d42e035da8\steamworks4j-1.9.0.jar;C:\Users\ciara\.gradle\caches\modules-2\files-2.1\org.jetbrains.kotlin\kotlin-stdlib-jdk8\1.8.20\73576ddf378c5b4f1f6b449fe6b119b8183fc078\kotlin-stdlib-jdk8-1.8.20.jar;C:\Users\ciara\.gradle\caches\modules-2\files-2.1\org.jetbrains.kotlin\kotlin-stdlib-jdk7\1.8.20\3aa51faf20aae8b31e1a4bc54f8370673d7b7df4\kotlin-stdlib-jdk7-1.8.20.jar;C:\Users\ciara\.gradle\caches\modules-2\files-2.1\org.jetbrains.kotlin\kotlin-stdlib\1.8.20\e72fc5e03ec6c064c678a6bd0d955c88d55b0c4a\kotlin-stdlib-1.8.20.jar;C:\Users\ciara\.gradle\caches\modules-2\files-2.1\org.jetbrains.kotlin\kotlin-stdlib-common\1.8.20\5eddaaf234c8c49d03eebeb6a14feb7f90faca71\kotlin-stdlib-common-1.8.20.jar;C:\Users\ciara\.gradle\caches\modules-2\files-2.1\org.jetbrains\annotations\13.0\919f0dfe192fb4e063e7dacadee7f8bb9a2672a9\annotations-13.0.jar
Launcher Type: SUN_STANDARD

[Global flags]
     intx CICompilerCount                          = 4                                         {product} {ergonomic}
     uint ConcGCThreads                            = 3                                         {product} {ergonomic}
     uint G1ConcRefinementThreads                  = 10                                        {product} {ergonomic}
   size_t G1HeapRegionSize                         = 2097152                                   {product} {ergonomic}
   size_t InitialHeapSize                          = 268435456                                 {product} {ergonomic}
   size_t MarkStackSize                            = 4194304                                   {product} {ergonomic}
   size_t MarkStackSizeMax                         = 536870912                                 {product} {ergonomic}
   size_t MaxHeapSize                              = 4282384384                                {product} {ergonomic}
   size_t MaxNewSize                               = 2569011200                                {product} {ergonomic}
   size_t MinHeapDeltaBytes                        = 2097152                                   {product} {ergonomic}
   size_t MinHeapSize                              = 8388608                                   {product} {ergonomic}
    uintx NonNMethodCodeHeapSize                   = 5832704                                {pd product} {ergonomic}
    uintx NonProfiledCodeHeapSize                  = 122945536                              {pd product} {ergonomic}
    uintx ProfiledCodeHeapSize                     = 122880000                              {pd product} {ergonomic}
    uintx ReservedCodeCacheSize                    = 251658240                              {pd product} {ergonomic}
     bool SegmentedCodeCache                       = true                                      {product} {ergonomic}
   size_t SoftMaxHeapSize                          = 4282384384                             {manageable} {ergonomic}
     bool UseCompressedOops                        = true                           {product lp64_product} {ergonomic}
     bool UseG1GC                                  = true                                      {product} {ergonomic}
     bool UseLargePagesIndividualAllocation        = false                                  {pd product} {ergonomic}

Logging:
Log output configuration:
 #0: stdout all=warning uptime,level,tags foldmultilines=false
 #1: stderr all=off uptime,level,tags foldmultilines=false

Release file:
IMPLEMENTOR="Oracle Corporation" 
JAVA_RUNTIME_VERSION="25.0.1+8-LTS-27" 
JAVA_VERSION="25.0.1" 
JAVA_VERSION_DATE="2025-10-21" 
LIBC="default" 
MODULES="java.base java.compiler java.datatransfer java.xml java.prefs java.desktop java.instrument java.logging java.management java.security.sasl java.naming java.rmi java.management.rmi java.net.http java.scripting java.security.jgss java.transaction.xa java.sql java.sql.rowset java.xml.crypto java.se java.smartcardio jdk.accessibility jdk.internal.jvmstat jdk.attach jdk.charsets jdk.internal.opt jdk.zipfs jdk.compiler jdk.crypto.cryptoki jdk.crypto.ec jdk.crypto.mscapi jdk.dynalink jdk.internal.ed jdk.editpad jdk.internal.vm.ci jdk.graal.compiler jdk.graal.compiler.management jdk.hotspot.agent jdk.httpserver jdk.incubator.vector jdk.internal.le jdk.internal.md jdk.jartool jdk.javadoc jdk.jcmd jdk.management jdk.management.agent jdk.jconsole jdk.jdeps jdk.jdwp.agent jdk.jdi jdk.jfr jdk.jlink jdk.jpackage jdk.jshell jdk.jsobject jdk.jstatd jdk.localedata jdk.management.jfr jdk.naming.dns jdk.naming.rmi jdk.net jdk.nio.mapmode jdk.sctp jdk.security.auth jdk.security.jgss jdk.unsupported jdk.unsupported.desktop jdk.xml.dom" 
OS_ARCH="x86_64" 
OS_NAME="Windows" 
SOURCE=".:git:862c85bc42b7 open:git:78770bfaefd2" 

Environment Variables:
PATH=C:\Program Files\Common Files\Oracle\Java\javapath;C:\WINDOWS\system32;C:\WINDOWS;C:\WINDOWS\System32\Wbem;C:\WINDOWS\System32\WindowsPowerShell\v1.0\;C:\WINDOWS\System32\OpenSSH\;C:\Program Files\NVIDIA Corporation\NVIDIA App\NvDLISR;C:\Program Files (x86)\NVIDIA Corporation\PhysX\Common;C:\Program Files\Git\cmd;C:\Users\ciara\AppData\Local\Android\Sdk\platform-tools;C:\Program Files\ytDLP;C:\WINDOWS\system32\config\systemprofile\AppData\Local\Muse Hub\lib;C:\Users\ciara\AppData\Local\Microsoft\WindowsApps;C:\Users\ciara\AppData\Local\Programs\Microsoft VS Code\bin;C:\Users\ciara\AppData\Local\Python\bin
USERNAME=ciara
OS=Windows_NT
PROCESSOR_IDENTIFIER=AMD64 Family 25 Model 33 Stepping 0, AuthenticAMD
TMP=C:\Users\ciara\AppData\Local\Temp
TEMP=C:\Users\ciara\AppData\Local\Temp




Compilation memory statistics disabled.

Periodic native trim disabled

---------------  S Y S T E M  ---------------

OS:
 Windows 10 , 64 bit Build 19041 (10.0.19041.5915)
OS uptime: 1 days 23:46 hours

CPU: total 12 (initial active 12) (12 cores per cpu, 2 threads per core) family 25 model 33 stepping 0 microcode 0x0, cx8, cmov, fxsr, ht, mmx, 3dnowpref, sse, sse2, sse3, ssse3, sse4a, sse4.1, sse4.2, popcnt, lzcnt, tsc, tscinvbit, avx, avx2, aes, erms, clmul, bmi1, bmi2, adx, sha, fma, vzeroupper, clflush, clflushopt, clwb, rdtscp, rdpid, fsrm, f16c, pku, cet_ss
Processor Information for the first 12 processors :
  Max Mhz: 3701, Current Mhz: 3701, Mhz Limit: 3701

Memory: 4k page, system-wide physical 16330M (3083M free)
TotalPageFile size 28438M (AvailPageFile size 3329M)
current process WorkingSet (physical memory assigned to process): 146M, peak: 151M
current process commit charge ("private bytes"): 508M, peak: 517M

vm_info: Java HotSpot(TM) 64-Bit Server VM (25.0.1+8-LTS-27) for windows-amd64 JRE (25.0.1+8-LTS-27), built on 2025-09-25T16:41:16Z with unknown MS VC++:1943

END.
