#
# A fatal error has been detected by the Java Runtime Environment:
#
#  EXCEPTION_ACCESS_VIOLATION (0xc0000005) at pc=0x00007ffaaaf87820, pid=12004, tid=14196
#
# JRE version: Java(TM) SE Runtime Environment (25.0.1+8) (build 25.0.1+8-LTS-27)
# Java VM: Java HotSpot(TM) 64-Bit Server VM (25.0.1+8-LTS-27, mixed mode, sharing, tiered, compressed oops, compressed class ptrs, g1 gc, windows-amd64)
# Problematic frame:
# C  [glfw.dll+0x7820]
#
# No core dump will be written. Minidumps are not enabled by default on client versions of Windows
#
# If you would like to submit a bug report, please visit:
#   https://bugreport.java.com/bugreport/crash.jsp
# The crash happened outside the Java Virtual Machine in native code.
# See problematic frame for where to report the bug.
#

---------------  S U M M A R Y ------------

Command Line: --enable-native-access=ALL-UNNAMED --add-opens=java.base/sun.misc=ALL-UNNAMED --add-opens=java.base/java.nio=ALL-UNNAMED --enable-preview --enable-preview -Dfile.encoding=UTF-8 -Duser.country=IE -Duser.language=en -Duser.variant -ea Main java.library.path=libs

Host: AMD Ryzen 5 5600X 6-Core Processor             , 12 cores, 15G,  Windows 10 , 64 bit Build 19041 (10.0.19041.5915)
Time: Sun Feb 15 00:41:07 2026 GMT Standard Time elapsed time: 2.559311 seconds (0d 0h 0m 2s)

---------------  T H R E A D  ---------------

Current thread (0x0000027d06c0fdd0):  JavaThread "main"             [_thread_in_native, id=14196, stack(0x000000970f300000,0x000000970f400000) (1024K)]

Stack: [0x000000970f300000,0x000000970f400000],  sp=0x000000970f3fee50,  free space=1019k
Native frames: (J=compiled Java code, j=interpreted, Vv=VM code, C=native code)
C  [glfw.dll+0x7820]  (no source info available)
C  0x0000027d1917d305  (no source info available)

The last pc belongs to native nmethod (printed below).
Java frames: (J=compiled Java code, j=interpreted, Vv=VM code)
J 1353  org.lwjgl.system.JNI.invokePV(JJ)V (0 bytes) @ 0x0000027d1917d2cc [0x0000027d1917d280+0x000000000000004c]
j  org.lwjgl.glfw.GLFW.glfwDestroyWindow(J)V+6
j  Jade.Window.destroy()V+25
J 1634 c1 Rendering.ImGui.ImGuiMenubar.render()V (185 bytes) @ 0x0000027d1186556c [0x0000027d11864d80+0x00000000000007ec]
J 1633 c1 Rendering.ImGui.ImGuiEditor.render()V (89 bytes) @ 0x0000027d1186233c [0x0000027d118622a0+0x000000000000009c]
J 1603 c1 Rendering.ImGui.ImGuiWindow.render()V (29 bytes) @ 0x0000027d11859804 [0x0000027d11859580+0x0000000000000284]
j  Jade.Window.loop()V+58
j  Jade.Window.run()V+16
j  Main.main([Ljava/lang/String;)V+5
v  ~StubRoutines::call_stub 0x0000027d18ba12ed

siginfo: EXCEPTION_ACCESS_VIOLATION (0xc0000005), reading address 0x0000000000000000


Registers:
RAX=0x00007ffaaaf96870, RBX=0x0000027d2d51a2d0, RCX=0x0000000000000000, RDX=0x00007ffaaafff078
RSP=0x000000970f3fee50, RBP=0x000000970f3feee0, RSI=0x0000000000000000, RDI=0x0000027d18ba8c0e
R8 =0x0000000000000088, R9 =0x00000000000000a0, R10=0x00007ffaaaf80000, R11=0x00007ffaaafb0385
R12=0x0000000000000000, R13=0x000000970f3feef0, R14=0x000000970f3feed0, R15=0x0000027d06c0fdd0
RIP=0x00007ffaaaf87820, EFLAGS=0x0000000000010287

XMM[0]=0x0000000000000000 0x0000000000000000
XMM[1]=0x0000000000000000 0x0000000000000000
XMM[2]=0x0000000000000000 0x0000000000000000
XMM[3]=0x0000000000000000 0x0000000000000000
XMM[4]=0x0000000000000000 0x0000000000000000
XMM[5]=0x0000000000000000 0x0000000000000000
XMM[6]=0x0000000000000000 0x0000000000000000
XMM[7]=0x0000000000000000 0x0000000000000000
XMM[8]=0x0000000000000000 0x0000000000000000
XMM[9]=0x0000000000000000 0x0000000042480000
XMM[10]=0x0000000000000000 0x0000000000000000
XMM[11]=0x0000000000000000 0x0000000000000000
XMM[12]=0x0000000000000000 0x0000000000000000
XMM[13]=0x0000000000000000 0x0000000000000000
XMM[14]=0x0000000000000000 0x0000000000000000
XMM[15]=0x0000000000000000 0x0000000000000000
  MXCSR=0x00001fa0


Register to memory mapping:

RAX=0x00007ffaaaf96870 glfw.dll
RBX=0x0000027d2d51a2d0 points into unknown readable memory: 0x0000027d2fc327e0 | e0 27 c3 2f 7d 02 00 00
RCX=0x0 is null
RDX=0x00007ffaaafff078 glfw.dll
RSP=0x000000970f3fee50 is pointing into the stack for thread: 0x0000027d06c0fdd0
RBP=0x000000970f3feee0 is pointing into the stack for thread: 0x0000027d06c0fdd0
RSI=0x0 is null
RDI=0x0000027d18ba8c0e is at code_begin+1518 in an Interpreter codelet
return entry points  [0x0000027d18ba8620, 0x0000027d18ba9298]  3192 bytes
R8 =0x0000000000000088 is an unknown value
R9 =0x00000000000000a0 is an unknown value
R10=0x00007ffaaaf80000 glfw.dll
R11=0x00007ffaaafb0385 glfw.dll
R12=0x0 is null
R13=0x000000970f3feef0 is pointing into the stack for thread: 0x0000027d06c0fdd0
R14=0x000000970f3feed0 is pointing into the stack for thread: 0x0000027d06c0fdd0
R15=0x0000027d06c0fdd0 is a thread

Top of Stack: (sp=0x000000970f3fee50)
0x000000970f3fee50:   0000027d294ef9e0 0000000000000000   ..N)}...........
0x000000970f3fee60:   0000027d18ba8c0e 00007ffa16cea975   ....}...u.......
0x000000970f3fee70:   0000027d294ef9e0 0000027d1917d305   ..N)}.......}...
0x000000970f3fee80:   0000027d18ba8408 0000000000000000   ....}...........
0x000000970f3fee90:   0000020000000000 000000970f3fef58   ........X.?.....
0x000000970f3feea0:   000000970f3fef10 0000027d294b90e0   ..?.......K)}...
0x000000970f3feeb0:   0000027d06c0fdd0 00007ffaaaf84a60   ....}...`J......
0x000000970f3feec0:   000000970f3fef80 0000027d18ba8c0e   ..?.........}...
0x000000970f3feed0:   00000007105a90a0 0000027d18bb78dc   ..Z......x..}...
0x000000970f3feee0:   000000970f3fef58 0000027d18ba8b18   X.?.........}...
0x000000970f3feef0:   00007ffaaaf877a0 0000000000000000   .w..............
0x000000970f3fef00:   0000027d2d51a2d0 0000000000000000   ..Q-}...........
0x000000970f3fef10:   fffffffffffffff7 0000027d294c0b86   ..........L)}...
0x000000970f3fef20:   0000000000000005 0000027d294cff50   ........P.L)}...
0x000000970f3fef30:   0000000000000000 0000000710529790   ..........R.....
0x000000970f3fef40:   0000027d294c0bb8 fffffffffffffff3   ..L)}...........
0x000000970f3fef50:   000000970f3fef78 000000970f3fefd0   x.?.......?.....
0x000000970f3fef60:   0000027d18ba8b18 00007ffaaaf877a0   ....}....w......
0x000000970f3fef70:   0000000000000000 0000027d2d51a2d0   ..........Q-}...
0x000000970f3fef80:   0000000000000000 fffffffffffffff7   ................
0x000000970f3fef90:   0000027d29401c41 0000000000000002   A.@)}...........
0x000000970f3fefa0:   0000027d29402860 0000027d29973480   `(@)}....4.)}...
0x000000970f3fefb0:   0000000710a690a0 0000027d29401c68   ........h.@)}...
0x000000970f3fefc0:   fffffffffffffff5 000000970f3feff0   ..........?.....
0x000000970f3fefd0:   000000970f3ff2b0 0000027d1186556c   ..?.....lU..}...
0x000000970f3fefe0:   0000000710a69800 0000027d1186556c   ........lU..}...
0x000000970f3feff0:   0000000042480000 0000000000000000   ..HB............
0x000000970f3ff000:   0000000000000000 0000000000000000   ................
0x000000970f3ff010:   0000000000000000 0000000000000000   ................
0x000000970f3ff020:   0000000000000000 0000000000000000   ................
0x000000970f3ff030:   0000000000000000 0000000000000000   ................
0x000000970f3ff040:   0000000000000000 0000000000000000   ................

Instructions: (pc=0x00007ffaaaf87820)
  0x00007ffaaaf87720:   00 01 00 00 00 0f 11 05 8c 74 07 00 c7 05 9a 74
  0x00007ffaaaf87730:   07 00 00 00 00 80 0f 11 05 6b 74 07 00 c7 05 8d
  0x00007ffaaaf87740:   74 07 00 00 00 00 80 66 0f 6f 05 91 31 06 00 f3
  0x00007ffaaaf87750:   0f 7f 05 31 74 07 00 48 c7 05 b2 74 07 00 01 00
  0x00007ffaaaf87760:   00 00 48 89 05 5f 74 07 00 c7 05 25 74 07 00 18
  0x00007ffaaaf87770:   00 00 00 c7 05 1f 74 07 00 08 00 00 00 c7 05 39
  0x00007ffaaaf87780:   74 07 00 01 00 00 00 c7 05 cf 78 07 00 ff ff ff
  0x00007ffaaaf87790:   ff 48 83 c4 28 c3 cc cc cc cc cc cc cc cc cc cc
  0x00007ffaaaf877a0:   40 53 48 83 ec 20 83 3d 23 71 07 00 00 48 8b d9
  0x00007ffaaaf877b0:   75 11 33 d2 b9 01 00 01 00 48 83 c4 20 5b e9 ed
  0x00007ffaaaf877c0:   a6 ff ff 48 85 db 0f 84 a0 00 00 00 48 81 c1 38
  0x00007ffaaaf877d0:   03 00 00 33 d2 41 b8 a0 00 00 00 e8 f0 89 02 00
  0x00007ffaaaf877e0:   48 8d 0d bd 8a 07 00 e8 e4 49 00 00 48 3b d8 75
  0x00007ffaaaf877f0:   07 33 c9 e8 08 a5 ff ff 48 8b cb ff 15 07 72 07
  0x00007ffaaaf87800:   00 48 8b 0d 70 78 07 00 48 8d 15 69 78 07 00 48
  0x00007ffaaaf87810:   3b cb 74 1a 0f 1f 40 00 0f 1f 84 00 00 00 00 00
=>0x00007ffaaaf87820:   48 8b 01 48 8b d1 48 8b c8 48 3b c3 75 f2 48 8b
  0x00007ffaaaf87830:   03 48 89 02 48 8b 8b e0 02 00 00 48 85 c9 74 05
  0x00007ffaaaf87840:   e8 7b ab ff ff 48 8b 8b f0 02 00 00 48 85 c9 74
  0x00007ffaaaf87850:   05 e8 6a ab ff ff 48 8b 4b 60 e8 61 ab ff ff 48
  0x00007ffaaaf87860:   8b cb 48 83 c4 20 5b e9 54 ab ff ff 48 83 c4 20
  0x00007ffaaaf87870:   5b c3 cc cc cc cc cc cc cc cc cc cc cc cc cc cc
  0x00007ffaaaf87880:   83 3d 49 70 07 00 00 75 0c 33 d2 b9 01 00 01 00
  0x00007ffaaaf87890:   e9 1b a6 ff ff 48 ff 25 fc 71 07 00 cc cc cc cc
  0x00007ffaaaf878a0:   33 c0 48 85 d2 74 02 89 02 4d 85 c0 74 03 41 89
  0x00007ffaaaf878b0:   00 39 05 19 70 07 00 75 0c 33 d2 b9 01 00 01 00
  0x00007ffaaaf878c0:   e9 eb a5 ff ff 48 ff 25 84 71 07 00 cc cc cc cc
  0x00007ffaaaf878d0:   48 83 ec 28 83 3d f5 6f 07 00 00 75 13 33 d2 b9
  0x00007ffaaaf878e0:   01 00 01 00 e8 c7 a5 ff ff 33 c0 48 83 c4 28 c3
  0x00007ffaaaf878f0:   81 fa 10 10 02 00 0f 8f a5 00 00 00 0f 84 97 00
  0x00007ffaaaf87900:   00 00 8d 82 ff ff fd ff 83 f8 0c 0f 87 2e 01 00
  0x00007ffaaaf87910:   00 48 98 4c 8d 05 e6 86 ff ff 41 8b 84 80 5c 7a


Stack slot to memory mapping:

stack at sp + 0 slots: {method} {0x0000027d294ef9e8} 'invokePV' '(JJ)V' in 'org/lwjgl/system/JNI'
stack at sp + 1 slots: 0x0 is null
stack at sp + 2 slots: 0x0000027d18ba8c0e is at code_begin+1518 in an Interpreter codelet
return entry points  [0x0000027d18ba8620, 0x0000027d18ba9298]  3192 bytes
stack at sp + 3 slots: 0x00007ffa16cea975 jvm.dll
stack at sp + 4 slots: {method} {0x0000027d294ef9e8} 'invokePV' '(JJ)V' in 'org/lwjgl/system/JNI'
stack at sp + 5 slots: 0x0000027d1917d305 is at entry_point+133 in (nmethod*)0x0000027d1917d188
Compiled method (n/a) 2621 1353     n 0       org.lwjgl.system.JNI::invokePV (native)
 total in heap  [0x0000027d1917d188,0x0000027d1917d3f0] = 616
 main code      [0x0000027d1917d280,0x0000027d1917d3e8] = 360
 oops           [0x0000027d1917d3e8,0x0000027d1917d3f0] = 8
 mutable data [0x0000027d2ff7dba0,0x0000027d2ff7dbc0] = 32
 relocation     [0x0000027d2ff7dba0,0x0000027d2ff7dbc0] = 32
stack at sp + 6 slots: 0x0000027d18ba8408 is at code_begin+-88 in 
[CodeBlob kind:2 (0x0000027d18ba8408)]
Framesize: 0
BufferBlob (0x0000027d18ba8408) used for Interpreter
stack at sp + 7 slots: 0x0 is null

Lock stack of current Java thread (top to bottom):


Compiled method (n/a) 2621 1353     n 0       org.lwjgl.system.JNI::invokePV (native)
 total in heap  [0x0000027d1917d188,0x0000027d1917d3f0] = 616
 main code      [0x0000027d1917d280,0x0000027d1917d3e8] = 360
 oops           [0x0000027d1917d3e8,0x0000027d1917d3f0] = 8
 mutable data [0x0000027d2ff7dba0,0x0000027d2ff7dbc0] = 32
 relocation     [0x0000027d2ff7dba0,0x0000027d2ff7dbc0] = 32

[Constant Pool (empty)]

[MachCode]
[Entry Point]
  # {method} {0x0000027d294ef9e8} 'invokePV' '(JJ)V' in 'org/lwjgl/system/JNI'
  # parm0:    rdx:rdx   = long
  # parm1:    r8:r8     = long
  #           [sp+0x70]  (sp of caller)
  0x0000027d1917d280: 6690 448b | 5208 443b 

  0x0000027d1917d288: ;   {runtime_call Shared Runtime ic_miss_blob}
  0x0000027d1917d288: 5008 0f85 | 5018 a7ff 
[Verified Entry Point]
  0x0000027d1917d290: 8984 2400 | 80ff ff55 | 488b ec48 | 83ec 6090 | 4181 7f20 | 0100 0000 

  0x0000027d1917d2a8: ;   {runtime_call Stub::method_entry_barrier}
  0x0000027d1917d2a8: 7405 e891 | 6fa5 ff4d | 8bc8 4c8b 

  0x0000027d1917d2b4: ;   {oop(a 'java/lang/Class'{0x00000007105a90a0} = 'org/lwjgl/system/JNI')}
  0x0000027d1917d2b4: c249 bea0 | 905a 1007 | 0000 004c | 8974 2450 | 4c8d 7424 | 5049 8bd6 

  0x0000027d1917d2cc: ;   {internal_word}
  0x0000027d1917d2cc: c5f8 7749 | bacc d217 | 197d 0200 | 004d 8997 | 3004 0000 | 4989 a728 | 0400 0049 | 8d8f 4804 
  0x0000027d1917d2ec: 0000 41c7 | 87d4 0400 | 0004 0000 

  0x0000027d1917d2f8: ;   {runtime_call}
  0x0000027d1917d2f8: 0048 b8a0 | 1314 b3fa | 7f00 00ff | d0c5 f877 | 41c7 87d4 | 0400 0005 | 0000 00f0 | 8344 24c0 
  0x0000027d1917d318: 0049 3b6f | 280f 870e | 0000 0041 | 83bf d004 | 0000 000f | 8423 0000 | 00c5 f877 | 498b cf4c 
  0x0000027d1917d338: 8be4 4883 | ec20 4883 

  0x0000027d1917d340: ;   {runtime_call}
  0x0000027d1917d340: e4f0 48b8 | a0ac a216 | fa7f 0000 | ffd0 498b | e44d 33e4 | 41c7 87d4 | 0400 0008 | 0000 0041 
  0x0000027d1917d360: 83bf 5005 | 0000 020f | 8459 0000 | 0049 c787 | 2804 0000 | 0000 0000 | 49c7 8730 | 0400 0000 
  0x0000027d1917d380: 0000 00c5 | f877 498b | 8fb8 0400 | 00c7 8100 | 0100 0000 | 0000 00c9 

  0x0000027d1917d398: ;   {poll_return}
  0x0000027d1917d398: 41f6 4728 

  0x0000027d1917d39c: ;   {internal_word}
  0x0000027d1917d39c: 0174 1649 | ba98 d317 | 197d 0200 | 004d 8997 | e004 0000 

  0x0000027d1917d3b0: ;   {runtime_call SafepointBlob}
  0x0000027d1917d3b0: e9ab 3ba7 | ff49 837f | 0800 0f85 | 0100 0000 

  0x0000027d1917d3c0: ;   {runtime_call Stub::forward_exception}
  0x0000027d1917d3c0: c3e9 1a3e | a2ff c5f8 | 774c 8be4 | 4883 ec20 | 4883 e4f0 

  0x0000027d1917d3d4: ;   {runtime_call}
  0x0000027d1917d3d4: 48b8 10f7 | db16 fa7f | 0000 ffd0 | 498b e44d | 33e4 eb85 
[/MachCode]


Compiled method (c1) 2623 1634       3       Rendering.ImGui.ImGuiMenubar::render (185 bytes)
 total in heap  [0x0000027d11864c88,0x0000027d11865fc8] = 4928
 main code      [0x0000027d11864d80,0x0000027d11865e38] = 4280
 stub code      [0x0000027d11865e38,0x0000027d11865ef8] = 192
 oops           [0x0000027d11865ef8,0x0000027d11865fc8] = 208
 mutable data [0x0000027d2fd00ad0,0x0000027d2fd00db0] = 736
 relocation     [0x0000027d2fd00ad0,0x0000027d2fd00d60] = 656
 metadata       [0x0000027d2fd00d60,0x0000027d2fd00db0] = 80
 immutable data [0x0000027d2fd004c0,0x0000027d2fd00ac8] = 1544
 dependencies   [0x0000027d2fd004c0,0x0000027d2fd004d8] = 24
 nul chk table  [0x0000027d2fd004d8,0x0000027d2fd004e8] = 16
 scopes pcs     [0x0000027d2fd004e8,0x0000027d2fd00848] = 864
 scopes data    [0x0000027d2fd00848,0x0000027d2fd00ac8] = 640

[Constant Pool (empty)]

[MachCode]
[Instructions begin]
  0x0000027d11864d80: 660f 1f84 | 0000 0000 | 0066 0f1f | 8400 0000 | 0000 448b | 5208 443b 

  0x0000027d11864d98: ;   {runtime_call Shared Runtime ic_miss_blob}
  0x0000027d11864d98: 5008 0f85 | 409d 3807 
[Verified Entry Point]
  0x0000027d11864da0: 8984 2400 | 80ff ff55 | 4883 ec60 | 4181 7f20 | 0100 0000 

  0x0000027d11864db4: ;   {runtime_call Stub::method_entry_barrier}
  0x0000027d11864db4: 7405 e885 

  0x0000027d11864db8: ;   {metadata(method data for {method} {0x0000027d2943b078} 'render' '()V' in 'Rendering/ImGui/ImGuiMenubar')}
  0x0000027d11864db8: f436 0748 | be88 2097 | 297d 0200 | 008b be90 | 0000 0083 | c702 89be | 9000 0000 | 81e7 fe07 
  0x0000027d11864dd8: 0000 85ff | 0f84 920c 

  0x0000027d11864de0: ;   {metadata(method data for {method} {0x0000027d2943b078} 'render' '()V' in 'Rendering/ImGui/ImGuiMenubar')}
  0x0000027d11864de0: 0000 48be | 8820 9729 | 7d02 0000 | 4883 86d8 | 0000 0001 

  0x0000027d11864df4: ;   {metadata(method data for {method} {0x0000027d29638dd8} 'beginMainMenuBar' '()Z' in 'imgui/ImGui')}
  0x0000027d11864df4: 48be e02f | 9729 7d02 | 0000 8bbe | 9000 0000 | 83c7 0289 | be90 0000 | 0081 e7fe | ff1f 0085 
  0x0000027d11864e14: ff0f 847a 

  0x0000027d11864e18: ;   {metadata(method data for {method} {0x0000027d29638dd8} 'beginMainMenuBar' '()Z' in 'imgui/ImGui')}
  0x0000027d11864e18: 0c00 0048 | bee0 2f97 | 297d 0200 | 0048 8386 | d800 0000 

  0x0000027d11864e2c: ;   {static_call}
  0x0000027d11864e2c: 0166 90e8 

  0x0000027d11864e30: ; ImmutableOopMap {}
                      ;*invokestatic nBeginMainMenuBar {reexecute=0 rethrow=0 return_oop=0}
                      ; - imgui.ImGui::beginMainMenuBar@0 (line 10091)
                      ; - Rendering.ImGui.ImGuiMenubar::render@0 (line 15)
  0x0000027d11864e30: dc53 9207 

  0x0000027d11864e34: ;   {post_call_nop}
  0x0000027d11864e34: 0f1f 8400 | ac01 0000 | 83e0 0185 

  0x0000027d11864e40: ;   {metadata(method data for {method} {0x0000027d2943b078} 'render' '()V' in 'Rendering/ImGui/ImGuiMenubar')}
  0x0000027d11864e40: c048 ba88 | 2097 297d | 0200 00be | e800 0000 | 7405 bef8 | 0000 0048 | 8b3c 3248 | 8d7f 0148 
  0x0000027d11864e60: 893c 320f | 84fb 0b00 

  0x0000027d11864e68: ;   {metadata(method data for {method} {0x0000027d2943b078} 'render' '()V' in 'Rendering/ImGui/ImGuiMenubar')}
  0x0000027d11864e68: 0048 ba88 | 2097 297d | 0200 0048 | 8382 0801 

  0x0000027d11864e78: ;   {metadata(method data for {method} {0x0000027d29639068} 'beginMenu' '(Ljava/lang/String;)Z' in 'imgui/ImGui')}
  0x0000027d11864e78: 0000 0148 | ba70 3d96 | 297d 0200 | 008b b290 | 0000 0083 | c602 89b2 | 9000 0000 | 81e6 feff 
  0x0000027d11864e98: 1f00 85f6 | 0f84 140c 

  0x0000027d11864ea0: ;   {metadata(method data for {method} {0x0000027d29639068} 'beginMenu' '(Ljava/lang/String;)Z' in 'imgui/ImGui')}
  0x0000027d11864ea0: 0000 48ba | 703d 9629 | 7d02 0000 | 4883 82d8 | 0000 0001 

  0x0000027d11864eb4: ;   {oop("File"{0x000000070fdd4b00})}
  0x0000027d11864eb4: 48ba 004b | dd0f 0700 

  0x0000027d11864ebc: ;   {static_call}
  0x0000027d11864ebc: 0000 90e8 

  0x0000027d11864ec0: ; ImmutableOopMap {}
                      ;*invokestatic nBeginMenu {reexecute=0 rethrow=0 return_oop=0}
                      ; - imgui.ImGui::beginMenu@1 (line 10113)
                      ; - Rendering.ImGui.ImGuiMenubar::render@8 (line 17)
  0x0000027d11864ec0: cc92 9107 

  0x0000027d11864ec4: ;   {post_call_nop}
  0x0000027d11864ec4: 0f1f 8400 | 3c02 0001 | 83e0 0185 

  0x0000027d11864ed0: ;   {metadata(method data for {method} {0x0000027d2943b078} 'render' '()V' in 'Rendering/ImGui/ImGuiMenubar')}
  0x0000027d11864ed0: c048 ba88 | 2097 297d | 0200 0041 | b818 0100 | 0074 0641 | b828 0100 | 004e 8b0c | 024d 8d49 
  0x0000027d11864ef0: 014e 890c | 020f 84d1 

  0x0000027d11864ef8: ;   {metadata(method data for {method} {0x0000027d2943b078} 'render' '()V' in 'Rendering/ImGui/ImGuiMenubar')}
  0x0000027d11864ef8: 0600 0048 | ba88 2097 | 297d 0200 | 0048 8382 | 3801 0000 

  0x0000027d11864f0c: ;   {metadata(method data for {method} {0x0000027d29639a00} 'menuItem' '(Ljava/lang/String;Ljava/lang/String;ZZ)Z' in 'imgui/ImGui')}
  0x0000027d11864f0c: 0148 ba68 | 5696 297d | 0200 0044 | 8b82 9000 | 0000 4183 | c002 4489 | 8290 0000 | 0041 81e0 
  0x0000027d11864f2c: feff 1f00 | 4585 c00f | 849e 0b00 

  0x0000027d11864f38: ;   {metadata(method data for {method} {0x0000027d29639a00} 'menuItem' '(Ljava/lang/String;Ljava/lang/String;ZZ)Z' in 'imgui/ImGui')}
  0x0000027d11864f38: 0048 ba68 | 5696 297d | 0200 0048 | 8382 d800 

  0x0000027d11864f48: ;   {oop("New"{0x000000070fa2dc40})}
  0x0000027d11864f48: 0000 0148 | ba40 dca2 | 0f07 0000 

  0x0000027d11864f54: ;   {oop("Ctrl+N"{0x000000070fa2dc70})}
  0x0000027d11864f54: 0049 b870 | dca2 0f07 | 0000 0041 | b900 0000 | 00bf 0100 | 0000 0f1f 

  0x0000027d11864f6c: ;   {static_call}
  0x0000027d11864f6c: 4400 00e8 

  0x0000027d11864f70: ; ImmutableOopMap {}
                      ;*invokestatic nMenuItem {reexecute=0 rethrow=0 return_oop=0}
                      ; - imgui.ImGui::menuItem@4 (line 10208)
                      ; - Rendering.ImGui.ImGuiMenubar::render@20 (line 18)
  0x0000027d11864f70: 9cb4 9207 

  0x0000027d11864f74: ;   {post_call_nop}
  0x0000027d11864f74: 0f1f 8400 | ec02 0002 

  0x0000027d11864f7c: ;   {metadata(method data for {method} {0x0000027d2943b078} 'render' '()V' in 'Rendering/ImGui/ImGuiMenubar')}
  0x0000027d11864f7c: 48ba 8820 | 9729 7d02 | 0000 4883 | 8248 0100 

  0x0000027d11864f8c: ;   {metadata(method data for {method} {0x0000027d29639a00} 'menuItem' '(Ljava/lang/String;Ljava/lang/String;ZZ)Z' in 'imgui/ImGui')}
  0x0000027d11864f8c: 0001 48ba | 6856 9629 | 7d02 0000 | 448b 8290 | 0000 0041 | 83c0 0244 | 8982 9000 | 0000 4181 
  0x0000027d11864fac: e0fe ff1f | 0045 85c0 | 0f84 3e0b 

  0x0000027d11864fb8: ;   {metadata(method data for {method} {0x0000027d29639a00} 'menuItem' '(Ljava/lang/String;Ljava/lang/String;ZZ)Z' in 'imgui/ImGui')}
  0x0000027d11864fb8: 0000 48ba | 6856 9629 | 7d02 0000 | 4883 82d8 | 0000 0001 

  0x0000027d11864fcc: ;   {oop("Open"{0x000000070fa2de38})}
  0x0000027d11864fcc: 48ba 38de | a20f 0700 

  0x0000027d11864fd4: ;   {oop("Ctrl+O"{0x000000070fa2de68})}
  0x0000027d11864fd4: 0000 49b8 | 68de a20f | 0700 0000 | 41b9 0000 | 0000 bf01 | 0000 000f 

  0x0000027d11864fec: ;   {static_call}
  0x0000027d11864fec: 1f40 00e8 

  0x0000027d11864ff0: ; ImmutableOopMap {}
                      ;*invokestatic nMenuItem {reexecute=0 rethrow=0 return_oop=0}
                      ; - imgui.ImGui::menuItem@4 (line 10208)
                      ; - Rendering.ImGui.ImGuiMenubar::render@30 (line 19)
  0x0000027d11864ff0: 1cb4 9207 

  0x0000027d11864ff4: ;   {post_call_nop}
  0x0000027d11864ff4: 0f1f 8400 | 6c03 0003 

  0x0000027d11864ffc: ;   {metadata(method data for {method} {0x0000027d2943b078} 'render' '()V' in 'Rendering/ImGui/ImGuiMenubar')}
  0x0000027d11864ffc: 48ba 8820 | 9729 7d02 | 0000 4883 | 8258 0100 

  0x0000027d1186500c: ;   {metadata(method data for {method} {0x0000027d29639120} 'beginMenu' '(Ljava/lang/String;Z)Z' in 'imgui/ImGui')}
  0x0000027d1186500c: 0001 48ba | 0031 9729 | 7d02 0000 | 448b 8290 | 0000 0041 | 83c0 0244 | 8982 9000 | 0000 4181 
  0x0000027d1186502c: e0fe ff1f | 0045 85c0 | 0f84 df0a 

  0x0000027d11865038: ;   {metadata(method data for {method} {0x0000027d29639120} 'beginMenu' '(Ljava/lang/String;Z)Z' in 'imgui/ImGui')}
  0x0000027d11865038: 0000 48ba | 0031 9729 | 7d02 0000 | 4883 82d8 | 0000 0001 

  0x0000027d1186504c: ;   {oop("Open Recent"{0x000000070fa2de98})}
  0x0000027d1186504c: 48ba 98de | a20f 0700 | 0000 41b8 | 0000 0000 

  0x0000027d1186505c: ;   {static_call}
  0x0000027d1186505c: 6666 90e8 

  0x0000027d11865060: ; ImmutableOopMap {}
                      ;*invokestatic nBeginMenu {reexecute=0 rethrow=0 return_oop=0}
                      ; - imgui.ImGui::beginMenu@2 (line 10120)
                      ; - Rendering.ImGui.ImGuiMenubar::render@37 (line 21)
  0x0000027d11865060: acc2 9207 

  0x0000027d11865064: ;   {post_call_nop}
  0x0000027d11865064: 0f1f 8400 | dc03 0004 | 83e0 0185 

  0x0000027d11865070: ;   {metadata(method data for {method} {0x0000027d2943b078} 'render' '()V' in 'Rendering/ImGui/ImGuiMenubar')}
  0x0000027d11865070: c048 ba88 | 2097 297d | 0200 0041 | b868 0100 | 0074 0641 | b878 0100 | 004e 8b0c | 024d 8d49 
  0x0000027d11865090: 014e 890c | 020f 8459 

  0x0000027d11865098: ;   {metadata(method data for {method} {0x0000027d2943b078} 'render' '()V' in 'Rendering/ImGui/ImGuiMenubar')}
  0x0000027d11865098: 0100 0048 | ba88 2097 | 297d 0200 | 0048 8382 | 8801 0000 

  0x0000027d118650ac: ;   {metadata(method data for {method} {0x0000027d29639a00} 'menuItem' '(Ljava/lang/String;Ljava/lang/String;ZZ)Z' in 'imgui/ImGui')}
  0x0000027d118650ac: 0148 ba68 | 5696 297d | 0200 0044 | 8b82 9000 | 0000 4183 | c002 4489 | 8290 0000 | 0041 81e0 
  0x0000027d118650cc: feff 1f00 | 4585 c00f | 8461 0a00 

  0x0000027d118650d8: ;   {metadata(method data for {method} {0x0000027d29639a00} 'menuItem' '(Ljava/lang/String;Ljava/lang/String;ZZ)Z' in 'imgui/ImGui')}
  0x0000027d118650d8: 0048 ba68 | 5696 297d | 0200 0048 | 8382 d800 

  0x0000027d118650e8: ;   {oop("File 1"{0x0000000710800408})}
  0x0000027d118650e8: 0000 0148 | ba08 0480 | 1007 0000 

  0x0000027d118650f4: ;   {oop(nullptr)}
  0x0000027d118650f4: 0049 b800 | 0000 0000 | 0000 0041 | b900 0000 | 00bf 0100 | 0000 0f1f 

  0x0000027d1186510c: ;   {static_call}
  0x0000027d1186510c: 4400 00e8 

  0x0000027d11865110: ; ImmutableOopMap {}
                      ;*invokestatic nMenuItem {reexecute=0 rethrow=0 return_oop=0}
                      ; - imgui.ImGui::menuItem@4 (line 10208)
                      ; - Rendering.ImGui.ImGuiMenubar::render@48 (line 22)
  0x0000027d11865110: cca2 3807 

  0x0000027d11865114: ;   {post_call_nop}
  0x0000027d11865114: 0f1f 8400 | 8c04 0005 

  0x0000027d1186511c: ;   {metadata(method data for {method} {0x0000027d2943b078} 'render' '()V' in 'Rendering/ImGui/ImGuiMenubar')}
  0x0000027d1186511c: 48ba 8820 | 9729 7d02 | 0000 4883 | 8298 0100 

  0x0000027d1186512c: ;   {metadata(method data for {method} {0x0000027d29639a00} 'menuItem' '(Ljava/lang/String;Ljava/lang/String;ZZ)Z' in 'imgui/ImGui')}
  0x0000027d1186512c: 0001 48ba | 6856 9629 | 7d02 0000 | 448b 8290 | 0000 0041 | 83c0 0244 | 8982 9000 | 0000 4181 
  0x0000027d1186514c: e0fe ff1f | 0045 85c0 | 0f84 010a 

  0x0000027d11865158: ;   {metadata(method data for {method} {0x0000027d29639a00} 'menuItem' '(Ljava/lang/String;Ljava/lang/String;ZZ)Z' in 'imgui/ImGui')}
  0x0000027d11865158: 0000 48ba | 6856 9629 | 7d02 0000 | 4883 82d8 | 0000 0001 

  0x0000027d1186516c: ;   {oop("File 2"{0x0000000710800438})}
  0x0000027d1186516c: 48ba 3804 | 8010 0700 

  0x0000027d11865174: ;   {oop(nullptr)}
  0x0000027d11865174: 0000 49b8 | 0000 0000 | 0000 0000 | 41b9 0000 | 0000 bf01 | 0000 000f 

  0x0000027d1186518c: ;   {static_call}
  0x0000027d1186518c: 1f40 00e8 

  0x0000027d11865190: ; ImmutableOopMap {}
                      ;*invokestatic nMenuItem {reexecute=0 rethrow=0 return_oop=0}
                      ; - imgui.ImGui::menuItem@4 (line 10208)
                      ; - Rendering.ImGui.ImGuiMenubar::render@57 (line 23)
  0x0000027d11865190: 4ca2 3807 

  0x0000027d11865194: ;   {post_call_nop}
  0x0000027d11865194: 0f1f 8400 | 0c05 0006 

  0x0000027d1186519c: ;   {metadata(method data for {method} {0x0000027d2943b078} 'render' '()V' in 'Rendering/ImGui/ImGuiMenubar')}
  0x0000027d1186519c: 48be 8820 | 9729 7d02 | 0000 4883 | 86a8 0100 

  0x0000027d118651ac: ;   {metadata(method data for {method} {0x0000027d29639300} 'endMenu' '()V' in 'imgui/ImGui')}
  0x0000027d118651ac: 0001 48be | 3032 9729 | 7d02 0000 | 8bbe 9000 | 0000 83c7 | 0289 be90 | 0000 0081 | e7fe ff1f 
  0x0000027d118651cc: 0085 ff0f | 84a7 0900 

  0x0000027d118651d4: ;   {metadata(method data for {method} {0x0000027d29639300} 'endMenu' '()V' in 'imgui/ImGui')}
  0x0000027d118651d4: 0048 be30 | 3297 297d | 0200 0048 | 8386 d800 

  0x0000027d118651e4: ;   {static_call}
  0x0000027d118651e4: 0000 01e8 

  0x0000027d118651e8: ; ImmutableOopMap {}
                      ;*invokestatic nEndMenu {reexecute=0 rethrow=0 return_oop=0}
                      ; - imgui.ImGui::endMenu@0 (line 10141)
                      ; - Rendering.ImGui.ImGuiMenubar::render@61 (line 24)
  0x0000027d118651e8: f4a1 3807 

  0x0000027d118651ec: ;   {post_call_nop}
  0x0000027d118651ec: 0f1f 8400 | 6405 0007 

  0x0000027d118651f4: ;   {metadata(method data for {method} {0x0000027d2943b078} 'render' '()V' in 'Rendering/ImGui/ImGuiMenubar')}
  0x0000027d118651f4: 48ba 8820 | 9729 7d02 | 0000 4883 | 82b8 0100 

  0x0000027d11865204: ;   {metadata(method data for {method} {0x0000027d29639a00} 'menuItem' '(Ljava/lang/String;Ljava/lang/String;ZZ)Z' in 'imgui/ImGui')}
  0x0000027d11865204: 0001 48ba | 6856 9629 | 7d02 0000 | 448b 8290 | 0000 0041 | 83c0 0244 | 8982 9000 | 0000 4181 
  0x0000027d11865224: e0fe ff1f | 0045 85c0 | 0f84 6b09 

  0x0000027d11865230: ;   {metadata(method data for {method} {0x0000027d29639a00} 'menuItem' '(Ljava/lang/String;Ljava/lang/String;ZZ)Z' in 'imgui/ImGui')}
  0x0000027d11865230: 0000 48ba | 6856 9629 | 7d02 0000 | 4883 82d8 | 0000 0001 

  0x0000027d11865244: ;   {oop("Save"{0x000000070fa2e058})}
  0x0000027d11865244: 48ba 58e0 | a20f 0700 

  0x0000027d1186524c: ;   {oop("Ctrl+S"{0x000000070fa2e088})}
  0x0000027d1186524c: 0000 49b8 | 88e0 a20f | 0700 0000 | 41b9 0000 | 0000 bf01 | 0000 000f 

  0x0000027d11865264: ;   {static_call}
  0x0000027d11865264: 1f40 00e8 

  0x0000027d11865268: ; ImmutableOopMap {}
                      ;*invokestatic nMenuItem {reexecute=0 rethrow=0 return_oop=0}
                      ; - imgui.ImGui::menuItem@4 (line 10208)
                      ; - Rendering.ImGui.ImGuiMenubar::render@70 (line 26)
  0x0000027d11865268: a4b1 9207 

  0x0000027d1186526c: ;   {post_call_nop}
  0x0000027d1186526c: 0f1f 8400 | e405 0008 

  0x0000027d11865274: ;   {metadata(method data for {method} {0x0000027d2943b078} 'render' '()V' in 'Rendering/ImGui/ImGuiMenubar')}
  0x0000027d11865274: 48ba 8820 | 9729 7d02 | 0000 4883 | 82c8 0100 

  0x0000027d11865284: ;   {metadata(method data for {method} {0x0000027d29639a00} 'menuItem' '(Ljava/lang/String;Ljava/lang/String;ZZ)Z' in 'imgui/ImGui')}
  0x0000027d11865284: 0001 48ba | 6856 9629 | 7d02 0000 | 448b 8290 | 0000 0041 | 83c0 0244 | 8982 9000 | 0000 4181 
  0x0000027d118652a4: e0fe ff1f | 0045 85c0 | 0f84 0c09 

  0x0000027d118652b0: ;   {metadata(method data for {method} {0x0000027d29639a00} 'menuItem' '(Ljava/lang/String;Ljava/lang/String;ZZ)Z' in 'imgui/ImGui')}
  0x0000027d118652b0: 0000 48ba | 6856 9629 | 7d02 0000 | 4883 82d8 | 0000 0001 

  0x0000027d118652c4: ;   {oop("Save As..."{0x000000070fa2e0b8})}
  0x0000027d118652c4: 48ba b8e0 | a20f 0700 

  0x0000027d118652cc: ;   {oop(nullptr)}
  0x0000027d118652cc: 0000 49b8 | 0000 0000 | 0000 0000 | 41b9 0000 | 0000 bf01 | 0000 000f 

  0x0000027d118652e4: ;   {static_call}
  0x0000027d118652e4: 1f40 00e8 

  0x0000027d118652e8: ; ImmutableOopMap {}
                      ;*invokestatic nMenuItem {reexecute=0 rethrow=0 return_oop=0}
                      ; - imgui.ImGui::menuItem@4 (line 10208)
                      ; - Rendering.ImGui.ImGuiMenubar::render@79 (line 27)
  0x0000027d118652e8: 24b1 9207 

  0x0000027d118652ec: ;   {post_call_nop}
  0x0000027d118652ec: 0f1f 8400 | 6406 0009 

  0x0000027d118652f4: ;   {metadata(method data for {method} {0x0000027d2943b078} 'render' '()V' in 'Rendering/ImGui/ImGuiMenubar')}
  0x0000027d118652f4: 48be 8820 | 9729 7d02 | 0000 4883 | 86d8 0100 

  0x0000027d11865304: ;   {metadata(method data for {method} {0x0000027d29604f28} 'separator' '()V' in 'imgui/ImGui')}
  0x0000027d11865304: 0001 48be | a857 9629 | 7d02 0000 | 8bbe 9000 | 0000 83c7 | 0289 be90 | 0000 0081 | e7fe ff1f 
  0x0000027d11865324: 0085 ff0f | 84b2 0800 

  0x0000027d1186532c: ;   {metadata(method data for {method} {0x0000027d29604f28} 'separator' '()V' in 'imgui/ImGui')}
  0x0000027d1186532c: 0048 bea8 | 5796 297d | 0200 0048 | 8386 d800 

  0x0000027d1186533c: ;   {static_call}
  0x0000027d1186533c: 0000 01e8 

  0x0000027d11865340: ; ImmutableOopMap {}
                      ;*invokestatic nSeparator {reexecute=0 rethrow=0 return_oop=0}
                      ; - imgui.ImGui::separator@0 (line 2550)
                      ; - Rendering.ImGui.ImGuiMenubar::render@83 (line 28)
  0x0000027d11865340: cc60 9207 

  0x0000027d11865344: ;   {post_call_nop}
  0x0000027d11865344: 0f1f 8400 | bc06 000a 

  0x0000027d1186534c: ;   {metadata(method data for {method} {0x0000027d2943b078} 'render' '()V' in 'Rendering/ImGui/ImGuiMenubar')}
  0x0000027d1186534c: 48ba 8820 | 9729 7d02 | 0000 4883 | 82e8 0100 

  0x0000027d1186535c: ;   {metadata(method data for {method} {0x0000027d29639a00} 'menuItem' '(Ljava/lang/String;Ljava/lang/String;ZZ)Z' in 'imgui/ImGui')}
  0x0000027d1186535c: 0001 48ba | 6856 9629 | 7d02 0000 | 448b 8290 | 0000 0041 | 83c0 0244 | 8982 9000 | 0000 4181 
  0x0000027d1186537c: e0fe ff1f | 0045 85c0 | 0f84 7608 

  0x0000027d11865388: ;   {metadata(method data for {method} {0x0000027d29639a00} 'menuItem' '(Ljava/lang/String;Ljava/lang/String;ZZ)Z' in 'imgui/ImGui')}
  0x0000027d11865388: 0000 48ba | 6856 9629 | 7d02 0000 | 4883 82d8 | 0000 0001 

  0x0000027d1186539c: ;   {oop("Quit"{0x000000070fa2e0f0})}
  0x0000027d1186539c: 48ba f0e0 | a20f 0700 

  0x0000027d118653a4: ;   {oop("Alt+F4"{0x000000070fa2e120})}
  0x0000027d118653a4: 0000 49b8 | 20e1 a20f | 0700 0000 | 41b9 0000 | 0000 bf01 | 0000 000f 

  0x0000027d118653bc: ;   {static_call}
  0x0000027d118653bc: 1f40 00e8 

  0x0000027d118653c0: ; ImmutableOopMap {}
                      ;*invokestatic nMenuItem {reexecute=0 rethrow=0 return_oop=0}
                      ; - imgui.ImGui::menuItem@4 (line 10208)
                      ; - Rendering.ImGui.ImGuiMenubar::render@92 (line 30)
  0x0000027d118653c0: 4cb0 9207 

  0x0000027d118653c4: ;   {post_call_nop}
  0x0000027d118653c4: 0f1f 8400 | 3c07 000b | 83e0 0185 

  0x0000027d118653d0: ;   {metadata(method data for {method} {0x0000027d2943b078} 'render' '()V' in 'Rendering/ImGui/ImGuiMenubar')}
  0x0000027d118653d0: c048 ba88 | 2097 297d | 0200 00be | f801 0000 | 7405 be08 | 0200 0048 | 8b3c 3248 | 8d7f 0148 
  0x0000027d118653f0: 893c 320f | 847b 0100 

  0x0000027d118653f8: ;   {metadata(method data for {method} {0x0000027d2943b078} 'render' '()V' in 'Rendering/ImGui/ImGuiMenubar')}
  0x0000027d118653f8: 0048 ba88 | 2097 297d | 0200 0048 | 8382 1802 

  0x0000027d11865408: ;   {metadata(method data for {method} {0x0000027d294016c0} 'get' '()LJade/Window;' in 'Jade/Window')}
  0x0000027d11865408: 0000 0148 | baa0 0596 | 297d 0200 | 008b b290 | 0000 0083 | c602 89b2 | 9000 0000 | 81e6 feff 
  0x0000027d11865428: 1f00 85f6 | 0f84 ef07 

  0x0000027d11865430: ;   {oop(a 'java/lang/Class'{0x0000000710a690a0} = 'Jade/Window')}
  0x0000027d11865430: 0000 48ba | a090 a610 | 0700 0000 | 8b52 7848 | c1e2 0348 

  0x0000027d11865444: ;   {metadata(method data for {method} {0x0000027d294016c0} 'get' '()LJade/Window;' in 'Jade/Window')}
  0x0000027d11865444: 85d2 48ba | a005 9629 | 7d02 0000 | bed8 0000 | 0075 05be | e800 0000 | 488b 3c32 | 488d 7f01 
  0x0000027d11865464: 4889 3c32 | 0f85 b900 

  0x0000027d1186546c: ;   {metadata('Jade/Window')}
  0x0000027d1186546c: 0000 48ba | 1002 042f | 0000 0000 | 498b 87c8 | 0100 0048 | 8d78 2849 | 3bbf d801 | 0000 0f87 
  0x0000027d1186548c: b207 0000 | 4989 bfc8 | 0100 0048 | c700 0100 | 0000 488b | ca41 ba00 | 0000 2e49 | 2bca 8948 
  0x0000027d118654ac: 0848 33c9 | 8948 0c48 | 33c9 4889 | 4810 4889 | 4818 4889 | 4820 488b 

  0x0000027d118654c4: ;   {metadata(method data for {method} {0x0000027d294016c0} 'get' '()LJade/Window;' in 'Jade/Window')}
  0x0000027d118654c4: d048 bea0 | 0596 297d | 0200 0048 | 8386 f800 | 0000 0148 | 8bd0 4889 

  0x0000027d118654dc: ;   {optimized virtual_call}
  0x0000027d118654dc: 4424 50e8 

  0x0000027d118654e0: ; ImmutableOopMap {[80]=Oop }
                      ;*invokespecial <init> {reexecute=0 rethrow=0 return_oop=0}
                      ; - Jade.Window::get@10 (line 70)
                      ; - Rendering.ImGui.ImGuiMenubar::render@98 (line 30)
  0x0000027d118654e0: fc98 3807 

  0x0000027d118654e4: ;   {post_call_nop}
  0x0000027d118654e4: 0f1f 8400 | 5c08 000c 

  0x0000027d118654ec: ;   {oop(a 'java/lang/Class'{0x0000000710a690a0} = 'Jade/Window')}
  0x0000027d118654ec: 48ba a090 | a610 0700 | 0000 410f | be77 4885 | f60f 854c | 0700 0048 | 8b44 2450 | 4c8b d049 
  0x0000027d1186550c: c1ea 0344 | 8952 7848 | 8bf2 4833 | f048 c1ee | 1548 83fe | 000f 8547 

  0x0000027d11865524: ;   {oop(a 'java/lang/Class'{0x0000000710a690a0} = 'Jade/Window')}
  0x0000027d11865524: 0700 0048 | baa0 90a6 | 1007 0000 | 008b 5278 | 48c1 e203 

  0x0000027d11865538: ; implicit exception: dispatches to 0x0000027d11865c86
  0x0000027d11865538: 483b 0248 

  0x0000027d1186553c: ;   {metadata(method data for {method} {0x0000027d2943b078} 'render' '()V' in 'Rendering/ImGui/ImGuiMenubar')}
  0x0000027d1186553c: 8bf2 48bf | 8820 9729 | 7d02 0000 

  0x0000027d11865548: ;   {metadata('Jade/Window')}
  0x0000027d11865548: 49ba 1002 | 042f 0000 | 0000 4c89 | 9730 0200 | 0048 8387 | 3802 0000 | 0166 0f1f 

  0x0000027d11865564: ;   {optimized virtual_call}
  0x0000027d11865564: 4400 00e8 

  0x0000027d11865568: ; ImmutableOopMap {}
                      ;*invokevirtual destroy {reexecute=0 rethrow=0 return_oop=0}
                      ; - Rendering.ImGui.ImGuiMenubar::render@101 (line 30)
  0x0000027d11865568: d108 0000 

  0x0000027d1186556c: ;   {post_call_nop}
  0x0000027d1186556c: 0f1f 8400 | e408 000d 

  0x0000027d11865574: ;   {metadata(method data for {method} {0x0000027d2943b078} 'render' '()V' in 'Rendering/ImGui/ImGuiMenubar')}
  0x0000027d11865574: 48be 8820 | 9729 7d02 | 0000 4883 | 8658 0200 

  0x0000027d11865584: ;   {metadata(method data for {method} {0x0000027d29639300} 'endMenu' '()V' in 'imgui/ImGui')}
  0x0000027d11865584: 0001 48be | 3032 9729 | 7d02 0000 | 8bbe 9000 | 0000 83c7 | 0289 be90 | 0000 0081 | e7fe ff1f 
  0x0000027d118655a4: 0085 ff0f | 84de 0600 

  0x0000027d118655ac: ;   {metadata(method data for {method} {0x0000027d29639300} 'endMenu' '()V' in 'imgui/ImGui')}
  0x0000027d118655ac: 0048 be30 | 3297 297d | 0200 0048 | 8386 d800 

  0x0000027d118655bc: ;   {static_call}
  0x0000027d118655bc: 0000 01e8 

  0x0000027d118655c0: ; ImmutableOopMap {}
                      ;*invokestatic nEndMenu {reexecute=0 rethrow=0 return_oop=0}
                      ; - imgui.ImGui::endMenu@0 (line 10141)
                      ; - Rendering.ImGui.ImGuiMenubar::render@104 (line 31)
  0x0000027d118655c0: 4cc0 9207 

  0x0000027d118655c4: ;   {post_call_nop}
  0x0000027d118655c4: 0f1f 8400 | 3c09 000e 

  0x0000027d118655cc: ;   {metadata(method data for {method} {0x0000027d2943b078} 'render' '()V' in 'Rendering/ImGui/ImGuiMenubar')}
  0x0000027d118655cc: 48ba 8820 | 9729 7d02 | 0000 4883 | 8268 0200 

  0x0000027d118655dc: ;   {metadata(method data for {method} {0x0000027d29639068} 'beginMenu' '(Ljava/lang/String;)Z' in 'imgui/ImGui')}
  0x0000027d118655dc: 0001 48ba | 703d 9629 | 7d02 0000 | 8bb2 9000 | 0000 83c6 | 0289 b290 | 0000 0081 | e6fe ff1f 
  0x0000027d118655fc: 0085 f60f | 84a7 0600 

  0x0000027d11865604: ;   {metadata(method data for {method} {0x0000027d29639068} 'beginMenu' '(Ljava/lang/String;)Z' in 'imgui/ImGui')}
  0x0000027d11865604: 0048 ba70 | 3d96 297d | 0200 0048 | 8382 d800 

  0x0000027d11865614: ;   {oop("Edit"{0x000000070fdd4cb0})}
  0x0000027d11865614: 0000 0148 | bab0 4cdd | 0f07 0000 | 0066 0f1f 

  0x0000027d11865624: ;   {static_call}
  0x0000027d11865624: 4400 00e8 

  0x0000027d11865628: ; ImmutableOopMap {}
                      ;*invokestatic nBeginMenu {reexecute=0 rethrow=0 return_oop=0}
                      ; - imgui.ImGui::beginMenu@1 (line 10113)
                      ; - Rendering.ImGui.ImGuiMenubar::render@109 (line 34)
  0x0000027d11865628: 648b 9107 

  0x0000027d1186562c: ;   {post_call_nop}
  0x0000027d1186562c: 0f1f 8400 | a409 000f | 83e0 0185 

  0x0000027d11865638: ;   {metadata(method data for {method} {0x0000027d2943b078} 'render' '()V' in 'Rendering/ImGui/ImGuiMenubar')}
  0x0000027d11865638: c048 ba88 | 2097 297d | 0200 0041 | b878 0200 | 0074 0641 | b888 0200 | 004e 8b0c | 024d 8d49 
  0x0000027d11865658: 014e 890c | 020f 84a9 

  0x0000027d11865660: ;   {metadata(method data for {method} {0x0000027d2943b078} 'render' '()V' in 'Rendering/ImGui/ImGuiMenubar')}
  0x0000027d11865660: 0300 0048 | ba88 2097 | 297d 0200 | 0048 8382 | 9802 0000 

  0x0000027d11865674: ;   {metadata(method data for {method} {0x0000027d29639a00} 'menuItem' '(Ljava/lang/String;Ljava/lang/String;ZZ)Z' in 'imgui/ImGui')}
  0x0000027d11865674: 0148 ba68 | 5696 297d | 0200 0044 | 8b82 9000 | 0000 4183 | c002 4489 | 8290 0000 | 0041 81e0 
  0x0000027d11865694: feff 1f00 | 4585 c00f | 842c 0600 

  0x0000027d118656a0: ;   {metadata(method data for {method} {0x0000027d29639a00} 'menuItem' '(Ljava/lang/String;Ljava/lang/String;ZZ)Z' in 'imgui/ImGui')}
  0x0000027d118656a0: 0048 ba68 | 5696 297d | 0200 0048 | 8382 d800 

  0x0000027d118656b0: ;   {oop("Copy"{0x0000000710800468})}
  0x0000027d118656b0: 0000 0148 | ba68 0480 | 1007 0000 

  0x0000027d118656bc: ;   {oop("Ctrl+C"{0x0000000710800498})}
  0x0000027d118656bc: 0049 b898 | 0480 1007 | 0000 0041 | b900 0000 | 00bf 0000 | 0000 0f1f 

  0x0000027d118656d4: ;   {static_call}
  0x0000027d118656d4: 4400 00e8 

  0x0000027d118656d8: ; ImmutableOopMap {}
                      ;*invokestatic nMenuItem {reexecute=0 rethrow=0 return_oop=0}
                      ; - imgui.ImGui::menuItem@4 (line 10208)
                      ; - Rendering.ImGui.ImGuiMenubar::render@121 (line 35)
  0x0000027d118656d8: 049d 3807 

  0x0000027d118656dc: ;   {post_call_nop}
  0x0000027d118656dc: 0f1f 8400 | 540a 0010 

  0x0000027d118656e4: ;   {metadata(method data for {method} {0x0000027d2943b078} 'render' '()V' in 'Rendering/ImGui/ImGuiMenubar')}
  0x0000027d118656e4: 48ba 8820 | 9729 7d02 | 0000 4883 | 82a8 0200 

  0x0000027d118656f4: ;   {metadata(method data for {method} {0x0000027d29639a00} 'menuItem' '(Ljava/lang/String;Ljava/lang/String;ZZ)Z' in 'imgui/ImGui')}
  0x0000027d118656f4: 0001 48ba | 6856 9629 | 7d02 0000 | 448b 8290 | 0000 0041 | 83c0 0244 | 8982 9000 | 0000 4181 
  0x0000027d11865714: e0fe ff1f | 0045 85c0 | 0f84 cc05 

  0x0000027d11865720: ;   {metadata(method data for {method} {0x0000027d29639a00} 'menuItem' '(Ljava/lang/String;Ljava/lang/String;ZZ)Z' in 'imgui/ImGui')}
  0x0000027d11865720: 0000 48ba | 6856 9629 | 7d02 0000 | 4883 82d8 | 0000 0001 

  0x0000027d11865734: ;   {oop("Paste"{0x00000007108004c8})}
  0x0000027d11865734: 48ba c804 | 8010 0700 

  0x0000027d1186573c: ;   {oop("Ctrl+V"{0x00000007108004f8})}
  0x0000027d1186573c: 0000 49b8 | f804 8010 | 0700 0000 | 41b9 0000 | 0000 bf00 | 0000 000f 

  0x0000027d11865754: ;   {static_call}
  0x0000027d11865754: 1f40 00e8 

  0x0000027d11865758: ; ImmutableOopMap {}
                      ;*invokestatic nMenuItem {reexecute=0 rethrow=0 return_oop=0}
                      ; - imgui.ImGui::menuItem@4 (line 10208)
                      ; - Rendering.ImGui.ImGuiMenubar::render@131 (line 36)
  0x0000027d11865758: 849c 3807 

  0x0000027d1186575c: ;   {post_call_nop}
  0x0000027d1186575c: 0f1f 8400 | d40a 0011 

  0x0000027d11865764: ;   {metadata(method data for {method} {0x0000027d2943b078} 'render' '()V' in 'Rendering/ImGui/ImGuiMenubar')}
  0x0000027d11865764: 48ba 8820 | 9729 7d02 | 0000 4883 | 82b8 0200 

  0x0000027d11865774: ;   {metadata(method data for {method} {0x0000027d29639a00} 'menuItem' '(Ljava/lang/String;Ljava/lang/String;ZZ)Z' in 'imgui/ImGui')}
  0x0000027d11865774: 0001 48ba | 6856 9629 | 7d02 0000 | 448b 8290 | 0000 0041 | 83c0 0244 | 8982 9000 | 0000 4181 
  0x0000027d11865794: e0fe ff1f | 0045 85c0 | 0f84 6d05 

  0x0000027d118657a0: ;   {metadata(method data for {method} {0x0000027d29639a00} 'menuItem' '(Ljava/lang/String;Ljava/lang/String;ZZ)Z' in 'imgui/ImGui')}
  0x0000027d118657a0: 0000 48ba | 6856 9629 | 7d02 0000 | 4883 82d8 | 0000 0001 

  0x0000027d118657b4: ;   {oop("Cut"{0x0000000710800528})}
  0x0000027d118657b4: 48ba 2805 | 8010 0700 

  0x0000027d118657bc: ;   {oop("Ctrl+X"{0x0000000710800558})}
  0x0000027d118657bc: 0000 49b8 | 5805 8010 | 0700 0000 | 41b9 0000 | 0000 bf00 | 0000 000f 

  0x0000027d118657d4: ;   {static_call}
  0x0000027d118657d4: 1f40 00e8 

  0x0000027d118657d8: ; ImmutableOopMap {}
                      ;*invokestatic nMenuItem {reexecute=0 rethrow=0 return_oop=0}
                      ; - imgui.ImGui::menuItem@4 (line 10208)
                      ; - Rendering.ImGui.ImGuiMenubar::render@141 (line 37)
  0x0000027d118657d8: 049c 3807 

  0x0000027d118657dc: ;   {post_call_nop}
  0x0000027d118657dc: 0f1f 8400 | 540b 0012 

  0x0000027d118657e4: ;   {metadata(method data for {method} {0x0000027d2943b078} 'render' '()V' in 'Rendering/ImGui/ImGuiMenubar')}
  0x0000027d118657e4: 48ba 8820 | 9729 7d02 | 0000 4883 | 82c8 0200 

  0x0000027d118657f4: ;   {metadata(method data for {method} {0x0000027d29639a00} 'menuItem' '(Ljava/lang/String;Ljava/lang/String;ZZ)Z' in 'imgui/ImGui')}
  0x0000027d118657f4: 0001 48ba | 6856 9629 | 7d02 0000 | 448b 8290 | 0000 0041 | 83c0 0244 | 8982 9000 | 0000 4181 
  0x0000027d11865814: e0fe ff1f | 0045 85c0 | 0f84 0e05 

  0x0000027d11865820: ;   {metadata(method data for {method} {0x0000027d29639a00} 'menuItem' '(Ljava/lang/String;Ljava/lang/String;ZZ)Z' in 'imgui/ImGui')}
  0x0000027d11865820: 0000 48ba | 6856 9629 | 7d02 0000 | 4883 82d8 | 0000 0001 

  0x0000027d11865834: ;   {oop("Delete"{0x0000000710800588})}
  0x0000027d11865834: 49b8 8805 | 8010 0700 | 0000 498b | d041 b900 | 0000 00bf | 0000 0000 

  0x0000027d1186584c: ;   {static_call}
  0x0000027d1186584c: 6666 90e8 

  0x0000027d11865850: ; ImmutableOopMap {}
                      ;*invokestatic nMenuItem {reexecute=0 rethrow=0 return_oop=0}
                      ; - imgui.ImGui::menuItem@4 (line 10208)
                      ; - Rendering.ImGui.ImGuiMenubar::render@151 (line 38)
  0x0000027d11865850: 8c9b 3807 

  0x0000027d11865854: ;   {post_call_nop}
  0x0000027d11865854: 0f1f 8400 | cc0b 0013 

  0x0000027d1186585c: ;   {metadata(method data for {method} {0x0000027d2943b078} 'render' '()V' in 'Rendering/ImGui/ImGuiMenubar')}
  0x0000027d1186585c: 48be 8820 | 9729 7d02 | 0000 4883 | 86d8 0200 

  0x0000027d1186586c: ;   {metadata(method data for {method} {0x0000027d29604f28} 'separator' '()V' in 'imgui/ImGui')}
  0x0000027d1186586c: 0001 48be | a857 9629 | 7d02 0000 | 8bbe 9000 | 0000 83c7 | 0289 be90 | 0000 0081 | e7fe ff1f 
  0x0000027d1186588c: 0085 ff0f | 84bc 0400 

  0x0000027d11865894: ;   {metadata(method data for {method} {0x0000027d29604f28} 'separator' '()V' in 'imgui/ImGui')}
  0x0000027d11865894: 0048 bea8 | 5796 297d | 0200 0048 | 8386 d800 

  0x0000027d118658a4: ;   {static_call}
  0x0000027d118658a4: 0000 01e8 

  0x0000027d118658a8: ; ImmutableOopMap {}
                      ;*invokestatic nSeparator {reexecute=0 rethrow=0 return_oop=0}
                      ; - imgui.ImGui::separator@0 (line 2550)
                      ; - Rendering.ImGui.ImGuiMenubar::render@155 (line 39)
  0x0000027d118658a8: 349b 3807 

  0x0000027d118658ac: ;   {post_call_nop}
  0x0000027d118658ac: 0f1f 8400 | 240c 0014 

  0x0000027d118658b4: ;   {metadata(method data for {method} {0x0000027d2943b078} 'render' '()V' in 'Rendering/ImGui/ImGuiMenubar')}
  0x0000027d118658b4: 48ba 8820 | 9729 7d02 | 0000 4883 | 82e8 0200 

  0x0000027d118658c4: ;   {metadata(method data for {method} {0x0000027d29639a00} 'menuItem' '(Ljava/lang/String;Ljava/lang/String;ZZ)Z' in 'imgui/ImGui')}
  0x0000027d118658c4: 0001 48ba | 6856 9629 | 7d02 0000 | 448b 8290 | 0000 0041 | 83c0 0244 | 8982 9000 | 0000 4181 
  0x0000027d118658e4: e0fe ff1f | 0045 85c0 | 0f84 8004 

  0x0000027d118658f0: ;   {metadata(method data for {method} {0x0000027d29639a00} 'menuItem' '(Ljava/lang/String;Ljava/lang/String;ZZ)Z' in 'imgui/ImGui')}
  0x0000027d118658f0: 0000 48ba | 6856 9629 | 7d02 0000 | 4883 82d8 | 0000 0001 

  0x0000027d11865904: ;   {oop("Undo"{0x00000007108005b8})}
  0x0000027d11865904: 48ba b805 | 8010 0700 

  0x0000027d1186590c: ;   {oop("Ctrl+Z"{0x00000007108005e8})}
  0x0000027d1186590c: 0000 49b8 | e805 8010 | 0700 0000 | 41b9 0000 | 0000 bf00 | 0000 000f 

  0x0000027d11865924: ;   {static_call}
  0x0000027d11865924: 1f40 00e8 

  0x0000027d11865928: ; ImmutableOopMap {}
                      ;*invokestatic nMenuItem {reexecute=0 rethrow=0 return_oop=0}
                      ; - imgui.ImGui::menuItem@4 (line 10208)
                      ; - Rendering.ImGui.ImGuiMenubar::render@164 (line 40)
  0x0000027d11865928: b49a 3807 

  0x0000027d1186592c: ;   {post_call_nop}
  0x0000027d1186592c: 0f1f 8400 | a40c 0015 

  0x0000027d11865934: ;   {metadata(method data for {method} {0x0000027d2943b078} 'render' '()V' in 'Rendering/ImGui/ImGuiMenubar')}
  0x0000027d11865934: 48ba 8820 | 9729 7d02 | 0000 4883 | 82f8 0200 

  0x0000027d11865944: ;   {metadata(method data for {method} {0x0000027d29639a00} 'menuItem' '(Ljava/lang/String;Ljava/lang/String;ZZ)Z' in 'imgui/ImGui')}
  0x0000027d11865944: 0001 48ba | 6856 9629 | 7d02 0000 | 448b 8290 | 0000 0041 | 83c0 0244 | 8982 9000 | 0000 4181 
  0x0000027d11865964: e0fe ff1f | 0045 85c0 | 0f84 2104 

  0x0000027d11865970: ;   {metadata(method data for {method} {0x0000027d29639a00} 'menuItem' '(Ljava/lang/String;Ljava/lang/String;ZZ)Z' in 'imgui/ImGui')}
  0x0000027d11865970: 0000 48ba | 6856 9629 | 7d02 0000 | 4883 82d8 | 0000 0001 

  0x0000027d11865984: ;   {oop("Redo"{0x0000000710800618})}
  0x0000027d11865984: 48ba 1806 | 8010 0700 

  0x0000027d1186598c: ;   {oop("Ctrl+Y"{0x0000000710800648})}
  0x0000027d1186598c: 0000 49b8 | 4806 8010 | 0700 0000 | 41b9 0000 | 0000 bf00 | 0000 000f 

  0x0000027d118659a4: ;   {static_call}
  0x0000027d118659a4: 1f40 00e8 

  0x0000027d118659a8: ; ImmutableOopMap {}
                      ;*invokestatic nMenuItem {reexecute=0 rethrow=0 return_oop=0}
                      ; - imgui.ImGui::menuItem@4 (line 10208)
                      ; - Rendering.ImGui.ImGuiMenubar::render@174 (line 41)
  0x0000027d118659a8: 349a 3807 

  0x0000027d118659ac: ;   {post_call_nop}
  0x0000027d118659ac: 0f1f 8400 | 240d 0016 

  0x0000027d118659b4: ;   {metadata(method data for {method} {0x0000027d2943b078} 'render' '()V' in 'Rendering/ImGui/ImGuiMenubar')}
  0x0000027d118659b4: 48be 8820 | 9729 7d02 | 0000 4883 | 8608 0300 

  0x0000027d118659c4: ;   {metadata(method data for {method} {0x0000027d29639300} 'endMenu' '()V' in 'imgui/ImGui')}
  0x0000027d118659c4: 0001 48be | 3032 9729 | 7d02 0000 | 8bbe 9000 | 0000 83c7 | 0289 be90 | 0000 0081 | e7fe ff1f 
  0x0000027d118659e4: 0085 ff0f | 84c7 0300 

  0x0000027d118659ec: ;   {metadata(method data for {method} {0x0000027d29639300} 'endMenu' '()V' in 'imgui/ImGui')}
  0x0000027d118659ec: 0048 be30 | 3297 297d | 0200 0048 | 8386 d800 

  0x0000027d118659fc: ;   {static_call}
  0x0000027d118659fc: 0000 01e8 

  0x0000027d11865a00: ; ImmutableOopMap {}
                      ;*invokestatic nEndMenu {reexecute=0 rethrow=0 return_oop=0}
                      ; - imgui.ImGui::endMenu@0 (line 10141)
                      ; - Rendering.ImGui.ImGuiMenubar::render@178 (line 42)
  0x0000027d11865a00: dc99 3807 

  0x0000027d11865a04: ;   {post_call_nop}
  0x0000027d11865a04: 0f1f 8400 | 7c0d 0017 

  0x0000027d11865a0c: ;   {metadata(method data for {method} {0x0000027d2943b078} 'render' '()V' in 'Rendering/ImGui/ImGuiMenubar')}
  0x0000027d11865a0c: 48be 8820 | 9729 7d02 | 0000 4883 | 8618 0300 

  0x0000027d11865a1c: ;   {metadata(method data for {method} {0x0000027d29638f18} 'endMainMenuBar' '()V' in 'imgui/ImGui')}
  0x0000027d11865a1c: 0001 48be | 0835 9729 | 7d02 0000 | 8bbe 9000 | 0000 83c7 | 0289 be90 | 0000 0081 | e7fe ff1f 
  0x0000027d11865a3c: 0085 ff0f | 8490 0300 

  0x0000027d11865a44: ;   {metadata(method data for {method} {0x0000027d29638f18} 'endMainMenuBar' '()V' in 'imgui/ImGui')}
  0x0000027d11865a44: 0048 be08 | 3597 297d | 0200 0048 | 8386 d800 

  0x0000027d11865a54: ;   {static_call}
  0x0000027d11865a54: 0000 01e8 

  0x0000027d11865a58: ; ImmutableOopMap {}
                      ;*invokestatic nEndMainMenuBar {reexecute=0 rethrow=0 return_oop=0}
                      ; - imgui.ImGui::endMainMenuBar@0 (line 10102)
                      ; - Rendering.ImGui.ImGuiMenubar::render@181 (line 45)
  0x0000027d11865a58: b44a 9207 

  0x0000027d11865a5c: ;   {post_call_nop}
  0x0000027d11865a5c: 0f1f 8400 | d40d 0018 | 4883 c460 

  0x0000027d11865a68: ;   {poll_return}
  0x0000027d11865a68: 5d49 3b67 | 280f 8783 | 0300 00c3 

  0x0000027d11865a74: ;   {metadata({method} {0x0000027d2943b078} 'render' '()V' in 'Rendering/ImGui/ImGuiMenubar')}
  0x0000027d11865a74: 49ba 70b0 | 4329 7d02 | 0000 4c89 | 5424 0848 | c704 24ff 

  0x0000027d11865a88: ;   {runtime_call C1 Runtime counter_overflow_blob}
  0x0000027d11865a88: ffff ffe8 

  0x0000027d11865a8c: ; ImmutableOopMap {rdx=Oop }
                      ;*synchronization entry
                      ; - Rendering.ImGui.ImGuiMenubar::render@-1 (line 15)
  0x0000027d11865a8c: 5088 4507 | e94d f3ff 

  0x0000027d11865a94: ;   {metadata({method} {0x0000027d29638dd8} 'beginMainMenuBar' '()Z' in 'imgui/ImGui')}
  0x0000027d11865a94: ff49 bad0 | 8d63 297d | 0200 004c | 8954 2408 | 48c7 0424 | ffff ffff 

  0x0000027d11865aac: ;   {runtime_call C1 Runtime counter_overflow_blob}
  0x0000027d11865aac: e82f 8845 

  0x0000027d11865ab0: ; ImmutableOopMap {}
                      ;*synchronization entry
                      ; - imgui.ImGui::beginMainMenuBar@-1 (line 10091)
                      ; - Rendering.ImGui.ImGuiMenubar::render@0 (line 15)
  0x0000027d11865ab0: 07e9 65f3 

  0x0000027d11865ab4: ;   {metadata({method} {0x0000027d29639068} 'beginMenu' '(Ljava/lang/String;)Z' in 'imgui/ImGui')}
  0x0000027d11865ab4: ffff 49ba | 6090 6329 | 7d02 0000 | 4c89 5424 | 0848 c704 | 24ff ffff 

  0x0000027d11865acc: ;   {runtime_call C1 Runtime counter_overflow_blob}
  0x0000027d11865acc: ffe8 0e88 

  0x0000027d11865ad0: ; ImmutableOopMap {}
                      ;*synchronization entry
                      ; - imgui.ImGui::beginMenu@-1 (line 10113)
                      ; - Rendering.ImGui.ImGuiMenubar::render@8 (line 17)
  0x0000027d11865ad0: 4507 e9cb 

  0x0000027d11865ad4: ;   {metadata({method} {0x0000027d29639a00} 'menuItem' '(Ljava/lang/String;Ljava/lang/String;ZZ)Z' in 'imgui/ImGui')}
  0x0000027d11865ad4: f3ff ff49 | baf8 9963 | 297d 0200 | 004c 8954 | 2408 48c7 | 0424 ffff 

  0x0000027d11865aec: ;   {runtime_call C1 Runtime counter_overflow_blob}
  0x0000027d11865aec: ffff e8ed 

  0x0000027d11865af0: ; ImmutableOopMap {}
                      ;*synchronization entry
                      ; - imgui.ImGui::menuItem@-1 (line 10208)
                      ; - Rendering.ImGui.ImGuiMenubar::render@20 (line 18)
  0x0000027d11865af0: 8745 07e9 | 41f4 ffff 

  0x0000027d11865af8: ;   {metadata({method} {0x0000027d29639a00} 'menuItem' '(Ljava/lang/String;Ljava/lang/String;ZZ)Z' in 'imgui/ImGui')}
  0x0000027d11865af8: 49ba f899 | 6329 7d02 | 0000 4c89 | 5424 0848 | c704 24ff 

  0x0000027d11865b0c: ;   {runtime_call C1 Runtime counter_overflow_blob}
  0x0000027d11865b0c: ffff ffe8 

  0x0000027d11865b10: ; ImmutableOopMap {}
                      ;*synchronization entry
                      ; - imgui.ImGui::menuItem@-1 (line 10208)
                      ; - Rendering.ImGui.ImGuiMenubar::render@30 (line 19)
  0x0000027d11865b10: cc87 4507 | e9a1 f4ff 

  0x0000027d11865b18: ;   {metadata({method} {0x0000027d29639120} 'beginMenu' '(Ljava/lang/String;Z)Z' in 'imgui/ImGui')}
  0x0000027d11865b18: ff49 ba18 | 9163 297d | 0200 004c | 8954 2408 | 48c7 0424 | ffff ffff 

  0x0000027d11865b30: ;   {runtime_call C1 Runtime counter_overflow_blob}
  0x0000027d11865b30: e8ab 8745 

  0x0000027d11865b34: ; ImmutableOopMap {}
                      ;*synchronization entry
                      ; - imgui.ImGui::beginMenu@-1 (line 10120)
                      ; - Rendering.ImGui.ImGuiMenubar::render@37 (line 21)
  0x0000027d11865b34: 07e9 00f5 

  0x0000027d11865b38: ;   {metadata({method} {0x0000027d29639a00} 'menuItem' '(Ljava/lang/String;Ljava/lang/String;ZZ)Z' in 'imgui/ImGui')}
  0x0000027d11865b38: ffff 49ba | f899 6329 | 7d02 0000 | 4c89 5424 | 0848 c704 | 24ff ffff 

  0x0000027d11865b50: ;   {runtime_call C1 Runtime counter_overflow_blob}
  0x0000027d11865b50: ffe8 8a87 

  0x0000027d11865b54: ; ImmutableOopMap {}
                      ;*synchronization entry
                      ; - imgui.ImGui::menuItem@-1 (line 10208)
                      ; - Rendering.ImGui.ImGuiMenubar::render@48 (line 22)
  0x0000027d11865b54: 4507 e97e 

  0x0000027d11865b58: ;   {metadata({method} {0x0000027d29639a00} 'menuItem' '(Ljava/lang/String;Ljava/lang/String;ZZ)Z' in 'imgui/ImGui')}
  0x0000027d11865b58: f5ff ff49 | baf8 9963 | 297d 0200 | 004c 8954 | 2408 48c7 | 0424 ffff 

  0x0000027d11865b70: ;   {runtime_call C1 Runtime counter_overflow_blob}
  0x0000027d11865b70: ffff e869 

  0x0000027d11865b74: ; ImmutableOopMap {}
                      ;*synchronization entry
                      ; - imgui.ImGui::menuItem@-1 (line 10208)
                      ; - Rendering.ImGui.ImGuiMenubar::render@57 (line 23)
  0x0000027d11865b74: 8745 07e9 | def5 ffff 

  0x0000027d11865b7c: ;   {metadata({method} {0x0000027d29639300} 'endMenu' '()V' in 'imgui/ImGui')}
  0x0000027d11865b7c: 49ba f892 | 6329 7d02 | 0000 4c89 | 5424 0848 | c704 24ff 

  0x0000027d11865b90: ;   {runtime_call C1 Runtime counter_overflow_blob}
  0x0000027d11865b90: ffff ffe8 

  0x0000027d11865b94: ; ImmutableOopMap {}
                      ;*synchronization entry
                      ; - imgui.ImGui::endMenu@-1 (line 10141)
                      ; - Rendering.ImGui.ImGuiMenubar::render@61 (line 24)
  0x0000027d11865b94: 4887 4507 | e938 f6ff 

  0x0000027d11865b9c: ;   {metadata({method} {0x0000027d29639a00} 'menuItem' '(Ljava/lang/String;Ljava/lang/String;ZZ)Z' in 'imgui/ImGui')}
  0x0000027d11865b9c: ff49 baf8 | 9963 297d | 0200 004c | 8954 2408 | 48c7 0424 | ffff ffff 

  0x0000027d11865bb4: ;   {runtime_call C1 Runtime counter_overflow_blob}
  0x0000027d11865bb4: e827 8745 

  0x0000027d11865bb8: ; ImmutableOopMap {}
                      ;*synchronization entry
                      ; - imgui.ImGui::menuItem@-1 (line 10208)
                      ; - Rendering.ImGui.ImGuiMenubar::render@70 (line 26)
  0x0000027d11865bb8: 07e9 74f6 

  0x0000027d11865bbc: ;   {metadata({method} {0x0000027d29639a00} 'menuItem' '(Ljava/lang/String;Ljava/lang/String;ZZ)Z' in 'imgui/ImGui')}
  0x0000027d11865bbc: ffff 49ba | f899 6329 | 7d02 0000 | 4c89 5424 | 0848 c704 | 24ff ffff 

  0x0000027d11865bd4: ;   {runtime_call C1 Runtime counter_overflow_blob}
  0x0000027d11865bd4: ffe8 0687 

  0x0000027d11865bd8: ; ImmutableOopMap {}
                      ;*synchronization entry
                      ; - imgui.ImGui::menuItem@-1 (line 10208)
                      ; - Rendering.ImGui.ImGuiMenubar::render@79 (line 27)
  0x0000027d11865bd8: 4507 e9d3 

  0x0000027d11865bdc: ;   {metadata({method} {0x0000027d29604f28} 'separator' '()V' in 'imgui/ImGui')}
  0x0000027d11865bdc: f6ff ff49 | ba20 4f60 | 297d 0200 | 004c 8954 | 2408 48c7 | 0424 ffff 

  0x0000027d11865bf4: ;   {runtime_call C1 Runtime counter_overflow_blob}
  0x0000027d11865bf4: ffff e8e5 

  0x0000027d11865bf8: ; ImmutableOopMap {}
                      ;*synchronization entry
                      ; - imgui.ImGui::separator@-1 (line 2550)
                      ; - Rendering.ImGui.ImGuiMenubar::render@83 (line 28)
  0x0000027d11865bf8: 8645 07e9 | 2df7 ffff 

  0x0000027d11865c00: ;   {metadata({method} {0x0000027d29639a00} 'menuItem' '(Ljava/lang/String;Ljava/lang/String;ZZ)Z' in 'imgui/ImGui')}
  0x0000027d11865c00: 49ba f899 | 6329 7d02 | 0000 4c89 | 5424 0848 | c704 24ff 

  0x0000027d11865c14: ;   {runtime_call C1 Runtime counter_overflow_blob}
  0x0000027d11865c14: ffff ffe8 

  0x0000027d11865c18: ; ImmutableOopMap {}
                      ;*synchronization entry
                      ; - imgui.ImGui::menuItem@-1 (line 10208)
                      ; - Rendering.ImGui.ImGuiMenubar::render@92 (line 30)
  0x0000027d11865c18: c486 4507 | e969 f7ff 

  0x0000027d11865c20: ;   {metadata({method} {0x0000027d294016c0} 'get' '()LJade/Window;' in 'Jade/Window')}
  0x0000027d11865c20: ff49 bab8 | 1640 297d | 0200 004c | 8954 2408 | 48c7 0424 | ffff ffff 

  0x0000027d11865c38: ;   {runtime_call C1 Runtime counter_overflow_blob}
  0x0000027d11865c38: e8a3 8645 

  0x0000027d11865c3c: ; ImmutableOopMap {}
                      ;*synchronization entry
                      ; - Jade.Window::get@-1 (line 69)
                      ; - Rendering.ImGui.ImGuiMenubar::render@98 (line 30)
  0x0000027d11865c3c: 07e9 f0f7 | ffff 488b 

  0x0000027d11865c44: ;   {runtime_call C1 Runtime fast_new_instance_blob}
  0x0000027d11865c44: d2e8 962f 

  0x0000027d11865c48: ; ImmutableOopMap {}
                      ;*new {reexecute=0 rethrow=0 return_oop=0}
                      ; - Jade.Window::get@6 (line 70)
                      ; - Rendering.ImGui.ImGuiMenubar::render@98 (line 30)
  0x0000027d11865c48: 4507 e973 | f8ff ff8b | 7278 48c1 | e603 4883 | fe00 0f84 | a3f8 ffff | 4889 3424 

  0x0000027d11865c64: ;   {runtime_call g1_pre_barrier_slow}
  0x0000027d11865c64: e877 8c45 | 07e9 95f8 | ffff 4883 | f800 0f84 | aff8 ffff | 4889 1424 

  0x0000027d11865c7c: ;   {runtime_call g1_post_barrier_slow}
  0x0000027d11865c7c: e85f 8f45 | 07e9 a1f8 

  0x0000027d11865c84: ;   {runtime_call C1 Runtime throw_null_pointer_exception_blob}
  0x0000027d11865c84: ffff e855 

  0x0000027d11865c88: ; ImmutableOopMap {rdx=Oop }
                      ;*invokevirtual destroy {reexecute=0 rethrow=0 return_oop=0}
                      ; - Rendering.ImGui.ImGuiMenubar::render@101 (line 30)
                      ;   {metadata({method} {0x0000027d29639300} 'endMenu' '()V' in 'imgui/ImGui')}
  0x0000027d11865c88: 2645 0749 | baf8 9263 | 297d 0200 | 004c 8954 | 2408 48c7 | 0424 ffff 

  0x0000027d11865ca0: ;   {runtime_call C1 Runtime counter_overflow_blob}
  0x0000027d11865ca0: ffff e839 

  0x0000027d11865ca4: ; ImmutableOopMap {}
                      ;*synchronization entry
                      ; - imgui.ImGui::endMenu@-1 (line 10141)
                      ; - Rendering.ImGui.ImGuiMenubar::render@104 (line 31)
  0x0000027d11865ca4: 8645 07e9 | 01f9 ffff 

  0x0000027d11865cac: ;   {metadata({method} {0x0000027d29639068} 'beginMenu' '(Ljava/lang/String;)Z' in 'imgui/ImGui')}
  0x0000027d11865cac: 49ba 6090 | 6329 7d02 | 0000 4c89 | 5424 0848 | c704 24ff 

  0x0000027d11865cc0: ;   {runtime_call C1 Runtime counter_overflow_blob}
  0x0000027d11865cc0: ffff ffe8 

  0x0000027d11865cc4: ; ImmutableOopMap {}
                      ;*synchronization entry
                      ; - imgui.ImGui::beginMenu@-1 (line 10113)
                      ; - Rendering.ImGui.ImGuiMenubar::render@109 (line 34)
  0x0000027d11865cc4: 1886 4507 | e938 f9ff 

  0x0000027d11865ccc: ;   {metadata({method} {0x0000027d29639a00} 'menuItem' '(Ljava/lang/String;Ljava/lang/String;ZZ)Z' in 'imgui/ImGui')}
  0x0000027d11865ccc: ff49 baf8 | 9963 297d | 0200 004c | 8954 2408 | 48c7 0424 | ffff ffff 

  0x0000027d11865ce4: ;   {runtime_call C1 Runtime counter_overflow_blob}
  0x0000027d11865ce4: e8f7 8545 

  0x0000027d11865ce8: ; ImmutableOopMap {}
                      ;*synchronization entry
                      ; - imgui.ImGui::menuItem@-1 (line 10208)
                      ; - Rendering.ImGui.ImGuiMenubar::render@121 (line 35)
  0x0000027d11865ce8: 07e9 b3f9 

  0x0000027d11865cec: ;   {metadata({method} {0x0000027d29639a00} 'menuItem' '(Ljava/lang/String;Ljava/lang/String;ZZ)Z' in 'imgui/ImGui')}
  0x0000027d11865cec: ffff 49ba | f899 6329 | 7d02 0000 | 4c89 5424 | 0848 c704 | 24ff ffff 

  0x0000027d11865d04: ;   {runtime_call C1 Runtime counter_overflow_blob}
  0x0000027d11865d04: ffe8 d685 

  0x0000027d11865d08: ; ImmutableOopMap {}
                      ;*synchronization entry
                      ; - imgui.ImGui::menuItem@-1 (line 10208)
                      ; - Rendering.ImGui.ImGuiMenubar::render@131 (line 36)
  0x0000027d11865d08: 4507 e913 

  0x0000027d11865d0c: ;   {metadata({method} {0x0000027d29639a00} 'menuItem' '(Ljava/lang/String;Ljava/lang/String;ZZ)Z' in 'imgui/ImGui')}
  0x0000027d11865d0c: faff ff49 | baf8 9963 | 297d 0200 | 004c 8954 | 2408 48c7 | 0424 ffff 

  0x0000027d11865d24: ;   {runtime_call C1 Runtime counter_overflow_blob}
  0x0000027d11865d24: ffff e8b5 

  0x0000027d11865d28: ; ImmutableOopMap {}
                      ;*synchronization entry
                      ; - imgui.ImGui::menuItem@-1 (line 10208)
                      ; - Rendering.ImGui.ImGuiMenubar::render@141 (line 37)
  0x0000027d11865d28: 8545 07e9 | 72fa ffff 

  0x0000027d11865d30: ;   {metadata({method} {0x0000027d29639a00} 'menuItem' '(Ljava/lang/String;Ljava/lang/String;ZZ)Z' in 'imgui/ImGui')}
  0x0000027d11865d30: 49ba f899 | 6329 7d02 | 0000 4c89 | 5424 0848 | c704 24ff 

  0x0000027d11865d44: ;   {runtime_call C1 Runtime counter_overflow_blob}
  0x0000027d11865d44: ffff ffe8 

  0x0000027d11865d48: ; ImmutableOopMap {}
                      ;*synchronization entry
                      ; - imgui.ImGui::menuItem@-1 (line 10208)
                      ; - Rendering.ImGui.ImGuiMenubar::render@151 (line 38)
  0x0000027d11865d48: 9485 4507 | e9d1 faff 

  0x0000027d11865d50: ;   {metadata({method} {0x0000027d29604f28} 'separator' '()V' in 'imgui/ImGui')}
  0x0000027d11865d50: ff49 ba20 | 4f60 297d | 0200 004c | 8954 2408 | 48c7 0424 | ffff ffff 

  0x0000027d11865d68: ;   {runtime_call C1 Runtime counter_overflow_blob}
  0x0000027d11865d68: e873 8545 

  0x0000027d11865d6c: ; ImmutableOopMap {}
                      ;*synchronization entry
                      ; - imgui.ImGui::separator@-1 (line 2550)
                      ; - Rendering.ImGui.ImGuiMenubar::render@155 (line 39)
  0x0000027d11865d6c: 07e9 23fb 

  0x0000027d11865d70: ;   {metadata({method} {0x0000027d29639a00} 'menuItem' '(Ljava/lang/String;Ljava/lang/String;ZZ)Z' in 'imgui/ImGui')}
  0x0000027d11865d70: ffff 49ba | f899 6329 | 7d02 0000 | 4c89 5424 | 0848 c704 | 24ff ffff 

  0x0000027d11865d88: ;   {runtime_call C1 Runtime counter_overflow_blob}
  0x0000027d11865d88: ffe8 5285 

  0x0000027d11865d8c: ; ImmutableOopMap {}
                      ;*synchronization entry
                      ; - imgui.ImGui::menuItem@-1 (line 10208)
                      ; - Rendering.ImGui.ImGuiMenubar::render@164 (line 40)
  0x0000027d11865d8c: 4507 e95f 

  0x0000027d11865d90: ;   {metadata({method} {0x0000027d29639a00} 'menuItem' '(Ljava/lang/String;Ljava/lang/String;ZZ)Z' in 'imgui/ImGui')}
  0x0000027d11865d90: fbff ff49 | baf8 9963 | 297d 0200 | 004c 8954 | 2408 48c7 | 0424 ffff 

  0x0000027d11865da8: ;   {runtime_call C1 Runtime counter_overflow_blob}
  0x0000027d11865da8: ffff e831 

  0x0000027d11865dac: ; ImmutableOopMap {}
                      ;*synchronization entry
                      ; - imgui.ImGui::menuItem@-1 (line 10208)
                      ; - Rendering.ImGui.ImGuiMenubar::render@174 (line 41)
  0x0000027d11865dac: 8545 07e9 | befb ffff 

  0x0000027d11865db4: ;   {metadata({method} {0x0000027d29639300} 'endMenu' '()V' in 'imgui/ImGui')}
  0x0000027d11865db4: 49ba f892 | 6329 7d02 | 0000 4c89 | 5424 0848 | c704 24ff 

  0x0000027d11865dc8: ;   {runtime_call C1 Runtime counter_overflow_blob}
  0x0000027d11865dc8: ffff ffe8 

  0x0000027d11865dcc: ; ImmutableOopMap {}
                      ;*synchronization entry
                      ; - imgui.ImGui::endMenu@-1 (line 10141)
                      ; - Rendering.ImGui.ImGuiMenubar::render@178 (line 42)
  0x0000027d11865dcc: 1085 4507 | e918 fcff 

  0x0000027d11865dd4: ;   {metadata({method} {0x0000027d29638f18} 'endMainMenuBar' '()V' in 'imgui/ImGui')}
  0x0000027d11865dd4: ff49 ba10 | 8f63 297d | 0200 004c | 8954 2408 | 48c7 0424 | ffff ffff 

  0x0000027d11865dec: ;   {runtime_call C1 Runtime counter_overflow_blob}
  0x0000027d11865dec: e8ef 8445 

  0x0000027d11865df0: ; ImmutableOopMap {}
                      ;*synchronization entry
                      ; - imgui.ImGui::endMainMenuBar@-1 (line 10102)
                      ; - Rendering.ImGui.ImGuiMenubar::render@181 (line 45)
  0x0000027d11865df0: 07e9 4ffc 

  0x0000027d11865df4: ;   {internal_word}
  0x0000027d11865df4: ffff 49ba | 695a 8611 | 7d02 0000 | 4d89 97e0 

  0x0000027d11865e04: ;   {runtime_call SafepointBlob}
  0x0000027d11865e04: 0400 00e9 | 54b1 3807 | 498b 8788 | 0500 0049 | c787 8805 | 0000 0000 | 0000 49c7 | 8790 0500 
  0x0000027d11865e24: 0000 0000 | 0048 83c4 

  0x0000027d11865e2c: ;   {runtime_call C1 Runtime unwind_exception_blob}
  0x0000027d11865e2c: 605d e9ad | 1545 07f4 | f4f4 f4f4 
[Stub Code]
  0x0000027d11865e38: ;   {other}
  0x0000027d11865e38: 0f1f 4400 

  0x0000027d11865e3c: ;   {static_stub}
  0x0000027d11865e3c: 0048 bb68 | 1c40 297d 

  0x0000027d11865e44: ;   {runtime_call I2C/C2I adapters}
  0x0000027d11865e44: 0200 00e9 | e6a5 3807 

  0x0000027d11865e4c: ;   {static_stub}
  0x0000027d11865e4c: 48bb 0000 | 0000 0000 

  0x0000027d11865e54: ;   {runtime_call nmethod}
  0x0000027d11865e54: 0000 e9fb 

  0x0000027d11865e58: ;   {static_stub}
  0x0000027d11865e58: ffff ff48 | bb00 0000 | 0000 0000 

  0x0000027d11865e64: ;   {runtime_call nmethod}
  0x0000027d11865e64: 00e9 fbff 

  0x0000027d11865e68: ;   {static_stub}
  0x0000027d11865e68: ffff 48bb | 0000 0000 | 0000 0000 

  0x0000027d11865e74: ;   {runtime_call nmethod}
  0x0000027d11865e74: e9fb ffff 

  0x0000027d11865e78: ;   {static_stub}
  0x0000027d11865e78: ff48 bb48 | 9263 297d 

  0x0000027d11865e80: ;   {runtime_call I2C/C2I adapters}
  0x0000027d11865e80: 0200 00e9 | 2efa 3807 

  0x0000027d11865e88: ;   {static_stub}
  0x0000027d11865e88: 48bb 8893 | 6329 7d02 

  0x0000027d11865e90: ;   {runtime_call I2C/C2I adapters}
  0x0000027d11865e90: 0000 e917 

  0x0000027d11865e94: ;   {static_stub}
  0x0000027d11865e94: a938 0748 | bb00 0000 | 0000 0000 

  0x0000027d11865ea0: ;   {runtime_call nmethod}
  0x0000027d11865ea0: 00e9 fbff 

  0x0000027d11865ea4: ;   {static_stub}
  0x0000027d11865ea4: ffff 48bb | 0000 0000 | 0000 0000 

  0x0000027d11865eb0: ;   {runtime_call nmethod}
  0x0000027d11865eb0: e9fb ffff 

  0x0000027d11865eb4: ;   {static_stub}
  0x0000027d11865eb4: ff48 bb00 | 0000 0000 

  0x0000027d11865ebc: ;   {runtime_call nmethod}
  0x0000027d11865ebc: 0000 00e9 | fbff ffff 
[Exception Handler]
  0x0000027d11865ec4: ;   {runtime_call C1 Runtime handle_exception_from_callee_blob}
  0x0000027d11865ec4: e897 4545 

  0x0000027d11865ec8: ;   {external_word}
  0x0000027d11865ec8: 0748 b948 | 0805 17fa | 7f00 0048 

  0x0000027d11865ed4: ;   {runtime_call}
  0x0000027d11865ed4: 83e4 f048 | b800 8dc8 | 16fa 7f00 | 00ff d0f4 
[Deopt Handler Code]
  0x0000027d11865ee4: ;   {section_word}
  0x0000027d11865ee4: 49ba e45e | 8611 7d02 | 0000 4152 

  0x0000027d11865ef0: ;   {runtime_call DeoptimizationBlob}
  0x0000027d11865ef0: e96b b338 | 07f4 f4f4 
[/MachCode]


Compiled method (c1) 2653 1633       3       Rendering.ImGui.ImGuiEditor::render (89 bytes)
 total in heap  [0x0000027d11862188,0x0000027d11864c78] = 10992
 constants      [0x0000027d11862280,0x0000027d118622a0] = 32
 main code      [0x0000027d118622a0,0x0000027d11864aa0] = 10240
 stub code      [0x0000027d11864aa0,0x0000027d11864bf8] = 344
 oops           [0x0000027d11864bf8,0x0000027d11864c78] = 128
 mutable data [0x0000027d2fcff900,0x0000027d2fcffe18] = 1304
 relocation     [0x0000027d2fcff900,0x0000027d2fcffce0] = 992
 metadata       [0x0000027d2fcffce0,0x0000027d2fcffe18] = 312
 immutable data [0x0000027d2fcfebe0,0x0000027d2fcff8f8] = 3352
 dependencies   [0x0000027d2fcfebe0,0x0000027d2fcfec30] = 80
 nul chk table  [0x0000027d2fcfec30,0x0000027d2fcfec90] = 96
 scopes pcs     [0x0000027d2fcfec90,0x0000027d2fcff280] = 1520
 scopes data    [0x0000027d2fcff280,0x0000027d2fcff8f8] = 1656


[Constant Pool]
             Address          hex4                    hex8      
  0x0000027d11862280:   0x3f800000      0xf4f4f4f43f800000      
  0x0000027d11862284:   0xf4f4f4f4                              
  0x0000027d11862288:   0xf4f4f4f4      0xf4f4f4f4f4f4f4f4      
  0x0000027d1186228c:   0xf4f4f4f4                              
  0x0000027d11862290:   0xf4f4f4f4      0xf4f4f4f4f4f4f4f4      
  0x0000027d11862294:   0xf4f4f4f4                              
  0x0000027d11862298:   0xf4f4f4f4      0xf4f4f4f4f4f4f4f4      
  0x0000027d1186229c:   0xf4f4f4f4                              

[MachCode]
[Instructions begin]
  0x0000027d118622a0: ;   {other}
  0x0000027d118622a0: 660f 1f84 | 0000 0000 | 0066 0f1f | 8400 0000 | 0000 448b | 5208 443b 

  0x0000027d118622b8: ;   {runtime_call Shared Runtime ic_miss_blob}
  0x0000027d118622b8: 5008 0f85 | 20c8 3807 
[Verified Entry Point]
  0x0000027d118622c0: 8984 2400 | 80ff ff55 | 4881 eca0 | 0100 0090 | 4181 7f20 | 0100 0000 

  0x0000027d118622d8: ;   {runtime_call Stub::method_entry_barrier}
  0x0000027d118622d8: 7405 e861 | 1f37 0748 | 8994 2420 

  0x0000027d118622e4: ;   {metadata(method data for {method} {0x0000027d294396b0} 'render' '()V' in 'Rendering/ImGui/ImGuiEditor')}
  0x0000027d118622e4: 0100 0048 | be00 8896 | 297d 0200 | 008b be90 | 0000 0083 | c702 89be | 9000 0000 | 81e7 fe07 
  0x0000027d11862304: 0000 85ff | 0f84 5b20 | 0000 8b72 | 1848 c1e6 | 0348 3b06 

  0x0000027d11862318: ;   {metadata(method data for {method} {0x0000027d294396b0} 'render' '()V' in 'Rendering/ImGui/ImGuiEditor')}
  0x0000027d11862318: 488b fe48 | bb00 8896 | 297d 0200 | 0048 8383 | e800 0000 | 0148 8bd6 | 0f1f 8000 

  0x0000027d11862334: ;   {optimized virtual_call}
  0x0000027d11862334: 0000 00e8 

  0x0000027d11862338: ; ImmutableOopMap {[288]=Oop }
                      ;*invokevirtual render {reexecute=0 rethrow=0 return_oop=0}
                      ; - Rendering.ImGui.ImGuiEditor::render@4 (line 19)
  0x0000027d11862338: 642a 0000 

  0x0000027d1186233c: ;   {post_call_nop}
  0x0000027d1186233c: 0f1f 8400 | b401 0000 

  0x0000027d11862344: ;   {metadata(method data for {method} {0x0000027d294396b0} 'render' '()V' in 'Rendering/ImGui/ImGuiEditor')}
  0x0000027d11862344: 48ba 0088 | 9629 7d02 | 0000 4883 | 8208 0100 

  0x0000027d11862354: ;   {metadata(method data for {method} {0x0000027d295f7398} 'begin' '(Ljava/lang/String;I)Z' in 'imgui/ImGui')}
  0x0000027d11862354: 0001 48ba | 0024 9729 | 7d02 0000 | 448b 8290 | 0000 0041 | 83c0 0244 | 8982 9000 | 0000 4181 
  0x0000027d11862374: e0fe ff1f | 0045 85c0 | 0f84 0d20 

  0x0000027d11862380: ;   {metadata(method data for {method} {0x0000027d295f7398} 'begin' '(Ljava/lang/String;I)Z' in 'imgui/ImGui')}
  0x0000027d11862380: 0000 48ba | 0024 9729 | 7d02 0000 | 4883 82d8 | 0000 0001 

  0x0000027d11862394: ;   {oop("Editor Þ"{0x000000070fdd4d98})}
  0x0000027d11862394: 48ba 984d | dd0f 0700 | 0000 41b8 | 4000 0000 

  0x0000027d118623a4: ;   {static_call}
  0x0000027d118623a4: 6666 90e8 

  0x0000027d118623a8: ; ImmutableOopMap {[288]=Oop }
                      ;*invokestatic nBegin {reexecute=0 rethrow=0 return_oop=0}
                      ; - imgui.ImGui::begin@2 (line 581)
                      ; - Rendering.ImGui.ImGuiEditor::render@11 (line 21)
  0x0000027d118623a8: 6484 9207 

  0x0000027d118623ac: ;   {post_call_nop}
  0x0000027d118623ac: 0f1f 8400 | 2402 0001 | 83e0 0185 

  0x0000027d118623b8: ;   {metadata(method data for {method} {0x0000027d294396b0} 'render' '()V' in 'Rendering/ImGui/ImGuiEditor')}
  0x0000027d118623b8: c048 ba00 | 8896 297d | 0200 00be | 1801 0000 | 7405 be28 | 0100 0048 | 8b3c 3248 | 8d7f 0148 
  0x0000027d118623d8: 893c 320f | 8443 1d00 

  0x0000027d118623e0: ;   {metadata(method data for {method} {0x0000027d294396b0} 'render' '()V' in 'Rendering/ImGui/ImGuiEditor')}
  0x0000027d118623e0: 0048 ba00 | 8896 297d | 0200 0048 | 8382 3801 

  0x0000027d118623f0: ;   {metadata(method data for {method} {0x000000002e194230} 'getProperty' '(Ljava/lang/String;)Ljava/lang/String;' in 'java/lang/System')}
  0x0000027d118623f0: 0000 0148 | bad0 4d1e | 297d 0200 | 008b b290 | 0000 0083 | c602 89b2 | 9000 0000 | 81e6 feff 
  0x0000027d11862410: 1f00 85f6 | 0f84 961f 

  0x0000027d11862418: ;   {metadata(method data for {method} {0x000000002e194230} 'getProperty' '(Ljava/lang/String;)Ljava/lang/String;' in 'java/lang/System')}
  0x0000027d11862418: 0000 48ba | d04d 1e29 | 7d02 0000 | 4883 82d8 | 0000 0001 

  0x0000027d1186242c: ;   {oop("os.name"{0x00000007ffe3e528})}
  0x0000027d1186242c: 48be 28e5 | e3ff 0700 | 0000 488b | d648 89b4 | 2428 0100 | 0066 0f1f 

  0x0000027d11862444: ;   {static_call}
  0x0000027d11862444: 4400 00e8 

  0x0000027d11862448: ; ImmutableOopMap {[288]=Oop [296]=Oop }
                      ;*invokestatic checkKey {reexecute=0 rethrow=0 return_oop=0}
                      ; - java.lang.System::getProperty@1 (line 742)
                      ; - Rendering.ImGui.ImGuiEditor::render@19 (line 22)
  0x0000027d11862448: b41c fbff 

  0x0000027d1186244c: ;   {post_call_nop}
  0x0000027d1186244c: 0f1f 8400 | c402 0002 

  0x0000027d11862454: ;   {oop(a 'java/lang/Class'{0x00000007ffe7e828} = 'java/lang/System')}
  0x0000027d11862454: 48be 28e8 | e7ff 0700 | 0000 8b96 | 9400 0000 | 48c1 e203 

  0x0000027d11862468: ; implicit exception: dispatches to 0x0000027d118643d1
  0x0000027d11862468: 483b 024c 

  0x0000027d1186246c: ;   {metadata(method data for {method} {0x000000002e194230} 'getProperty' '(Ljava/lang/String;)Ljava/lang/String;' in 'java/lang/System')}
  0x0000027d1186246c: 8bc2 48bf | d04d 1e29 | 7d02 0000 | 458b 4008 | 41ba 0000 | 002e 4d03 | c24c 3b87 | f000 0000 
  0x0000027d1186248c: 750d 4883 | 87f8 0000 | 0001 e960 | 0000 004c | 3b87 0001 | 0000 750d | 4883 8708 | 0100 0001 
  0x0000027d118624ac: e94a 0000 | 0048 83bf | f000 0000 | 0075 174c | 8987 f000 | 0000 48c7 | 87f8 0000 | 0001 0000 
  0x0000027d118624cc: 00e9 2900 | 0000 4883 | bf00 0100 | 0000 7517 | 4c89 8700 | 0100 0048 | c787 0801 | 0000 0100 
  0x0000027d118624ec: 0000 e908 | 0000 0048 | 8387 e800 | 0000 014c | 8b84 2428 | 0100 0048 | 89b4 2430 | 0100 0066 
  0x0000027d1186250c: 9048 b8c0 | cbca 2f7d 

  0x0000027d11862514: ;   {virtual_call}
  0x0000027d11862514: 0200 00e8 

  0x0000027d11862518: ; ImmutableOopMap {[288]=Oop [304]=Oop }
                      ;*invokevirtual getProperty {reexecute=0 rethrow=0 return_oop=0}
                      ; - java.lang.System::getProperty@8 (line 743)
                      ; - Rendering.ImGui.ImGuiEditor::render@19 (line 22)
  0x0000027d11862518: f691 faff 

  0x0000027d1186251c: ;   {post_call_nop}
  0x0000027d1186251c: 0f1f 8400 | 9403 0003 

  0x0000027d11862524: ;   {metadata(method data for {method} {0x0000027d294396b0} 'render' '()V' in 'Rendering/ImGui/ImGuiEditor')}
  0x0000027d11862524: 48ba 0088 | 9629 7d02 | 0000 4883 | 8248 0100 

  0x0000027d11862534: ;   {metadata(method data for {method} {0x000000002e194230} 'getProperty' '(Ljava/lang/String;)Ljava/lang/String;' in 'java/lang/System')}
  0x0000027d11862534: 0001 48ba | d04d 1e29 | 7d02 0000 | 8bb2 9000 | 0000 83c6 | 0289 b290 | 0000 0081 | e6fe ff1f 
  0x0000027d11862554: 0085 f60f | 8479 1e00 

  0x0000027d1186255c: ;   {metadata(method data for {method} {0x000000002e194230} 'getProperty' '(Ljava/lang/String;)Ljava/lang/String;' in 'java/lang/System')}
  0x0000027d1186255c: 0048 bad0 | 4d1e 297d | 0200 0048 | 8382 d800 

  0x0000027d1186256c: ;   {oop("os.arch"{0x00000007ffe67568})}
  0x0000027d1186256c: 0000 0148 | be68 75e6 | ff07 0000 | 0048 8bd6 | 4889 8424 | 4001 0000 | 4889 b424 | 3801 0000 
  0x0000027d1186258c: ;   {static_call}
  0x0000027d1186258c: 6666 90e8 

  0x0000027d11862590: ; ImmutableOopMap {[288]=Oop [304]=Oop [312]=Oop [320]=Oop }
                      ;*invokestatic checkKey {reexecute=0 rethrow=0 return_oop=0}
                      ; - java.lang.System::getProperty@1 (line 742)
                      ; - Rendering.ImGui.ImGuiEditor::render@24 (line 22)
  0x0000027d11862590: 6c1b fbff 

  0x0000027d11862594: ;   {post_call_nop}
  0x0000027d11862594: 0f1f 8400 | 0c04 0004 | 488b b424 | 3001 0000 | 8b96 9400 | 0000 48c1 | e203 483b | 024c 8bc2 
  0x0000027d118625b4: ;   {metadata(method data for {method} {0x000000002e194230} 'getProperty' '(Ljava/lang/String;)Ljava/lang/String;' in 'java/lang/System')}
  0x0000027d118625b4: 48be d04d | 1e29 7d02 | 0000 458b | 4008 41ba | 0000 002e | 4d03 c24c | 3b86 f000 | 0000 750d 
  0x0000027d118625d4: 4883 86f8 | 0000 0001 | e960 0000 | 004c 3b86 | 0001 0000 | 750d 4883 | 8608 0100 | 0001 e94a 
  0x0000027d118625f4: 0000 0048 | 83be f000 | 0000 0075 | 174c 8986 | f000 0000 | 48c7 86f8 | 0000 0001 | 0000 00e9 
  0x0000027d11862614: 2900 0000 | 4883 be00 | 0100 0000 | 7517 4c89 | 8600 0100 | 0048 c786 | 0801 0000 | 0100 0000 
  0x0000027d11862634: e908 0000 | 0048 8386 | e800 0000 | 014c 8b84 | 2438 0100 | 000f 1f40 | 0048 b8e8 | cbca 2f7d 
  0x0000027d11862654: ;   {virtual_call}
  0x0000027d11862654: 0200 00e8 

  0x0000027d11862658: ; ImmutableOopMap {[288]=Oop [320]=Oop }
                      ;*invokevirtual getProperty {reexecute=0 rethrow=0 return_oop=0}
                      ; - java.lang.System::getProperty@8 (line 743)
                      ; - Rendering.ImGui.ImGuiEditor::render@24 (line 22)
  0x0000027d11862658: b690 faff 

  0x0000027d1186265c: ;   {post_call_nop}
  0x0000027d1186265c: 0f1f 8400 | d404 0005 

  0x0000027d11862664: ;   {metadata(method data for {method} {0x0000027d294396b0} 'render' '()V' in 'Rendering/ImGui/ImGuiEditor')}
  0x0000027d11862664: 48ba 0088 | 9629 7d02 | 0000 488d | 9268 0100 | 0048 8bb4 | 2440 0100 | 0048 85f6 | 750c f642 
  0x0000027d11862684: 0801 7506 | f048 834a | 0801 4885 | c075 0cf6 | 4218 0175 | 06f0 4883 

  0x0000027d1186269c: ;   {metadata(method data for {method} {0x000000002e212e98} 'linkToTargetMethod' '(Ljava/lang/Object;Ljava/lang/Object;Ljava/lang/Object;)Ljava/lang/Object;' in 'java/lang/invoke/Invokers$Holder')}
  0x0000027d1186269c: 4a18 0148 | bab0 791e | 297d 0200 | 0048 8d92 | d001 0000 | 4885 f675 | 0af6 0201 | 7505 f048 
  0x0000027d118626bc: 830a 0148 | 85c0 750c | f642 1001 | 7506 f048 | 834a 1001 

  0x0000027d118626d0: ;   {metadata(method data for {method} {0x0000027d294396b0} 'render' '()V' in 'Rendering/ImGui/ImGuiEditor')}
  0x0000027d118626d0: 48ba 0088 | 9629 7d02 | 0000 4883 | 8258 0100 

  0x0000027d118626e0: ;   {metadata(method data for {method} {0x000000002e212e98} 'linkToTargetMethod' '(Ljava/lang/Object;Ljava/lang/Object;Ljava/lang/Object;)Ljava/lang/Object;' in 'java/lang/invoke/Invokers$Holder')}
  0x0000027d118626e0: 0001 48ba | b079 1e29 | 7d02 0000 | 8bba 9000 | 0000 83c7 | 0289 ba90 | 0000 0081 | e7fe ff1f 
  0x0000027d11862700: 0085 ff0f | 84f3 1c00 

  0x0000027d11862708: ;   {metadata(method data for {method} {0x000000002e212e98} 'linkToTargetMethod' '(Ljava/lang/Object;Ljava/lang/Object;Ljava/lang/Object;)Ljava/lang/Object;' in 'java/lang/invoke/Invokers$Holder')}
  0x0000027d11862708: 0048 bab0 | 791e 297d | 0200 0048 | 8d92 3801 | 0000 4885 | f675 0cf6 | 4208 0175 | 06f0 4883 
  0x0000027d11862728: ;   {metadata(method data for {method} {0x0000027d2949ae90} 'invoke' '(Ljava/lang/Object;Ljava/lang/Object;Ljava/lang/Object;)Ljava/lang/Object;' in 'java/lang/invoke/LambdaForm$MH+0x000000002f051400')}
  0x0000027d11862728: 4a08 0148 | baf8 b049 | 297d 0200 | 0048 8d92 | 0002 0000 | 4885 f675 | 0cf6 4210 | 0175 06f0 
  0x0000027d11862748: 4883 4a10 

  0x0000027d1186274c: ;   {metadata(method data for {method} {0x000000002e212e98} 'linkToTargetMethod' '(Ljava/lang/Object;Ljava/lang/Object;Ljava/lang/Object;)Ljava/lang/Object;' in 'java/lang/invoke/Invokers$Holder')}
  0x0000027d1186274c: 0148 bab0 | 791e 297d | 0200 0048 | 8382 0801 

  0x0000027d1186275c: ;   {metadata(method data for {method} {0x0000027d2949ae90} 'invoke' '(Ljava/lang/Object;Ljava/lang/Object;Ljava/lang/Object;)Ljava/lang/Object;' in 'java/lang/invoke/LambdaForm$MH+0x000000002f051400')}
  0x0000027d1186275c: 0000 0148 | baf8 b049 | 297d 0200 | 008b ba90 | 0000 0083 | c702 89ba | 9000 0000 | 81e7 feff 
  0x0000027d1186277c: 1f00 85ff | 0f84 971c 

  0x0000027d11862784: ;   {metadata(method data for {method} {0x0000027d2949ae90} 'invoke' '(Ljava/lang/Object;Ljava/lang/Object;Ljava/lang/Object;)Ljava/lang/Object;' in 'java/lang/invoke/LambdaForm$MH+0x000000002f051400')}
  0x0000027d11862784: 0000 48ba | f8b0 4929 | 7d02 0000 | 4883 8238 | 0100 0001 

  0x0000027d11862798: ;   {metadata(method data for {method} {0x000000002e215400} 'invokeSpecial' '(Ljava/lang/Object;Ljava/lang/Object;Ljava/lang/Object;Ljava/lang/Object;)Ljava/lang/Object;' in 'java/lang/invoke/DirectMethodHandle$Holder')}
  0x0000027d11862798: 48ba 7884 | 1e29 7d02 | 0000 8bba | 9000 0000 | 83c7 0289 | ba90 0000 | 0081 e7fe | ff1f 0085 
  0x0000027d118627b8: ff0f 847f 

  0x0000027d118627bc: ;   {metadata(method data for {method} {0x000000002e215400} 'invokeSpecial' '(Ljava/lang/Object;Ljava/lang/Object;Ljava/lang/Object;Ljava/lang/Object;)Ljava/lang/Object;' in 'java/lang/invoke/DirectMethodHandle$Holder')}
  0x0000027d118627bc: 1c00 0048 | ba78 841e | 297d 0200 | 0048 8382 | d800 0000 

  0x0000027d118627d0: ;   {metadata(method data for {method} {0x000000002e206588} 'internalMemberName' '(Ljava/lang/Object;)Ljava/lang/Object;' in 'java/lang/invoke/DirectMethodHandle')}
  0x0000027d118627d0: 0148 ba70 | 501e 297d | 0200 008b | ba90 0000 | 0083 c702 | 89ba 9000 | 0000 81e7 | feff 1f00 
  0x0000027d118627f0: 85ff 0f84 | 671c 0000 

  0x0000027d118627f8: ;   {metadata(method data for {method} {0x000000002e215400} 'invokeSpecial' '(Ljava/lang/Object;Ljava/lang/Object;Ljava/lang/Object;Ljava/lang/Object;)Ljava/lang/Object;' in 'java/lang/invoke/DirectMethodHandle$Holder')}
  0x0000027d118627f8: 48ba 7884 | 1e29 7d02 | 0000 488d | 9248 0100 | 0048 85f6 | 750c f642 | 1801 7506 | f048 834a 
  0x0000027d11862818: ;   {oop(a 'java/lang/String$$StringConcat+0x000000002f051000'{0x000000070fdd53a0})}
  0x0000027d11862818: 1801 48ba | a053 dd0f | 0700 0000 

  0x0000027d11862824: ;   {metadata(method data for {method} {0x000000002e215400} 'invokeSpecial' '(Ljava/lang/Object;Ljava/lang/Object;Ljava/lang/Object;Ljava/lang/Object;)Ljava/lang/Object;' in 'java/lang/invoke/DirectMethodHandle$Holder')}
  0x0000027d11862824: 48bf 7884 | 1e29 7d02 | 0000 4883 | 8738 0100 

  0x0000027d11862834: ;   {metadata(method data for {method} {0x0000027d2949a5a0} 'concat' '(Ljava/lang/Object;Ljava/lang/Object;)Ljava/lang/String;' in 'java/lang/String$$StringConcat+0x000000002f051000')}
  0x0000027d11862834: 0001 48ba | d0a9 4929 | 7d02 0000 | 8bba 9000 | 0000 83c7 | 0289 ba90 | 0000 0081 | e7fe ff1f 
  0x0000027d11862854: 0085 ff0f | 8423 1c00 

  0x0000027d1186285c: ;   {metadata(method data for {method} {0x0000027d2949a5a0} 'concat' '(Ljava/lang/Object;Ljava/lang/Object;)Ljava/lang/String;' in 'java/lang/String$$StringConcat+0x000000002f051000')}
  0x0000027d1186285c: 0048 bad0 | a949 297d | 0200 0048 | 8382 d800 

  0x0000027d1186286c: ;   {metadata(method data for {method} {0x000000002e49a860} 'stringOf' '(Ljava/lang/Object;)Ljava/lang/String;' in 'java/lang/StringConcatHelper')}
  0x0000027d1186286c: 0000 0148 | ba90 bd16 | 297d 0200 | 008b ba90 | 0000 0083 | c702 89ba | 9000 0000 | 81e7 feff 
  0x0000027d1186288c: 1f00 85ff | 0f84 0b1c | 0000 4885 

  0x0000027d11862898: ;   {metadata(method data for {method} {0x000000002e49a860} 'stringOf' '(Ljava/lang/Object;)Ljava/lang/String;' in 'java/lang/StringConcatHelper')}
  0x0000027d11862898: f648 ba90 | bd16 297d | 0200 00bf | d800 0000 | 7405 bfe8 | 0000 0048 | 8b1c 3a48 | 8d5b 0148 
  0x0000027d118628b8: 891c 3a0f | 846a 0000 | 0048 3b06 

  0x0000027d118628c4: ;   {metadata(method data for {method} {0x000000002e49a860} 'stringOf' '(Ljava/lang/Object;)Ljava/lang/String;' in 'java/lang/StringConcatHelper')}
  0x0000027d118628c4: 488b d648 | bf90 bd16 | 297d 0200 | 0048 8387 | 0801 0000 

  0x0000027d118628d8: ;   {metadata(method data for {method} {0x000000002e188140} 'toString' '()Ljava/lang/String;' in 'java/lang/String')}
  0x0000027d118628d8: 0148 ba40 | da05 297d | 0200 008b | ba90 0000 | 0083 c702 | 89ba 9000 | 0000 81e7 | feff 1f00 
  0x0000027d118628f8: 85ff 0f84 | c71b 0000 

  0x0000027d11862900: ;   {metadata(method data for {method} {0x000000002e49a860} 'stringOf' '(Ljava/lang/Object;)Ljava/lang/String;' in 'java/lang/StringConcatHelper')}
  0x0000027d11862900: 4885 f648 | ba90 bd16 | 297d 0200 | 00bf 2801 | 0000 7505 | bf38 0100 | 0048 8b1c | 3a48 8d5b 
  0x0000027d11862920: 0148 891c | 3a0f 851a 

  0x0000027d11862928: ;   {metadata(method data for {method} {0x000000002e49a860} 'stringOf' '(Ljava/lang/Object;)Ljava/lang/String;' in 'java/lang/StringConcatHelper')}
  0x0000027d11862928: 0000 0048 | ba90 bd16 | 297d 0200 | 00ff 8248 

  0x0000027d11862938: ;   {oop("null"{0x00000007ffe3a780})}
  0x0000027d11862938: 0100 0048 | be80 a7e3 | ff07 0000 

  0x0000027d11862944: ;   {metadata(method data for {method} {0x0000027d2949a5a0} 'concat' '(Ljava/lang/Object;Ljava/lang/Object;)Ljava/lang/String;' in 'java/lang/String$$StringConcat+0x000000002f051000')}
  0x0000027d11862944: 0048 bad0 | a949 297d | 0200 0048 | 8382 e800 

  0x0000027d11862954: ;   {metadata(method data for {method} {0x000000002e49a860} 'stringOf' '(Ljava/lang/Object;)Ljava/lang/String;' in 'java/lang/StringConcatHelper')}
  0x0000027d11862954: 0000 0148 | ba90 bd16 | 297d 0200 | 008b ba90 | 0000 0083 | c702 89ba | 9000 0000 | 81e7 feff 
  0x0000027d11862974: 1f00 85ff | 0f84 6a1b | 0000 4885 

  0x0000027d11862980: ;   {metadata(method data for {method} {0x000000002e49a860} 'stringOf' '(Ljava/lang/Object;)Ljava/lang/String;' in 'java/lang/StringConcatHelper')}
  0x0000027d11862980: c048 ba90 | bd16 297d | 0200 00bf | d800 0000 | 7405 bfe8 | 0000 0048 | 8b1c 3a48 | 8d5b 0148 
  0x0000027d118629a0: 891c 3a0f | 846a 0000 | 0048 3b00 

  0x0000027d118629ac: ;   {metadata(method data for {method} {0x000000002e49a860} 'stringOf' '(Ljava/lang/Object;)Ljava/lang/String;' in 'java/lang/StringConcatHelper')}
  0x0000027d118629ac: 488b d048 | bf90 bd16 | 297d 0200 | 0048 8387 | 0801 0000 

  0x0000027d118629c0: ;   {metadata(method data for {method} {0x000000002e188140} 'toString' '()Ljava/lang/String;' in 'java/lang/String')}
  0x0000027d118629c0: 0148 ba40 | da05 297d | 0200 008b | ba90 0000 | 0083 c702 | 89ba 9000 | 0000 81e7 | feff 1f00 
  0x0000027d118629e0: 85ff 0f84 | 261b 0000 

  0x0000027d118629e8: ;   {metadata(method data for {method} {0x000000002e49a860} 'stringOf' '(Ljava/lang/Object;)Ljava/lang/String;' in 'java/lang/StringConcatHelper')}
  0x0000027d118629e8: 4885 c048 | ba90 bd16 | 297d 0200 | 00bf 2801 | 0000 7505 | bf38 0100 | 0048 8b1c | 3a48 8d5b 
  0x0000027d11862a08: 0148 891c | 3a0f 851a 

  0x0000027d11862a10: ;   {metadata(method data for {method} {0x000000002e49a860} 'stringOf' '(Ljava/lang/Object;)Ljava/lang/String;' in 'java/lang/StringConcatHelper')}
  0x0000027d11862a10: 0000 0048 | ba90 bd16 | 297d 0200 | 00ff 8248 

  0x0000027d11862a20: ;   {oop("null"{0x00000007ffe3a780})}
  0x0000027d11862a20: 0100 0048 | b880 a7e3 | ff07 0000 

  0x0000027d11862a2c: ;   {metadata(method data for {method} {0x0000027d2949a5a0} 'concat' '(Ljava/lang/Object;Ljava/lang/Object;)Ljava/lang/String;' in 'java/lang/String$$StringConcat+0x000000002f051000')}
  0x0000027d11862a2c: 0048 bad0 | a949 297d | 0200 0048 | 8382 f800 

  0x0000027d11862a3c: ;   {metadata(method data for {method} {0x0000027d2949a658} 'coder' '(ILjava/lang/String;Ljava/lang/String;)I' in 'java/lang/String$$StringConcat+0x000000002f051000')}
  0x0000027d11862a3c: 0000 0148 | ba00 8096 | 297d 0200 | 008b ba90 | 0000 0083 | c702 89ba | 9000 0000 | 81e7 feff 
  0x0000027d11862a5c: 1f00 85ff | 0f84 c91a | 0000 483b | 0648 8bd6 

  0x0000027d11862a6c: ;   {metadata(method data for {method} {0x0000027d2949a658} 'coder' '(ILjava/lang/String;Ljava/lang/String;)I' in 'java/lang/String$$StringConcat+0x000000002f051000')}
  0x0000027d11862a6c: 48bf 0080 | 9629 7d02 | 0000 8b52 | 0841 ba00 | 0000 2e49 | 03d2 483b | 97e0 0000 | 0075 0d48 
  0x0000027d11862a8c: 8387 e800 | 0000 01e9 | 6000 0000 | 483b 97f0 | 0000 0075 | 0d48 8387 | f800 0000 | 01e9 4a00 
  0x0000027d11862aac: 0000 4883 | bfe0 0000 | 0000 7517 | 4889 97e0 | 0000 0048 | c787 e800 | 0000 0100 | 0000 e929 
  0x0000027d11862acc: 0000 0048 | 83bf f000 | 0000 0075 | 1748 8997 | f000 0000 | 48c7 87f8 | 0000 0001 | 0000 00e9 
  0x0000027d11862aec: 0800 0000 | 4883 87d8 | 0000 0001 

  0x0000027d11862af8: ;   {metadata(method data for {method} {0x000000002e4af4b0} 'coder' '()B' in 'java/lang/String')}
  0x0000027d11862af8: 48ba 28f7 | 0029 7d02 | 0000 8bba | 9000 0000 | 83c7 0289 | ba90 0000 | 0081 e7fe | ff1f 0085 
  0x0000027d11862b18: ff0f 8436 

  0x0000027d11862b1c: ;   {metadata(method data for {method} {0x000000002e4af4b0} 'coder' '()B' in 'java/lang/String')}
  0x0000027d11862b1c: 1a00 0048 | ba28 f700 | 297d 0200 | 00ff 82e8 | 0000 000f 

  0x0000027d11862b30: ;   {metadata(method data for {method} {0x000000002e4af4b0} 'coder' '()B' in 'java/lang/String')}
  0x0000027d11862b30: be56 1048 | bf28 f700 | 297d 0200 | 00ff 87f8 | 0000 00c1 | e218 c1fa | 1848 3b00 

  0x0000027d11862b4c: ;   {metadata(method data for {method} {0x0000027d2949a658} 'coder' '(ILjava/lang/String;Ljava/lang/String;)I' in 'java/lang/String$$StringConcat+0x000000002f051000')}
  0x0000027d11862b4c: 488b f848 | bb00 8096 | 297d 0200 | 008b 7f08 | 41ba 0000 | 002e 4903 | fa48 3bbb | 1001 0000 
  0x0000027d11862b6c: 750d 4883 | 8318 0100 | 0001 e960 | 0000 0048 | 3bbb 2001 | 0000 750d | 4883 8328 | 0100 0001 
  0x0000027d11862b8c: e94a 0000 | 0048 83bb | 1001 0000 | 0075 1748 | 89bb 1001 | 0000 48c7 | 8318 0100 | 0001 0000 
  0x0000027d11862bac: 00e9 2900 | 0000 4883 | bb20 0100 | 0000 7517 | 4889 bb20 | 0100 0048 | c783 2801 | 0000 0100 
  0x0000027d11862bcc: 0000 e908 | 0000 0048 | 8383 0801 

  0x0000027d11862bd8: ;   {metadata(method data for {method} {0x000000002e4af4b0} 'coder' '()B' in 'java/lang/String')}
  0x0000027d11862bd8: 0000 0148 | bf28 f700 | 297d 0200 | 008b 9f90 | 0000 0083 | c302 899f | 9000 0000 | 81e3 feff 
  0x0000027d11862bf8: 1f00 85db | 0f84 7919 

  0x0000027d11862c00: ;   {metadata(method data for {method} {0x000000002e4af4b0} 'coder' '()B' in 'java/lang/String')}
  0x0000027d11862c00: 0000 48bf | 28f7 0029 | 7d02 0000 | ff87 e800 | 0000 0fbe 

  0x0000027d11862c14: ;   {metadata(method data for {method} {0x000000002e4af4b0} 'coder' '()B' in 'java/lang/String')}
  0x0000027d11862c14: 7810 48bb | 28f7 0029 | 7d02 0000 | ff83 f800 | 0000 c1e7 | 18c1 ff18 | 480b fa89 | bc24 4c01 
  0x0000027d11862c34: 0000 4889 | 8424 5001 

  0x0000027d11862c3c: ;   {metadata(method data for {method} {0x0000027d2949a5a0} 'concat' '(Ljava/lang/Object;Ljava/lang/Object;)Ljava/lang/String;' in 'java/lang/String$$StringConcat+0x000000002f051000')}
  0x0000027d11862c3c: 0000 48ba | d0a9 4929 | 7d02 0000 | 4883 8208 | 0100 0001 

  0x0000027d11862c50: ;   {metadata(method data for {method} {0x0000027d2949a3d8} 'length' '(ILjava/lang/String;Ljava/lang/String;)I' in 'java/lang/String$$StringConcat+0x000000002f051000')}
  0x0000027d11862c50: 48ba 8881 | 9629 7d02 | 0000 8b9a | 9000 0000 | 83c3 0289 | 9a90 0000 | 0081 e3fe | ff1f 0085 
  0x0000027d11862c70: db0f 8425 

  0x0000027d11862c74: ;   {metadata(method data for {method} {0x0000027d2949a3d8} 'length' '(ILjava/lang/String;Ljava/lang/String;)I' in 'java/lang/String$$StringConcat+0x000000002f051000')}
  0x0000027d11862c74: 1900 0048 | ba88 8196 | 297d 0200 | 0048 8382 | d800 0000 

  0x0000027d11862c88: ;   {metadata(method data for {method} {0x000000002e49acd8} 'stringSize' '(ILjava/lang/String;)I' in 'java/lang/StringConcatHelper')}
  0x0000027d11862c88: 0148 bab8 | 511e 297d | 0200 008b | 9a90 0000 | 0083 c302 | 899a 9000 | 0000 81e3 | feff 1f00 
  0x0000027d11862ca8: 85db 0f84 | 0d19 0000 

  0x0000027d11862cb0: ;   {metadata(method data for {method} {0x000000002e49acd8} 'stringSize' '(ILjava/lang/String;)I' in 'java/lang/StringConcatHelper')}
  0x0000027d11862cb0: 488b d648 | bbb8 511e | 297d 0200 | 008b 5208 | 41ba 0000 | 002e 4903 | d248 3b93 | e000 0000 
  0x0000027d11862cd0: 750d 4883 | 83e8 0000 | 0001 e960 | 0000 0048 | 3b93 f000 | 0000 750d | 4883 83f8 | 0000 0001 
  0x0000027d11862cf0: e94a 0000 | 0048 83bb | e000 0000 | 0075 1748 | 8993 e000 | 0000 48c7 | 83e8 0000 | 0001 0000 
  0x0000027d11862d10: 00e9 2900 | 0000 4883 | bbf0 0000 | 0000 7517 | 4889 93f0 | 0000 0048 | c783 f800 | 0000 0100 
  0x0000027d11862d30: 0000 e908 | 0000 0048 | 8383 d800 

  0x0000027d11862d3c: ;   {metadata(method data for {method} {0x000000002e188868} 'length' '()I' in 'java/lang/String')}
  0x0000027d11862d3c: 0000 0148 | ba68 f800 | 297d 0200 | 008b 9a90 | 0000 0083 | c302 899a | 9000 0000 | 81e3 feff 
  0x0000027d11862d5c: 1f00 85db | 0f84 7818 | 0000 8b56 | 1448 c1e2 | 038b 5a0c 

  0x0000027d11862d70: ;   {metadata(method data for {method} {0x000000002e188868} 'length' '()I' in 'java/lang/String')}
  0x0000027d11862d70: 488b d648 | b968 f800 | 297d 0200 | 008b 5208 | 41ba 0000 | 002e 4903 | d248 3b91 | e000 0000 
  0x0000027d11862d90: 750d 4883 | 81e8 0000 | 0001 e960 | 0000 0048 | 3b91 f000 | 0000 750d | 4883 81f8 | 0000 0001 
  0x0000027d11862db0: e94a 0000 | 0048 83b9 | e000 0000 | 0075 1748 | 8991 e000 | 0000 48c7 | 81e8 0000 | 0001 0000 
  0x0000027d11862dd0: 00e9 2900 | 0000 4883 | b9f0 0000 | 0000 7517 | 4889 91f0 | 0000 0048 | c781 f800 | 0000 0100 
  0x0000027d11862df0: 0000 e908 | 0000 0048 | 8381 d800 | 0000 0148 | 8bd6 4889 | b424 5801 | 0000 899c | 2448 0100 
  0x0000027d11862e10: 0066 0f1f 

  0x0000027d11862e14: ;   {optimized virtual_call}
  0x0000027d11862e14: 4400 00e8 

  0x0000027d11862e18: ; ImmutableOopMap {[288]=Oop [336]=Oop [344]=Oop }
                      ;*invokevirtual coder {reexecute=0 rethrow=0 return_oop=0}
                      ; - java.lang.String::length@6 (line 1583)
                      ; - java.lang.StringConcatHelper::stringSize@2 (line 530)
                      ; - java.lang.String$$StringConcat/0x000000002f051000::length@2
                      ; - java.lang.String$$StringConcat/0x000000002f051000::concat@33
                      ; - java.lang.invoke.DirectMethodHandle$Holder::invokeSpecial@14
                      ; - java.lang.invoke.LambdaForm$MH/0x000000002f051400::invoke@24
                      ; - java.lang.invoke.Invokers$Holder::linkToTargetMethod@6
                      ; - Rendering.ImGui.ImGuiEditor::render@27 (line 22)
  0x0000027d11862e18: 04ec e0ff 

  0x0000027d11862e1c: ;   {post_call_nop}
  0x0000027d11862e1c: 0f1f 8400 | 940c 0006 | 488b c88b | 9c24 4801 | 0000 d3fb 

  0x0000027d11862e30: ;   {metadata(method data for {method} {0x000000002e49acd8} 'stringSize' '(ILjava/lang/String;)I' in 'java/lang/StringConcatHelper')}
  0x0000027d11862e30: 83c3 0f48 | bab8 511e | 297d 0200 | 0048 8382 | 0801 0000 

  0x0000027d11862e44: ;   {metadata(method data for {method} {0x000000002e49a968} 'checkOverflow' '(I)I' in 'java/lang/StringConcatHelper')}
  0x0000027d11862e44: 0148 ba38 | 4c07 297d | 0200 008b | b290 0000 | 0083 c602 | 89b2 9000 | 0000 81e6 | feff 1f00 
  0x0000027d11862e64: 85f6 0f84 | 9817 0000 

  0x0000027d11862e6c: ;   {metadata(method data for {method} {0x000000002e49a968} 'checkOverflow' '(I)I' in 'java/lang/StringConcatHelper')}
  0x0000027d11862e6c: 85db 48ba | 384c 0729 | 7d02 0000 | bed8 0000 | 007c 05be | e800 0000 | 488b 3c32 | 488d 7f01 
  0x0000027d11862e8c: 4889 3c32 | 0f8c 3314 | 0000 899c | 2464 0100 | 0048 8b84 | 2450 0100 

  0x0000027d11862ea4: ;   {metadata(method data for {method} {0x0000027d2949a3d8} 'length' '(ILjava/lang/String;Ljava/lang/String;)I' in 'java/lang/String$$StringConcat+0x000000002f051000')}
  0x0000027d11862ea4: 0048 ba88 | 8196 297d | 0200 0048 | 8382 e800 

  0x0000027d11862eb4: ;   {metadata(method data for {method} {0x000000002e49acd8} 'stringSize' '(ILjava/lang/String;)I' in 'java/lang/StringConcatHelper')}
  0x0000027d11862eb4: 0000 0148 | bab8 511e | 297d 0200 | 008b b290 | 0000 0083 | c602 89b2 | 9000 0000 | 81e6 feff 
  0x0000027d11862ed4: 1f00 85f6 | 0f84 4717 | 0000 488b 

  0x0000027d11862ee0: ;   {metadata(method data for {method} {0x000000002e49acd8} 'stringSize' '(ILjava/lang/String;)I' in 'java/lang/StringConcatHelper')}
  0x0000027d11862ee0: d048 beb8 | 511e 297d | 0200 008b | 5208 41ba | 0000 002e | 4903 d248 | 3b96 e000 | 0000 750d 
  0x0000027d11862f00: 4883 86e8 | 0000 0001 | e960 0000 | 0048 3b96 | f000 0000 | 750d 4883 | 86f8 0000 | 0001 e94a 
  0x0000027d11862f20: 0000 0048 | 83be e000 | 0000 0075 | 1748 8996 | e000 0000 | 48c7 86e8 | 0000 0001 | 0000 00e9 
  0x0000027d11862f40: 2900 0000 | 4883 bef0 | 0000 0000 | 7517 4889 | 96f0 0000 | 0048 c786 | f800 0000 | 0100 0000 
  0x0000027d11862f60: e908 0000 | 0048 8386 | d800 0000 

  0x0000027d11862f6c: ;   {metadata(method data for {method} {0x000000002e188868} 'length' '()I' in 'java/lang/String')}
  0x0000027d11862f6c: 0148 ba68 | f800 297d | 0200 008b | b290 0000 | 0083 c602 | 89b2 9000 | 0000 81e6 | feff 1f00 
  0x0000027d11862f8c: 85f6 0f84 | b216 0000 | 8b50 1448 | c1e2 038b | 720c 488b 

  0x0000027d11862fa0: ;   {metadata(method data for {method} {0x000000002e188868} 'length' '()I' in 'java/lang/String')}
  0x0000027d11862fa0: d048 bf68 | f800 297d | 0200 008b | 5208 41ba | 0000 002e | 4903 d248 | 3b97 e000 | 0000 750d 
  0x0000027d11862fc0: 4883 87e8 | 0000 0001 | e960 0000 | 0048 3b97 | f000 0000 | 750d 4883 | 87f8 0000 | 0001 e94a 
  0x0000027d11862fe0: 0000 0048 | 83bf e000 | 0000 0075 | 1748 8997 | e000 0000 | 48c7 87e8 | 0000 0001 | 0000 00e9 
  0x0000027d11863000: 2900 0000 | 4883 bff0 | 0000 0000 | 7517 4889 | 97f0 0000 | 0048 c787 | f800 0000 | 0100 0000 
  0x0000027d11863020: e908 0000 | 0048 8387 | d800 0000 | 0148 8bd0 | 4889 8424 | 5001 0000 | 89b4 2460 

  0x0000027d1186303c: ;   {optimized virtual_call}
  0x0000027d1186303c: 0100 00e8 

  0x0000027d11863040: ; ImmutableOopMap {[288]=Oop [336]=Oop [344]=Oop }
                      ;*invokevirtual coder {reexecute=0 rethrow=0 return_oop=0}
                      ; - java.lang.String::length@6 (line 1583)
                      ; - java.lang.StringConcatHelper::stringSize@2 (line 530)
                      ; - java.lang.String$$StringConcat/0x000000002f051000::length@6
                      ; - java.lang.String$$StringConcat/0x000000002f051000::concat@33
                      ; - java.lang.invoke.DirectMethodHandle$Holder::invokeSpecial@14
                      ; - java.lang.invoke.LambdaForm$MH/0x000000002f051400::invoke@24
                      ; - java.lang.invoke.Invokers$Holder::linkToTargetMethod@6
                      ; - Rendering.ImGui.ImGuiEditor::render@27 (line 22)
  0x0000027d11863040: dce9 e0ff 

  0x0000027d11863044: ;   {post_call_nop}
  0x0000027d11863044: 0f1f 8400 | bc0e 0007 | 488b c88b | b424 6001 | 0000 d3fe | 03b4 2464 

  0x0000027d1186305c: ;   {metadata(method data for {method} {0x000000002e49acd8} 'stringSize' '(ILjava/lang/String;)I' in 'java/lang/StringConcatHelper')}
  0x0000027d1186305c: 0100 0048 | b9b8 511e | 297d 0200 | 0048 8381 | 0801 0000 

  0x0000027d11863070: ;   {metadata(method data for {method} {0x000000002e49a968} 'checkOverflow' '(I)I' in 'java/lang/StringConcatHelper')}
  0x0000027d11863070: 0148 b938 | 4c07 297d | 0200 0044 | 8b81 9000 | 0000 4183 | c002 4489 | 8190 0000 | 0041 81e0 
  0x0000027d11863090: feff 1f00 | 4585 c00f | 84cf 1500 

  0x0000027d1186309c: ;   {metadata(method data for {method} {0x000000002e49a968} 'checkOverflow' '(I)I' in 'java/lang/StringConcatHelper')}
  0x0000027d1186309c: 0085 f648 | b938 4c07 | 297d 0200 | 0041 b8d8 | 0000 007c | 0641 b8e8 | 0000 004e | 8b0c 014d 
  0x0000027d118630bc: 8d49 014e | 890c 010f | 8c60 1100 

  0x0000027d118630c8: ;   {oop("]"{0x000000070fdd5310})}
  0x0000027d118630c8: 0048 b910 | 53dd 0f07 | 0000 004c 

  0x0000027d118630d4: ;   {metadata(method data for {method} {0x0000027d2949a5a0} 'concat' '(Ljava/lang/Object;Ljava/lang/Object;)Ljava/lang/String;' in 'java/lang/String$$StringConcat+0x000000002f051000')}
  0x0000027d118630d4: 8bc1 49b9 | d0a9 4929 | 7d02 0000 | 458b 4008 | 41ba 0000 | 002e 4d03 | c24d 3b81 | 2001 0000 
  0x0000027d118630f4: 750d 4983 | 8128 0100 | 0001 e960 | 0000 004d | 3b81 3001 | 0000 750d | 4983 8138 | 0100 0001 
  0x0000027d11863114: e94a 0000 | 0049 83b9 | 2001 0000 | 0075 174d | 8981 2001 | 0000 49c7 | 8128 0100 | 0001 0000 
  0x0000027d11863134: 00e9 2900 | 0000 4983 | b930 0100 | 0000 7517 | 4d89 8130 | 0100 0049 | c781 3801 | 0000 0100 
  0x0000027d11863154: 0000 e908 | 0000 0049 | 8381 1801 

  0x0000027d11863160: ;   {metadata(method data for {method} {0x000000002e188868} 'length' '()I' in 'java/lang/String')}
  0x0000027d11863160: 0000 0149 | b868 f800 | 297d 0200 | 0045 8b88 | 9000 0000 | 4183 c102 | 4589 8890 | 0000 0041 
  0x0000027d11863180: 81e1 feff | 1f00 4585 | c90f 84fe 

  0x0000027d1186318c: ;   {metadata(method data for {method} {0x000000002e188868} 'length' '()I' in 'java/lang/String')}
  0x0000027d1186318c: 1400 0049 | b868 f800 | 297d 0200 | 008b 4908 | 41ba 0000 | 002e 4903 | ca49 3b88 | e000 0000 
  0x0000027d118631ac: 750d 4983 | 80e8 0000 | 0001 e960 | 0000 0049 | 3b88 f000 | 0000 750d | 4983 80f8 | 0000 0001 
  0x0000027d118631cc: e94a 0000 | 0049 83b8 | e000 0000 | 0075 1749 | 8988 e000 | 0000 49c7 | 80e8 0000 | 0001 0000 
  0x0000027d118631ec: 00e9 2900 | 0000 4983 | b8f0 0000 | 0000 7517 | 4989 88f0 | 0000 0049 | c780 f800 | 0000 0100 
  0x0000027d1186320c: 0000 e908 | 0000 0049 | 8380 d800 

  0x0000027d11863218: ;   {metadata(method data for {method} {0x000000002e4af4b0} 'coder' '()B' in 'java/lang/String')}
  0x0000027d11863218: 0000 0148 | b928 f700 | 297d 0200 | 0044 8b81 | 9000 0000 | 4183 c002 | 4489 8190 | 0000 0041 
  0x0000027d11863238: 81e0 feff | 1f00 4585 | c00f 8467 

  0x0000027d11863244: ;   {metadata(method data for {method} {0x000000002e4af4b0} 'coder' '()B' in 'java/lang/String')}
  0x0000027d11863244: 1400 0048 | b928 f700 | 297d 0200 | 00ff 81e8 

  0x0000027d11863254: ;   {metadata(method data for {method} {0x000000002e4af4b0} 'coder' '()B' in 'java/lang/String')}
  0x0000027d11863254: 0000 0048 | b928 f700 | 297d 0200 | 00ff 81f8 | 0000 00ff | ce89 b424 | 6801 0000 

  0x0000027d11863270: ;   {metadata(method data for {method} {0x0000027d2949a5a0} 'concat' '(Ljava/lang/Object;Ljava/lang/Object;)Ljava/lang/String;' in 'java/lang/String$$StringConcat+0x000000002f051000')}
  0x0000027d11863270: 48b9 d0a9 | 4929 7d02 | 0000 4883 | 8148 0100 

  0x0000027d11863280: ;   {metadata(method data for {method} {0x000000002e49a758} 'newArrayWithSuffix' '(Ljava/lang/String;IB)[B' in 'java/lang/StringConcatHelper')}
  0x0000027d11863280: 0001 48b9 | 78d0 1629 | 7d02 0000 | 448b 8190 | 0000 0041 | 83c0 0244 | 8981 9000 | 0000 4181 
  0x0000027d118632a0: e0fe ff1f | 0045 85c0 | 0f84 2114 

  0x0000027d118632ac: ;   {oop("]"{0x000000070fdd5310})}
  0x0000027d118632ac: 0000 48b9 | 1053 dd0f | 0700 0000 

  0x0000027d118632b8: ;   {metadata(method data for {method} {0x000000002e49a758} 'newArrayWithSuffix' '(Ljava/lang/String;IB)[B' in 'java/lang/StringConcatHelper')}
  0x0000027d118632b8: 4c8b c149 | b978 d016 | 297d 0200 | 0045 8b40 | 0841 ba00 | 0000 2e4d | 03c2 4d3b | 81e0 0000 
  0x0000027d118632d8: 0075 0d49 | 8381 e800 | 0000 01e9 | 6000 0000 | 4d3b 81f0 | 0000 0075 | 0d49 8381 | f800 0000 
  0x0000027d118632f8: 01e9 4a00 | 0000 4983 | b9e0 0000 | 0000 7517 | 4d89 81e0 | 0000 0049 | c781 e800 | 0000 0100 
  0x0000027d11863318: 0000 e929 | 0000 0049 | 83b9 f000 | 0000 0075 | 174d 8981 | f000 0000 | 49c7 81f8 | 0000 0001 
  0x0000027d11863338: 0000 00e9 | 0800 0000 | 4983 81d8 | 0000 0001 

  0x0000027d11863348: ;   {metadata(method data for {method} {0x000000002e188868} 'length' '()I' in 'java/lang/String')}
  0x0000027d11863348: 49b8 68f8 | 0029 7d02 | 0000 458b | 8890 0000 | 0041 83c1 | 0245 8988 | 9000 0000 | 4181 e1fe 
  0x0000027d11863368: ff1f 0045 | 85c9 0f84 | 7c13 0000 

  0x0000027d11863374: ;   {metadata(method data for {method} {0x000000002e188868} 'length' '()I' in 'java/lang/String')}
  0x0000027d11863374: 49b8 68f8 | 0029 7d02 | 0000 8b49 | 0841 ba00 | 0000 2e49 | 03ca 493b | 88e0 0000 | 0075 0d49 
  0x0000027d11863394: 8380 e800 | 0000 01e9 | 6000 0000 | 493b 88f0 | 0000 0075 | 0d49 8380 | f800 0000 | 01e9 4a00 
  0x0000027d118633b4: 0000 4983 | b8e0 0000 | 0000 7517 | 4989 88e0 | 0000 0049 | c780 e800 | 0000 0100 | 0000 e929 
  0x0000027d118633d4: 0000 0049 | 83b8 f000 | 0000 0075 | 1749 8988 | f000 0000 | 49c7 80f8 | 0000 0001 | 0000 00e9 
  0x0000027d118633f4: 0800 0000 | 4983 80d8 | 0000 0001 

  0x0000027d11863400: ;   {metadata(method data for {method} {0x000000002e4af4b0} 'coder' '()B' in 'java/lang/String')}
  0x0000027d11863400: 48b9 28f7 | 0029 7d02 | 0000 448b | 8190 0000 | 0041 83c0 | 0244 8981 | 9000 0000 | 4181 e0fe 
  0x0000027d11863420: ff1f 0045 | 85c0 0f84 | e512 0000 

  0x0000027d1186342c: ;   {metadata(method data for {method} {0x000000002e4af4b0} 'coder' '()B' in 'java/lang/String')}
  0x0000027d1186342c: 48b9 28f7 | 0029 7d02 | 0000 ff81 | e800 0000 

  0x0000027d1186343c: ;   {metadata(method data for {method} {0x000000002e4af4b0} 'coder' '()B' in 'java/lang/String')}
  0x0000027d1186343c: 48b9 28f7 | 0029 7d02 | 0000 ff81 | f800 0000 | 4c8b c641 | ffc0 8b8c | 244c 0100 | 004d 8bc8 
  0x0000027d1186345c: ;   {metadata(method data for {method} {0x000000002e49a758} 'newArrayWithSuffix' '(Ljava/lang/String;IB)[B' in 'java/lang/StringConcatHelper')}
  0x0000027d1186345c: 41d3 e149 | b878 d016 | 297d 0200 | 0049 8380 | 0801 0000 

  0x0000027d11863470: ;   {metadata(method data for {method} {0x000000002e49b308} 'newArray' '(I)[B' in 'java/lang/StringConcatHelper')}
  0x0000027d11863470: 0149 b818 | db04 297d | 0200 0041 | 8b90 9000 | 0000 83c2 | 0241 8990 | 9000 0000 | 81e2 feff 
  0x0000027d11863490: 1f00 85d2 | 0f84 9812 | 0000 4585 

  0x0000027d1186349c: ;   {metadata(method data for {method} {0x000000002e49b308} 'newArray' '(I)[B' in 'java/lang/StringConcatHelper')}
  0x0000027d1186349c: c949 b818 | db04 297d | 0200 00ba | e800 0000 | 7c05 bad8 | 0000 0049 | 8b3c 1048 | 8d7f 0149 
  0x0000027d118634bc: 893c 100f | 8cca 0c00 

  0x0000027d118634c4: ;   {oop(a 'jdk/internal/misc/Unsafe'{0x0000000710a04580})}
  0x0000027d118634c4: 0048 ba80 | 45a0 1007 | 0000 004c 

  0x0000027d118634d0: ;   {metadata(method data for {method} {0x000000002e49b308} 'newArray' '(I)[B' in 'java/lang/StringConcatHelper')}
  0x0000027d118634d0: 8bc2 48bf | 18db 0429 | 7d02 0000 | 458b 4008 | 41ba 0000 | 002e 4d03 | c24c 3b87 | 1001 0000 
  0x0000027d118634f0: 750d 4883 | 8718 0100 | 0001 e960 | 0000 004c | 3b87 2001 | 0000 750d | 4883 8728 | 0100 0001 
  0x0000027d11863510: e94a 0000 | 0048 83bf | 1001 0000 | 0075 174c | 8987 1001 | 0000 48c7 | 8718 0100 | 0001 0000 
  0x0000027d11863530: 00e9 2900 | 0000 4883 | bf20 0100 | 0000 7517 | 4c89 8720 | 0100 0048 | c787 2801 | 0000 0100 
  0x0000027d11863550: 0000 e908 | 0000 0048 | 8387 0801 

  0x0000027d1186355c: ;   {oop(a 'java/lang/Class'{0x00000007ffeb4b10} = byte)}
  0x0000027d1186355c: 0000 0149 | b810 4beb | ff07 0000 | 0066 0f1f 

  0x0000027d1186356c: ;   {optimized virtual_call}
  0x0000027d1186356c: 4400 00e8 

  0x0000027d11863570: ; ImmutableOopMap {[288]=Oop [336]=Oop [344]=Oop }
                      ;*invokevirtual allocateUninitializedArray {reexecute=0 rethrow=0 return_oop=0}
                      ; - java.lang.StringConcatHelper::newArray@21 (line 578)
                      ; - java.lang.StringConcatHelper::newArrayWithSuffix@8 (line 611)
                      ; - java.lang.String$$StringConcat/0x000000002f051000::concat@58
                      ; - java.lang.invoke.DirectMethodHandle$Holder::invokeSpecial@14
                      ; - java.lang.invoke.LambdaForm$MH/0x000000002f051400::invoke@24
                      ; - java.lang.invoke.Invokers$Holder::linkToTargetMethod@6
                      ; - Rendering.ImGui.ImGuiEditor::render@27 (line 22)
  0x0000027d11863570: 2cb6 e3ff 

  0x0000027d11863574: ;   {post_call_nop}
  0x0000027d11863574: 0f1f 8400 | ec13 0008 

  0x0000027d1186357c: ;   {metadata(method data for {method} {0x000000002e49b308} 'newArray' '(I)[B' in 'java/lang/StringConcatHelper')}
  0x0000027d1186357c: 4885 c049 | b918 db04 | 297d 0200 | 0075 0d41 | 8089 3101 | 0000 01e9 | a800 0000 | 8b78 0841 
  0x0000027d1186359c: ba00 0000 | 2e49 03fa | 493b b940 | 0100 0075 | 0d49 8381 | 4801 0000 | 01e9 6000 | 0000 493b 
  0x0000027d118635bc: b950 0100 | 0075 0d49 | 8381 5801 | 0000 01e9 | 4a00 0000 | 4983 b940 | 0100 0000 | 7517 4989 
  0x0000027d118635dc: b940 0100 | 0049 c781 | 4801 0000 | 0100 0000 | e929 0000 | 0049 83b9 | 5001 0000 | 0075 1749 
  0x0000027d118635fc: 89b9 5001 | 0000 49c7 | 8158 0100 | 0001 0000 | 00e9 0800 | 0000 4983 | 8138 0100 

  0x0000027d11863618: ;   {metadata({type array byte})}
  0x0000027d11863618: 0001 48bf | 604e 182e | 0000 0000 | 448b 4808 | 41ba 0000 | 002e 4d03 | ca49 3b79 | 380f 8518 
  0x0000027d11863638: 1100 00e9 | 0000 0000 | 488b f048 | 89b4 2470 | 0100 008b | bc24 4c01 | 0000 85ff 

  0x0000027d11863654: ;   {metadata(method data for {method} {0x000000002e49a758} 'newArrayWithSuffix' '(Ljava/lang/String;IB)[B' in 'java/lang/StringConcatHelper')}
  0x0000027d11863654: 49b8 78d0 | 1629 7d02 | 0000 41b9 | 1801 0000 | 7506 41b9 | 2801 0000 | 4b8b 1408 | 488d 5201 
  0x0000027d11863674: 4b89 1408 | 0f85 d400 

  0x0000027d1186367c: ;   {oop("]"{0x000000070fdd5310})}
  0x0000027d1186367c: 0000 48ba | 1053 dd0f | 0700 0000 

  0x0000027d11863688: ;   {metadata(method data for {method} {0x000000002e49a758} 'newArrayWithSuffix' '(Ljava/lang/String;IB)[B' in 'java/lang/StringConcatHelper')}
  0x0000027d11863688: 4c8b c249 | b978 d016 | 297d 0200 | 0045 8b40 | 0841 ba00 | 0000 2e4d | 03c2 4d3b | 8140 0100 
  0x0000027d118636a8: 0075 0d49 | 8381 4801 | 0000 01e9 | 6000 0000 | 4d3b 8150 | 0100 0075 | 0d49 8381 | 5801 0000 
  0x0000027d118636c8: 01e9 4a00 | 0000 4983 | b940 0100 | 0000 7517 | 4d89 8140 | 0100 0049 | c781 4801 | 0000 0100 
  0x0000027d118636e8: 0000 e929 | 0000 0049 | 83b9 5001 | 0000 0075 | 174d 8981 | 5001 0000 | 49c7 8158 | 0100 0001 
  0x0000027d11863708: 0000 00e9 | 0800 0000 | 4983 8138 | 0100 0001 | 4c8b c644 | 8b8c 2468 | 0100 00bf | 0000 0000 
  0x0000027d11863728: 0f1f 8000 

  0x0000027d1186372c: ;   {optimized virtual_call}
  0x0000027d1186372c: 0000 00e8 

  0x0000027d11863730: ; ImmutableOopMap {[288]=Oop [336]=Oop [344]=Oop [368]=Oop }
                      ;*invokevirtual getBytes {reexecute=0 rethrow=0 return_oop=0}
                      ; - java.lang.StringConcatHelper::newArrayWithSuffix@20 (line 613)
                      ; - java.lang.String$$StringConcat/0x000000002f051000::concat@58
                      ; - java.lang.invoke.DirectMethodHandle$Holder::invokeSpecial@14
                      ; - java.lang.invoke.LambdaForm$MH/0x000000002f051400::invoke@24
                      ; - java.lang.invoke.Invokers$Holder::linkToTargetMethod@6
                      ; - Rendering.ImGui.ImGuiEditor::render@27 (line 22)
  0x0000027d11863730: dc22 9007 

  0x0000027d11863734: ;   {post_call_nop}
  0x0000027d11863734: 0f1f 8400 | ac15 0009 

  0x0000027d1186373c: ;   {metadata(method data for {method} {0x000000002e49a758} 'newArrayWithSuffix' '(Ljava/lang/String;IB)[B' in 'java/lang/StringConcatHelper')}
  0x0000027d1186373c: 49b8 78d0 | 1629 7d02 | 0000 41ff | 8068 0100 | 00e9 c200 

  0x0000027d11863750: ;   {oop("]"{0x000000070fdd5310})}
  0x0000027d11863750: 0000 48ba | 1053 dd0f | 0700 0000 

  0x0000027d1186375c: ;   {metadata(method data for {method} {0x000000002e49a758} 'newArrayWithSuffix' '(Ljava/lang/String;IB)[B' in 'java/lang/StringConcatHelper')}
  0x0000027d1186375c: 4c8b c249 | b978 d016 | 297d 0200 | 0045 8b40 | 0841 ba00 | 0000 2e4d | 03c2 4d3b | 8188 0100 
  0x0000027d1186377c: 0075 0d49 | 8381 9001 | 0000 01e9 | 6000 0000 | 4d3b 8198 | 0100 0075 | 0d49 8381 | a001 0000 
  0x0000027d1186379c: 01e9 4a00 | 0000 4983 | b988 0100 | 0000 7517 | 4d89 8188 | 0100 0049 | c781 9001 | 0000 0100 
  0x0000027d118637bc: 0000 e929 | 0000 0049 | 83b9 9801 | 0000 0075 | 174d 8981 | 9801 0000 | 49c7 81a0 | 0100 0001 
  0x0000027d118637dc: 0000 00e9 | 0800 0000 | 4983 8180 | 0100 0001 | 4c8b 8424 | 7001 0000 | 448b 8c24 | 6801 0000 
  0x0000027d118637fc: bf01 0000 | 0066 0f1f 

  0x0000027d11863804: ;   {optimized virtual_call}
  0x0000027d11863804: 4400 00e8 

  0x0000027d11863808: ; ImmutableOopMap {[288]=Oop [336]=Oop [344]=Oop [368]=Oop }
                      ;*invokevirtual getBytes {reexecute=0 rethrow=0 return_oop=0}
                      ; - java.lang.StringConcatHelper::newArrayWithSuffix@30 (line 615)
                      ; - java.lang.String$$StringConcat/0x000000002f051000::concat@58
                      ; - java.lang.invoke.DirectMethodHandle$Holder::invokeSpecial@14
                      ; - java.lang.invoke.LambdaForm$MH/0x000000002f051400::invoke@24
                      ; - java.lang.invoke.Invokers$Holder::linkToTargetMethod@6
                      ; - Rendering.ImGui.ImGuiEditor::render@27 (line 22)
  0x0000027d11863808: d4b5 3807 

  0x0000027d1186380c: ;   {post_call_nop}
  0x0000027d1186380c: 0f1f 8400 | 8416 000a | 488b b424 | 7001 0000 

  0x0000027d1186381c: ;   {metadata(method data for {method} {0x0000027d2949a5a0} 'concat' '(Ljava/lang/Object;Ljava/lang/Object;)Ljava/lang/String;' in 'java/lang/String$$StringConcat+0x000000002f051000')}
  0x0000027d1186381c: 48ba d0a9 | 4929 7d02 | 0000 4883 | 8258 0100 

  0x0000027d1186382c: ;   {metadata(method data for {method} {0x0000027d2949a498} 'prepend' '(IB[B[Ljava/lang/String;Ljava/lang/String;Ljava/lang/String;)I' in 'java/lang/String$$StringConcat+0x000000002f051000')}
  0x0000027d1186382c: 0001 48ba | d082 9629 | 7d02 0000 | 448b 8290 | 0000 0041 | 83c0 0244 | 8982 9000 | 0000 4181 
  0x0000027d1186384c: e0fe ff1f | 0045 85c0 | 0f84 020f 

  0x0000027d11863858: ;   {metadata(method data for {method} {0x0000027d2949a498} 'prepend' '(IB[B[Ljava/lang/String;Ljava/lang/String;Ljava/lang/String;)I' in 'java/lang/String$$StringConcat+0x000000002f051000')}
  0x0000027d11863858: 0000 48ba | d082 9629 | 7d02 0000 | 4883 82d8 | 0000 0001 | 8b94 2468 | 0100 0044 | 8b84 244c 
  0x0000027d11863878: 0100 004c | 8bce 488b | bc24 5001 

  0x0000027d11863884: ;   {oop("] Arch: ["{0x000000070fdd52d8})}
  0x0000027d11863884: 0000 48be | d852 dd0f | 0700 0000 | 0f1f 8000 

  0x0000027d11863894: ;   {static_call}
  0x0000027d11863894: 0000 00e8 

  0x0000027d11863898: ; ImmutableOopMap {[288]=Oop [344]=Oop [368]=Oop }
                      ;*invokestatic prepend {reexecute=0 rethrow=0 return_oop=0}
                      ; - java.lang.String$$StringConcat/0x000000002f051000::prepend@8
                      ; - java.lang.String$$StringConcat/0x000000002f051000::concat@74
                      ; - java.lang.invoke.DirectMethodHandle$Holder::invokeSpecial@14
                      ; - java.lang.invoke.LambdaForm$MH/0x000000002f051400::invoke@24
                      ; - java.lang.invoke.Invokers$Holder::linkToTargetMethod@6
                      ; - Rendering.ImGui.ImGuiEditor::render@27 (line 22)
  0x0000027d11863898: 642c edff 

  0x0000027d1186389c: ;   {post_call_nop}
  0x0000027d1186389c: 0f1f 8400 | 1417 000b 

  0x0000027d118638a4: ;   {metadata(method data for {method} {0x0000027d2949a498} 'prepend' '(IB[B[Ljava/lang/String;Ljava/lang/String;Ljava/lang/String;)I' in 'java/lang/String$$StringConcat+0x000000002f051000')}
  0x0000027d118638a4: 48ba d082 | 9629 7d02 | 0000 4883 | 82e8 0000 | 0001 488b | d044 8b84 | 244c 0100 | 004c 8b8c 
  0x0000027d118638c4: 2470 0100 | 0048 8bbc | 2458 0100 

  0x0000027d118638d0: ;   {oop("OS: ["{0x000000070fdd52a8})}
  0x0000027d118638d0: 0048 bea8 | 52dd 0f07 | 0000 000f 

  0x0000027d118638dc: ;   {static_call}
  0x0000027d118638dc: 1f40 00e8 

  0x0000027d118638e0: ; ImmutableOopMap {[288]=Oop [368]=Oop }
                      ;*invokestatic prepend {reexecute=0 rethrow=0 return_oop=0}
                      ; - java.lang.String$$StringConcat/0x000000002f051000::prepend@18
                      ; - java.lang.String$$StringConcat/0x000000002f051000::concat@74
                      ; - java.lang.invoke.DirectMethodHandle$Holder::invokeSpecial@14
                      ; - java.lang.invoke.LambdaForm$MH/0x000000002f051400::invoke@24
                      ; - java.lang.invoke.Invokers$Holder::linkToTargetMethod@6
                      ; - Rendering.ImGui.ImGuiEditor::render@27 (line 22)
  0x0000027d118638e0: 1c2c edff 

  0x0000027d118638e4: ;   {post_call_nop}
  0x0000027d118638e4: 0f1f 8400 | 5c17 000c 

  0x0000027d118638ec: ;   {metadata('java/lang/String')}
  0x0000027d118638ec: 488b d848 | ba30 7e18 | 2e00 0000 | 0049 8b87 | c801 0000 | 488d 7818 | 493b bfd8 | 0100 000f 
  0x0000027d1186390c: 876c 0e00 | 0049 89bf | c801 0000 | 48c7 0001 | 0000 0048 | 8bca 41ba | 0000 002e | 492b ca89 
  0x0000027d1186392c: 4808 4833 | c989 480c | 4833 c948 | 8948 1048 

  0x0000027d1186393c: ;   {metadata(method data for {method} {0x0000027d2949a5a0} 'concat' '(Ljava/lang/Object;Ljava/lang/Object;)Ljava/lang/String;' in 'java/lang/String$$StringConcat+0x000000002f051000')}
  0x0000027d1186393c: 8bd0 48be | d0a9 4929 | 7d02 0000 | 4883 8668 | 0100 0001 

  0x0000027d11863950: ;   {metadata(method data for {method} {0x000000002e4afea8} '<init>' '([BB)V' in 'java/lang/String')}
  0x0000027d11863950: 48ba 388b | 0429 7d02 | 0000 8bb2 | 9000 0000 | 83c6 0289 | b290 0000 | 0081 e6fe | ff1f 0085 
  0x0000027d11863970: f60f 8413 | 0e00 0048 

  0x0000027d11863978: ;   {metadata(method data for {method} {0x000000002e4afea8} '<init>' '([BB)V' in 'java/lang/String')}
  0x0000027d11863978: 8bd0 48be | 388b 0429 | 7d02 0000 | 4883 86d8 | 0000 0001 

  0x0000027d1186398c: ;   {metadata(method data for {method} {0x000000002e4b4c90} '<init>' '()V' in 'java/lang/Object')}
  0x0000027d1186398c: 48ba 88da | 0029 7d02 | 0000 8bb2 | 9000 0000 | 83c6 0289 | b290 0000 | 0081 e6fe | ff1f 0085 
  0x0000027d118639ac: f60f 84f8 | 0d00 0041 | 0fbe 5748 | 85d2 0f85 | 0c0e 0000 | 488b b424 | 7001 0000 | 4c8b d649 
  0x0000027d118639cc: c1ea 0344 | 8950 1448 | 8bd0 4833 | d648 c1ea | 1548 83fa | 000f 8504 | 0e00 008b | bc24 4c01 
  0x0000027d118639ec: 0000 4088 

  0x0000027d118639f0: ;   {metadata(method data for {method} {0x0000027d294396b0} 'render' '()V' in 'Rendering/ImGui/ImGuiEditor')}
  0x0000027d118639f0: 7810 48ba | 0088 9629 | 7d02 0000 | 4883 8298 | 0100 0001 

  0x0000027d11863a04: ;   {metadata(method data for {method} {0x0000027d296073e0} 'text' '(Ljava/lang/String;)V' in 'imgui/ImGui')}
  0x0000027d11863a04: 48ba 60f9 | 9529 7d02 | 0000 8bb2 | 9000 0000 | 83c6 0289 | b290 0000 | 0081 e6fe | ff1f 0085 
  0x0000027d11863a24: f60f 84d8 

  0x0000027d11863a28: ;   {metadata(method data for {method} {0x0000027d296073e0} 'text' '(Ljava/lang/String;)V' in 'imgui/ImGui')}
  0x0000027d11863a28: 0d00 0048 | ba60 f995 | 297d 0200 | 0048 8382 | d800 0000 | 0148 8bd0 | 0f1f 8000 

  0x0000027d11863a44: ;   {static_call}
  0x0000027d11863a44: 0000 00e8 

  0x0000027d11863a48: ; ImmutableOopMap {[288]=Oop }
                      ;*invokestatic nText {reexecute=0 rethrow=0 return_oop=0}
                      ; - imgui.ImGui::text@1 (line 2909)
                      ; - Rendering.ImGui.ImGuiEditor::render@32 (line 22)
  0x0000027d11863a48: 448c 9107 

  0x0000027d11863a4c: ;   {post_call_nop}
  0x0000027d11863a4c: 0f1f 8400 | c418 000d 

  0x0000027d11863a54: ;   {metadata(method data for {method} {0x0000027d294396b0} 'render' '()V' in 'Rendering/ImGui/ImGuiEditor')}
  0x0000027d11863a54: 48ba 0088 | 9629 7d02 | 0000 4883 | 82a8 0100 

  0x0000027d11863a64: ;   {metadata(method data for {method} {0x0000027d29607f48} 'button' '(Ljava/lang/String;)Z' in 'imgui/ImGui')}
  0x0000027d11863a64: 0001 48ba | 3025 9729 | 7d02 0000 | 8bb2 9000 | 0000 83c6 | 0289 b290 | 0000 0081 | e6fe ff1f 
  0x0000027d11863a84: 0085 f60f | 8497 0d00 

  0x0000027d11863a8c: ;   {metadata(method data for {method} {0x0000027d29607f48} 'button' '(Ljava/lang/String;)Z' in 'imgui/ImGui')}
  0x0000027d11863a8c: 0048 ba30 | 2597 297d | 0200 0048 | 8382 d800 

  0x0000027d11863a9c: ;   {oop("Ç Save"{0x000000070fdd55c0})}
  0x0000027d11863a9c: 0000 0148 | bac0 55dd | 0f07 0000 | 0066 0f1f 

  0x0000027d11863aac: ;   {static_call}
  0x0000027d11863aac: 4400 00e8 

  0x0000027d11863ab0: ; ImmutableOopMap {[288]=Oop }
                      ;*invokestatic nButton {reexecute=0 rethrow=0 return_oop=0}
                      ; - imgui.ImGui::button@1 (line 3030)
                      ; - Rendering.ImGui.ImGuiEditor::render@37 (line 23)
  0x0000027d11863ab0: 5c70 9207 

  0x0000027d11863ab4: ;   {post_call_nop}
  0x0000027d11863ab4: 0f1f 8400 | 2c19 000e | 83e0 0185 

  0x0000027d11863ac0: ;   {metadata(method data for {method} {0x0000027d294396b0} 'render' '()V' in 'Rendering/ImGui/ImGuiEditor')}
  0x0000027d11863ac0: c048 be00 | 8896 297d | 0200 00bf | b801 0000 | 7405 bfc8 | 0100 0048 | 8b1c 3e48 | 8d5b 0148 
  0x0000027d11863ae0: 891c 3e0f | 8410 0000 | 0048 8b94 | 2420 0100 | 008b 720c | ffc6 8972 

  0x0000027d11863af8: ;   {metadata(method data for {method} {0x0000027d294396b0} 'render' '()V' in 'Rendering/ImGui/ImGuiEditor')}
  0x0000027d11863af8: 0c48 be00 | 8896 297d | 0200 0048 | 8386 d801 

  0x0000027d11863b08: ;   {metadata(method data for {method} {0x0000027d29605068} 'sameLine' '()V' in 'imgui/ImGui')}
  0x0000027d11863b08: 0000 0148 | be58 2697 | 297d 0200 | 008b be90 | 0000 0083 | c702 89be | 9000 0000 | 81e7 feff 
  0x0000027d11863b28: 1f00 85ff | 0f84 130d 

  0x0000027d11863b30: ;   {metadata(method data for {method} {0x0000027d29605068} 'sameLine' '()V' in 'imgui/ImGui')}
  0x0000027d11863b30: 0000 48be | 5826 9729 | 7d02 0000 | 4883 86d8 | 0000 0001 

  0x0000027d11863b44: ;   {static_call}
  0x0000027d11863b44: 6666 90e8 

  0x0000027d11863b48: ; ImmutableOopMap {[288]=Oop }
                      ;*invokestatic nSameLine {reexecute=0 rethrow=0 return_oop=0}
                      ; - imgui.ImGui::sameLine@0 (line 2561)
                      ; - Rendering.ImGui.ImGuiEditor::render@53 (line 26)
  0x0000027d11863b48: c472 9207 

  0x0000027d11863b4c: ;   {post_call_nop}
  0x0000027d11863b4c: 0f1f 8400 | c419 000f | 488b 9424 | 2001 0000 

  0x0000027d11863b5c: ;   {metadata(method data for {method} {0x0000027d294396b0} 'render' '()V' in 'Rendering/ImGui/ImGuiEditor')}
  0x0000027d11863b5c: 8b72 0c48 | bf00 8896 | 297d 0200 | 0048 8387 | e801 0000 

  0x0000027d11863b70: ;   {metadata(method data for {method} {0x000000002e4af718} 'valueOf' '(I)Ljava/lang/String;' in 'java/lang/String')}
  0x0000027d11863b70: 0148 bf78 | 861e 297d | 0200 008b | 9f90 0000 | 0083 c302 | 899f 9000 | 0000 81e3 | feff 1f00 
  0x0000027d11863b90: 85db 0f84 | ce0c 0000 

  0x0000027d11863b98: ;   {metadata(method data for {method} {0x000000002e4af718} 'valueOf' '(I)Ljava/lang/String;' in 'java/lang/String')}
  0x0000027d11863b98: 48bf 7886 | 1e29 7d02 | 0000 4883 | 87d8 0000 | 0001 488b 

  0x0000027d11863bac: ;   {static_call}
  0x0000027d11863bac: d666 90e8 

  0x0000027d11863bb0: ; ImmutableOopMap {[288]=Oop }
                      ;*invokestatic toString {reexecute=0 rethrow=0 return_oop=0}
                      ; - java.lang.String::valueOf@1 (line 4643)
                      ; - Rendering.ImGui.ImGuiEditor::render@60 (line 27)
  0x0000027d11863bb0: cccd fdff 

  0x0000027d11863bb4: ;   {post_call_nop}
  0x0000027d11863bb4: 0f1f 8400 | 2c1a 0010 

  0x0000027d11863bbc: ;   {metadata(method data for {method} {0x0000027d294396b0} 'render' '()V' in 'Rendering/ImGui/ImGuiEditor')}
  0x0000027d11863bbc: 48ba 0088 | 9629 7d02 | 0000 4883 | 82f8 0100 

  0x0000027d11863bcc: ;   {metadata(method data for {method} {0x0000027d296073e0} 'text' '(Ljava/lang/String;)V' in 'imgui/ImGui')}
  0x0000027d11863bcc: 0001 48ba | 60f9 9529 | 7d02 0000 | 8bb2 9000 | 0000 83c6 | 0289 b290 | 0000 0081 | e6fe ff1f 
  0x0000027d11863bec: 0085 f60f | 8492 0c00 

  0x0000027d11863bf4: ;   {metadata(method data for {method} {0x0000027d296073e0} 'text' '(Ljava/lang/String;)V' in 'imgui/ImGui')}
  0x0000027d11863bf4: 0048 ba60 | f995 297d | 0200 0048 | 8382 d800 | 0000 0148 | 8bd0 0f1f 

  0x0000027d11863c0c: ;   {static_call}
  0x0000027d11863c0c: 4400 00e8 

  0x0000027d11863c10: ; ImmutableOopMap {[288]=Oop }
                      ;*invokestatic nText {reexecute=0 rethrow=0 return_oop=0}
                      ; - imgui.ImGui::text@1 (line 2909)
                      ; - Rendering.ImGui.ImGuiEditor::render@63 (line 27)
  0x0000027d11863c10: 7c8a 9107 

  0x0000027d11863c14: ;   {post_call_nop}
  0x0000027d11863c14: 0f1f 8400 | 8c1a 0011 | 488b 9424 | 2001 0000 | 448b 4214 | 49c1 e003 

  0x0000027d11863c2c: ;   {metadata(method data for {method} {0x0000027d294396b0} 'render' '()V' in 'Rendering/ImGui/ImGuiEditor')}
  0x0000027d11863c2c: 48be 0088 | 9629 7d02 | 0000 4883 | 8608 0200 

  0x0000027d11863c3c: ;   {metadata(method data for {method} {0x0000027d29617ef8} 'sliderFloat' '(Ljava/lang/String;[FFF)Z' in 'imgui/ImGui')}
  0x0000027d11863c3c: 0001 48be | 7827 9729 | 7d02 0000 | 8bbe 9000 | 0000 83c7 | 0289 be90 | 0000 0081 | e7fe ff1f 
  0x0000027d11863c5c: 0085 ff0f | 8443 0c00 

  0x0000027d11863c64: ;   {metadata(method data for {method} {0x0000027d29617ef8} 'sliderFloat' '(Ljava/lang/String;[FFF)Z' in 'imgui/ImGui')}
  0x0000027d11863c64: 0048 be78 | 2797 297d | 0200 0048 | 8386 d800 

  0x0000027d11863c74: ;   {oop("float"{0x00000007ffe3b118})}
  0x0000027d11863c74: 0000 0148 | ba18 b1e3 | ff07 0000 | 00c5 f857 

  0x0000027d11863c84: ;   {section_word}
  0x0000027d11863c84: c0c5 fa10 | 0df3 e5ff 

  0x0000027d11863c8c: ;   {static_call}
  0x0000027d11863c8c: ff66 90e8 

  0x0000027d11863c90: ; ImmutableOopMap {[288]=Oop }
                      ;*invokestatic nSliderFloat {reexecute=0 rethrow=0 return_oop=0}
                      ; - imgui.ImGui::sliderFloat@4 (line 5409)
                      ; - Rendering.ImGui.ImGuiEditor::render@74 (line 28)
  0x0000027d11863c90: 7c74 9207 

  0x0000027d11863c94: ;   {post_call_nop}
  0x0000027d11863c94: 0f1f 8400 | 0c1b 0012 

  0x0000027d11863c9c: ;   {metadata(method data for {method} {0x0000027d294396b0} 'render' '()V' in 'Rendering/ImGui/ImGuiEditor')}
  0x0000027d11863c9c: 48be 0088 | 9629 7d02 | 0000 4883 | 8618 0200 

  0x0000027d11863cac: ;   {metadata(method data for {method} {0x0000027d29604f28} 'separator' '()V' in 'imgui/ImGui')}
  0x0000027d11863cac: 0001 48be | a857 9629 | 7d02 0000 | 8bbe 9000 | 0000 83c7 | 0289 be90 | 0000 0081 | e7fe ff1f 
  0x0000027d11863ccc: 0085 ff0f | 84f4 0b00 

  0x0000027d11863cd4: ;   {metadata(method data for {method} {0x0000027d29604f28} 'separator' '()V' in 'imgui/ImGui')}
  0x0000027d11863cd4: 0048 bea8 | 5796 297d | 0200 0048 | 8386 d800 

  0x0000027d11863ce4: ;   {static_call}
  0x0000027d11863ce4: 0000 01e8 

  0x0000027d11863ce8: ; ImmutableOopMap {[288]=Oop }
                      ;*invokestatic nSeparator {reexecute=0 rethrow=0 return_oop=0}
                      ; - imgui.ImGui::separator@0 (line 2550)
                      ; - Rendering.ImGui.ImGuiEditor::render@78 (line 29)
  0x0000027d11863ce8: 2477 9207 

  0x0000027d11863cec: ;   {post_call_nop}
  0x0000027d11863cec: 0f1f 8400 | 641b 0013 | 488b 9424 | 2001 0000 

  0x0000027d11863cfc: ;   {metadata(method data for {method} {0x0000027d294396b0} 'render' '()V' in 'Rendering/ImGui/ImGuiEditor')}
  0x0000027d11863cfc: 48be 0088 | 9629 7d02 | 0000 4883 | 8628 0200 

  0x0000027d11863d0c: ;   {metadata(method data for {method} {0x0000027d29439788} 'showExtras' '()V' in 'Rendering/ImGui/ImGuiEditor')}
  0x0000027d11863d0c: 0001 48ba | b828 9729 | 7d02 0000 | 8bb2 9000 | 0000 83c6 | 0289 b290 | 0000 0081 | e6fe ff1f 
  0x0000027d11863d2c: 0085 f60f | 84b5 0b00 

  0x0000027d11863d34: ;   {metadata(method data for {method} {0x0000027d29439788} 'showExtras' '()V' in 'Rendering/ImGui/ImGuiEditor')}
  0x0000027d11863d34: 0048 bab8 | 2897 297d | 0200 0048 | 8382 d800 

  0x0000027d11863d44: ;   {metadata(method data for {method} {0x0000027d296073e0} 'text' '(Ljava/lang/String;)V' in 'imgui/ImGui')}
  0x0000027d11863d44: 0000 0148 | ba60 f995 | 297d 0200 | 008b b290 | 0000 0083 | c602 89b2 | 9000 0000 | 81e6 feff 
  0x0000027d11863d64: 1f00 85f6 | 0f84 9d0b 

  0x0000027d11863d6c: ;   {metadata(method data for {method} {0x0000027d296073e0} 'text' '(Ljava/lang/String;)V' in 'imgui/ImGui')}
  0x0000027d11863d6c: 0000 48ba | 60f9 9529 | 7d02 0000 | 4883 82d8 | 0000 0001 

  0x0000027d11863d80: ;   {oop("Extras"{0x000000070fdd5b40})}
  0x0000027d11863d80: 48ba 405b | dd0f 0700 | 0000 0f1f 

  0x0000027d11863d8c: ;   {static_call}
  0x0000027d11863d8c: 4400 00e8 

  0x0000027d11863d90: ; ImmutableOopMap {[288]=Oop }
                      ;*invokestatic nText {reexecute=0 rethrow=0 return_oop=0}
                      ; - imgui.ImGui::text@1 (line 2909)
                      ; - Rendering.ImGui.ImGuiEditor::showExtras@2 (line 36)
                      ; - Rendering.ImGui.ImGuiEditor::render@82 (line 30)
  0x0000027d11863d90: fc88 9107 

  0x0000027d11863d94: ;   {post_call_nop}
  0x0000027d11863d94: 0f1f 8400 | 0c1c 0014 

  0x0000027d11863d9c: ;   {metadata(method data for {method} {0x0000027d29439788} 'showExtras' '()V' in 'Rendering/ImGui/ImGuiEditor')}
  0x0000027d11863d9c: 48ba b828 | 9729 7d02 | 0000 4883 | 82e8 0000 

  0x0000027d11863dac: ;   {metadata(method data for {method} {0x0000027d29608b30} 'checkbox' '(Ljava/lang/String;Limgui/type/ImBoolean;)Z' in 'imgui/ImGui')}
  0x0000027d11863dac: 0001 48ba | 702a 9729 | 7d02 0000 | 448b 8290 | 0000 0041 | 83c0 0244 | 8982 9000 | 0000 4181 
  0x0000027d11863dcc: e0fe ff1f | 0045 85c0 | 0f84 520b 

  0x0000027d11863dd8: ;   {metadata(method data for {method} {0x0000027d29608b30} 'checkbox' '(Ljava/lang/String;Limgui/type/ImBoolean;)Z' in 'imgui/ImGui')}
  0x0000027d11863dd8: 0000 48ba | 702a 9729 | 7d02 0000 | ff82 e800 

  0x0000027d11863de8: ;   {oop(a 'imgui/type/ImBoolean'{0x00000007109767b8})}
  0x0000027d11863de8: 0000 48ba | b867 9710 | 0700 0000 

  0x0000027d11863df4: ;   {metadata(method data for {method} {0x0000027d29608b30} 'checkbox' '(Ljava/lang/String;Limgui/type/ImBoolean;)Z' in 'imgui/ImGui')}
  0x0000027d11863df4: 4c8b c248 | be70 2a97 | 297d 0200 | 0045 8b40 | 0841 ba00 | 0000 2e4d | 03c2 4c3b | 8600 0100 
  0x0000027d11863e14: 0075 0d48 | 8386 0801 | 0000 01e9 | 6000 0000 | 4c3b 8610 | 0100 0075 | 0d48 8386 | 1801 0000 
  0x0000027d11863e34: 01e9 4a00 | 0000 4883 | be00 0100 | 0000 7517 | 4c89 8600 | 0100 0048 | c786 0801 | 0000 0100 
  0x0000027d11863e54: 0000 e929 | 0000 0048 | 83be 1001 | 0000 0075 | 174c 8986 | 1001 0000 | 48c7 8618 | 0100 0001 
  0x0000027d11863e74: 0000 00e9 | 0800 0000 | 4883 86f8 | 0000 0001 | 448b 420c | 49c1 e003 

  0x0000027d11863e8c: ;   {metadata(method data for {method} {0x0000027d29608b30} 'checkbox' '(Ljava/lang/String;Limgui/type/ImBoolean;)Z' in 'imgui/ImGui')}
  0x0000027d11863e8c: 48ba 702a | 9729 7d02 | 0000 ff82 | 2801 0000 

  0x0000027d11863e9c: ;   {metadata(method data for {method} {0x0000027d29608b30} 'checkbox' '(Ljava/lang/String;Limgui/type/ImBoolean;)Z' in 'imgui/ImGui')}
  0x0000027d11863e9c: 48ba 702a | 9729 7d02 | 0000 4883 | 8240 0100 

  0x0000027d11863eac: ;   {oop("Show Demo Window"{0x000000070fdd5b70})}
  0x0000027d11863eac: 0001 48ba | 705b dd0f | 0700 0000 | 0f1f 8000 

  0x0000027d11863ebc: ;   {static_call}
  0x0000027d11863ebc: 0000 00e8 

  0x0000027d11863ec0: ; ImmutableOopMap {[288]=Oop }
                      ;*invokestatic nCheckbox {reexecute=0 rethrow=0 return_oop=0}
                      ; - imgui.ImGui::checkbox@13 (line 3144)
                      ; - Rendering.ImGui.ImGuiEditor::showExtras@10 (line 37)
                      ; - Rendering.ImGui.ImGuiEditor::render@82 (line 30)
  0x0000027d11863ec0: 4c78 9207 

  0x0000027d11863ec4: ;   {post_call_nop}
  0x0000027d11863ec4: 0f1f 8400 | 3c1d 0015 

  0x0000027d11863ecc: ;   {oop(a 'imgui/type/ImBoolean'{0x00000007109767b8})}
  0x0000027d11863ecc: 83e0 0148 | bab8 6797 | 1007 0000 | 0048 8bf2 

  0x0000027d11863edc: ;   {metadata(method data for {method} {0x0000027d29439788} 'showExtras' '()V' in 'Rendering/ImGui/ImGuiEditor')}
  0x0000027d11863edc: 48bf b828 | 9729 7d02 | 0000 8b76 | 0841 ba00 | 0000 2e49 | 03f2 483b | b700 0100 | 0075 0d48 
  0x0000027d11863efc: 8387 0801 | 0000 01e9 | 6000 0000 | 483b b710 | 0100 0075 | 0d48 8387 | 1801 0000 | 01e9 4a00 
  0x0000027d11863f1c: 0000 4883 | bf00 0100 | 0000 7517 | 4889 b700 | 0100 0048 | c787 0801 | 0000 0100 | 0000 e929 
  0x0000027d11863f3c: 0000 0048 | 83bf 1001 | 0000 0075 | 1748 89b7 | 1001 0000 | 48c7 8718 | 0100 0001 | 0000 00e9 
  0x0000027d11863f5c: 0800 0000 | 4883 87f8 | 0000 0001 

  0x0000027d11863f68: ;   {metadata(method data for {method} {0x0000027d2943a1a0} 'get' '()Z' in 'imgui/type/ImBoolean')}
  0x0000027d11863f68: 48be f89e | 9629 7d02 | 0000 8bbe | 9000 0000 | 83c7 0289 | be90 0000 | 0081 e7fe | ff1f 0085 
  0x0000027d11863f88: ff0f 84be | 0900 008b | 520c 48c1 | e203 837a | 0c00 0f86 | d809 0000 | 0fbe 7210 | 83e6 0185 
  0x0000027d11863fa8: ;   {metadata(method data for {method} {0x0000027d29439788} 'showExtras' '()V' in 'Rendering/ImGui/ImGuiEditor')}
  0x0000027d11863fa8: f648 beb8 | 2897 297d | 0200 00bf | 2801 0000 | 7405 bf38 | 0100 0048 | 8b1c 3e48 | 8d5b 0148 
  0x0000027d11863fc8: 891c 3e0f | 8453 0100 | 0048 8bb4 | 2420 0100 

  0x0000027d11863fd8: ;   {metadata(method data for {method} {0x0000027d29439788} 'showExtras' '()V' in 'Rendering/ImGui/ImGuiEditor')}
  0x0000027d11863fd8: 0048 bfb8 | 2897 297d | 0200 0048 | 8387 4801 

  0x0000027d11863fe8: ;   {metadata(method data for {method} {0x0000027d29439848} 'showDemo' '()V' in 'Rendering/ImGui/ImGuiEditor')}
  0x0000027d11863fe8: 0000 0148 | be08 2c97 | 297d 0200 | 008b be90 | 0000 0083 | c702 89be | 9000 0000 | 81e7 feff 
  0x0000027d11864008: 1f00 85ff | 0f84 7809 

  0x0000027d11864010: ;   {metadata(method data for {method} {0x0000027d29439848} 'showDemo' '()V' in 'Rendering/ImGui/ImGuiEditor')}
  0x0000027d11864010: 0000 48be | 082c 9729 | 7d02 0000 | 4883 86d8 | 0000 0001 

  0x0000027d11864024: ;   {metadata(method data for {method} {0x0000027d295f5558} 'showDemoWindow' '(Limgui/type/ImBoolean;)V' in 'imgui/ImGui')}
  0x0000027d11864024: 48be 302d | 9729 7d02 | 0000 8bbe | 9000 0000 | 83c7 0289 | be90 0000 | 0081 e7fe | ff1f 0085 
  0x0000027d11864044: ff0f 8460 

  0x0000027d11864048: ;   {metadata(method data for {method} {0x0000027d295f5558} 'showDemoWindow' '(Limgui/type/ImBoolean;)V' in 'imgui/ImGui')}
  0x0000027d11864048: 0900 0048 | be30 2d97 | 297d 0200 | 00ff 86e8 

  0x0000027d11864058: ;   {oop(a 'imgui/type/ImBoolean'{0x00000007109767b8})}
  0x0000027d11864058: 0000 0048 | beb8 6797 | 1007 0000 

  0x0000027d11864064: ;   {metadata(method data for {method} {0x0000027d295f5558} 'showDemoWindow' '(Limgui/type/ImBoolean;)V' in 'imgui/ImGui')}
  0x0000027d11864064: 0048 bf30 | 2d97 297d | 0200 008b | 7608 41ba | 0000 002e | 4903 f248 | 3bb7 0001 | 0000 750d 
  0x0000027d11864084: 4883 8708 | 0100 0001 | e960 0000 | 0048 3bb7 | 1001 0000 | 750d 4883 | 8718 0100 | 0001 e94a 
  0x0000027d118640a4: 0000 0048 | 83bf 0001 | 0000 0075 | 1748 89b7 | 0001 0000 | 48c7 8708 | 0100 0001 | 0000 00e9 
  0x0000027d118640c4: 2900 0000 | 4883 bf10 | 0100 0000 | 7517 4889 | b710 0100 | 0048 c787 | 1801 0000 | 0100 0000 
  0x0000027d118640e4: e908 0000 | 0048 8387 | f800 0000 

  0x0000027d118640f0: ;   {metadata(method data for {method} {0x0000027d295f5558} 'showDemoWindow' '(Limgui/type/ImBoolean;)V' in 'imgui/ImGui')}
  0x0000027d118640f0: 0148 be30 | 2d97 297d | 0200 00ff | 8628 0100 

  0x0000027d11864100: ;   {metadata(method data for {method} {0x0000027d295f5558} 'showDemoWindow' '(Limgui/type/ImBoolean;)V' in 'imgui/ImGui')}
  0x0000027d11864100: 0048 be30 | 2d97 297d | 0200 0048 | 8386 4001 | 0000 010f 

  0x0000027d11864114: ;   {static_call}
  0x0000027d11864114: 1f40 00e8 

  0x0000027d11864118: ; ImmutableOopMap {}
                      ;*invokestatic nShowDemoWindow {reexecute=0 rethrow=0 return_oop=0}
                      ; - imgui.ImGui::showDemoWindow@12 (line 305)
                      ; - Rendering.ImGui.ImGuiEditor::showDemo@3 (line 46)
                      ; - Rendering.ImGui.ImGuiEditor::showExtras@24 (line 40)
                      ; - Rendering.ImGui.ImGuiEditor::render@82 (line 30)
  0x0000027d11864118: c4b2 3807 

  0x0000027d1186411c: ;   {post_call_nop}
  0x0000027d1186411c: 0f1f 8400 | 941f 0016 

  0x0000027d11864124: ;   {metadata(method data for {method} {0x0000027d294396b0} 'render' '()V' in 'Rendering/ImGui/ImGuiEditor')}
  0x0000027d11864124: 48be 0088 | 9629 7d02 | 0000 4883 | 8658 0200 

  0x0000027d11864134: ;   {metadata(method data for {method} {0x0000027d295f76b8} 'end' '()V' in 'imgui/ImGui')}
  0x0000027d11864134: 0001 48be | c02e 9729 | 7d02 0000 | 8bbe 9000 | 0000 83c7 | 0289 be90 | 0000 0081 | e7fe ff1f 
  0x0000027d11864154: 0085 ff0f | 846f 0800 

  0x0000027d1186415c: ;   {metadata(method data for {method} {0x0000027d295f76b8} 'end' '()V' in 'imgui/ImGui')}
  0x0000027d1186415c: 0048 bec0 | 2e97 297d | 0200 0048 | 8386 d800 

  0x0000027d1186416c: ;   {static_call}
  0x0000027d1186416c: 0000 01e8 

  0x0000027d11864170: ; ImmutableOopMap {}
                      ;*invokestatic nEnd {reexecute=0 rethrow=0 return_oop=0}
                      ; - imgui.ImGui::end@0 (line 617)
                      ; - Rendering.ImGui.ImGuiEditor::render@85 (line 32)
  0x0000027d11864170: 9c78 9207 

  0x0000027d11864174: ;   {post_call_nop}
  0x0000027d11864174: 0f1f 8400 | ec1f 0017 | 4881 c4a0 | 0100 005d 

  0x0000027d11864184: ;   {poll_return}
  0x0000027d11864184: 493b 6728 | 0f87 5f08 | 0000 c390 

  0x0000027d11864190: ;   {other}
  0x0000027d11864190: e97d 0800 | 0000 0000 | 0000 498b | 87c8 0100 | 0048 8d78 | 2849 3bbf | d801 0000 | 0f87 6a08 
  0x0000027d118641b0: 0000 4989 | bfc8 0100 | 0048 c700 | 0100 0000 | 488b ca41 | ba00 0000 | 2e49 2bca | 8948 0848 
  0x0000027d118641d0: 33c9 8948 | 0c48 33c9 | 4889 4810 | 4889 4818 | 4889 4820 

  0x0000027d118641e4: ;   {metadata(method data for {method} {0x000000002e49b308} 'newArray' '(I)[B' in 'java/lang/StringConcatHelper')}
  0x0000027d118641e4: 4c8b c048 | ba18 db04 | 297d 0200 | 0048 8382 | f800 0000 

  0x0000027d118641f8: ;   {oop("Overflow: String length out of range"{0x00000007ffe53c08})}
  0x0000027d118641f8: 0149 b808 | 3ce5 ff07 | 0000 0048 | 8bd0 4889 | 8424 7801 

  0x0000027d1186420c: ;   {optimized virtual_call}
  0x0000027d1186420c: 0000 90e8 

  0x0000027d11864210: ; ImmutableOopMap {[288]=Oop [336]=Oop [344]=Oop [376]=Oop }
                      ;*invokespecial <init> {reexecute=0 rethrow=0 return_oop=0}
                      ; - java.lang.StringConcatHelper::newArray@10 (line 576)
                      ; - java.lang.StringConcatHelper::newArrayWithSuffix@8 (line 611)
                      ; - java.lang.String$$StringConcat/0x000000002f051000::concat@58
                      ; - java.lang.invoke.DirectMethodHandle$Holder::invokeSpecial@14
                      ; - java.lang.invoke.LambdaForm$MH/0x000000002f051400::invoke@24
                      ; - java.lang.invoke.Invokers$Holder::linkToTargetMethod@6
                      ; - Rendering.ImGui.ImGuiEditor::render@27 (line 22)
  0x0000027d11864210: ccab 3807 

  0x0000027d11864214: ;   {post_call_nop}
  0x0000027d11864214: 0f1f 8400 | 8c20 0018 | 488b 8424 | 7801 0000 | e969 0800 | 000f 1f80 | 0000 0000 

  0x0000027d11864230: ;   {other}
  0x0000027d11864230: e903 0800 | 0000 0000 | 0000 498b | 87c8 0100 | 0048 8d78 | 2849 3bbf | d801 0000 | 0f87 f007 
  0x0000027d11864250: 0000 4989 | bfc8 0100 | 0048 c700 | 0100 0000 | 488b ca41 | ba00 0000 | 2e49 2bca | 8948 0848 
  0x0000027d11864270: 33c9 8948 | 0c48 33c9 | 4889 4810 | 4889 4818 | 4889 4820 

  0x0000027d11864284: ;   {metadata(method data for {method} {0x000000002e49a968} 'checkOverflow' '(I)I' in 'java/lang/StringConcatHelper')}
  0x0000027d11864284: 4c8b c048 | ba38 4c07 | 297d 0200 | 0048 8382 | f800 0000 

  0x0000027d11864298: ;   {oop("Overflow: String length out of range"{0x00000007ffe53c08})}
  0x0000027d11864298: 0149 b808 | 3ce5 ff07 | 0000 0048 | 8bd0 4889 | 8424 8001 

  0x0000027d118642ac: ;   {optimized virtual_call}
  0x0000027d118642ac: 0000 90e8 

  0x0000027d118642b0: ; ImmutableOopMap {[288]=Oop [336]=Oop [344]=Oop [384]=Oop }
                      ;*invokespecial <init> {reexecute=0 rethrow=0 return_oop=0}
                      ; - java.lang.StringConcatHelper::checkOverflow@12 (line 787)
                      ; - java.lang.StringConcatHelper::stringSize@6 (line 530)
                      ; - java.lang.String$$StringConcat/0x000000002f051000::length@6
                      ; - java.lang.String$$StringConcat/0x000000002f051000::concat@33
                      ; - java.lang.invoke.DirectMethodHandle$Holder::invokeSpecial@14
                      ; - java.lang.invoke.LambdaForm$MH/0x000000002f051400::invoke@24
                      ; - java.lang.invoke.Invokers$Holder::linkToTargetMethod@6
                      ; - Rendering.ImGui.ImGuiEditor::render@27 (line 22)
  0x0000027d118642b0: 2cab 3807 

  0x0000027d118642b4: ;   {post_call_nop}
  0x0000027d118642b4: 0f1f 8400 | 2c21 0019 | 488b 8424 | 8001 0000 | e9c9 0700 | 000f 1f80 | 0000 0000 

  0x0000027d118642d0: ;   {other}
  0x0000027d118642d0: e989 0700 | 0000 0000 | 0000 498b | 87c8 0100 | 0048 8d78 | 2849 3bbf | d801 0000 | 0f87 7607 
  0x0000027d118642f0: 0000 4989 | bfc8 0100 | 0048 c700 | 0100 0000 | 488b ca41 | ba00 0000 | 2e49 2bca | 8948 0848 
  0x0000027d11864310: 33c9 8948 | 0c48 33c9 | 4889 4810 | 4889 4818 | 4889 4820 

  0x0000027d11864324: ;   {metadata(method data for {method} {0x000000002e49a968} 'checkOverflow' '(I)I' in 'java/lang/StringConcatHelper')}
  0x0000027d11864324: 4c8b c048 | ba38 4c07 | 297d 0200 | 0048 8382 | f800 0000 

  0x0000027d11864338: ;   {oop("Overflow: String length out of range"{0x00000007ffe53c08})}
  0x0000027d11864338: 0149 b808 | 3ce5 ff07 | 0000 0048 | 8bd0 4889 | 8424 8801 

  0x0000027d1186434c: ;   {optimized virtual_call}
  0x0000027d1186434c: 0000 90e8 

  0x0000027d11864350: ; ImmutableOopMap {[288]=Oop [336]=Oop [344]=Oop [392]=Oop }
                      ;*invokespecial <init> {reexecute=0 rethrow=0 return_oop=0}
                      ; - java.lang.StringConcatHelper::checkOverflow@12 (line 787)
                      ; - java.lang.StringConcatHelper::stringSize@6 (line 530)
                      ; - java.lang.String$$StringConcat/0x000000002f051000::length@2
                      ; - java.lang.String$$StringConcat/0x000000002f051000::concat@33
                      ; - java.lang.invoke.DirectMethodHandle$Holder::invokeSpecial@14
                      ; - java.lang.invoke.LambdaForm$MH/0x000000002f051400::invoke@24
                      ; - java.lang.invoke.Invokers$Holder::linkToTargetMethod@6
                      ; - Rendering.ImGui.ImGuiEditor::render@27 (line 22)
  0x0000027d11864350: 8caa 3807 

  0x0000027d11864354: ;   {post_call_nop}
  0x0000027d11864354: 0f1f 8400 | cc21 001a | 488b 8424 | 8801 0000 | e929 0700 

  0x0000027d11864368: ;   {metadata({method} {0x0000027d294396b0} 'render' '()V' in 'Rendering/ImGui/ImGuiEditor')}
  0x0000027d11864368: 0049 baa8 | 9643 297d | 0200 004c | 8954 2408 | 48c7 0424 | ffff ffff 

  0x0000027d11864380: ;   {runtime_call C1 Runtime counter_overflow_blob}
  0x0000027d11864380: e85b 9f45 

  0x0000027d11864384: ; ImmutableOopMap {rdx=Oop [288]=Oop }
                      ;*synchronization entry
                      ; - Rendering.ImGui.ImGuiEditor::render@-1 (line 19)
  0x0000027d11864384: 07e9 84df 

  0x0000027d11864388: ;   {runtime_call C1 Runtime throw_null_pointer_exception_blob}
  0x0000027d11864388: ffff e851 

  0x0000027d1186438c: ; ImmutableOopMap {rdx=Oop rsi=Oop [288]=Oop }
                      ;*invokevirtual render {reexecute=0 rethrow=0 return_oop=0}
                      ; - Rendering.ImGui.ImGuiEditor::render@4 (line 19)
                      ;   {metadata({method} {0x0000027d295f7398} 'begin' '(Ljava/lang/String;I)Z' in 'imgui/ImGui')}
  0x0000027d1186438c: 3f45 0749 | ba90 735f | 297d 0200 | 004c 8954 | 2408 48c7 | 0424 ffff 

  0x0000027d118643a4: ;   {runtime_call C1 Runtime counter_overflow_blob}
  0x0000027d118643a4: ffff e835 

  0x0000027d118643a8: ; ImmutableOopMap {[288]=Oop }
                      ;*synchronization entry
                      ; - imgui.ImGui::begin@-1 (line 581)
                      ; - Rendering.ImGui.ImGuiEditor::render@11 (line 21)
  0x0000027d118643a8: 9f45 07e9 | d2df ffff 

  0x0000027d118643b0: ;   {metadata({method} {0x000000002e194230} 'getProperty' '(Ljava/lang/String;)Ljava/lang/String;' in 'java/lang/System')}
  0x0000027d118643b0: 49ba 2842 | 192e 0000 | 0000 4c89 | 5424 0848 | c704 24ff 

  0x0000027d118643c4: ;   {runtime_call C1 Runtime counter_overflow_blob}
  0x0000027d118643c4: ffff ffe8 

  0x0000027d118643c8: ; ImmutableOopMap {[288]=Oop }
                      ;*synchronization entry
                      ; - java.lang.System::getProperty@-1 (line 742)
                      ; - Rendering.ImGui.ImGuiEditor::render@19 (line 22)
  0x0000027d118643c8: 149f 4507 | e949 e0ff 

  0x0000027d118643d0: ;   {runtime_call C1 Runtime throw_null_pointer_exception_blob}
  0x0000027d118643d0: ffe8 0a3f 

  0x0000027d118643d4: ; ImmutableOopMap {rsi=Oop rdx=Oop [288]=Oop [296]=Oop }
                      ;*invokevirtual getProperty {reexecute=0 rethrow=0 return_oop=0}
                      ; - java.lang.System::getProperty@8 (line 743)
                      ; - Rendering.ImGui.ImGuiEditor::render@19 (line 22)
                      ;   {metadata({method} {0x000000002e194230} 'getProperty' '(Ljava/lang/String;)Ljava/lang/String;' in 'java/lang/System')}
  0x0000027d118643d4: 4507 49ba | 2842 192e | 0000 0000 | 4c89 5424 | 0848 c704 | 24ff ffff 

  0x0000027d118643ec: ;   {runtime_call C1 Runtime counter_overflow_blob}
  0x0000027d118643ec: ffe8 ee9e 

  0x0000027d118643f0: ; ImmutableOopMap {rax=Oop [288]=Oop [304]=Oop }
                      ;*synchronization entry
                      ; - java.lang.System::getProperty@-1 (line 742)
                      ; - Rendering.ImGui.ImGuiEditor::render@24 (line 22)
  0x0000027d118643f0: 4507 e966 

  0x0000027d118643f4: ;   {runtime_call C1 Runtime throw_null_pointer_exception_blob}
  0x0000027d118643f4: e1ff ffe8 

  0x0000027d118643f8: ; ImmutableOopMap {rdx=Oop [288]=Oop [312]=Oop [320]=Oop }
                      ;*invokevirtual getProperty {reexecute=0 rethrow=0 return_oop=0}
                      ; - java.lang.System::getProperty@8 (line 743)
                      ; - Rendering.ImGui.ImGuiEditor::render@24 (line 22)
  0x0000027d118643f8: e43e 4507 

  0x0000027d118643fc: ;   {metadata({method} {0x000000002e212e98} 'linkToTargetMethod' '(Ljava/lang/Object;Ljava/lang/Object;Ljava/lang/Object;)Ljava/lang/Object;' in 'java/lang/invoke/Invokers$Holder')}
  0x0000027d118643fc: 49ba 902e | 212e 0000 | 0000 4c89 | 5424 0848 | c704 24ff 

  0x0000027d11864410: ;   {runtime_call C1 Runtime counter_overflow_blob}
  0x0000027d11864410: ffff ffe8 

  0x0000027d11864414: ; ImmutableOopMap {rax=Oop rsi=Oop [288]=Oop }
                      ;*synchronization entry
                      ; - java.lang.invoke.Invokers$Holder::linkToTargetMethod@-1
                      ; - Rendering.ImGui.ImGuiEditor::render@27 (line 22)
  0x0000027d11864414: c89e 4507 | e9ec e2ff 

  0x0000027d1186441c: ;   {metadata({method} {0x0000027d2949ae90} 'invoke' '(Ljava/lang/Object;Ljava/lang/Object;Ljava/lang/Object;)Ljava/lang/Object;' in 'java/lang/invoke/LambdaForm$MH+0x000000002f051400')}
  0x0000027d1186441c: ff49 ba88 | ae49 297d | 0200 004c | 8954 2408 | 48c7 0424 | ffff ffff 

  0x0000027d11864434: ;   {runtime_call C1 Runtime counter_overflow_blob}
  0x0000027d11864434: e8a7 9e45 

  0x0000027d11864438: ; ImmutableOopMap {rax=Oop rsi=Oop [288]=Oop }
                      ;*synchronization entry
                      ; - java.lang.invoke.LambdaForm$MH/0x000000002f051400::invoke@-1
                      ; - java.lang.invoke.Invokers$Holder::linkToTargetMethod@6
                      ; - Rendering.ImGui.ImGuiEditor::render@27 (line 22)
  0x0000027d11864438: 07e9 48e3 

  0x0000027d1186443c: ;   {metadata({method} {0x000000002e215400} 'invokeSpecial' '(Ljava/lang/Object;Ljava/lang/Object;Ljava/lang/Object;Ljava/lang/Object;)Ljava/lang/Object;' in 'java/lang/invoke/DirectMethodHandle$Holder')}
  0x0000027d1186443c: ffff 49ba | f853 212e | 0000 0000 | 4c89 5424 | 0848 c704 | 24ff ffff 

  0x0000027d11864454: ;   {runtime_call C1 Runtime counter_overflow_blob}
  0x0000027d11864454: ffe8 869e 

  0x0000027d11864458: ; ImmutableOopMap {rax=Oop rsi=Oop [288]=Oop }
                      ;*synchronization entry
                      ; - java.lang.invoke.DirectMethodHandle$Holder::invokeSpecial@-1
                      ; - java.lang.invoke.LambdaForm$MH/0x000000002f051400::invoke@24
                      ; - java.lang.invoke.Invokers$Holder::linkToTargetMethod@6
                      ; - Rendering.ImGui.ImGuiEditor::render@27 (line 22)
  0x0000027d11864458: 4507 e960 

  0x0000027d1186445c: ;   {metadata({method} {0x000000002e206588} 'internalMemberName' '(Ljava/lang/Object;)Ljava/lang/Object;' in 'java/lang/invoke/DirectMethodHandle')}
  0x0000027d1186445c: e3ff ff49 | ba80 6520 | 2e00 0000 | 004c 8954 | 2408 48c7 | 0424 ffff 

  0x0000027d11864474: ;   {runtime_call C1 Runtime counter_overflow_blob}
  0x0000027d11864474: ffff e865 

  0x0000027d11864478: ; ImmutableOopMap {rax=Oop rsi=Oop [288]=Oop }
                      ;*synchronization entry
                      ; - java.lang.invoke.DirectMethodHandle::internalMemberName@-1 (line 326)
                      ; - java.lang.invoke.DirectMethodHandle$Holder::invokeSpecial@1
                      ; - java.lang.invoke.LambdaForm$MH/0x000000002f051400::invoke@24
                      ; - java.lang.invoke.Invokers$Holder::linkToTargetMethod@6
                      ; - Rendering.ImGui.ImGuiEditor::render@27 (line 22)
  0x0000027d11864478: 9e45 07e9 | 78e3 ffff 

  0x0000027d11864480: ;   {metadata({method} {0x0000027d2949a5a0} 'concat' '(Ljava/lang/Object;Ljava/lang/Object;)Ljava/lang/String;' in 'java/lang/String$$StringConcat+0x000000002f051000')}
  0x0000027d11864480: 49ba 98a5 | 4929 7d02 | 0000 4c89 | 5424 0848 | c704 24ff 

  0x0000027d11864494: ;   {runtime_call C1 Runtime counter_overflow_blob}
  0x0000027d11864494: ffff ffe8 

  0x0000027d11864498: ; ImmutableOopMap {rax=Oop rsi=Oop [288]=Oop }
                      ;*synchronization entry
                      ; - java.lang.String$$StringConcat/0x000000002f051000::concat@-1
                      ; - java.lang.invoke.DirectMethodHandle$Holder::invokeSpecial@14
                      ; - java.lang.invoke.LambdaForm$MH/0x000000002f051400::invoke@24
                      ; - java.lang.invoke.Invokers$Holder::linkToTargetMethod@6
                      ; - Rendering.ImGui.ImGuiEditor::render@27 (line 22)
  0x0000027d11864498: 449e 4507 | e9bc e3ff 

  0x0000027d118644a0: ;   {metadata({method} {0x000000002e49a860} 'stringOf' '(Ljava/lang/Object;)Ljava/lang/String;' in 'java/lang/StringConcatHelper')}
  0x0000027d118644a0: ff49 ba58 | a849 2e00 | 0000 004c | 8954 2408 | 48c7 0424 | ffff ffff 

  0x0000027d118644b8: ;   {runtime_call C1 Runtime counter_overflow_blob}
  0x0000027d118644b8: e823 9e45 

  0x0000027d118644bc: ; ImmutableOopMap {rax=Oop rsi=Oop [288]=Oop }
                      ;*synchronization entry
                      ; - java.lang.StringConcatHelper::stringOf@-1 (line 466)
                      ; - java.lang.String$$StringConcat/0x000000002f051000::concat@1
                      ; - java.lang.invoke.DirectMethodHandle$Holder::invokeSpecial@14
                      ; - java.lang.invoke.LambdaForm$MH/0x000000002f051400::invoke@24
                      ; - java.lang.invoke.Invokers$Holder::linkToTargetMethod@6
                      ; - Rendering.ImGui.ImGuiEditor::render@27 (line 22)
  0x0000027d118644bc: 07e9 d4e3 

  0x0000027d118644c0: ;   {runtime_call C1 Runtime throw_null_pointer_exception_blob}
  0x0000027d118644c0: ffff e819 

  0x0000027d118644c4: ; ImmutableOopMap {rax=Oop rsi=Oop [288]=Oop }
                      ;*invokevirtual toString {reexecute=0 rethrow=0 return_oop=0}
                      ; - java.lang.StringConcatHelper::stringOf@5 (line 466)
                      ; - java.lang.String$$StringConcat/0x000000002f051000::concat@1
                      ; - java.lang.invoke.DirectMethodHandle$Holder::invokeSpecial@14
                      ; - java.lang.invoke.LambdaForm$MH/0x000000002f051400::invoke@24
                      ; - java.lang.invoke.Invokers$Holder::linkToTargetMethod@6
                      ; - Rendering.ImGui.ImGuiEditor::render@27 (line 22)
                      ;   {metadata({method} {0x000000002e188140} 'toString' '()Ljava/lang/String;' in 'java/lang/String')}
  0x0000027d118644c4: 3e45 0749 | ba38 8118 | 2e00 0000 | 004c 8954 | 2408 48c7 | 0424 ffff 

  0x0000027d118644dc: ;   {runtime_call C1 Runtime counter_overflow_blob}
  0x0000027d118644dc: ffff e8fd 

  0x0000027d118644e0: ; ImmutableOopMap {rax=Oop rsi=Oop [288]=Oop }
                      ;*synchronization entry
                      ; - java.lang.String::toString@-1 (line 4365)
                      ; - java.lang.StringConcatHelper::stringOf@5 (line 466)
                      ; - java.lang.String$$StringConcat/0x000000002f051000::concat@1
                      ; - java.lang.invoke.DirectMethodHandle$Holder::invokeSpecial@14
                      ; - java.lang.invoke.LambdaForm$MH/0x000000002f051400::invoke@24
                      ; - java.lang.invoke.Invokers$Holder::linkToTargetMethod@6
                      ; - Rendering.ImGui.ImGuiEditor::render@27 (line 22)
  0x0000027d118644e0: 9d45 07e9 | 18e4 ffff 

  0x0000027d118644e8: ;   {metadata({method} {0x000000002e49a860} 'stringOf' '(Ljava/lang/Object;)Ljava/lang/String;' in 'java/lang/StringConcatHelper')}
  0x0000027d118644e8: 49ba 58a8 | 492e 0000 | 0000 4c89 | 5424 0848 | c704 24ff 

  0x0000027d118644fc: ;   {runtime_call C1 Runtime counter_overflow_blob}
  0x0000027d118644fc: ffff ffe8 

  0x0000027d11864500: ; ImmutableOopMap {rax=Oop rsi=Oop [288]=Oop }
                      ;*synchronization entry
                      ; - java.lang.StringConcatHelper::stringOf@-1 (line 466)
                      ; - java.lang.String$$StringConcat/0x000000002f051000::concat@7
                      ; - java.lang.invoke.DirectMethodHandle$Holder::invokeSpecial@14
                      ; - java.lang.invoke.LambdaForm$MH/0x000000002f051400::invoke@24
                      ; - java.lang.invoke.Invokers$Holder::linkToTargetMethod@6
                      ; - Rendering.ImGui.ImGuiEditor::render@27 (line 22)
  0x0000027d11864500: dc9d 4507 | e975 e4ff 

  0x0000027d11864508: ;   {runtime_call C1 Runtime throw_null_pointer_exception_blob}
  0x0000027d11864508: ffe8 d23d 

  0x0000027d1186450c: ; ImmutableOopMap {rsi=Oop rax=Oop [288]=Oop }
                      ;*invokevirtual toString {reexecute=0 rethrow=0 return_oop=0}
                      ; - java.lang.StringConcatHelper::stringOf@5 (line 466)
                      ; - java.lang.String$$StringConcat/0x000000002f051000::concat@7
                      ; - java.lang.invoke.DirectMethodHandle$Holder::invokeSpecial@14
                      ; - java.lang.invoke.LambdaForm$MH/0x000000002f051400::invoke@24
                      ; - java.lang.invoke.Invokers$Holder::linkToTargetMethod@6
                      ; - Rendering.ImGui.ImGuiEditor::render@27 (line 22)
                      ;   {metadata({method} {0x000000002e188140} 'toString' '()Ljava/lang/String;' in 'java/lang/String')}
  0x0000027d1186450c: 4507 49ba | 3881 182e | 0000 0000 | 4c89 5424 | 0848 c704 | 24ff ffff 

  0x0000027d11864524: ;   {runtime_call C1 Runtime counter_overflow_blob}
  0x0000027d11864524: ffe8 b69d 

  0x0000027d11864528: ; ImmutableOopMap {rsi=Oop rax=Oop [288]=Oop }
                      ;*synchronization entry
                      ; - java.lang.String::toString@-1 (line 4365)
                      ; - java.lang.StringConcatHelper::stringOf@5 (line 466)
                      ; - java.lang.String$$StringConcat/0x000000002f051000::concat@7
                      ; - java.lang.invoke.DirectMethodHandle$Holder::invokeSpecial@14
                      ; - java.lang.invoke.LambdaForm$MH/0x000000002f051400::invoke@24
                      ; - java.lang.invoke.Invokers$Holder::linkToTargetMethod@6
                      ; - Rendering.ImGui.ImGuiEditor::render@27 (line 22)
  0x0000027d11864528: 4507 e9b9 

  0x0000027d1186452c: ;   {metadata({method} {0x0000027d2949a658} 'coder' '(ILjava/lang/String;Ljava/lang/String;)I' in 'java/lang/String$$StringConcat+0x000000002f051000')}
  0x0000027d1186452c: e4ff ff49 | ba50 a649 | 297d 0200 | 004c 8954 | 2408 48c7 | 0424 ffff 

  0x0000027d11864544: ;   {runtime_call C1 Runtime counter_overflow_blob}
  0x0000027d11864544: ffff e895 

  0x0000027d11864548: ; ImmutableOopMap {rsi=Oop rax=Oop [288]=Oop }
                      ;*synchronization entry
                      ; - java.lang.String$$StringConcat/0x000000002f051000::coder@-1
                      ; - java.lang.String$$StringConcat/0x000000002f051000::concat@20
                      ; - java.lang.invoke.DirectMethodHandle$Holder::invokeSpecial@14
                      ; - java.lang.invoke.LambdaForm$MH/0x000000002f051400::invoke@24
                      ; - java.lang.invoke.Invokers$Holder::linkToTargetMethod@6
                      ; - Rendering.ImGui.ImGuiEditor::render@27 (line 22)
  0x0000027d11864548: 9d45 07e9 | 16e5 ffff 

  0x0000027d11864550: ;   {runtime_call C1 Runtime throw_null_pointer_exception_blob}
  0x0000027d11864550: e88b 3d45 

  0x0000027d11864554: ; ImmutableOopMap {rsi=Oop rax=Oop [288]=Oop }
                      ;*invokevirtual coder {reexecute=0 rethrow=0 return_oop=0}
                      ; - java.lang.String$$StringConcat/0x000000002f051000::coder@2
                      ; - java.lang.String$$StringConcat/0x000000002f051000::concat@20
                      ; - java.lang.invoke.DirectMethodHandle$Holder::invokeSpecial@14
                      ; - java.lang.invoke.LambdaForm$MH/0x000000002f051400::invoke@24
                      ; - java.lang.invoke.Invokers$Holder::linkToTargetMethod@6
                      ; - Rendering.ImGui.ImGuiEditor::render@27 (line 22)
                      ;   {metadata({method} {0x000000002e4af4b0} 'coder' '()B' in 'java/lang/String')}
  0x0000027d11864554: 0749 baa8 | f44a 2e00 | 0000 004c | 8954 2408 | 48c7 0424 | ffff ffff 

  0x0000027d1186456c: ;   {runtime_call C1 Runtime counter_overflow_blob}
  0x0000027d1186456c: e86f 9d45 

  0x0000027d11864570: ; ImmutableOopMap {rsi=Oop rax=Oop [288]=Oop }
                      ;*synchronization entry
                      ; - java.lang.String::coder@-1 (line 4885)
                      ; - java.lang.String$$StringConcat/0x000000002f051000::coder@2
                      ; - java.lang.String$$StringConcat/0x000000002f051000::concat@20
                      ; - java.lang.invoke.DirectMethodHandle$Holder::invokeSpecial@14
                      ; - java.lang.invoke.LambdaForm$MH/0x000000002f051400::invoke@24
                      ; - java.lang.invoke.Invokers$Holder::linkToTargetMethod@6
                      ; - Rendering.ImGui.ImGuiEditor::render@27 (line 22)
  0x0000027d11864570: 07e9 a9e5 

  0x0000027d11864574: ;   {runtime_call C1 Runtime throw_null_pointer_exception_blob}
  0x0000027d11864574: ffff e865 

  0x0000027d11864578: ; ImmutableOopMap {rsi=Oop rax=Oop [288]=Oop }
                      ;*invokevirtual coder {reexecute=0 rethrow=0 return_oop=0}
                      ; - java.lang.String$$StringConcat/0x000000002f051000::coder@7
                      ; - java.lang.String$$StringConcat/0x000000002f051000::concat@20
                      ; - java.lang.invoke.DirectMethodHandle$Holder::invokeSpecial@14
                      ; - java.lang.invoke.LambdaForm$MH/0x000000002f051400::invoke@24
                      ; - java.lang.invoke.Invokers$Holder::linkToTargetMethod@6
                      ; - Rendering.ImGui.ImGuiEditor::render@27 (line 22)
                      ;   {metadata({method} {0x000000002e4af4b0} 'coder' '()B' in 'java/lang/String')}
  0x0000027d11864578: 3d45 0749 | baa8 f44a | 2e00 0000 | 004c 8954 | 2408 48c7 | 0424 ffff 

  0x0000027d11864590: ;   {runtime_call C1 Runtime counter_overflow_blob}
  0x0000027d11864590: ffff e849 

  0x0000027d11864594: ; ImmutableOopMap {rsi=Oop rax=Oop [288]=Oop }
                      ;*synchronization entry
                      ; - java.lang.String::coder@-1 (line 4885)
                      ; - java.lang.String$$StringConcat/0x000000002f051000::coder@7
                      ; - java.lang.String$$StringConcat/0x000000002f051000::concat@20
                      ; - java.lang.invoke.DirectMethodHandle$Holder::invokeSpecial@14
                      ; - java.lang.invoke.LambdaForm$MH/0x000000002f051400::invoke@24
                      ; - java.lang.invoke.Invokers$Holder::linkToTargetMethod@6
                      ; - Rendering.ImGui.ImGuiEditor::render@27 (line 22)
  0x0000027d11864594: 9d45 07e9 | 66e6 ffff 

  0x0000027d1186459c: ;   {metadata({method} {0x0000027d2949a3d8} 'length' '(ILjava/lang/String;Ljava/lang/String;)I' in 'java/lang/String$$StringConcat+0x000000002f051000')}
  0x0000027d1186459c: 49ba d0a3 | 4929 7d02 | 0000 4c89 | 5424 0848 | c704 24ff 

  0x0000027d118645b0: ;   {runtime_call C1 Runtime counter_overflow_blob}
  0x0000027d118645b0: ffff ffe8 

  0x0000027d118645b4: ; ImmutableOopMap {rsi=Oop [288]=Oop [336]=Oop }
                      ;*synchronization entry
                      ; - java.lang.String$$StringConcat/0x000000002f051000::length@-1
                      ; - java.lang.String$$StringConcat/0x000000002f051000::concat@33
                      ; - java.lang.invoke.DirectMethodHandle$Holder::invokeSpecial@14
                      ; - java.lang.invoke.LambdaForm$MH/0x000000002f051400::invoke@24
                      ; - java.lang.invoke.Invokers$Holder::linkToTargetMethod@6
                      ; - Rendering.ImGui.ImGuiEditor::render@27 (line 22)
  0x0000027d118645b4: 289d 4507 | e9ba e6ff 

  0x0000027d118645bc: ;   {metadata({method} {0x000000002e49acd8} 'stringSize' '(ILjava/lang/String;)I' in 'java/lang/StringConcatHelper')}
  0x0000027d118645bc: ff49 bad0 | ac49 2e00 | 0000 004c | 8954 2408 | 48c7 0424 | ffff ffff 

  0x0000027d118645d4: ;   {runtime_call C1 Runtime counter_overflow_blob}
  0x0000027d118645d4: e807 9d45 

  0x0000027d118645d8: ; ImmutableOopMap {rsi=Oop [288]=Oop [336]=Oop }
                      ;*synchronization entry
                      ; - java.lang.StringConcatHelper::stringSize@-1 (line 530)
                      ; - java.lang.String$$StringConcat/0x000000002f051000::length@2
                      ; - java.lang.String$$StringConcat/0x000000002f051000::concat@33
                      ; - java.lang.invoke.DirectMethodHandle$Holder::invokeSpecial@14
                      ; - java.lang.invoke.LambdaForm$MH/0x000000002f051400::invoke@24
                      ; - java.lang.invoke.Invokers$Holder::linkToTargetMethod@6
                      ; - Rendering.ImGui.ImGuiEditor::render@27 (line 22)
  0x0000027d118645d8: 07e9 d2e6 

  0x0000027d118645dc: ;   {metadata({method} {0x000000002e188868} 'length' '()I' in 'java/lang/String')}
  0x0000027d118645dc: ffff 49ba | 6088 182e | 0000 0000 | 4c89 5424 | 0848 c704 | 24ff ffff 

  0x0000027d118645f4: ;   {runtime_call C1 Runtime counter_overflow_blob}
  0x0000027d118645f4: ffe8 e69c 

  0x0000027d118645f8: ; ImmutableOopMap {rsi=Oop [288]=Oop [336]=Oop }
                      ;*synchronization entry
                      ; - java.lang.String::length@-1 (line 1583)
                      ; - java.lang.StringConcatHelper::stringSize@2 (line 530)
                      ; - java.lang.String$$StringConcat/0x000000002f051000::length@2
                      ; - java.lang.String$$StringConcat/0x000000002f051000::concat@33
                      ; - java.lang.invoke.DirectMethodHandle$Holder::invokeSpecial@14
                      ; - java.lang.invoke.LambdaForm$MH/0x000000002f051400::invoke@24
                      ; - java.lang.invoke.Invokers$Holder::linkToTargetMethod@6
                      ; - Rendering.ImGui.ImGuiEditor::render@27 (line 22)
  0x0000027d118645f8: 4507 e967 

  0x0000027d118645fc: ;   {runtime_call C1 Runtime throw_null_pointer_exception_blob}
  0x0000027d118645fc: e7ff ffe8 

  0x0000027d11864600: ; ImmutableOopMap {rsi=Oop [288]=Oop [336]=Oop }
                      ;*arraylength {reexecute=0 rethrow=0 return_oop=0}
                      ; - java.lang.String::length@4 (line 1583)
                      ; - java.lang.StringConcatHelper::stringSize@2 (line 530)
                      ; - java.lang.String$$StringConcat/0x000000002f051000::length@2
                      ; - java.lang.String$$StringConcat/0x000000002f051000::concat@33
                      ; - java.lang.invoke.DirectMethodHandle$Holder::invokeSpecial@14
                      ; - java.lang.invoke.LambdaForm$MH/0x000000002f051400::invoke@24
                      ; - java.lang.invoke.Invokers$Holder::linkToTargetMethod@6
                      ; - Rendering.ImGui.ImGuiEditor::render@27 (line 22)
  0x0000027d11864600: dc3c 4507 

  0x0000027d11864604: ;   {metadata({method} {0x000000002e49a968} 'checkOverflow' '(I)I' in 'java/lang/StringConcatHelper')}
  0x0000027d11864604: 49ba 60a9 | 492e 0000 | 0000 4c89 | 5424 0848 | c704 24ff 

  0x0000027d11864618: ;   {runtime_call C1 Runtime counter_overflow_blob}
  0x0000027d11864618: ffff ffe8 

  0x0000027d1186461c: ; ImmutableOopMap {[288]=Oop [336]=Oop [344]=Oop }
                      ;*synchronization entry
                      ; - java.lang.StringConcatHelper::checkOverflow@-1 (line 784)
                      ; - java.lang.StringConcatHelper::stringSize@6 (line 530)
                      ; - java.lang.String$$StringConcat/0x000000002f051000::length@2
                      ; - java.lang.String$$StringConcat/0x000000002f051000::concat@33
                      ; - java.lang.invoke.DirectMethodHandle$Holder::invokeSpecial@14
                      ; - java.lang.invoke.LambdaForm$MH/0x000000002f051400::invoke@24
                      ; - java.lang.invoke.Invokers$Holder::linkToTargetMethod@6
                      ; - Rendering.ImGui.ImGuiEditor::render@27 (line 22)
  0x0000027d1186461c: c09c 4507 | e947 e8ff 

  0x0000027d11864624: ;   {metadata({method} {0x000000002e49acd8} 'stringSize' '(ILjava/lang/String;)I' in 'java/lang/StringConcatHelper')}
  0x0000027d11864624: ff49 bad0 | ac49 2e00 | 0000 004c | 8954 2408 | 48c7 0424 | ffff ffff 

  0x0000027d1186463c: ;   {runtime_call C1 Runtime counter_overflow_blob}
  0x0000027d1186463c: e89f 9c45 

  0x0000027d11864640: ; ImmutableOopMap {rax=Oop [288]=Oop [344]=Oop }
                      ;*synchronization entry
                      ; - java.lang.StringConcatHelper::stringSize@-1 (line 530)
                      ; - java.lang.String$$StringConcat/0x000000002f051000::length@6
                      ; - java.lang.String$$StringConcat/0x000000002f051000::concat@33
                      ; - java.lang.invoke.DirectMethodHandle$Holder::invokeSpecial@14
                      ; - java.lang.invoke.LambdaForm$MH/0x000000002f051400::invoke@24
                      ; - java.lang.invoke.Invokers$Holder::linkToTargetMethod@6
                      ; - Rendering.ImGui.ImGuiEditor::render@27 (line 22)
  0x0000027d11864640: 07e9 98e8 

  0x0000027d11864644: ;   {metadata({method} {0x000000002e188868} 'length' '()I' in 'java/lang/String')}
  0x0000027d11864644: ffff 49ba | 6088 182e | 0000 0000 | 4c89 5424 | 0848 c704 | 24ff ffff 

  0x0000027d1186465c: ;   {runtime_call C1 Runtime counter_overflow_blob}
  0x0000027d1186465c: ffe8 7e9c 

  0x0000027d11864660: ; ImmutableOopMap {rax=Oop [288]=Oop [344]=Oop }
                      ;*synchronization entry
                      ; - java.lang.String::length@-1 (line 1583)
                      ; - java.lang.StringConcatHelper::stringSize@2 (line 530)
                      ; - java.lang.String$$StringConcat/0x000000002f051000::length@6
                      ; - java.lang.String$$StringConcat/0x000000002f051000::concat@33
                      ; - java.lang.invoke.DirectMethodHandle$Holder::invokeSpecial@14
                      ; - java.lang.invoke.LambdaForm$MH/0x000000002f051400::invoke@24
                      ; - java.lang.invoke.Invokers$Holder::linkToTargetMethod@6
                      ; - Rendering.ImGui.ImGuiEditor::render@27 (line 22)
  0x0000027d11864660: 4507 e92d 

  0x0000027d11864664: ;   {runtime_call C1 Runtime throw_null_pointer_exception_blob}
  0x0000027d11864664: e9ff ffe8 

  0x0000027d11864668: ; ImmutableOopMap {rax=Oop [288]=Oop [344]=Oop }
                      ;*arraylength {reexecute=0 rethrow=0 return_oop=0}
                      ; - java.lang.String::length@4 (line 1583)
                      ; - java.lang.StringConcatHelper::stringSize@2 (line 530)
                      ; - java.lang.String$$StringConcat/0x000000002f051000::length@6
                      ; - java.lang.String$$StringConcat/0x000000002f051000::concat@33
                      ; - java.lang.invoke.DirectMethodHandle$Holder::invokeSpecial@14
                      ; - java.lang.invoke.LambdaForm$MH/0x000000002f051400::invoke@24
                      ; - java.lang.invoke.Invokers$Holder::linkToTargetMethod@6
                      ; - Rendering.ImGui.ImGuiEditor::render@27 (line 22)
  0x0000027d11864668: 743c 4507 

  0x0000027d1186466c: ;   {metadata({method} {0x000000002e49a968} 'checkOverflow' '(I)I' in 'java/lang/StringConcatHelper')}
  0x0000027d1186466c: 49ba 60a9 | 492e 0000 | 0000 4c89 | 5424 0848 | c704 24ff 

  0x0000027d11864680: ;   {runtime_call C1 Runtime counter_overflow_blob}
  0x0000027d11864680: ffff ffe8 

  0x0000027d11864684: ; ImmutableOopMap {[288]=Oop [336]=Oop [344]=Oop }
                      ;*synchronization entry
                      ; - java.lang.StringConcatHelper::checkOverflow@-1 (line 784)
                      ; - java.lang.StringConcatHelper::stringSize@6 (line 530)
                      ; - java.lang.String$$StringConcat/0x000000002f051000::length@6
                      ; - java.lang.String$$StringConcat/0x000000002f051000::concat@33
                      ; - java.lang.invoke.DirectMethodHandle$Holder::invokeSpecial@14
                      ; - java.lang.invoke.LambdaForm$MH/0x000000002f051400::invoke@24
                      ; - java.lang.invoke.Invokers$Holder::linkToTargetMethod@6
                      ; - Rendering.ImGui.ImGuiEditor::render@27 (line 22)
  0x0000027d11864684: 589c 4507 | e910 eaff 

  0x0000027d1186468c: ;   {metadata({method} {0x000000002e188868} 'length' '()I' in 'java/lang/String')}
  0x0000027d1186468c: ff49 ba60 | 8818 2e00 | 0000 004c | 8954 2408 | 48c7 0424 | ffff ffff 

  0x0000027d118646a4: ;   {runtime_call C1 Runtime counter_overflow_blob}
  0x0000027d118646a4: e837 9c45 

  0x0000027d118646a8: ; ImmutableOopMap {rcx=Oop [288]=Oop [336]=Oop [344]=Oop }
                      ;*synchronization entry
                      ; - java.lang.String::length@-1 (line 1583)
                      ; - java.lang.String$$StringConcat/0x000000002f051000::concat@48
                      ; - java.lang.invoke.DirectMethodHandle$Holder::invokeSpecial@14
                      ; - java.lang.invoke.LambdaForm$MH/0x000000002f051400::invoke@24
                      ; - java.lang.invoke.Invokers$Holder::linkToTargetMethod@6
                      ; - Rendering.ImGui.ImGuiEditor::render@27 (line 22)
  0x0000027d118646a8: 07e9 e1ea 

  0x0000027d118646ac: ;   {metadata({method} {0x000000002e4af4b0} 'coder' '()B' in 'java/lang/String')}
  0x0000027d118646ac: ffff 49ba | a8f4 4a2e | 0000 0000 | 4c89 5424 | 0848 c704 | 24ff ffff 

  0x0000027d118646c4: ;   {runtime_call C1 Runtime counter_overflow_blob}
  0x0000027d118646c4: ffe8 169c 

  0x0000027d118646c8: ; ImmutableOopMap {[288]=Oop [336]=Oop [344]=Oop }
                      ;*synchronization entry
                      ; - java.lang.String::coder@-1 (line 4885)
                      ; - java.lang.String::length@6 (line 1583)
                      ; - java.lang.String$$StringConcat/0x000000002f051000::concat@48
                      ; - java.lang.invoke.DirectMethodHandle$Holder::invokeSpecial@14
                      ; - java.lang.invoke.LambdaForm$MH/0x000000002f051400::invoke@24
                      ; - java.lang.invoke.Invokers$Holder::linkToTargetMethod@6
                      ; - Rendering.ImGui.ImGuiEditor::render@27 (line 22)
  0x0000027d118646c8: 4507 e978 

  0x0000027d118646cc: ;   {metadata({method} {0x000000002e49a758} 'newArrayWithSuffix' '(Ljava/lang/String;IB)[B' in 'java/lang/StringConcatHelper')}
  0x0000027d118646cc: ebff ff49 | ba50 a749 | 2e00 0000 | 004c 8954 | 2408 48c7 | 0424 ffff 

  0x0000027d118646e4: ;   {runtime_call C1 Runtime counter_overflow_blob}
  0x0000027d118646e4: ffff e8f5 

  0x0000027d118646e8: ; ImmutableOopMap {[288]=Oop [336]=Oop [344]=Oop }
                      ;*synchronization entry
                      ; - java.lang.StringConcatHelper::newArrayWithSuffix@-1 (line 611)
                      ; - java.lang.String$$StringConcat/0x000000002f051000::concat@58
                      ; - java.lang.invoke.DirectMethodHandle$Holder::invokeSpecial@14
                      ; - java.lang.invoke.LambdaForm$MH/0x000000002f051400::invoke@24
                      ; - java.lang.invoke.Invokers$Holder::linkToTargetMethod@6
                      ; - Rendering.ImGui.ImGuiEditor::render@27 (line 22)
  0x0000027d118646e8: 9b45 07e9 | beeb ffff 

  0x0000027d118646f0: ;   {metadata({method} {0x000000002e188868} 'length' '()I' in 'java/lang/String')}
  0x0000027d118646f0: 49ba 6088 | 182e 0000 | 0000 4c89 | 5424 0848 | c704 24ff 

  0x0000027d11864704: ;   {runtime_call C1 Runtime counter_overflow_blob}
  0x0000027d11864704: ffff ffe8 

  0x0000027d11864708: ; ImmutableOopMap {rcx=Oop [288]=Oop [336]=Oop [344]=Oop }
                      ;*synchronization entry
                      ; - java.lang.String::length@-1 (line 1583)
                      ; - java.lang.StringConcatHelper::newArrayWithSuffix@2 (line 611)
                      ; - java.lang.String$$StringConcat/0x000000002f051000::concat@58
                      ; - java.lang.invoke.DirectMethodHandle$Holder::invokeSpecial@14
                      ; - java.lang.invoke.LambdaForm$MH/0x000000002f051400::invoke@24
                      ; - java.lang.invoke.Invokers$Holder::linkToTargetMethod@6
                      ; - Rendering.ImGui.ImGuiEditor::render@27 (line 22)
  0x0000027d11864708: d49b 4507 | e963 ecff 

  0x0000027d11864710: ;   {metadata({method} {0x000000002e4af4b0} 'coder' '()B' in 'java/lang/String')}
  0x0000027d11864710: ff49 baa8 | f44a 2e00 | 0000 004c | 8954 2408 | 48c7 0424 | ffff ffff 

  0x0000027d11864728: ;   {runtime_call C1 Runtime counter_overflow_blob}
  0x0000027d11864728: e8b3 9b45 

  0x0000027d1186472c: ; ImmutableOopMap {[288]=Oop [336]=Oop [344]=Oop }
                      ;*synchronization entry
                      ; - java.lang.String::coder@-1 (line 4885)
                      ; - java.lang.String::length@6 (line 1583)
                      ; - java.lang.StringConcatHelper::newArrayWithSuffix@2 (line 611)
                      ; - java.lang.String$$StringConcat/0x000000002f051000::concat@58
                      ; - java.lang.invoke.DirectMethodHandle$Holder::invokeSpecial@14
                      ; - java.lang.invoke.LambdaForm$MH/0x000000002f051400::invoke@24
                      ; - java.lang.invoke.Invokers$Holder::linkToTargetMethod@6
                      ; - Rendering.ImGui.ImGuiEditor::render@27 (line 22)
  0x0000027d1186472c: 07e9 faec 

  0x0000027d11864730: ;   {metadata({method} {0x000000002e49b308} 'newArray' '(I)[B' in 'java/lang/StringConcatHelper')}
  0x0000027d11864730: ffff 49ba | 00b3 492e | 0000 0000 | 4c89 5424 | 0848 c704 | 24ff ffff 

  0x0000027d11864748: ;   {runtime_call C1 Runtime counter_overflow_blob}
  0x0000027d11864748: ffe8 929b 

  0x0000027d1186474c: ; ImmutableOopMap {[288]=Oop [336]=Oop [344]=Oop }
                      ;*synchronization entry
                      ; - java.lang.StringConcatHelper::newArray@-1 (line 575)
                      ; - java.lang.StringConcatHelper::newArrayWithSuffix@8 (line 611)
                      ; - java.lang.String$$StringConcat/0x000000002f051000::concat@58
                      ; - java.lang.invoke.DirectMethodHandle$Holder::invokeSpecial@14
                      ; - java.lang.invoke.LambdaForm$MH/0x000000002f051400::invoke@24
                      ; - java.lang.invoke.Invokers$Holder::linkToTargetMethod@6
                      ; - Rendering.ImGui.ImGuiEditor::render@27 (line 22)
  0x0000027d1186474c: 4507 e947 | edff ff48 

  0x0000027d11864754: ;   {runtime_call C1 Runtime throw_class_cast_exception_blob}
  0x0000027d11864754: 8904 24e8 

  0x0000027d11864758: ; ImmutableOopMap {[288]=Oop [336]=Oop [344]=Oop }
                      ;*checkcast {reexecute=0 rethrow=0 return_oop=0}
                      ; - java.lang.StringConcatHelper::newArray@24 (line 578)
                      ; - java.lang.StringConcatHelper::newArrayWithSuffix@8 (line 611)
                      ; - java.lang.String$$StringConcat/0x000000002f051000::concat@58
                      ; - java.lang.invoke.DirectMethodHandle$Holder::invokeSpecial@14
                      ; - java.lang.invoke.LambdaForm$MH/0x000000002f051400::invoke@24
                      ; - java.lang.invoke.Invokers$Holder::linkToTargetMethod@6
                      ; - Rendering.ImGui.ImGuiEditor::render@27 (line 22)
  0x0000027d11864758: 0463 4507 

  0x0000027d1186475c: ;   {metadata({method} {0x0000027d2949a498} 'prepend' '(IB[B[Ljava/lang/String;Ljava/lang/String;Ljava/lang/String;)I' in 'java/lang/String$$StringConcat+0x000000002f051000')}
  0x0000027d1186475c: 49ba 90a4 | 4929 7d02 | 0000 4c89 | 5424 0848 | c704 24ff 

  0x0000027d11864770: ;   {runtime_call C1 Runtime counter_overflow_blob}
  0x0000027d11864770: ffff ffe8 

  0x0000027d11864774: ; ImmutableOopMap {rsi=Oop [288]=Oop [336]=Oop [344]=Oop [368]=Oop }
                      ;*synchronization entry
                      ; - java.lang.String$$StringConcat/0x000000002f051000::prepend@-1
                      ; - java.lang.String$$StringConcat/0x000000002f051000::concat@74
                      ; - java.lang.invoke.DirectMethodHandle$Holder::invokeSpecial@14
                      ; - java.lang.invoke.LambdaForm$MH/0x000000002f051400::invoke@24
                      ; - java.lang.invoke.Invokers$Holder::linkToTargetMethod@6
                      ; - Rendering.ImGui.ImGuiEditor::render@27 (line 22)
  0x0000027d11864774: 689b 4507 | e9dd f0ff | ff48 8bd2 

  0x0000027d11864780: ;   {runtime_call C1 Runtime fast_new_instance_blob}
  0x0000027d11864780: e85b 4445 

  0x0000027d11864784: ; ImmutableOopMap {[288]=Oop [368]=Oop }
                      ;*new {reexecute=0 rethrow=0 return_oop=0}
                      ; - java.lang.String$$StringConcat/0x000000002f051000::concat@77
                      ; - java.lang.invoke.DirectMethodHandle$Holder::invokeSpecial@14
                      ; - java.lang.invoke.LambdaForm$MH/0x000000002f051400::invoke@24
                      ; - java.lang.invoke.Invokers$Holder::linkToTargetMethod@6
                      ; - Rendering.ImGui.ImGuiEditor::render@27 (line 22)
  0x0000027d11864784: 07e9 b1f1 

  0x0000027d11864788: ;   {metadata({method} {0x000000002e4afea8} '<init>' '([BB)V' in 'java/lang/String')}
  0x0000027d11864788: ffff 49ba | a0fe 4a2e | 0000 0000 | 4c89 5424 | 0848 c704 | 24ff ffff 

  0x0000027d118647a0: ;   {runtime_call C1 Runtime counter_overflow_blob}
  0x0000027d118647a0: ffe8 3a9b 

  0x0000027d118647a4: ; ImmutableOopMap {rax=Oop [288]=Oop [368]=Oop }
                      ;*synchronization entry
                      ; - java.lang.String::<init>@-1 (line 4879)
                      ; - java.lang.String$$StringConcat/0x000000002f051000::concat@85
                      ; - java.lang.invoke.DirectMethodHandle$Holder::invokeSpecial@14
                      ; - java.lang.invoke.LambdaForm$MH/0x000000002f051400::invoke@24
                      ; - java.lang.invoke.Invokers$Holder::linkToTargetMethod@6
                      ; - Rendering.ImGui.ImGuiEditor::render@27 (line 22)
  0x0000027d118647a4: 4507 e9cc 

  0x0000027d118647a8: ;   {metadata({method} {0x000000002e4b4c90} '<init>' '()V' in 'java/lang/Object')}
  0x0000027d118647a8: f1ff ff49 | ba88 4c4b | 2e00 0000 | 004c 8954 | 2408 48c7 | 0424 ffff 

  0x0000027d118647c0: ;   {runtime_call C1 Runtime counter_overflow_blob}
  0x0000027d118647c0: ffff e819 

  0x0000027d118647c4: ; ImmutableOopMap {rax=Oop [288]=Oop [368]=Oop }
                      ;*synchronization entry
                      ; - java.lang.Object::<init>@-1 (line 44)
                      ; - java.lang.String::<init>@1 (line 4879)
                      ; - java.lang.String$$StringConcat/0x000000002f051000::concat@85
                      ; - java.lang.invoke.DirectMethodHandle$Holder::invokeSpecial@14
                      ; - java.lang.invoke.LambdaForm$MH/0x000000002f051400::invoke@24
                      ; - java.lang.invoke.Invokers$Holder::linkToTargetMethod@6
                      ; - Rendering.ImGui.ImGuiEditor::render@27 (line 22)
  0x0000027d118647c4: 9b45 07e9 | e7f1 ffff | 8b50 1448 | c1e2 0348 | 83fa 000f | 84e3 f1ff | ff48 8914 

  0x0000027d118647e0: ;   {runtime_call g1_pre_barrier_slow}
  0x0000027d118647e0: 24e8 faa0 | 4507 e9d5 | f1ff ff48 | 83fe 000f | 84f2 f1ff | ff48 8904 

  0x0000027d118647f8: ;   {runtime_call g1_post_barrier_slow}
  0x0000027d118647f8: 24e8 e2a3 | 4507 e9e4 

  0x0000027d11864800: ;   {metadata({method} {0x0000027d296073e0} 'text' '(Ljava/lang/String;)V' in 'imgui/ImGui')}
  0x0000027d11864800: f1ff ff49 | bad8 7360 | 297d 0200 | 004c 8954 | 2408 48c7 | 0424 ffff 

  0x0000027d11864818: ;   {runtime_call C1 Runtime counter_overflow_blob}
  0x0000027d11864818: ffff e8c1 

  0x0000027d1186481c: ; ImmutableOopMap {rax=Oop [288]=Oop }
                      ;*synchronization entry
                      ; - imgui.ImGui::text@-1 (line 2909)
                      ; - Rendering.ImGui.ImGuiEditor::render@32 (line 22)
  0x0000027d1186481c: 9a45 07e9 | 07f2 ffff 

  0x0000027d11864824: ;   {metadata({method} {0x0000027d29607f48} 'button' '(Ljava/lang/String;)Z' in 'imgui/ImGui')}
  0x0000027d11864824: 49ba 407f | 6029 7d02 | 0000 4c89 | 5424 0848 | c704 24ff 

  0x0000027d11864838: ;   {runtime_call C1 Runtime counter_overflow_blob}
  0x0000027d11864838: ffff ffe8 

  0x0000027d1186483c: ; ImmutableOopMap {[288]=Oop }
                      ;*synchronization entry
                      ; - imgui.ImGui::button@-1 (line 3030)
                      ; - Rendering.ImGui.ImGuiEditor::render@37 (line 23)
  0x0000027d1186483c: a09a 4507 | e948 f2ff 

  0x0000027d11864844: ;   {metadata({method} {0x0000027d29605068} 'sameLine' '()V' in 'imgui/ImGui')}
  0x0000027d11864844: ff49 ba60 | 5060 297d | 0200 004c | 8954 2408 | 48c7 0424 | ffff ffff 

  0x0000027d1186485c: ;   {runtime_call C1 Runtime counter_overflow_blob}
  0x0000027d1186485c: e87f 9a45 

  0x0000027d11864860: ; ImmutableOopMap {[288]=Oop }
                      ;*synchronization entry
                      ; - imgui.ImGui::sameLine@-1 (line 2561)
                      ; - Rendering.ImGui.ImGuiEditor::render@53 (line 26)
  0x0000027d11864860: 07e9 ccf2 

  0x0000027d11864864: ;   {metadata({method} {0x000000002e4af718} 'valueOf' '(I)Ljava/lang/String;' in 'java/lang/String')}
  0x0000027d11864864: ffff 49ba | 10f7 4a2e | 0000 0000 | 4c89 5424 | 0848 c704 | 24ff ffff 

  0x0000027d1186487c: ;   {runtime_call C1 Runtime counter_overflow_blob}
  0x0000027d1186487c: ffe8 5e9a 

  0x0000027d11864880: ; ImmutableOopMap {rdx=Oop [288]=Oop }
                      ;*synchronization entry
                      ; - java.lang.String::valueOf@-1 (line 4643)
                      ; - Rendering.ImGui.ImGuiEditor::render@60 (line 27)
  0x0000027d11864880: 4507 e911 

  0x0000027d11864884: ;   {metadata({method} {0x0000027d296073e0} 'text' '(Ljava/lang/String;)V' in 'imgui/ImGui')}
  0x0000027d11864884: f3ff ff49 | bad8 7360 | 297d 0200 | 004c 8954 | 2408 48c7 | 0424 ffff 

  0x0000027d1186489c: ;   {runtime_call C1 Runtime counter_overflow_blob}
  0x0000027d1186489c: ffff e83d 

  0x0000027d118648a0: ; ImmutableOopMap {rax=Oop [288]=Oop }
                      ;*synchronization entry
                      ; - imgui.ImGui::text@-1 (line 2909)
                      ; - Rendering.ImGui.ImGuiEditor::render@63 (line 27)
  0x0000027d118648a0: 9a45 07e9 | 4df3 ffff 

  0x0000027d118648a8: ;   {metadata({method} {0x0000027d29617ef8} 'sliderFloat' '(Ljava/lang/String;[FFF)Z' in 'imgui/ImGui')}
  0x0000027d118648a8: 49ba f07e | 6129 7d02 | 0000 4c89 | 5424 0848 | c704 24ff 

  0x0000027d118648bc: ;   {runtime_call C1 Runtime counter_overflow_blob}
  0x0000027d118648bc: ffff ffe8 

  0x0000027d118648c0: ; ImmutableOopMap {rdx=Oop r8=Oop [288]=Oop }
                      ;*synchronization entry
                      ; - imgui.ImGui::sliderFloat@-1 (line 5409)
                      ; - Rendering.ImGui.ImGuiEditor::render@74 (line 28)
  0x0000027d118648c0: 1c9a 4507 | e99c f3ff 

  0x0000027d118648c8: ;   {metadata({method} {0x0000027d29604f28} 'separator' '()V' in 'imgui/ImGui')}
  0x0000027d118648c8: ff49 ba20 | 4f60 297d | 0200 004c | 8954 2408 | 48c7 0424 | ffff ffff 

  0x0000027d118648e0: ;   {runtime_call C1 Runtime counter_overflow_blob}
  0x0000027d118648e0: e8fb 9945 

  0x0000027d118648e4: ; ImmutableOopMap {[288]=Oop }
                      ;*synchronization entry
                      ; - imgui.ImGui::separator@-1 (line 2550)
                      ; - Rendering.ImGui.ImGuiEditor::render@78 (line 29)
  0x0000027d118648e4: 07e9 ebf3 

  0x0000027d118648e8: ;   {metadata({method} {0x0000027d29439788} 'showExtras' '()V' in 'Rendering/ImGui/ImGuiEditor')}
  0x0000027d118648e8: ffff 49ba | 8097 4329 | 7d02 0000 | 4c89 5424 | 0848 c704 | 24ff ffff 

  0x0000027d11864900: ;   {runtime_call C1 Runtime counter_overflow_blob}
  0x0000027d11864900: ffe8 da99 

  0x0000027d11864904: ; ImmutableOopMap {[288]=Oop }
                      ;*synchronization entry
                      ; - Rendering.ImGui.ImGuiEditor::showExtras@-1 (line 36)
                      ; - Rendering.ImGui.ImGuiEditor::render@82 (line 30)
  0x0000027d11864904: 4507 e92a 

  0x0000027d11864908: ;   {metadata({method} {0x0000027d296073e0} 'text' '(Ljava/lang/String;)V' in 'imgui/ImGui')}
  0x0000027d11864908: f4ff ff49 | bad8 7360 | 297d 0200 | 004c 8954 | 2408 48c7 | 0424 ffff 

  0x0000027d11864920: ;   {runtime_call C1 Runtime counter_overflow_blob}
  0x0000027d11864920: ffff e8b9 

  0x0000027d11864924: ; ImmutableOopMap {[288]=Oop }
                      ;*synchronization entry
                      ; - imgui.ImGui::text@-1 (line 2909)
                      ; - Rendering.ImGui.ImGuiEditor::showExtras@2 (line 36)
                      ; - Rendering.ImGui.ImGuiEditor::render@82 (line 30)
  0x0000027d11864924: 9945 07e9 | 42f4 ffff 

  0x0000027d1186492c: ;   {metadata({method} {0x0000027d29608b30} 'checkbox' '(Ljava/lang/String;Limgui/type/ImBoolean;)Z' in 'imgui/ImGui')}
  0x0000027d1186492c: 49ba 288b | 6029 7d02 | 0000 4c89 | 5424 0848 | c704 24ff 

  0x0000027d11864940: ;   {runtime_call C1 Runtime counter_overflow_blob}
  0x0000027d11864940: ffff ffe8 

  0x0000027d11864944: ; ImmutableOopMap {[288]=Oop }
                      ;*synchronization entry
                      ; - imgui.ImGui::checkbox@-1 (line 3144)
                      ; - Rendering.ImGui.ImGuiEditor::showExtras@10 (line 37)
                      ; - Rendering.ImGui.ImGuiEditor::render@82 (line 30)
  0x0000027d11864944: 9899 4507 | e98d f4ff 

  0x0000027d1186494c: ;   {metadata({method} {0x0000027d2943a1a0} 'get' '()Z' in 'imgui/type/ImBoolean')}
  0x0000027d1186494c: ff49 ba98 | a143 297d | 0200 004c | 8954 2408 | 48c7 0424 | ffff ffff 

  0x0000027d11864964: ;   {runtime_call C1 Runtime counter_overflow_blob}
  0x0000027d11864964: e877 9945 

  0x0000027d11864968: ; ImmutableOopMap {rdx=Oop [288]=Oop }
                      ;*synchronization entry
                      ; - imgui.type.ImBoolean::get@-1 (line 18)
                      ; - Rendering.ImGui.ImGuiEditor::showExtras@17 (line 39)
                      ; - Rendering.ImGui.ImGuiEditor::render@82 (line 30)
  0x0000027d11864968: 07e9 21f6 

  0x0000027d1186496c: ;   {runtime_call C1 Runtime throw_null_pointer_exception_blob}
  0x0000027d1186496c: ffff e86d 

  0x0000027d11864970: ; ImmutableOopMap {rdx=Oop [288]=Oop }
                      ;*baload {reexecute=0 rethrow=0 return_oop=0}
                      ; - imgui.type.ImBoolean::get@5 (line 18)
                      ; - Rendering.ImGui.ImGuiEditor::showExtras@17 (line 39)
                      ; - Rendering.ImGui.ImGuiEditor::render@82 (line 30)
                      ;   {runtime_call C1 Runtime throw_null_pointer_exception_blob}
  0x0000027d11864970: 3945 07e8 

  0x0000027d11864974: ; ImmutableOopMap {rdx=Oop [288]=Oop }
                      ;*baload {reexecute=0 rethrow=0 return_oop=0}
                      ; - imgui.type.ImBoolean::get@5 (line 18)
                      ; - Rendering.ImGui.ImGuiEditor::showExtras@17 (line 39)
                      ; - Rendering.ImGui.ImGuiEditor::render@82 (line 30)
  0x0000027d11864974: 6839 4507 | 48c7 0424 | 0000 0000 | 4889 5424 

  0x0000027d11864984: ;   {runtime_call C1 Runtime throw_range_check_failed_blob}
  0x0000027d11864984: 08e8 5630 

  0x0000027d11864988: ; ImmutableOopMap {rdx=Oop [288]=Oop }
                      ;*baload {reexecute=0 rethrow=0 return_oop=0}
                      ; - imgui.type.ImBoolean::get@5 (line 18)
                      ; - Rendering.ImGui.ImGuiEditor::showExtras@17 (line 39)
                      ; - Rendering.ImGui.ImGuiEditor::render@82 (line 30)
                      ;   {metadata({method} {0x0000027d29439848} 'showDemo' '()V' in 'Rendering/ImGui/ImGuiEditor')}
  0x0000027d11864988: 4507 49ba | 4098 4329 | 7d02 0000 | 4c89 5424 | 0848 c704 | 24ff ffff 

  0x0000027d118649a0: ;   {runtime_call C1 Runtime counter_overflow_blob}
  0x0000027d118649a0: ffe8 3a99 

  0x0000027d118649a4: ; ImmutableOopMap {rdx=Oop }
                      ;*synchronization entry
                      ; - Rendering.ImGui.ImGuiEditor::showDemo@-1 (line 46)
                      ; - Rendering.ImGui.ImGuiEditor::showExtras@24 (line 40)
                      ; - Rendering.ImGui.ImGuiEditor::render@82 (line 30)
  0x0000027d118649a4: 4507 e967 

  0x0000027d118649a8: ;   {metadata({method} {0x0000027d295f5558} 'showDemoWindow' '(Limgui/type/ImBoolean;)V' in 'imgui/ImGui')}
  0x0000027d118649a8: f6ff ff49 | ba50 555f | 297d 0200 | 004c 8954 | 2408 48c7 | 0424 ffff 

  0x0000027d118649c0: ;   {runtime_call C1 Runtime counter_overflow_blob}
  0x0000027d118649c0: ffff e819 

  0x0000027d118649c4: ; ImmutableOopMap {rdx=Oop }
                      ;*synchronization entry
                      ; - imgui.ImGui::showDemoWindow@-1 (line 305)
                      ; - Rendering.ImGui.ImGuiEditor::showDemo@3 (line 46)
                      ; - Rendering.ImGui.ImGuiEditor::showExtras@24 (line 40)
                      ; - Rendering.ImGui.ImGuiEditor::render@82 (line 30)
  0x0000027d118649c4: 9945 07e9 | 7ff6 ffff 

  0x0000027d118649cc: ;   {metadata({method} {0x0000027d295f76b8} 'end' '()V' in 'imgui/ImGui')}
  0x0000027d118649cc: 49ba b076 | 5f29 7d02 | 0000 4c89 | 5424 0848 | c704 24ff 

  0x0000027d118649e0: ;   {runtime_call C1 Runtime counter_overflow_blob}
  0x0000027d118649e0: ffff ffe8 

  0x0000027d118649e4: ; ImmutableOopMap {}
                      ;*synchronization entry
                      ; - imgui.ImGui::end@-1 (line 617)
                      ; - Rendering.ImGui.ImGuiEditor::render@85 (line 32)
  0x0000027d118649e4: f898 4507 | e970 f7ff 

  0x0000027d118649ec: ;   {internal_word}
  0x0000027d118649ec: ff49 ba84 | 4186 117d | 0200 004d | 8997 e004 

  0x0000027d118649fc: ;   {runtime_call SafepointBlob}
  0x0000027d118649fc: 0000 e95d 

  0x0000027d11864a00: ;   {metadata(nullptr)}
  0x0000027d11864a00: c538 0748 | ba00 0000 | 0000 0000 | 00b8 000f 

  0x0000027d11864a10: ;   {runtime_call C1 Runtime load_klass_patching_blob}
  0x0000027d11864a10: 050a e849 

  0x0000027d11864a14: ; ImmutableOopMap {[288]=Oop [336]=Oop [344]=Oop }
                      ;*new {reexecute=1 rethrow=0 return_oop=0}
                      ; - (reexecute) java.lang.StringConcatHelper::newArray@4 (line 576)
                      ; - java.lang.StringConcatHelper::newArrayWithSuffix@8 (line 611)
                      ; - java.lang.String$$StringConcat/0x000000002f051000::concat@58
                      ; - java.lang.invoke.DirectMethodHandle$Holder::invokeSpecial@14
                      ; - java.lang.invoke.LambdaForm$MH/0x000000002f051400::invoke@24
                      ; - java.lang.invoke.Invokers$Holder::linkToTargetMethod@6
                      ; - Rendering.ImGui.ImGuiEditor::render@27 (line 22)
  0x0000027d11864a14: 8845 07e9 | 74f7 ffff 

  0x0000027d11864a1c: ;   {runtime_call C1 Runtime fast_new_instance_blob}
  0x0000027d11864a1c: 488b d2e8 

  0x0000027d11864a20: ; ImmutableOopMap {[288]=Oop [336]=Oop [344]=Oop }
                      ;*new {reexecute=0 rethrow=0 return_oop=0}
                      ; - java.lang.StringConcatHelper::newArray@4 (line 576)
                      ; - java.lang.StringConcatHelper::newArrayWithSuffix@8 (line 611)
                      ; - java.lang.String$$StringConcat/0x000000002f051000::concat@58
                      ; - java.lang.invoke.DirectMethodHandle$Holder::invokeSpecial@14
                      ; - java.lang.invoke.LambdaForm$MH/0x000000002f051400::invoke@24
                      ; - java.lang.invoke.Invokers$Holder::linkToTargetMethod@6
                      ; - Rendering.ImGui.ImGuiEditor::render@27 (line 22)
  0x0000027d11864a20: bc41 4507 | e9bb f7ff 

  0x0000027d11864a28: ;   {metadata(nullptr)}
  0x0000027d11864a28: ff48 ba00 | 0000 0000 | 0000 00b8 | 000f 050a 

  0x0000027d11864a38: ;   {runtime_call C1 Runtime load_klass_patching_blob}
  0x0000027d11864a38: e823 8845 

  0x0000027d11864a3c: ; ImmutableOopMap {[288]=Oop [336]=Oop [344]=Oop }
                      ;*new {reexecute=1 rethrow=0 return_oop=0}
                      ; - (reexecute) java.lang.StringConcatHelper::checkOverflow@6 (line 787)
                      ; - java.lang.StringConcatHelper::stringSize@6 (line 530)
                      ; - java.lang.String$$StringConcat/0x000000002f051000::length@6
                      ; - java.lang.String$$StringConcat/0x000000002f051000::concat@33
                      ; - java.lang.invoke.DirectMethodHandle$Holder::invokeSpecial@14
                      ; - java.lang.invoke.LambdaForm$MH/0x000000002f051400::invoke@24
                      ; - java.lang.invoke.Invokers$Holder::linkToTargetMethod@6
                      ; - Rendering.ImGui.ImGuiEditor::render@27 (line 22)
  0x0000027d11864a3c: 07e9 eef7 | ffff 488b 

  0x0000027d11864a44: ;   {runtime_call C1 Runtime fast_new_instance_blob}
  0x0000027d11864a44: d2e8 9641 

  0x0000027d11864a48: ; ImmutableOopMap {[288]=Oop [336]=Oop [344]=Oop }
                      ;*new {reexecute=0 rethrow=0 return_oop=0}
                      ; - java.lang.StringConcatHelper::checkOverflow@6 (line 787)
                      ; - java.lang.StringConcatHelper::stringSize@6 (line 530)
                      ; - java.lang.String$$StringConcat/0x000000002f051000::length@6
                      ; - java.lang.String$$StringConcat/0x000000002f051000::concat@33
                      ; - java.lang.invoke.DirectMethodHandle$Holder::invokeSpecial@14
                      ; - java.lang.invoke.LambdaForm$MH/0x000000002f051400::invoke@24
                      ; - java.lang.invoke.Invokers$Holder::linkToTargetMethod@6
                      ; - Rendering.ImGui.ImGuiEditor::render@27 (line 22)
  0x0000027d11864a48: 4507 e935 

  0x0000027d11864a4c: ;   {metadata(nullptr)}
  0x0000027d11864a4c: f8ff ff48 | ba00 0000 | 0000 0000 | 00b8 000f 

  0x0000027d11864a5c: ;   {runtime_call C1 Runtime load_klass_patching_blob}
  0x0000027d11864a5c: 050a e8fd 

  0x0000027d11864a60: ; ImmutableOopMap {[288]=Oop [336]=Oop [344]=Oop }
                      ;*new {reexecute=1 rethrow=0 return_oop=0}
                      ; - (reexecute) java.lang.StringConcatHelper::checkOverflow@6 (line 787)
                      ; - java.lang.StringConcatHelper::stringSize@6 (line 530)
                      ; - java.lang.String$$StringConcat/0x000000002f051000::length@2
                      ; - java.lang.String$$StringConcat/0x000000002f051000::concat@33
                      ; - java.lang.invoke.DirectMethodHandle$Holder::invokeSpecial@14
                      ; - java.lang.invoke.LambdaForm$MH/0x000000002f051400::invoke@24
                      ; - java.lang.invoke.Invokers$Holder::linkToTargetMethod@6
                      ; - Rendering.ImGui.ImGuiEditor::render@27 (line 22)
  0x0000027d11864a60: 8745 07e9 | 68f8 ffff 

  0x0000027d11864a68: ;   {runtime_call C1 Runtime fast_new_instance_blob}
  0x0000027d11864a68: 488b d2e8 

  0x0000027d11864a6c: ; ImmutableOopMap {[288]=Oop [336]=Oop [344]=Oop }
                      ;*new {reexecute=0 rethrow=0 return_oop=0}
                      ; - java.lang.StringConcatHelper::checkOverflow@6 (line 787)
                      ; - java.lang.StringConcatHelper::stringSize@6 (line 530)
                      ; - java.lang.String$$StringConcat/0x000000002f051000::length@2
                      ; - java.lang.String$$StringConcat/0x000000002f051000::concat@33
                      ; - java.lang.invoke.DirectMethodHandle$Holder::invokeSpecial@14
                      ; - java.lang.invoke.LambdaForm$MH/0x000000002f051400::invoke@24
                      ; - java.lang.invoke.Invokers$Holder::linkToTargetMethod@6
                      ; - Rendering.ImGui.ImGuiEditor::render@27 (line 22)
  0x0000027d11864a6c: 7041 4507 | e9af f8ff | ff49 8b87 | 8805 0000 | 49c7 8788 | 0500 0000 | 0000 0049 | c787 9005 
  0x0000027d11864a8c: 0000 0000 | 0000 4881 | c4a0 0100 

  0x0000027d11864a98: ;   {runtime_call C1 Runtime unwind_exception_blob}
  0x0000027d11864a98: 005d e941 | 2945 07f4 
[Stub Code]
  0x0000027d11864aa0: ;   {other}
  0x0000027d11864aa0: 0f1f 4400 

  0x0000027d11864aa4: ;   {static_stub}
  0x0000027d11864aa4: 0048 bb00 | 0000 0000 

  0x0000027d11864aac: ;   {runtime_call nmethod}
  0x0000027d11864aac: 0000 00e9 | fbff ffff 

  0x0000027d11864ab4: ;   {static_stub}
  0x0000027d11864ab4: 9048 bb00 | 0000 0000 

  0x0000027d11864abc: ;   {runtime_call nmethod}
  0x0000027d11864abc: 0000 00e9 | fbff ffff 

  0x0000027d11864ac4: ;   {static_stub}
  0x0000027d11864ac4: 9048 bb00 | 0000 0000 

  0x0000027d11864acc: ;   {runtime_call nmethod}
  0x0000027d11864acc: 0000 00e9 | fbff ffff 

  0x0000027d11864ad4: ;   {static_stub}
  0x0000027d11864ad4: 48bb 0000 | 0000 0000 

  0x0000027d11864adc: ;   {runtime_call nmethod}
  0x0000027d11864adc: 0000 e9fb 

  0x0000027d11864ae0: ;   {static_stub}
  0x0000027d11864ae0: ffff ff48 | bb00 0000 | 0000 0000 

  0x0000027d11864aec: ;   {runtime_call nmethod}
  0x0000027d11864aec: 00e9 fbff 

  0x0000027d11864af0: ;   {static_stub}
  0x0000027d11864af0: ffff 48bb | 0000 0000 | 0000 0000 

  0x0000027d11864afc: ;   {runtime_call nmethod}
  0x0000027d11864afc: e9fb ffff 

  0x0000027d11864b00: ;   {static_stub}
  0x0000027d11864b00: ff48 bb00 | 0000 0000 

  0x0000027d11864b08: ;   {runtime_call nmethod}
  0x0000027d11864b08: 0000 00e9 | fbff ffff 

  0x0000027d11864b10: ;   {static_stub}
  0x0000027d11864b10: 48bb 0000 | 0000 0000 

  0x0000027d11864b18: ;   {runtime_call nmethod}
  0x0000027d11864b18: 0000 e9fb 

  0x0000027d11864b1c: ;   {static_stub}
  0x0000027d11864b1c: ffff ff48 | bb00 0000 | 0000 0000 

  0x0000027d11864b28: ;   {runtime_call nmethod}
  0x0000027d11864b28: 00e9 fbff 

  0x0000027d11864b2c: ;   {static_stub}
  0x0000027d11864b2c: ffff 48bb | 0000 0000 | 0000 0000 

  0x0000027d11864b38: ;   {runtime_call nmethod}
  0x0000027d11864b38: e9fb ffff 

  0x0000027d11864b3c: ;   {static_stub}
  0x0000027d11864b3c: ff48 bb00 | 0000 0000 

  0x0000027d11864b44: ;   {runtime_call nmethod}
  0x0000027d11864b44: 0000 00e9 | fbff ffff 

  0x0000027d11864b4c: ;   {static_stub}
  0x0000027d11864b4c: 48bb 0000 | 0000 0000 

  0x0000027d11864b54: ;   {runtime_call nmethod}
  0x0000027d11864b54: 0000 e9fb 

  0x0000027d11864b58: ;   {static_stub}
  0x0000027d11864b58: ffff ff48 | bb00 0000 | 0000 0000 

  0x0000027d11864b64: ;   {runtime_call nmethod}
  0x0000027d11864b64: 00e9 fbff 

  0x0000027d11864b68: ;   {static_stub}
  0x0000027d11864b68: ffff 48bb | 0000 0000 | 0000 0000 

  0x0000027d11864b74: ;   {runtime_call nmethod}
  0x0000027d11864b74: e9fb ffff 

  0x0000027d11864b78: ;   {static_stub}
  0x0000027d11864b78: ff48 bb00 | 0000 0000 

  0x0000027d11864b80: ;   {runtime_call nmethod}
  0x0000027d11864b80: 0000 00e9 | fbff ffff 

  0x0000027d11864b88: ;   {static_stub}
  0x0000027d11864b88: 48bb 0000 | 0000 0000 

  0x0000027d11864b90: ;   {runtime_call nmethod}
  0x0000027d11864b90: 0000 e9fb 

  0x0000027d11864b94: ;   {static_stub}
  0x0000027d11864b94: ffff ff48 | bb00 0000 | 0000 0000 

  0x0000027d11864ba0: ;   {runtime_call nmethod}
  0x0000027d11864ba0: 00e9 fbff 

  0x0000027d11864ba4: ;   {static_stub}
  0x0000027d11864ba4: ffff 48bb | 0000 0000 | 0000 0000 

  0x0000027d11864bb0: ;   {runtime_call nmethod}
  0x0000027d11864bb0: e9fb ffff 

  0x0000027d11864bb4: ;   {static_stub}
  0x0000027d11864bb4: ff48 bb00 | 0000 0000 

  0x0000027d11864bbc: ;   {runtime_call nmethod}
  0x0000027d11864bbc: 0000 00e9 | fbff ffff 
[Exception Handler]
  0x0000027d11864bc4: ;   {runtime_call C1 Runtime handle_exception_from_callee_blob}
  0x0000027d11864bc4: e897 5845 

  0x0000027d11864bc8: ;   {external_word}
  0x0000027d11864bc8: 0748 b948 | 0805 17fa | 7f00 0048 

  0x0000027d11864bd4: ;   {runtime_call}
  0x0000027d11864bd4: 83e4 f048 | b800 8dc8 | 16fa 7f00 | 00ff d0f4 
[Deopt Handler Code]
  0x0000027d11864be4: ;   {section_word}
  0x0000027d11864be4: 49ba e44b | 8611 7d02 | 0000 4152 

  0x0000027d11864bf0: ;   {runtime_call DeoptimizationBlob}
  0x0000027d11864bf0: e96b c638 | 07f4 f4f4 
[/MachCode]


---------------  P R O C E S S  ---------------

Threads class SMR info:
_java_thread_list=0x0000027d2fa074d0, length=11, elements={
0x0000027d06c0fdd0, 0x0000027d287b75a0, 0x0000027d287b7eb0, 0x0000027d287beab0,
0x0000027d287bf8f0, 0x0000027d287c04b0, 0x0000027d287c1070, 0x0000027d287cbf80,
0x0000027d287cfae0, 0x0000027d289134a0, 0x0000027d2891c4a0
}

Java Threads: ( => current thread )
=>0x0000027d06c0fdd0 JavaThread "main"                              [_thread_in_native, id=14196, stack(0x000000970f300000,0x000000970f400000) (1024K)]
  0x0000027d287b75a0 JavaThread "Reference Handler"          daemon [_thread_blocked, id=23064, stack(0x000000970fb00000,0x000000970fc00000) (1024K)]
  0x0000027d287b7eb0 JavaThread "Finalizer"                  daemon [_thread_blocked, id=12660, stack(0x000000970fc00000,0x000000970fd00000) (1024K)]
  0x0000027d287beab0 JavaThread "Signal Dispatcher"          daemon [_thread_blocked, id=9776, stack(0x000000970fd00000,0x000000970fe00000) (1024K)]
  0x0000027d287bf8f0 JavaThread "Attach Listener"            daemon [_thread_blocked, id=3012, stack(0x000000970fe00000,0x000000970ff00000) (1024K)]
  0x0000027d287c04b0 JavaThread "Service Thread"             daemon [_thread_blocked, id=11232, stack(0x000000970ff00000,0x0000009710000000) (1024K)]
  0x0000027d287c1070 JavaThread "Monitor Deflation Thread"   daemon [_thread_blocked, id=11780, stack(0x0000009710000000,0x0000009710100000) (1024K)]
  0x0000027d287cbf80 JavaThread "C2 CompilerThread0"         daemon [_thread_blocked, id=11336, stack(0x0000009710100000,0x0000009710200000) (1024K)]
  0x0000027d287cfae0 JavaThread "C1 CompilerThread0"         daemon [_thread_blocked, id=14036, stack(0x0000009710200000,0x0000009710300000) (1024K)]
  0x0000027d289134a0 JavaThread "Notification Thread"        daemon [_thread_blocked, id=17876, stack(0x0000009710300000,0x0000009710400000) (1024K)]
  0x0000027d2891c4a0 JavaThread "Common-Cleaner"             daemon [_thread_blocked, id=16888, stack(0x0000009710400000,0x0000009710500000) (1024K)]
Total: 11

Other Threads:
  0x0000027d287a8c30 VMThread "VM Thread"                           [id=14132, stack(0x000000970fa00000,0x000000970fb00000) (1024K)]
  0x0000027d2879d2c0 WatcherThread "VM Periodic Task Thread"        [id=12844, stack(0x000000970f900000,0x000000970fa00000) (1024K)]
  0x0000027d08e54c60 WorkerThread "GC Thread#0"                     [id=12480, stack(0x000000970f400000,0x000000970f500000) (1024K)]
  0x0000027d08e6dd90 ConcurrentGCThread "G1 Main Marker"            [id=12080, stack(0x000000970f500000,0x000000970f600000) (1024K)]
  0x0000027d08e6f0d0 WorkerThread "G1 Conc#0"                       [id=3764, stack(0x000000970f600000,0x000000970f700000) (1024K)]
  0x0000027d08eae790 ConcurrentGCThread "G1 Refine#0"               [id=9600, stack(0x000000970f700000,0x000000970f800000) (1024K)]
  0x0000027d286690b0 ConcurrentGCThread "G1 Service"                [id=2512, stack(0x000000970f800000,0x000000970f900000) (1024K)]
Total: 7

Threads with active compile tasks:
Total: 0

VM state: not at safepoint (normal execution)

VM Mutex/Monitor currently owned by a thread: None

Heap address: 0x0000000700c00000, size: 4084 MB, Compressed Oops mode: Zero based, Oop shift amount: 3

CDS archive(s) mapped at: [0x000000002e000000-0x000000002edd0000-0x000000002edd0000), size 14483456, SharedBaseAddress: 0x000000002e000000, ArchiveRelocationMode: 1.
Compressed class space mapped at: 0x000000002f000000-0x000000006f000000, reserved size: 1073741824
UseCompressedClassPointers 1, UseCompactObjectHeaders 0
Narrow klass pointer bits 32, Max shift 3
Narrow klass base: 0x000000002e000000, Narrow klass shift: 0
Encoding Range: [0x000000002e000000 - 0x000000012e000000), (4294967296 bytes)
Klass Range:    [0x000000002e010000 - 0x000000006f000000), (1090453504 bytes)
Klass ID Range:  [65536 - 1090519033) (1090453497)
Protection zone: [0x000000002e000000 - 0x000000002e010000), (65536 bytes)

GC Precious Log:
 CardTable entry size: 512
 Card Set container configuration: InlinePtr #cards 4 size 8 Array Of Cards #cards 16 size 48 Howl #buckets 8 coarsen threshold 3686 Howl Bitmap #cards 512 size 80 coarsen threshold 460 Card regions per heap region 1 cards per card region 4096
 CPUs: 12 total, 12 available
 Memory: 16330M
 Large Page Support: Disabled
 NUMA Support: Disabled
 Compressed Oops: Enabled (Zero based)
 Heap Region Size: 2M
 Heap Min Capacity: 8M
 Heap Initial Capacity: 256M
 Heap Max Capacity: 4084M
 Pre-touch: Disabled
 Parallel Workers: 10
 Concurrent Workers: 3
 Concurrent Refinement Workers: 10
 Periodic GC: Disabled

Heap:
 garbage-first heap   total reserved 4182016K, committed 264192K, used 15509K [0x0000000700c00000, 0x0000000800000000)
  region size 2048K, 9 young (18432K), 0 survivors (0K)

Heap Regions: E=young(eden), S=young(survivor), O=old, HS=humongous(starts), HC=humongous(continues), CS=collection set, F=free, TAMS=top-at-mark-start, PB=parsable bottom
|   0|0x0000000700c00000, 0x0000000700c00000, 0x0000000700e00000|  0%| F|  |TAMS 0x0000000700c00000| PB 0x0000000700c00000| Untracked |  0
|   1|0x0000000700e00000, 0x0000000700e00000, 0x0000000701000000|  0%| F|  |TAMS 0x0000000700e00000| PB 0x0000000700e00000| Untracked |  0
|   2|0x0000000701000000, 0x0000000701000000, 0x0000000701200000|  0%| F|  |TAMS 0x0000000701000000| PB 0x0000000701000000| Untracked |  0
|   3|0x0000000701200000, 0x0000000701200000, 0x0000000701400000|  0%| F|  |TAMS 0x0000000701200000| PB 0x0000000701200000| Untracked |  0
|   4|0x0000000701400000, 0x0000000701400000, 0x0000000701600000|  0%| F|  |TAMS 0x0000000701400000| PB 0x0000000701400000| Untracked |  0
|   5|0x0000000701600000, 0x0000000701600000, 0x0000000701800000|  0%| F|  |TAMS 0x0000000701600000| PB 0x0000000701600000| Untracked |  0
|   6|0x0000000701800000, 0x0000000701800000, 0x0000000701a00000|  0%| F|  |TAMS 0x0000000701800000| PB 0x0000000701800000| Untracked |  0
|   7|0x0000000701a00000, 0x0000000701a00000, 0x0000000701c00000|  0%| F|  |TAMS 0x0000000701a00000| PB 0x0000000701a00000| Untracked |  0
|   8|0x0000000701c00000, 0x0000000701c00000, 0x0000000701e00000|  0%| F|  |TAMS 0x0000000701c00000| PB 0x0000000701c00000| Untracked |  0
|   9|0x0000000701e00000, 0x0000000701e00000, 0x0000000702000000|  0%| F|  |TAMS 0x0000000701e00000| PB 0x0000000701e00000| Untracked |  0
|  10|0x0000000702000000, 0x0000000702000000, 0x0000000702200000|  0%| F|  |TAMS 0x0000000702000000| PB 0x0000000702000000| Untracked |  0
|  11|0x0000000702200000, 0x0000000702200000, 0x0000000702400000|  0%| F|  |TAMS 0x0000000702200000| PB 0x0000000702200000| Untracked |  0
|  12|0x0000000702400000, 0x0000000702400000, 0x0000000702600000|  0%| F|  |TAMS 0x0000000702400000| PB 0x0000000702400000| Untracked |  0
|  13|0x0000000702600000, 0x0000000702600000, 0x0000000702800000|  0%| F|  |TAMS 0x0000000702600000| PB 0x0000000702600000| Untracked |  0
|  14|0x0000000702800000, 0x0000000702800000, 0x0000000702a00000|  0%| F|  |TAMS 0x0000000702800000| PB 0x0000000702800000| Untracked |  0
|  15|0x0000000702a00000, 0x0000000702a00000, 0x0000000702c00000|  0%| F|  |TAMS 0x0000000702a00000| PB 0x0000000702a00000| Untracked |  0
|  16|0x0000000702c00000, 0x0000000702c00000, 0x0000000702e00000|  0%| F|  |TAMS 0x0000000702c00000| PB 0x0000000702c00000| Untracked |  0
|  17|0x0000000702e00000, 0x0000000702e00000, 0x0000000703000000|  0%| F|  |TAMS 0x0000000702e00000| PB 0x0000000702e00000| Untracked |  0
|  18|0x0000000703000000, 0x0000000703000000, 0x0000000703200000|  0%| F|  |TAMS 0x0000000703000000| PB 0x0000000703000000| Untracked |  0
|  19|0x0000000703200000, 0x0000000703200000, 0x0000000703400000|  0%| F|  |TAMS 0x0000000703200000| PB 0x0000000703200000| Untracked |  0
|  20|0x0000000703400000, 0x0000000703400000, 0x0000000703600000|  0%| F|  |TAMS 0x0000000703400000| PB 0x0000000703400000| Untracked |  0
|  21|0x0000000703600000, 0x0000000703600000, 0x0000000703800000|  0%| F|  |TAMS 0x0000000703600000| PB 0x0000000703600000| Untracked |  0
|  22|0x0000000703800000, 0x0000000703800000, 0x0000000703a00000|  0%| F|  |TAMS 0x0000000703800000| PB 0x0000000703800000| Untracked |  0
|  23|0x0000000703a00000, 0x0000000703a00000, 0x0000000703c00000|  0%| F|  |TAMS 0x0000000703a00000| PB 0x0000000703a00000| Untracked |  0
|  24|0x0000000703c00000, 0x0000000703c00000, 0x0000000703e00000|  0%| F|  |TAMS 0x0000000703c00000| PB 0x0000000703c00000| Untracked |  0
|  25|0x0000000703e00000, 0x0000000703e00000, 0x0000000704000000|  0%| F|  |TAMS 0x0000000703e00000| PB 0x0000000703e00000| Untracked |  0
|  26|0x0000000704000000, 0x0000000704000000, 0x0000000704200000|  0%| F|  |TAMS 0x0000000704000000| PB 0x0000000704000000| Untracked |  0
|  27|0x0000000704200000, 0x0000000704200000, 0x0000000704400000|  0%| F|  |TAMS 0x0000000704200000| PB 0x0000000704200000| Untracked |  0
|  28|0x0000000704400000, 0x0000000704400000, 0x0000000704600000|  0%| F|  |TAMS 0x0000000704400000| PB 0x0000000704400000| Untracked |  0
|  29|0x0000000704600000, 0x0000000704600000, 0x0000000704800000|  0%| F|  |TAMS 0x0000000704600000| PB 0x0000000704600000| Untracked |  0
|  30|0x0000000704800000, 0x0000000704800000, 0x0000000704a00000|  0%| F|  |TAMS 0x0000000704800000| PB 0x0000000704800000| Untracked |  0
|  31|0x0000000704a00000, 0x0000000704a00000, 0x0000000704c00000|  0%| F|  |TAMS 0x0000000704a00000| PB 0x0000000704a00000| Untracked |  0
|  32|0x0000000704c00000, 0x0000000704c00000, 0x0000000704e00000|  0%| F|  |TAMS 0x0000000704c00000| PB 0x0000000704c00000| Untracked |  0
|  33|0x0000000704e00000, 0x0000000704e00000, 0x0000000705000000|  0%| F|  |TAMS 0x0000000704e00000| PB 0x0000000704e00000| Untracked |  0
|  34|0x0000000705000000, 0x0000000705000000, 0x0000000705200000|  0%| F|  |TAMS 0x0000000705000000| PB 0x0000000705000000| Untracked |  0
|  35|0x0000000705200000, 0x0000000705200000, 0x0000000705400000|  0%| F|  |TAMS 0x0000000705200000| PB 0x0000000705200000| Untracked |  0
|  36|0x0000000705400000, 0x0000000705400000, 0x0000000705600000|  0%| F|  |TAMS 0x0000000705400000| PB 0x0000000705400000| Untracked |  0
|  37|0x0000000705600000, 0x0000000705600000, 0x0000000705800000|  0%| F|  |TAMS 0x0000000705600000| PB 0x0000000705600000| Untracked |  0
|  38|0x0000000705800000, 0x0000000705800000, 0x0000000705a00000|  0%| F|  |TAMS 0x0000000705800000| PB 0x0000000705800000| Untracked |  0
|  39|0x0000000705a00000, 0x0000000705a00000, 0x0000000705c00000|  0%| F|  |TAMS 0x0000000705a00000| PB 0x0000000705a00000| Untracked |  0
|  40|0x0000000705c00000, 0x0000000705c00000, 0x0000000705e00000|  0%| F|  |TAMS 0x0000000705c00000| PB 0x0000000705c00000| Untracked |  0
|  41|0x0000000705e00000, 0x0000000705e00000, 0x0000000706000000|  0%| F|  |TAMS 0x0000000705e00000| PB 0x0000000705e00000| Untracked |  0
|  42|0x0000000706000000, 0x0000000706000000, 0x0000000706200000|  0%| F|  |TAMS 0x0000000706000000| PB 0x0000000706000000| Untracked |  0
|  43|0x0000000706200000, 0x0000000706200000, 0x0000000706400000|  0%| F|  |TAMS 0x0000000706200000| PB 0x0000000706200000| Untracked |  0
|  44|0x0000000706400000, 0x0000000706400000, 0x0000000706600000|  0%| F|  |TAMS 0x0000000706400000| PB 0x0000000706400000| Untracked |  0
|  45|0x0000000706600000, 0x0000000706600000, 0x0000000706800000|  0%| F|  |TAMS 0x0000000706600000| PB 0x0000000706600000| Untracked |  0
|  46|0x0000000706800000, 0x0000000706800000, 0x0000000706a00000|  0%| F|  |TAMS 0x0000000706800000| PB 0x0000000706800000| Untracked |  0
|  47|0x0000000706a00000, 0x0000000706a00000, 0x0000000706c00000|  0%| F|  |TAMS 0x0000000706a00000| PB 0x0000000706a00000| Untracked |  0
|  48|0x0000000706c00000, 0x0000000706c00000, 0x0000000706e00000|  0%| F|  |TAMS 0x0000000706c00000| PB 0x0000000706c00000| Untracked |  0
|  49|0x0000000706e00000, 0x0000000706e00000, 0x0000000707000000|  0%| F|  |TAMS 0x0000000706e00000| PB 0x0000000706e00000| Untracked |  0
|  50|0x0000000707000000, 0x0000000707000000, 0x0000000707200000|  0%| F|  |TAMS 0x0000000707000000| PB 0x0000000707000000| Untracked |  0
|  51|0x0000000707200000, 0x0000000707200000, 0x0000000707400000|  0%| F|  |TAMS 0x0000000707200000| PB 0x0000000707200000| Untracked |  0
|  52|0x0000000707400000, 0x0000000707400000, 0x0000000707600000|  0%| F|  |TAMS 0x0000000707400000| PB 0x0000000707400000| Untracked |  0
|  53|0x0000000707600000, 0x0000000707600000, 0x0000000707800000|  0%| F|  |TAMS 0x0000000707600000| PB 0x0000000707600000| Untracked |  0
|  54|0x0000000707800000, 0x0000000707800000, 0x0000000707a00000|  0%| F|  |TAMS 0x0000000707800000| PB 0x0000000707800000| Untracked |  0
|  55|0x0000000707a00000, 0x0000000707a00000, 0x0000000707c00000|  0%| F|  |TAMS 0x0000000707a00000| PB 0x0000000707a00000| Untracked |  0
|  56|0x0000000707c00000, 0x0000000707c00000, 0x0000000707e00000|  0%| F|  |TAMS 0x0000000707c00000| PB 0x0000000707c00000| Untracked |  0
|  57|0x0000000707e00000, 0x0000000707e00000, 0x0000000708000000|  0%| F|  |TAMS 0x0000000707e00000| PB 0x0000000707e00000| Untracked |  0
|  58|0x0000000708000000, 0x0000000708000000, 0x0000000708200000|  0%| F|  |TAMS 0x0000000708000000| PB 0x0000000708000000| Untracked |  0
|  59|0x0000000708200000, 0x0000000708200000, 0x0000000708400000|  0%| F|  |TAMS 0x0000000708200000| PB 0x0000000708200000| Untracked |  0
|  60|0x0000000708400000, 0x0000000708400000, 0x0000000708600000|  0%| F|  |TAMS 0x0000000708400000| PB 0x0000000708400000| Untracked |  0
|  61|0x0000000708600000, 0x0000000708600000, 0x0000000708800000|  0%| F|  |TAMS 0x0000000708600000| PB 0x0000000708600000| Untracked |  0
|  62|0x0000000708800000, 0x0000000708800000, 0x0000000708a00000|  0%| F|  |TAMS 0x0000000708800000| PB 0x0000000708800000| Untracked |  0
|  63|0x0000000708a00000, 0x0000000708a00000, 0x0000000708c00000|  0%| F|  |TAMS 0x0000000708a00000| PB 0x0000000708a00000| Untracked |  0
|  64|0x0000000708c00000, 0x0000000708c00000, 0x0000000708e00000|  0%| F|  |TAMS 0x0000000708c00000| PB 0x0000000708c00000| Untracked |  0
|  65|0x0000000708e00000, 0x0000000708e00000, 0x0000000709000000|  0%| F|  |TAMS 0x0000000708e00000| PB 0x0000000708e00000| Untracked |  0
|  66|0x0000000709000000, 0x0000000709000000, 0x0000000709200000|  0%| F|  |TAMS 0x0000000709000000| PB 0x0000000709000000| Untracked |  0
|  67|0x0000000709200000, 0x0000000709200000, 0x0000000709400000|  0%| F|  |TAMS 0x0000000709200000| PB 0x0000000709200000| Untracked |  0
|  68|0x0000000709400000, 0x0000000709400000, 0x0000000709600000|  0%| F|  |TAMS 0x0000000709400000| PB 0x0000000709400000| Untracked |  0
|  69|0x0000000709600000, 0x0000000709600000, 0x0000000709800000|  0%| F|  |TAMS 0x0000000709600000| PB 0x0000000709600000| Untracked |  0
|  70|0x0000000709800000, 0x0000000709800000, 0x0000000709a00000|  0%| F|  |TAMS 0x0000000709800000| PB 0x0000000709800000| Untracked |  0
|  71|0x0000000709a00000, 0x0000000709a00000, 0x0000000709c00000|  0%| F|  |TAMS 0x0000000709a00000| PB 0x0000000709a00000| Untracked |  0
|  72|0x0000000709c00000, 0x0000000709c00000, 0x0000000709e00000|  0%| F|  |TAMS 0x0000000709c00000| PB 0x0000000709c00000| Untracked |  0
|  73|0x0000000709e00000, 0x0000000709e00000, 0x000000070a000000|  0%| F|  |TAMS 0x0000000709e00000| PB 0x0000000709e00000| Untracked |  0
|  74|0x000000070a000000, 0x000000070a000000, 0x000000070a200000|  0%| F|  |TAMS 0x000000070a000000| PB 0x000000070a000000| Untracked |  0
|  75|0x000000070a200000, 0x000000070a200000, 0x000000070a400000|  0%| F|  |TAMS 0x000000070a200000| PB 0x000000070a200000| Untracked |  0
|  76|0x000000070a400000, 0x000000070a400000, 0x000000070a600000|  0%| F|  |TAMS 0x000000070a400000| PB 0x000000070a400000| Untracked |  0
|  77|0x000000070a600000, 0x000000070a600000, 0x000000070a800000|  0%| F|  |TAMS 0x000000070a600000| PB 0x000000070a600000| Untracked |  0
|  78|0x000000070a800000, 0x000000070a800000, 0x000000070aa00000|  0%| F|  |TAMS 0x000000070a800000| PB 0x000000070a800000| Untracked |  0
|  79|0x000000070aa00000, 0x000000070aa00000, 0x000000070ac00000|  0%| F|  |TAMS 0x000000070aa00000| PB 0x000000070aa00000| Untracked |  0
|  80|0x000000070ac00000, 0x000000070ac00000, 0x000000070ae00000|  0%| F|  |TAMS 0x000000070ac00000| PB 0x000000070ac00000| Untracked |  0
|  81|0x000000070ae00000, 0x000000070ae00000, 0x000000070b000000|  0%| F|  |TAMS 0x000000070ae00000| PB 0x000000070ae00000| Untracked |  0
|  82|0x000000070b000000, 0x000000070b000000, 0x000000070b200000|  0%| F|  |TAMS 0x000000070b000000| PB 0x000000070b000000| Untracked |  0
|  83|0x000000070b200000, 0x000000070b200000, 0x000000070b400000|  0%| F|  |TAMS 0x000000070b200000| PB 0x000000070b200000| Untracked |  0
|  84|0x000000070b400000, 0x000000070b400000, 0x000000070b600000|  0%| F|  |TAMS 0x000000070b400000| PB 0x000000070b400000| Untracked |  0
|  85|0x000000070b600000, 0x000000070b600000, 0x000000070b800000|  0%| F|  |TAMS 0x000000070b600000| PB 0x000000070b600000| Untracked |  0
|  86|0x000000070b800000, 0x000000070b800000, 0x000000070ba00000|  0%| F|  |TAMS 0x000000070b800000| PB 0x000000070b800000| Untracked |  0
|  87|0x000000070ba00000, 0x000000070ba00000, 0x000000070bc00000|  0%| F|  |TAMS 0x000000070ba00000| PB 0x000000070ba00000| Untracked |  0
|  88|0x000000070bc00000, 0x000000070bc00000, 0x000000070be00000|  0%| F|  |TAMS 0x000000070bc00000| PB 0x000000070bc00000| Untracked |  0
|  89|0x000000070be00000, 0x000000070be00000, 0x000000070c000000|  0%| F|  |TAMS 0x000000070be00000| PB 0x000000070be00000| Untracked |  0
|  90|0x000000070c000000, 0x000000070c000000, 0x000000070c200000|  0%| F|  |TAMS 0x000000070c000000| PB 0x000000070c000000| Untracked |  0
|  91|0x000000070c200000, 0x000000070c200000, 0x000000070c400000|  0%| F|  |TAMS 0x000000070c200000| PB 0x000000070c200000| Untracked |  0
|  92|0x000000070c400000, 0x000000070c400000, 0x000000070c600000|  0%| F|  |TAMS 0x000000070c400000| PB 0x000000070c400000| Untracked |  0
|  93|0x000000070c600000, 0x000000070c600000, 0x000000070c800000|  0%| F|  |TAMS 0x000000070c600000| PB 0x000000070c600000| Untracked |  0
|  94|0x000000070c800000, 0x000000070c800000, 0x000000070ca00000|  0%| F|  |TAMS 0x000000070c800000| PB 0x000000070c800000| Untracked |  0
|  95|0x000000070ca00000, 0x000000070ca00000, 0x000000070cc00000|  0%| F|  |TAMS 0x000000070ca00000| PB 0x000000070ca00000| Untracked |  0
|  96|0x000000070cc00000, 0x000000070cc00000, 0x000000070ce00000|  0%| F|  |TAMS 0x000000070cc00000| PB 0x000000070cc00000| Untracked |  0
|  97|0x000000070ce00000, 0x000000070ce00000, 0x000000070d000000|  0%| F|  |TAMS 0x000000070ce00000| PB 0x000000070ce00000| Untracked |  0
|  98|0x000000070d000000, 0x000000070d000000, 0x000000070d200000|  0%| F|  |TAMS 0x000000070d000000| PB 0x000000070d000000| Untracked |  0
|  99|0x000000070d200000, 0x000000070d200000, 0x000000070d400000|  0%| F|  |TAMS 0x000000070d200000| PB 0x000000070d200000| Untracked |  0
| 100|0x000000070d400000, 0x000000070d400000, 0x000000070d600000|  0%| F|  |TAMS 0x000000070d400000| PB 0x000000070d400000| Untracked |  0
| 101|0x000000070d600000, 0x000000070d600000, 0x000000070d800000|  0%| F|  |TAMS 0x000000070d600000| PB 0x000000070d600000| Untracked |  0
| 102|0x000000070d800000, 0x000000070d800000, 0x000000070da00000|  0%| F|  |TAMS 0x000000070d800000| PB 0x000000070d800000| Untracked |  0
| 103|0x000000070da00000, 0x000000070da00000, 0x000000070dc00000|  0%| F|  |TAMS 0x000000070da00000| PB 0x000000070da00000| Untracked |  0
| 104|0x000000070dc00000, 0x000000070dc00000, 0x000000070de00000|  0%| F|  |TAMS 0x000000070dc00000| PB 0x000000070dc00000| Untracked |  0
| 105|0x000000070de00000, 0x000000070de00000, 0x000000070e000000|  0%| F|  |TAMS 0x000000070de00000| PB 0x000000070de00000| Untracked |  0
| 106|0x000000070e000000, 0x000000070e000000, 0x000000070e200000|  0%| F|  |TAMS 0x000000070e000000| PB 0x000000070e000000| Untracked |  0
| 107|0x000000070e200000, 0x000000070e200000, 0x000000070e400000|  0%| F|  |TAMS 0x000000070e200000| PB 0x000000070e200000| Untracked |  0
| 108|0x000000070e400000, 0x000000070e400000, 0x000000070e600000|  0%| F|  |TAMS 0x000000070e400000| PB 0x000000070e400000| Untracked |  0
| 109|0x000000070e600000, 0x000000070e600000, 0x000000070e800000|  0%| F|  |TAMS 0x000000070e600000| PB 0x000000070e600000| Untracked |  0
| 110|0x000000070e800000, 0x000000070e800000, 0x000000070ea00000|  0%| F|  |TAMS 0x000000070e800000| PB 0x000000070e800000| Untracked |  0
| 111|0x000000070ea00000, 0x000000070ea00000, 0x000000070ec00000|  0%| F|  |TAMS 0x000000070ea00000| PB 0x000000070ea00000| Untracked |  0
| 112|0x000000070ec00000, 0x000000070ec00000, 0x000000070ee00000|  0%| F|  |TAMS 0x000000070ec00000| PB 0x000000070ec00000| Untracked |  0
| 113|0x000000070ee00000, 0x000000070ee00000, 0x000000070f000000|  0%| F|  |TAMS 0x000000070ee00000| PB 0x000000070ee00000| Untracked |  0
| 114|0x000000070f000000, 0x000000070f000000, 0x000000070f200000|  0%| F|  |TAMS 0x000000070f000000| PB 0x000000070f000000| Untracked |  0
| 115|0x000000070f200000, 0x000000070f200000, 0x000000070f400000|  0%| F|  |TAMS 0x000000070f200000| PB 0x000000070f200000| Untracked |  0
| 116|0x000000070f400000, 0x000000070f400000, 0x000000070f600000|  0%| F|  |TAMS 0x000000070f400000| PB 0x000000070f400000| Untracked |  0
| 117|0x000000070f600000, 0x000000070f600000, 0x000000070f800000|  0%| F|  |TAMS 0x000000070f600000| PB 0x000000070f600000| Untracked |  0
| 118|0x000000070f800000, 0x000000070f800000, 0x000000070fa00000|  0%| F|  |TAMS 0x000000070f800000| PB 0x000000070f800000| Untracked |  0
| 119|0x000000070fa00000, 0x000000070faf5c48, 0x000000070fc00000| 48%| E|  |TAMS 0x000000070fa00000| PB 0x000000070fa00000| Complete |  0
| 120|0x000000070fc00000, 0x000000070fe00000, 0x000000070fe00000|100%| E|CS|TAMS 0x000000070fc00000| PB 0x000000070fc00000| Complete |  0
| 121|0x000000070fe00000, 0x0000000710000000, 0x0000000710000000|100%| E|CS|TAMS 0x000000070fe00000| PB 0x000000070fe00000| Complete |  0
| 122|0x0000000710000000, 0x0000000710200000, 0x0000000710200000|100%| E|CS|TAMS 0x0000000710000000| PB 0x0000000710000000| Complete |  0
| 123|0x0000000710200000, 0x0000000710400000, 0x0000000710400000|100%| E|  |TAMS 0x0000000710200000| PB 0x0000000710200000| Complete |  0
| 124|0x0000000710400000, 0x0000000710600000, 0x0000000710600000|100%| E|CS|TAMS 0x0000000710400000| PB 0x0000000710400000| Complete |  0
| 125|0x0000000710600000, 0x0000000710800000, 0x0000000710800000|100%| E|CS|TAMS 0x0000000710600000| PB 0x0000000710600000| Complete |  0
| 126|0x0000000710800000, 0x0000000710a00000, 0x0000000710a00000|100%| E|CS|TAMS 0x0000000710800000| PB 0x0000000710800000| Complete |  0
| 127|0x0000000710a00000, 0x0000000710c00000, 0x0000000710c00000|100%| E|CS|TAMS 0x0000000710a00000| PB 0x0000000710a00000| Complete |  0
|2041|0x00000007ffe00000, 0x00000007fff256a0, 0x0000000800000000| 57%| O|  |TAMS 0x00000007ffe00000| PB 0x00000007ffe00000| Untracked |  0

Card table byte_map: [0x0000027d213d0000,0x0000027d21bd0000] _byte_map_base: 0x0000027d1dbca000

Marking Bits: (CMBitMap*) 0x0000027d08e553f0
 Bits: [0x0000027d21bd0000, 0x0000027d25ba0000)

Polling page: 0x0000027d085b0000

Metaspace:
Metaspace        used 7827K, committed 8000K, reserved 1114112K
 class space     used 319K, committed 384K, reserved 1048576K

Usage:
  Non-class:      7.33 MB used.
      Class:    319.07 KB used.
       Both:      7.64 MB used.

Virtual space:
  Non-class space:       64.00 MB reserved,       7.44 MB ( 12%) committed,  1 nodes.
      Class space:        1.00 GB reserved,     384.00 KB ( <1%) committed,  1 nodes.
             Both:        1.06 GB reserved,       7.81 MB ( <1%) committed. 

Chunk freelists:
   Non-Class:  6.53 MB
       Class:  15.51 MB
        Both:  22.05 MB

MaxMetaspaceSize: unlimited
CompressedClassSpaceSize: 1.00 GB
Initial GC threshold: 21.00 MB
Current GC threshold: 21.00 MB
CDS: on
 - commit_granule_bytes: 65536.
 - commit_granule_words: 8192.
 - virtual_space_node_default_size: 8388608.
 - enlarge_chunks_in_place: 1.
UseCompressedClassPointers 1, UseCompactObjectHeaders 0
Narrow klass pointer bits 32, Max shift 3
Narrow klass base: 0x000000002e000000, Narrow klass shift: 0
Encoding Range: [0x000000002e000000 - 0x000000012e000000), (4294967296 bytes)
Klass Range:    [0x000000002e010000 - 0x000000006f000000), (1090453504 bytes)
Klass ID Range:  [65536 - 1090519033) (1090453497)
Protection zone: [0x000000002e000000 - 0x000000002e010000), (65536 bytes)


Internal statistics:

num_allocs_failed_limit: 0.
num_arena_births: 102.
num_arena_deaths: 0.
num_vsnodes_births: 2.
num_vsnodes_deaths: 0.
num_space_committed: 124.
num_space_uncommitted: 0.
num_chunks_returned_to_freelist: 0.
num_chunks_taken_from_freelist: 344.
num_chunk_merges: 0.
num_chunk_splits: 248.
num_chunks_enlarged: 186.
num_inconsistent_stats: 0.

CodeHeap 'non-profiled nmethods': size=120064Kb used=390Kb max_used=390Kb free=119673Kb
 bounds [0x0000027d19130000, 0x0000027d193a0000, 0x0000027d20670000]
CodeHeap 'profiled nmethods': size=120000Kb used=2044Kb max_used=2044Kb free=117955Kb
 bounds [0x0000027d11670000, 0x0000027d118e0000, 0x0000027d18ba0000]
CodeHeap 'non-nmethods': size=5696Kb used=2229Kb max_used=2243Kb free=3466Kb
 bounds [0x0000027d18ba0000, 0x0000027d18e10000, 0x0000027d19130000]
CodeCache: size=245760Kb, used=4663Kb, max_used=4677Kb, free=241094Kb
 total_blobs=3055, nmethods=1669, adapters=1290, full_count=0
Compilation: enabled, stopped_count=0, restarted_count=0

Compilation events (20 events):
Event: 2.311 Thread 0x0000027d287cfae0 1658       3       org.lwjgl.opengl.GL20C::glUniformMatrix4fv (30 bytes)
Event: 2.312 Thread 0x0000027d287cfae0 nmethod 1658 0x0000027d1186c588 code [0x0000027d1186c680, 0x0000027d1186cac0]
Event: 2.312 Thread 0x0000027d287cfae0 1659       3       org.lwjgl.opengl.GL30::glDeleteVertexArrays (5 bytes)
Event: 2.312 Thread 0x0000027d287cfae0 nmethod 1659 0x0000027d1186cb08 code [0x0000027d1186cc00, 0x0000027d1186cd10]
Event: 2.312 Thread 0x0000027d287cfae0 1660   !   3       org.lwjgl.opengl.GL30C::glDeleteVertexArrays (42 bytes)
Event: 2.312 Thread 0x0000027d287cfae0 nmethod 1660 0x0000027d1186ce08 code [0x0000027d1186cf00, 0x0000027d1186e018]
Event: 2.312 Thread 0x0000027d287cfae0 1661       3       org.lwjgl.opengl.GL20::glIsProgram (5 bytes)
Event: 2.312 Thread 0x0000027d287cfae0 nmethod 1661 0x0000027d1186e088 code [0x0000027d1186e180, 0x0000027d1186e298]
Event: 2.312 Thread 0x0000027d287cfae0 1662       3       org.lwjgl.opengl.GL20::glBlendEquationSeparate (6 bytes)
Event: 2.312 Thread 0x0000027d287cfae0 nmethod 1662 0x0000027d1186e388 code [0x0000027d1186e480, 0x0000027d1186e590]
Event: 2.312 Thread 0x0000027d287cfae0 1663       3       org.lwjgl.glfw.GLFW::glfwGetCurrentContext (9 bytes)
Event: 2.312 Thread 0x0000027d287cfae0 nmethod 1663 0x0000027d1186e688 code [0x0000027d1186e780, 0x0000027d1186e898]
Event: 2.312 Thread 0x0000027d287cfae0 1664       3       imgui.ImGui::updatePlatformWindows (4 bytes)
Event: 2.312 Thread 0x0000027d287cfae0 nmethod 1664 0x0000027d1186e988 code [0x0000027d1186ea80, 0x0000027d1186eb90]
Event: 2.312 Thread 0x0000027d287cfae0 1665       3       imgui.ImGui::renderPlatformWindowsDefault (4 bytes)
Event: 2.312 Thread 0x0000027d287cfae0 nmethod 1665 0x0000027d1186ec88 code [0x0000027d1186ed80, 0x0000027d1186ee90]
Event: 2.312 Thread 0x0000027d287cfae0 1666       3       util.Time::endFrame (9 bytes)
Event: 2.312 Thread 0x0000027d287cfae0 nmethod 1666 0x0000027d1186ef88 code [0x0000027d1186f0a0, 0x0000027d1186f268]
Event: 2.377 Thread 0x0000027d287cbf80 1669       4       java.nio.Buffer::limit (65 bytes)
Event: 2.378 Thread 0x0000027d287cbf80 nmethod 1669 0x0000027d19191808 code [0x0000027d19191900, 0x0000027d191919f8]

GC Heap Usage History (0 events):
No events

Metaspace Usage History (0 events):
No events

Dll operation events (9 events):
Event: 0.005 Loaded shared library C:\Program Files\Java\jdk-25\bin\java.dll
Event: 0.045 Loaded shared library C:\Program Files\Java\jdk-25\bin\net.dll
Event: 0.046 Loaded shared library C:\Program Files\Java\jdk-25\bin\nio.dll
Event: 0.048 Loaded shared library C:\Program Files\Java\jdk-25\bin\zip.dll
Event: 0.094 Loaded shared library C:\Program Files\Java\jdk-25\bin\jimage.dll
Event: 0.105 Loaded shared library C:\Users\ciara\AppData\Local\Temp\lwjgl_ciara\3.3.6+1\x64\lwjgl.dll
Event: 0.349 Loaded shared library C:\Users\ciara\AppData\Local\Temp\lwjgl_ciara\3.3.6+1\x64\lwjgl_opengl.dll
Event: 0.408 Loaded shared library C:\Users\ciara\AppData\Local\Temp\imgui-java-natives\1.90.0\imgui-java64.dll
Event: 0.457 Loaded shared library C:\Program Files\Java\jdk-25\bin\verify.dll

Deoptimization events (20 events):
Event: 0.533 Thread 0x0000027d06c0fdd0 Uncommon trap: trap_request=0xffffffde fr.pc=0x0000027d1916f664 relative=0x00000000000002e4
Event: 0.533 Thread 0x0000027d06c0fdd0 Uncommon trap: reason=class_check action=maybe_recompile pc=0x0000027d1916f664 method=java.util.regex.Pattern$BmpCharPropertyGreedy.match(Ljava/util/regex/Matcher;ILjava/lang/CharSequence;)Z @ 26 c2
Event: 0.533 Thread 0x0000027d06c0fdd0 DEOPT PACKING pc=0x0000027d1916f664 sp=0x000000970f3fef30
Event: 0.533 Thread 0x0000027d06c0fdd0 DEOPT UNPACKING pc=0x0000027d18cbfc02 sp=0x000000970f3feec8 mode 2
Event: 0.533 Thread 0x0000027d06c0fdd0 Uncommon trap: trap_request=0xffffffde fr.pc=0x0000027d1916f664 relative=0x00000000000002e4
Event: 0.533 Thread 0x0000027d06c0fdd0 Uncommon trap: reason=class_check action=maybe_recompile pc=0x0000027d1916f664 method=java.util.regex.Pattern$BmpCharPropertyGreedy.match(Ljava/util/regex/Matcher;ILjava/lang/CharSequence;)Z @ 26 c2
Event: 0.533 Thread 0x0000027d06c0fdd0 DEOPT PACKING pc=0x0000027d1916f664 sp=0x000000970f3fef30
Event: 0.533 Thread 0x0000027d06c0fdd0 DEOPT UNPACKING pc=0x0000027d18cbfc02 sp=0x000000970f3feec8 mode 2
Event: 0.533 Thread 0x0000027d06c0fdd0 Uncommon trap: trap_request=0xffffffde fr.pc=0x0000027d1916f664 relative=0x00000000000002e4
Event: 0.533 Thread 0x0000027d06c0fdd0 Uncommon trap: reason=class_check action=maybe_recompile pc=0x0000027d1916f664 method=java.util.regex.Pattern$BmpCharPropertyGreedy.match(Ljava/util/regex/Matcher;ILjava/lang/CharSequence;)Z @ 26 c2
Event: 0.533 Thread 0x0000027d06c0fdd0 DEOPT PACKING pc=0x0000027d1916f664 sp=0x000000970f3fef30
Event: 0.533 Thread 0x0000027d06c0fdd0 DEOPT UNPACKING pc=0x0000027d18cbfc02 sp=0x000000970f3feec8 mode 2
Event: 0.725 Thread 0x0000027d06c0fdd0 Uncommon trap: trap_request=0xffffff4c fr.pc=0x0000027d19176bdc relative=0x000000000000005c
Event: 0.725 Thread 0x0000027d06c0fdd0 Uncommon trap: reason=speculate_null_assert action=make_not_entrant pc=0x0000027d19176bdc method=sun.misc.Unsafe.putLong(Ljava/lang/Object;JJ)V @ 10 c2
Event: 0.725 Thread 0x0000027d06c0fdd0 DEOPT PACKING pc=0x0000027d19176bdc sp=0x000000970f3fee50
Event: 0.725 Thread 0x0000027d06c0fdd0 DEOPT UNPACKING pc=0x0000027d18cbfc02 sp=0x000000970f3fedc8 mode 2
Event: 0.801 Thread 0x0000027d06c0fdd0 Uncommon trap: trap_request=0xffffff4c fr.pc=0x0000027d1917aad8 relative=0x0000000000000058
Event: 0.801 Thread 0x0000027d06c0fdd0 Uncommon trap: reason=speculate_null_assert action=make_not_entrant pc=0x0000027d1917aad8 method=sun.misc.Unsafe.getLong(Ljava/lang/Object;J)J @ 8 c2
Event: 0.801 Thread 0x0000027d06c0fdd0 DEOPT PACKING pc=0x0000027d1917aad8 sp=0x000000970f3fef70
Event: 0.801 Thread 0x0000027d06c0fdd0 DEOPT UNPACKING pc=0x0000027d18cbfc02 sp=0x000000970f3feef8 mode 2

Classes loaded (20 events):
Event: 0.488 Loading class sun/text/resources/cldr/FormatData_en
Event: 0.488 Loading class sun/text/resources/cldr/FormatData_en done
Event: 0.489 Loading class jdk/internal/foreign/MemorySessionImpl
Event: 0.489 Loading class java/lang/foreign/MemorySegment$Scope
Event: 0.489 Loading class java/lang/foreign/MemorySegment$Scope done
Event: 0.489 Loading class jdk/internal/foreign/MemorySessionImpl done
Event: 0.495 Loading class java/lang/SecurityException
Event: 0.496 Loading class java/lang/SecurityException done
Event: 0.532 Loading class java/util/stream/IntStream
Event: 0.532 Loading class java/util/stream/IntStream done
Event: 0.532 Loading class java/util/stream/Streams$RangeIntSpliterator
Event: 0.532 Loading class java/util/Spliterator$OfInt
Event: 0.532 Loading class java/util/Spliterator$OfPrimitive
Event: 0.532 Loading class java/util/Spliterator$OfPrimitive done
Event: 0.532 Loading class java/util/Spliterator$OfInt done
Event: 0.532 Loading class java/util/stream/Streams$RangeIntSpliterator done
Event: 0.532 Loading class java/util/stream/IntPipeline$Head
Event: 0.532 Loading class java/util/stream/IntPipeline
Event: 0.532 Loading class java/util/stream/IntPipeline done
Event: 0.532 Loading class java/util/stream/IntPipeline$Head done

Classes unloaded (0 events):
No events

Classes redefined (0 events):
No events

Internal exceptions (20 events):
Event: 0.108 Thread 0x0000027d06c0fdd0 Exception <a 'sun/nio/fs/WindowsException'{0x0000000710751190}> (0x0000000710751190) 
thrown [s\open\src\hotspot\share\prims\jni.cpp, line 516]
Event: 0.133 Thread 0x0000027d06c0fdd0 Exception <a 'java/lang/NoSuchMethodError'{0x000000071042b790}: 'int java.lang.invoke.DirectMethodHandle$Holder.invokeStaticInit(java.lang.Object, java.lang.Object, int, long)'> (0x000000071042b790) 
thrown [s\open\src\hotspot\share\interpreter\linkResolver.cpp, line 804]
Event: 0.133 Thread 0x0000027d06c0fdd0 Exception <a 'java/lang/NoSuchMethodError'{0x000000071043ab48}: 'java.lang.Object java.lang.invoke.DirectMethodHandle$Holder.newInvokeSpecial(java.lang.Object, java.lang.Object, int)'> (0x000000071043ab48) 
thrown [s\open\src\hotspot\share\interpreter\linkResolver.cpp, line 804]
Event: 0.139 Thread 0x0000027d06c0fdd0 Exception <a 'java/lang/NoSuchMethodError'{0x0000000710487588}: 'int java.lang.invoke.DirectMethodHandle$Holder.invokeStaticInit(java.lang.Object, java.lang.Object, long, long)'> (0x0000000710487588) 
thrown [s\open\src\hotspot\share\interpreter\linkResolver.cpp, line 804]
Event: 0.140 Thread 0x0000027d06c0fdd0 Exception <a 'java/lang/NoSuchMethodError'{0x0000000710496998}: 'java.lang.Object java.lang.invoke.DirectMethodHandle$Holder.newInvokeSpecial(java.lang.Object, java.lang.Object, long)'> (0x0000000710496998) 
thrown [s\open\src\hotspot\share\interpreter\linkResolver.cpp, line 804]
Event: 0.140 Thread 0x0000027d06c0fdd0 Exception <a 'java/lang/NoSuchMethodError'{0x000000071049f708}: 'java.lang.Object java.lang.invoke.Invokers$Holder.linkToTargetMethod(java.lang.Object, long, java.lang.Object)'> (0x000000071049f708) 
thrown [s\open\src\hotspot\share\interpreter\linkResolver.cpp, line 804]
Event: 0.140 Thread 0x0000027d06c0fdd0 Exception <a 'java/lang/NoSuchMethodError'{0x00000007104afd80}: 'int java.lang.invoke.DirectMethodHandle$Holder.invokeStaticInit(java.lang.Object, java.lang.Object, java.lang.Object, long)'> (0x00000007104afd80) 
thrown [s\open\src\hotspot\share\interpreter\linkResolver.cpp, line 804]
Event: 0.150 Thread 0x0000027d06c0fdd0 Exception <a 'sun/nio/fs/WindowsException'{0x000000071054f860}> (0x000000071054f860) 
thrown [s\open\src\hotspot\share\prims\jni.cpp, line 516]
Event: 0.150 Thread 0x0000027d06c0fdd0 Exception <a 'sun/nio/fs/WindowsException'{0x000000071054fbc0}> (0x000000071054fbc0) 
thrown [s\open\src\hotspot\share\prims\jni.cpp, line 516]
Event: 0.154 Thread 0x0000027d06c0fdd0 Exception <a 'java/lang/NoSuchMethodError'{0x0000000710561240}: 'int java.lang.invoke.Invokers$Holder.invokeExact_MT(java.lang.Object, java.lang.Object)'> (0x0000000710561240) 
thrown [s\open\src\hotspot\share\interpreter\linkResolver.cpp, line 804]
Event: 0.327 Thread 0x0000027d06c0fdd0 Exception <a 'java/lang/NoSuchMethodError'{0x00000007105b61f8}: 'void java.lang.invoke.DirectMethodHandle$Holder.invokeStaticInit(java.lang.Object, long, double, double)'> (0x00000007105b61f8) 
thrown [s\open\src\hotspot\share\interpreter\linkResolver.cpp, line 804]
Event: 0.328 Thread 0x0000027d06c0fdd0 Exception <a 'java/lang/NoSuchMethodError'{0x00000007105ce3e0}: 'void java.lang.invoke.DirectMethodHandle$Holder.invokeStaticInit(java.lang.Object, long, int, int, int)'> (0x00000007105ce3e0) 
thrown [s\open\src\hotspot\share\interpreter\linkResolver.cpp, line 804]
Event: 0.330 Thread 0x0000027d06c0fdd0 Exception <a 'java/lang/NoSuchMethodError'{0x00000007105f21e8}: 'void java.lang.invoke.DirectMethodHandle$Holder.invokeStaticInit(java.lang.Object, long, int, int, int, int)'> (0x00000007105f21e8) 
thrown [s\open\src\hotspot\share\interpreter\linkResolver.cpp, line 804]
Event: 0.343 Thread 0x0000027d06c0fdd0 Exception <a 'java/lang/NoSuchMethodError'{0x00000007102174d0}: 'void java.lang.System.load(java.lang.String, java.lang.Class)'> (0x00000007102174d0) 
thrown [s\open\src\hotspot\share\interpreter\linkResolver.cpp, line 804]
Event: 0.344 Thread 0x0000027d06c0fdd0 Exception <a 'java/lang/NoSuchMethodError'{0x000000071021f2b0}: 'void java.lang.System.loadLibrary(java.lang.String, java.lang.Class)'> (0x000000071021f2b0) 
thrown [s\open\src\hotspot\share\interpreter\linkResolver.cpp, line 804]
Event: 0.347 Thread 0x0000027d06c0fdd0 Exception <a 'sun/nio/fs/WindowsException'{0x0000000710232f10}> (0x0000000710232f10) 
thrown [s\open\src\hotspot\share\prims\jni.cpp, line 516]
Event: 0.347 Thread 0x0000027d06c0fdd0 Exception <a 'sun/nio/fs/WindowsException'{0x00000007102332b0}> (0x00000007102332b0) 
thrown [s\open\src\hotspot\share\prims\jni.cpp, line 516]
Event: 0.351 Thread 0x0000027d06c0fdd0 Exception <a 'sun/nio/fs/WindowsException'{0x000000071023c430}> (0x000000071023c430) 
thrown [s\open\src\hotspot\share\prims\jni.cpp, line 516]
Event: 0.351 Thread 0x0000027d06c0fdd0 Exception <a 'sun/nio/fs/WindowsException'{0x000000071023c700}> (0x000000071023c700) 
thrown [s\open\src\hotspot\share\prims\jni.cpp, line 516]
Event: 0.532 Thread 0x0000027d06c0fdd0 Exception <a 'java/lang/NoSuchMethodError'{0x000000070fdc11c8}: 'void java.lang.invoke.DirectMethodHandle$Holder.invokeStatic(java.lang.Object, java.lang.Object, int)'> (0x000000070fdc11c8) 
thrown [s\open\src\hotspot\share\interpreter\linkResolver.cpp, line 804]

VM Operations (8 events):
Event: 0.050 Executing non-safepoint VM operation: HandshakeAllThreads (Deoptimize)
Event: 0.050 Executing non-safepoint VM operation: HandshakeAllThreads (Deoptimize) done
Event: 0.088 Executing non-safepoint VM operation: HandshakeAllThreads (Deoptimize)
Event: 0.088 Executing non-safepoint VM operation: HandshakeAllThreads (Deoptimize) done
Event: 0.101 Executing non-safepoint VM operation: HandshakeAllThreads (Deoptimize)
Event: 0.101 Executing non-safepoint VM operation: HandshakeAllThreads (Deoptimize) done
Event: 0.484 Executing non-safepoint VM operation: HandshakeAllThreads (Deoptimize)
Event: 0.484 Executing non-safepoint VM operation: HandshakeAllThreads (Deoptimize) done

Memory protections (0 events):
No events

Nmethod flushes (0 events):
No events

Events (13 events):
Event: 0.013 Thread 0x0000027d06c0fdd0 Thread added: 0x0000027d06c0fdd0
Event: 0.019 Thread 0x0000027d06c0fdd0 Thread added: 0x0000027d287b75a0
Event: 0.019 Thread 0x0000027d06c0fdd0 Thread added: 0x0000027d287b7eb0
Event: 0.019 Thread 0x0000027d06c0fdd0 Thread added: 0x0000027d287beab0
Event: 0.019 Thread 0x0000027d06c0fdd0 Thread added: 0x0000027d287bf8f0
Event: 0.019 Thread 0x0000027d06c0fdd0 Thread added: 0x0000027d287c04b0
Event: 0.019 Thread 0x0000027d06c0fdd0 Thread added: 0x0000027d287c1070
Event: 0.019 Thread 0x0000027d06c0fdd0 Thread added: 0x0000027d287cbf80
Event: 0.019 Thread 0x0000027d06c0fdd0 Thread added: 0x0000027d287cfae0
Event: 0.040 Thread 0x0000027d06c0fdd0 Thread added: 0x0000027d289134a0
Event: 0.042 Thread 0x0000027d06c0fdd0 Thread added: 0x0000027d2891c4a0
Event: 0.057 Thread 0x0000027d287cbf80 Thread added: 0x0000027d2887b830
Event: 0.327 Thread 0x0000027d2887b830 Thread exited: 0x0000027d2887b830


Dynamic libraries:
0x00007ff7234d0000 - 0x00007ff7234e0000 	C:\Program Files\Java\jdk-25\bin\java.exe
0x00007ffaf5770000 - 0x00007ffaf5968000 	C:\WINDOWS\SYSTEM32\ntdll.dll
0x00007ffaf4ab0000 - 0x00007ffaf4b72000 	C:\WINDOWS\System32\KERNEL32.DLL
0x00007ffaf32c0000 - 0x00007ffaf35b6000 	C:\WINDOWS\System32\KERNELBASE.dll
0x00007ffaf3130000 - 0x00007ffaf3230000 	C:\WINDOWS\System32\ucrtbase.dll
0x00007ffac3fc0000 - 0x00007ffac3fd7000 	C:\Program Files\Java\jdk-25\bin\jli.dll
0x00007ffac3e40000 - 0x00007ffac3e5e000 	C:\Program Files\Java\jdk-25\bin\VCRUNTIME140.dll
0x00007ffaf4290000 - 0x00007ffaf4431000 	C:\WINDOWS\System32\USER32.dll
0x00007ffaf35c0000 - 0x00007ffaf35e2000 	C:\WINDOWS\System32\win32u.dll
0x00007ffae6dc0000 - 0x00007ffae705b000 	C:\WINDOWS\WinSxS\amd64_microsoft.windows.common-controls_6595b64144ccf1df_6.0.19041.6456_none_60b8a6cb71f64256\COMCTL32.dll
0x00007ffaf3a00000 - 0x00007ffaf3a2b000 	C:\WINDOWS\System32\GDI32.dll
0x00007ffaf2e00000 - 0x00007ffaf2f19000 	C:\WINDOWS\System32\gdi32full.dll
0x00007ffaf3a30000 - 0x00007ffaf3ace000 	C:\WINDOWS\System32\msvcrt.dll
0x00007ffaf3670000 - 0x00007ffaf370d000 	C:\WINDOWS\System32\msvcp_win.dll
0x00007ffaf3bf0000 - 0x00007ffaf3c1f000 	C:\WINDOWS\System32\IMM32.DLL
0x00007ffac56c0000 - 0x00007ffac56cc000 	C:\Program Files\Java\jdk-25\bin\vcruntime140_1.dll
0x00007ffab80e0000 - 0x00007ffab816d000 	C:\Program Files\Java\jdk-25\bin\msvcp140.dll
0x00007ffa165a0000 - 0x00007ffa173ff000 	C:\Program Files\Java\jdk-25\bin\server\jvm.dll
0x00007ffaf4450000 - 0x00007ffaf4501000 	C:\WINDOWS\System32\ADVAPI32.dll
0x00007ffaf4a10000 - 0x00007ffaf4aaf000 	C:\WINDOWS\System32\sechost.dll
0x00007ffaf3790000 - 0x00007ffaf38b0000 	C:\WINDOWS\System32\RPCRT4.dll
0x00007ffaf3710000 - 0x00007ffaf3737000 	C:\WINDOWS\System32\bcrypt.dll
0x00007ffaf56c0000 - 0x00007ffaf572b000 	C:\WINDOWS\System32\WS2_32.dll
0x00007ffaf2390000 - 0x00007ffaf23db000 	C:\WINDOWS\SYSTEM32\POWRPROF.dll
0x00007ffaece90000 - 0x00007ffaece9a000 	C:\WINDOWS\SYSTEM32\VERSION.dll
0x00007ffae8e90000 - 0x00007ffae8eb7000 	C:\WINDOWS\SYSTEM32\WINMM.dll
0x00007ffaf2200000 - 0x00007ffaf2212000 	C:\WINDOWS\SYSTEM32\UMPDC.dll
0x00007ffaf0c90000 - 0x00007ffaf0ca2000 	C:\WINDOWS\SYSTEM32\kernel.appcore.dll
0x00007ffac5500000 - 0x00007ffac550a000 	C:\Program Files\Java\jdk-25\bin\jimage.dll
0x00007ffae8530000 - 0x00007ffae8731000 	C:\WINDOWS\SYSTEM32\DBGHELP.DLL
0x00007ffaddeb0000 - 0x00007ffaddee4000 	C:\WINDOWS\SYSTEM32\dbgcore.DLL
0x00007ffaf3230000 - 0x00007ffaf32b2000 	C:\WINDOWS\System32\bcryptPrimitives.dll
0x00007ffac3490000 - 0x00007ffac34af000 	C:\Program Files\Java\jdk-25\bin\java.dll
0x00007ffaf53c0000 - 0x00007ffaf54eb000 	C:\WINDOWS\System32\ole32.dll
0x00007ffaf45c0000 - 0x00007ffaf4914000 	C:\WINDOWS\System32\combase.dll
0x00007ffaf4b90000 - 0x00007ffaf5300000 	C:\WINDOWS\System32\SHELL32.dll
0x00007ffaf0e90000 - 0x00007ffaf1635000 	C:\WINDOWS\SYSTEM32\windows.storage.dll
0x00007ffaf2830000 - 0x00007ffaf285b000 	C:\WINDOWS\SYSTEM32\Wldp.dll
0x00007ffaf3930000 - 0x00007ffaf39fd000 	C:\WINDOWS\System32\OLEAUT32.dll
0x00007ffaf41e0000 - 0x00007ffaf428d000 	C:\WINDOWS\System32\SHCORE.dll
0x00007ffaf5300000 - 0x00007ffaf535b000 	C:\WINDOWS\System32\shlwapi.dll
0x00007ffaf2d30000 - 0x00007ffaf2d54000 	C:\WINDOWS\SYSTEM32\profapi.dll
0x00007ffac3400000 - 0x00007ffac3412000 	C:\Program Files\Java\jdk-25\bin\net.dll
0x00007ffaf2590000 - 0x00007ffaf25fa000 	C:\WINDOWS\system32\mswsock.dll
0x00007ffabc720000 - 0x00007ffabc736000 	C:\Program Files\Java\jdk-25\bin\nio.dll
0x00007ffabc400000 - 0x00007ffabc417000 	C:\Program Files\Java\jdk-25\bin\zip.dll
0x00007ffab3140000 - 0x00007ffab31be000 	C:\Users\ciara\AppData\Local\Temp\lwjgl_ciara\3.3.6+1\x64\lwjgl.dll
0x00007ffaaaf80000 - 0x00007ffaab009000 	C:\Users\ciara\AppData\Local\Temp\lwjgl_ciara\3.3.6+1\x64\glfw.dll
0x00007ffacb8e0000 - 0x00007ffacb925000 	C:\WINDOWS\SYSTEM32\dinput8.dll
0x00007ffa825e0000 - 0x00007ffa825f1000 	C:\WINDOWS\SYSTEM32\xinput1_4.dll
0x00007ffaf3740000 - 0x00007ffaf378e000 	C:\WINDOWS\System32\cfgmgr32.dll
0x00007ffaf2b90000 - 0x00007ffaf2bc3000 	C:\WINDOWS\SYSTEM32\DEVOBJ.dll
0x00007ffaf0ab0000 - 0x00007ffaf0ade000 	C:\WINDOWS\SYSTEM32\dwmapi.dll
0x00007ffad09a0000 - 0x00007ffad0af2000 	C:\WINDOWS\SYSTEM32\inputhost.dll
0x00007ffaef0d0000 - 0x00007ffaef1c2000 	C:\WINDOWS\SYSTEM32\CoreMessaging.dll
0x00007ffaef960000 - 0x00007ffaefab7000 	C:\WINDOWS\SYSTEM32\wintypes.dll
0x00007ffaf01c0000 - 0x00007ffaf02b4000 	C:\WINDOWS\SYSTEM32\PROPSYS.dll
0x00007ffaeec70000 - 0x00007ffaeefcb000 	C:\WINDOWS\SYSTEM32\CoreUIComponents.dll
0x00007ffaf2090000 - 0x00007ffaf20c3000 	C:\WINDOWS\SYSTEM32\ntmarta.dll
0x00007ffaf0700000 - 0x00007ffaf079e000 	C:\WINDOWS\system32\uxtheme.dll
0x00007ffaf3ad0000 - 0x00007ffaf3be5000 	C:\WINDOWS\System32\MSCTF.dll
0x00007ffa86940000 - 0x00007ffa86a68000 	C:\WINDOWS\SYSTEM32\opengl32.dll
0x00007ffa86910000 - 0x00007ffa8693c000 	C:\WINDOWS\SYSTEM32\GLU32.dll
0x00007ffaf4510000 - 0x00007ffaf45b9000 	C:\WINDOWS\System32\clbcatq.dll
0x00007ffa56b00000 - 0x00007ffa59453000 	C:\WINDOWS\System32\DriverStore\FileRepository\nv_dispi.inf_amd64_d471cab2f241c3c2\nvoglv64.dll
0x00007ffaf3d00000 - 0x00007ffaf4170000 	C:\WINDOWS\System32\SETUPAPI.dll
0x00007ffaef280000 - 0x00007ffaef294000 	C:\WINDOWS\SYSTEM32\WTSAPI32.dll
0x00007ffaf29c0000 - 0x00007ffaf29d2000 	C:\WINDOWS\SYSTEM32\msasn1.dll
0x00007ffaec620000 - 0x00007ffaec651000 	C:\WINDOWS\SYSTEM32\cryptnet.dll
0x00007ffaf2f20000 - 0x00007ffaf307d000 	C:\WINDOWS\System32\CRYPT32.dll
0x00007ffaf27a0000 - 0x00007ffaf27ac000 	C:\WINDOWS\SYSTEM32\cryptbase.dll
0x00007ffaec920000 - 0x00007ffaeca67000 	C:\WINDOWS\SYSTEM32\drvstore.dll
0x00007ffaf35f0000 - 0x00007ffaf3663000 	C:\WINDOWS\System32\WINTRUST.dll
0x00007ffaf56a0000 - 0x00007ffaf56bd000 	C:\WINDOWS\System32\imagehlp.dll
0x00007ffaf2780000 - 0x00007ffaf2798000 	C:\WINDOWS\SYSTEM32\CRYPTSP.dll
0x00007ffaf1e40000 - 0x00007ffaf1e78000 	C:\WINDOWS\system32\rsaenh.dll
0x00007ffadf780000 - 0x00007ffae3514000 	C:\WINDOWS\System32\DriverStore\FileRepository\nv_dispi.inf_amd64_d471cab2f241c3c2\nvgpucomp64.dll
0x00007ffae84f0000 - 0x00007ffae852b000 	C:\WINDOWS\SYSTEM32\dxcore.dll
0x00007ffa72a60000 - 0x00007ffa72ba7000 	C:\WINDOWS\system32\nvspcap64.dll
0x00007ffaf1ab0000 - 0x00007ffaf1b13000 	C:\WINDOWS\SYSTEM32\WINSTA.dll
0x00007ffad4900000 - 0x00007ffad49f9000 	C:\WINDOWS\SYSTEM32\textinputframework.dll
0x00007ffab7fa0000 - 0x00007ffab7ffd000 	C:\Users\ciara\AppData\Local\Temp\lwjgl_ciara\3.3.6+1\x64\lwjgl_opengl.dll
0x00007ffa1a350000 - 0x00007ffa1ab57000 	C:\Users\ciara\AppData\Local\Temp\imgui-java-natives\1.90.0\imgui-java64.dll
0x00007ffac4640000 - 0x00007ffac4650000 	C:\Program Files\Java\jdk-25\bin\verify.dll

JVMTI agents: none

dbghelp: loaded successfully - version: 4.0.5 - missing functions: none
symbol engine: initialized successfully - sym options: 0x614 - pdb path: .;C:\Program Files\Java\jdk-25\bin;C:\WINDOWS\SYSTEM32;C:\WINDOWS\WinSxS\amd64_microsoft.windows.common-controls_6595b64144ccf1df_6.0.19041.6456_none_60b8a6cb71f64256;C:\Program Files\Java\jdk-25\bin\server;C:\Users\ciara\AppData\Local\Temp\lwjgl_ciara\3.3.6+1\x64;C:\WINDOWS\System32\DriverStore\FileRepository\nv_dispi.inf_amd64_d471cab2f241c3c2;C:\Users\ciara\AppData\Local\Temp\imgui-java-natives\1.90.0

VM Arguments:
jvm_args: --enable-native-access=ALL-UNNAMED --add-opens=java.base/sun.misc=ALL-UNNAMED --add-opens=java.base/java.nio=ALL-UNNAMED --enable-preview --enable-preview -Dfile.encoding=UTF-8 -Duser.country=IE -Duser.language=en -Duser.variant -ea 
java_command: Main java.library.path=libs
java_class_path (initial): C:\Users\ciara\Desktop\Code\College Work\Year 4\FYP\PrototypeEngine\build\classes\java\main;C:\Users\ciara\Desktop\Code\College Work\Year 4\FYP\PrototypeEngine\build\resources\main;C:\Users\ciara\Desktop\Code\College Work\Year 4\FYP\PrototypeEngine\libs\imgui-app-1.90.0.jar;C:\Users\ciara\Desktop\Code\College Work\Year 4\FYP\PrototypeEngine\libs\imgui-binding-1.90.0.jar;C:\Users\ciara\Desktop\Code\College Work\Year 4\FYP\PrototypeEngine\libs\imgui-lwjgl3-1.90.0.jar;C:\Users\ciara\.gradle\caches\modules-2\files-2.1\org.lwjgl\lwjgl-assimp\3.3.6\931a8de55dd5ee546689119c85ed4d4af7fa68f2\lwjgl-assimp-3.3.6.jar;C:\Users\ciara\.gradle\caches\modules-2\files-2.1\org.lwjgl\lwjgl-assimp\3.3.6\486fa1e2db9fc903a0cab984604cef1a895b0e28\lwjgl-assimp-3.3.6-natives-windows.jar;C:\Users\ciara\.gradle\caches\modules-2\files-2.1\org.lwjgl\lwjgl-glfw\3.3.6\7119f7d0eeb1e5502ff0ca71d2b4d47317da015\lwjgl-glfw-3.3.6.jar;C:\Users\ciara\.gradle\caches\modules-2\files-2.1\org.lwjgl\lwjgl-glfw\3.3.6\99ef08056feb9627f90425a4d2a22cd9fae8e39b\lwjgl-glfw-3.3.6-natives-windows.jar;C:\Users\ciara\.gradle\caches\modules-2\files-2.1\org.lwjgl\lwjgl-openal\3.3.6\ad313317ff399fd2a7f4dd74716a68cf3976c6ad\lwjgl-openal-3.3.6.jar;C:\Users\ciara\.gradle\caches\modules-2\files-2.1\org.lwjgl\lwjgl-openal\3.3.6\9c2b9b660e085bb0b47a4453dc0e26f24a5475e4\lwjgl-openal-3.3.6-natives-windows.jar;C:\Users\ciara\.gradle\caches\modules-2\files-2.1\org.lwjgl\lwjgl-opengl\3.3.6\ac2532612a4df374e9a9282bcf8ce2573018ebbb\lwjgl-opengl-3.3.6.jar;C:\Users\ciara\.gradle\caches\modules-2\files-2.1\org.lwjgl\lwjgl-opengl\3.3.6\18dc639ebc94aa5202c2157f7490d28997b697c5\lwjgl-opengl-3.3.6-natives-windows.jar;C:\Users\ciara\.gradle\caches\modules-2\files-2.1\org.lwjgl\lwjgl-stb\3.3.6\e2d3739dcfe7b672b626ded66d94f6587083306e\lwjgl-stb-3.3.6.jar;C:\Users\ciara\.gradle\caches\modules-2\files-2.1\org.lwjgl\lwjgl-stb\3.3.6\334cf885b39e2db9070c39e70e65efb136435f10\lwjgl-stb-3.3.6-natives-windows.jar;C:\Users\ciara\.gradle\caches\modules-2\files-2.1\org.lwjgl\lwjgl\3.3.6\ce7721d30cfaf47feaed10213e0c43eb55c49d68\lwjgl-3.3.6.jar;C:\Users\ciara\.gradle\caches\modules-2\files-2.1\org.lwjgl\lwjgl\3.3.6\9a29b6a22fc5184604b8cb434ee5d5ecc4bfcbee\lwjgl-3.3.6-natives-windows.jar;C:\Users\ciara\.gradle\caches\modules-2\files-2.1\org.joml\joml\1.10.8\fc0a71dad90a2cf41d82a76156a0e700af8e4f8d\joml-1.10.8.jar;C:\Users\ciara\.gradle\caches\modules-2\files-2.1\com.code-disaster.steamworks4j\steamworks4j\1.9.0\d69b7f7540745a8d569a5400554e34d42e035da8\steamworks4j-1.9.0.jar;C:\Users\ciara\.gradle\caches\modules-2\files-2.1\org.jetbrains.kotlin\kotlin-stdlib-jdk8\1.8.20\73576ddf378c5b4f1f6b449fe6b119b8183fc078\kotlin-stdlib-jdk8-1.8.20.jar;C:\Users\ciara\.gradle\caches\modules-2\files-2.1\org.jetbrains.kotlin\kotlin-stdlib-jdk7\1.8.20\3aa51faf20aae8b31e1a4bc54f8370673d7b7df4\kotlin-stdlib-jdk7-1.8.20.jar;C:\Users\ciara\.gradle\caches\modules-2\files-2.1\org.jetbrains.kotlin\kotlin-stdlib\1.8.20\e72fc5e03ec6c064c678a6bd0d955c88d55b0c4a\kotlin-stdlib-1.8.20.jar;C:\Users\ciara\.gradle\caches\modules-2\files-2.1\org.jetbrains.kotlin\kotlin-stdlib-common\1.8.20\5eddaaf234c8c49d03eebeb6a14feb7f90faca71\kotlin-stdlib-common-1.8.20.jar;C:\Users\ciara\.gradle\caches\modules-2\files-2.1\org.jetbrains\annotations\13.0\919f0dfe192fb4e063e7dacadee7f8bb9a2672a9\annotations-13.0.jar
Launcher Type: SUN_STANDARD

[Global flags]
     intx CICompilerCount                          = 4                                         {product} {ergonomic}
     uint ConcGCThreads                            = 3                                         {product} {ergonomic}
     uint G1ConcRefinementThreads                  = 10                                        {product} {ergonomic}
   size_t G1HeapRegionSize                         = 2097152                                   {product} {ergonomic}
   size_t InitialHeapSize                          = 268435456                                 {product} {ergonomic}
   size_t MarkStackSize                            = 4194304                                   {product} {ergonomic}
   size_t MarkStackSizeMax                         = 536870912                                 {product} {ergonomic}
   size_t MaxHeapSize                              = 4282384384                                {product} {ergonomic}
   size_t MaxNewSize                               = 2569011200                                {product} {ergonomic}
   size_t MinHeapDeltaBytes                        = 2097152                                   {product} {ergonomic}
   size_t MinHeapSize                              = 8388608                                   {product} {ergonomic}
    uintx NonNMethodCodeHeapSize                   = 5832704                                {pd product} {ergonomic}
    uintx NonProfiledCodeHeapSize                  = 122945536                              {pd product} {ergonomic}
    uintx ProfiledCodeHeapSize                     = 122880000                              {pd product} {ergonomic}
    uintx ReservedCodeCacheSize                    = 251658240                              {pd product} {ergonomic}
     bool SegmentedCodeCache                       = true                                      {product} {ergonomic}
   size_t SoftMaxHeapSize                          = 4282384384                             {manageable} {ergonomic}
     bool UseCompressedOops                        = true                           {product lp64_product} {ergonomic}
     bool UseG1GC                                  = true                                      {product} {ergonomic}
     bool UseLargePagesIndividualAllocation        = false                                  {pd product} {ergonomic}

Logging:
Log output configuration:
 #0: stdout all=warning uptime,level,tags foldmultilines=false
 #1: stderr all=off uptime,level,tags foldmultilines=false

Release file:
IMPLEMENTOR="Oracle Corporation" 
JAVA_RUNTIME_VERSION="25.0.1+8-LTS-27" 
JAVA_VERSION="25.0.1" 
JAVA_VERSION_DATE="2025-10-21" 
LIBC="default" 
MODULES="java.base java.compiler java.datatransfer java.xml java.prefs java.desktop java.instrument java.logging java.management java.security.sasl java.naming java.rmi java.management.rmi java.net.http java.scripting java.security.jgss java.transaction.xa java.sql java.sql.rowset java.xml.crypto java.se java.smartcardio jdk.accessibility jdk.internal.jvmstat jdk.attach jdk.charsets jdk.internal.opt jdk.zipfs jdk.compiler jdk.crypto.cryptoki jdk.crypto.ec jdk.crypto.mscapi jdk.dynalink jdk.internal.ed jdk.editpad jdk.internal.vm.ci jdk.graal.compiler jdk.graal.compiler.management jdk.hotspot.agent jdk.httpserver jdk.incubator.vector jdk.internal.le jdk.internal.md jdk.jartool jdk.javadoc jdk.jcmd jdk.management jdk.management.agent jdk.jconsole jdk.jdeps jdk.jdwp.agent jdk.jdi jdk.jfr jdk.jlink jdk.jpackage jdk.jshell jdk.jsobject jdk.jstatd jdk.localedata jdk.management.jfr jdk.naming.dns jdk.naming.rmi jdk.net jdk.nio.mapmode jdk.sctp jdk.security.auth jdk.security.jgss jdk.unsupported jdk.unsupported.desktop jdk.xml.dom" 
OS_ARCH="x86_64" 
OS_NAME="Windows" 
SOURCE=".:git:862c85bc42b7 open:git:78770bfaefd2" 

Environment Variables:
PATH=C:\Program Files\Common Files\Oracle\Java\javapath;C:\WINDOWS\system32;C:\WINDOWS;C:\WINDOWS\System32\Wbem;C:\WINDOWS\System32\WindowsPowerShell\v1.0\;C:\WINDOWS\System32\OpenSSH\;C:\Program Files\NVIDIA Corporation\NVIDIA App\NvDLISR;C:\Program Files (x86)\NVIDIA Corporation\PhysX\Common;C:\Program Files\Git\cmd;C:\Users\ciara\AppData\Local\Android\Sdk\platform-tools;C:\Program Files\ytDLP;C:\WINDOWS\system32\config\systemprofile\AppData\Local\Muse Hub\lib;C:\Users\ciara\AppData\Local\Microsoft\WindowsApps;C:\Users\ciara\AppData\Local\Programs\Microsoft VS Code\bin;C:\Users\ciara\AppData\Local\Python\bin
USERNAME=ciara
OS=Windows_NT
PROCESSOR_IDENTIFIER=AMD64 Family 25 Model 33 Stepping 0, AuthenticAMD
TMP=C:\Users\ciara\AppData\Local\Temp
TEMP=C:\Users\ciara\AppData\Local\Temp




Compilation memory statistics disabled.

Periodic native trim disabled

---------------  S Y S T E M  ---------------

OS:
 Windows 10 , 64 bit Build 19041 (10.0.19041.5915)
OS uptime: 1 days 23:47 hours

CPU: total 12 (initial active 12) (12 cores per cpu, 2 threads per core) family 25 model 33 stepping 0 microcode 0x0, cx8, cmov, fxsr, ht, mmx, 3dnowpref, sse, sse2, sse3, ssse3, sse4a, sse4.1, sse4.2, popcnt, lzcnt, tsc, tscinvbit, avx, avx2, aes, erms, clmul, bmi1, bmi2, adx, sha, fma, vzeroupper, clflush, clflushopt, clwb, rdtscp, rdpid, fsrm, f16c, pku, cet_ss
Processor Information for the first 12 processors :
  Max Mhz: 3701, Current Mhz: 3701, Mhz Limit: 3701

Memory: 4k page, system-wide physical 16330M (3115M free)
TotalPageFile size 28438M (AvailPageFile size 3279M)
current process WorkingSet (physical memory assigned to process): 146M, peak: 151M
current process commit charge ("private bytes"): 508M, peak: 515M

vm_info: Java HotSpot(TM) 64-Bit Server VM (25.0.1+8-LTS-27) for windows-amd64 JRE (25.0.1+8-LTS-27), built on 2025-09-25T16:41:16Z with unknown MS VC++:1943

END.
